{"type": "FeatureCollection", "features": [{"type": "Feature", "geometry": {"type": "Polygon", "coordinates": [[[78.17999999999999, 30.439999999999998], [78.2, 30.439999999999998], [78.2, 30.46], [78.17999999999999, 30.46], [78.17999999999999, 30.439999999999998]]]}, "properties": {"zone": "orange", "hazard_probability": 0.6345, "grid_id": "G-0001"}}, {"type": "Feature", "geometry": {"type": "Polygon", "coordinates": [[[78.19999999999999, 30.439999999999998], [78.22, 30.439999999999998], [78.22, 30.46], [78.19999999999999, 30.46], [78.19999999999999, 30.439999999999998]]]}, "properties": {"zone": "yellow", "hazard_probability": 0.5365, "grid_id": "G-0002"}}, {"type": "Feature", "geometry": {"type": "Polygon", "coordinates": [[[78.16, 30.459999999999997], [78.18, 30.459999999999997], [78.18, 30.48], [78.16, 30.48], [78.16, 30.459999999999997]]]}, "properties": {"zone": "yellow", "hazard_probability": 0.563, "grid_id": "G-0003"}}, {"type": "Feature", "geometry": {"type": "Polygon", "coordinates": [[[78.17999999999999, 30.459999999999997], [78.2, 30.459999999999997], [78.2, 30.48], [78.17999999999999, 30.48], [78.17999999999999, 30.459999999999997]]]}, "properties": {"zone": "yellow", "hazard_probability": 0.4888, "grid_id": "G-0004"}}, {"type": "Feature", "geometry": {"type": "Polygon", "coordinates": [[[78.19999999999999, 30.459999999999997], [78.22, 30.459999999999997], [78.22, 30.48], [78.19999999999999, 30.48], [78.19999999999999, 30.459999999999997]]]}, "properties": {"zone": "yellow", "hazard_probability": 0.482, "grid_id": "G-0005"}}, {"type": "Feature", "geometry": {"type": "Polygon", "coordinates": [[[78.22, 30.459999999999997], [78.24000000000001, 30.459999999999997], [78.24000000000001, 30.48], [78.22, 30.48], [78.22, 30.459999999999997]]]}, "properties": {"zone": "yellow", "hazard_probability": 0.4846, "grid_id": "G-0006"}}, {"type": "Feature", "geometry": {"type": "Polygon", "coordinates": [[[78.25999999999999, 30.459999999999997], [78.28, 30.459999999999997], [78.28, 30.48], [78.25999999999999, 30.48], [78.25999999999999, 30.459999999999997]]]}, "properties": {"zone": "yellow", "hazard_probability": 0.5431, "grid_id": "G-0007"}}, {"type": "Feature", "geometry": {"type": "Polygon", "coordinates": [[[78.28, 30.459999999999997], [78.30000000000001, 30.459999999999997], [78.30000000000001, 30.48], [78.28, 30.48], [78.28, 30.459999999999997]]]}, "properties": {"zone": "orange", "hazard_probability": 0.5932, "grid_id": "G-0008"}}, {"type": "Feature", "geometry": {"type": "Polygon", "coordinates": [[[78.16, 30.479999999999997], [78.18, 30.479999999999997], [78.18, 30.5], [78.16, 30.5], [78.16, 30.479999999999997]]]}, "properties": {"zone": "green", "hazard_probability": 0.4431, "grid_id": "G-0009"}}, {"type": "Feature", "geometry": {"type": "Polygon", "coordinates": [[[78.17999999999999, 30.479999999999997], [78.2, 30.479999999999997], [78.2, 30.5], [78.17999999999999, 30.5], [78.17999999999999, 30.479999999999997]]]}, "properties": {"zone": "green", "hazard_probability": 0.3919, "grid_id": "G-0010"}}, {"type": "Feature", "geometry": {"type": "Polygon", "coordinates": [[[78.19999999999999, 30.479999999999997], [78.22, 30.479999999999997], [78.22, 30.5], [78.19999999999999, 30.5], [78.19999999999999, 30.479999999999997]]]}, "properties": {"zone": "yellow", "hazard_probability": 0.5651, "grid_id": "G-0011"}}, {"type": "Feature", "geometry": {"type": "Polygon", "coordinates": [[[78.22, 30.479999999999997], [78.24000000000001, 30.479999999999997], [78.24000000000001, 30.5], [78.22, 30.5], [78.22, 30.479999999999997]]]}, "properties": {"zone": "yellow", "hazard_probability": 0.5439, "grid_id": "G-0012"}}, {"type": "Feature", "geometry": {"type": "Polygon", "coordinates": [[[78.24, 30.479999999999997], [78.26, 30.479999999999997], [78.26, 30.5], [78.24, 30.5], [78.24, 30.479999999999997]]]}, "properties": {"zone": "yellow", "hazard_probability": 0.5435, "grid_id": "G-0013"}}, {"type": "Feature", "geometry": {"type": "Polygon", "coordinates": [[[78.25999999999999, 30.479999999999997], [78.28, 30.479999999999997], [78.28, 30.5], [78.25999999999999, 30.5], [78.25999999999999, 30.479999999999997]]]}, "properties": {"zone": "yellow", "hazard_probability": 0.5737, "grid_id": "G-0014"}}, {"type": "Feature", "geometry": {"type": "Polygon", "coordinates": [[[78.28, 30.479999999999997], [78.30000000000001, 30.479999999999997], [78.30000000000001, 30.5], [78.28, 30.5], [78.28, 30.479999999999997]]]}, "properties": {"zone": "yellow", "hazard_probability": 0.5479, "grid_id": "G-0015"}}, {"type": "Feature", "geometry": {"type": "Polygon", "coordinates": [[[78.3, 30.479999999999997], [78.32000000000001, 30.479999999999997], [78.32000000000001, 30.5], [78.3, 30.5], [78.3, 30.479999999999997]]]}, "properties": {"zone": "yellow", "hazard_probability": 0.569, "grid_id": "G-0016"}}, {"type": "Feature", "geometry": {"type": "Polygon", "coordinates": [[[78.16, 30.5], [78.18, 30.5], [78.18, 30.520000000000003], [78.16, 30.520000000000003], [78.16, 30.5]]]}, "properties": {"zone": "green", "hazard_probability": 0.4353, "grid_id": "G-0017"}}, {"type": "Feature", "geometry": {"type": "Polygon", "coordinates": [[[78.17999999999999, 30.5], [78.2, 30.5], [78.2, 30.520000000000003], [78.17999999999999, 30.520000000000003], [78.17999999999999, 30.5]]]}, "properties": {"zone": "orange", "hazard_probability": 0.5932, "grid_id": "G-0018"}}, {"type": "Feature", "geometry": {"type": "Polygon", "coordinates": [[[78.19999999999999, 30.5], [78.22, 30.5], [78.22, 30.520000000000003], [78.19999999999999, 30.520000000000003], [78.19999999999999, 30.5]]]}, "properties": {"zone": "yellow", "hazard_probability": 0.5105, "grid_id": "G-0019"}}, {"type": "Feature", "geometry": {"type": "Polygon", "coordinates": [[[78.22, 30.5], [78.24000000000001, 30.5], [78.24000000000001, 30.520000000000003], [78.22, 30.520000000000003], [78.22, 30.5]]]}, "properties": {"zone": "yellow", "hazard_probability": 0.5364, "grid_id": "G-0020"}}, {"type": "Feature", "geometry": {"type": "Polygon", "coordinates": [[[78.24, 30.5], [78.26, 30.5], [78.26, 30.520000000000003], [78.24, 30.520000000000003], [78.24, 30.5]]]}, "properties": {"zone": "yellow", "hazard_probability": 0.5509, "grid_id": "G-0021"}}, {"type": "Feature", "geometry": {"type": "Polygon", "coordinates": [[[78.25999999999999, 30.5], [78.28, 30.5], [78.28, 30.520000000000003], [78.25999999999999, 30.520000000000003], [78.25999999999999, 30.5]]]}, "properties": {"zone": "yellow", "hazard_probability": 0.5425, "grid_id": "G-0022"}}, {"type": "Feature", "geometry": {"type": "Polygon", "coordinates": [[[78.28, 30.5], [78.30000000000001, 30.5], [78.30000000000001, 30.520000000000003], [78.28, 30.520000000000003], [78.28, 30.5]]]}, "properties": {"zone": "orange", "hazard_probability": 0.6038, "grid_id": "G-0023"}}, {"type": "Feature", "geometry": {"type": "Polygon", "coordinates": [[[78.3, 30.5], [78.32000000000001, 30.5], [78.32000000000001, 30.520000000000003], [78.3, 30.520000000000003], [78.3, 30.5]]]}, "properties": {"zone": "yellow", "hazard_probability": 0.4909, "grid_id": "G-0024"}}, {"type": "Feature", "geometry": {"type": "Polygon", "coordinates": [[[78.32, 30.5], [78.34, 30.5], [78.34, 30.520000000000003], [78.32, 30.520000000000003], [78.32, 30.5]]]}, "properties": {"zone": "yellow", "hazard_probability": 0.563, "grid_id": "G-0025"}}, {"type": "Feature", "geometry": {"type": "Polygon", "coordinates": [[[78.38, 30.5], [78.4, 30.5], [78.4, 30.520000000000003], [78.38, 30.520000000000003], [78.38, 30.5]]]}, "properties": {"zone": "yellow", "hazard_probability": 0.5247, "grid_id": "G-0026"}}, {"type": "Feature", "geometry": {"type": "Polygon", "coordinates": [[[78.39999999999999, 30.5], [78.42, 30.5], [78.42, 30.520000000000003], [78.39999999999999, 30.520000000000003], [78.39999999999999, 30.5]]]}, "properties": {"zone": "yellow", "hazard_probability": 0.5527, "grid_id": "G-0027"}}, {"type": "Feature", "geometry": {"type": "Polygon", "coordinates": [[[78.17999999999999, 30.52], [78.2, 30.52], [78.2, 30.540000000000003], [78.17999999999999, 30.540000000000003], [78.17999999999999, 30.52]]]}, "properties": {"zone": "orange", "hazard_probability": 0.5932, "grid_id": "G-0028"}}, {"type": "Feature", "geometry": {"type": "Polygon", "coordinates": [[[78.19999999999999, 30.52], [78.22, 30.52], [78.22, 30.540000000000003], [78.19999999999999, 30.540000000000003], [78.19999999999999, 30.52]]]}, "properties": {"zone": "orange", "hazard_probability": 0.5973, "grid_id": "G-0029"}}, {"type": "Feature", "geometry": {"type": "Polygon", "coordinates": [[[78.22, 30.52], [78.24000000000001, 30.52], [78.24000000000001, 30.540000000000003], [78.22, 30.540000000000003], [78.22, 30.52]]]}, "properties": {"zone": "orange", "hazard_probability": 0.6214, "grid_id": "G-0030"}}, {"type": "Feature", "geometry": {"type": "Polygon", "coordinates": [[[78.24, 30.52], [78.26, 30.52], [78.26, 30.540000000000003], [78.24, 30.540000000000003], [78.24, 30.52]]]}, "properties": {"zone": "orange", "hazard_probability": 0.6214, "grid_id": "G-0031"}}, {"type": "Feature", "geometry": {"type": "Polygon", "coordinates": [[[78.25999999999999, 30.52], [78.28, 30.52], [78.28, 30.540000000000003], [78.25999999999999, 30.540000000000003], [78.25999999999999, 30.52]]]}, "properties": {"zone": "yellow", "hazard_probability": 0.5423, "grid_id": "G-0032"}}, {"type": "Feature", "geometry": {"type": "Polygon", "coordinates": [[[78.28, 30.52], [78.30000000000001, 30.52], [78.30000000000001, 30.540000000000003], [78.28, 30.540000000000003], [78.28, 30.52]]]}, "properties": {"zone": "yellow", "hazard_probability": 0.4921, "grid_id": "G-0033"}}, {"type": "Feature", "geometry": {"type": "Polygon", "coordinates": [[[78.3, 30.52], [78.32000000000001, 30.52], [78.32000000000001, 30.540000000000003], [78.3, 30.540000000000003], [78.3, 30.52]]]}, "properties": {"zone": "yellow", "hazard_probability": 0.5111, "grid_id": "G-0034"}}, {"type": "Feature", "geometry": {"type": "Polygon", "coordinates": [[[78.32, 30.52], [78.34, 30.52], [78.34, 30.540000000000003], [78.32, 30.540000000000003], [78.32, 30.52]]]}, "properties": {"zone": "yellow", "hazard_probability": 0.5335, "grid_id": "G-0035"}}, {"type": "Feature", "geometry": {"type": "Polygon", "coordinates": [[[78.33999999999999, 30.52], [78.36, 30.52], [78.36, 30.540000000000003], [78.33999999999999, 30.540000000000003], [78.33999999999999, 30.52]]]}, "properties": {"zone": "green", "hazard_probability": 0.4271, "grid_id": "G-0036"}}, {"type": "Feature", "geometry": {"type": "Polygon", "coordinates": [[[78.36, 30.52], [78.38000000000001, 30.52], [78.38000000000001, 30.540000000000003], [78.36, 30.540000000000003], [78.36, 30.52]]]}, "properties": {"zone": "green", "hazard_probability": 0.3856, "grid_id": "G-0037"}}, {"type": "Feature", "geometry": {"type": "Polygon", "coordinates": [[[78.38, 30.52], [78.4, 30.52], [78.4, 30.540000000000003], [78.38, 30.540000000000003], [78.38, 30.52]]]}, "properties": {"zone": "green", "hazard_probability": 0.4461, "grid_id": "G-0038"}}, {"type": "Feature", "geometry": {"type": "Polygon", "coordinates": [[[78.39999999999999, 30.52], [78.42, 30.52], [78.42, 30.540000000000003], [78.39999999999999, 30.540000000000003], [78.39999999999999, 30.52]]]}, "properties": {"zone": "yellow", "hazard_probability": 0.5055, "grid_id": "G-0039"}}, {"type": "Feature", "geometry": {"type": "Polygon", "coordinates": [[[78.42, 30.52], [78.44000000000001, 30.52], [78.44000000000001, 30.540000000000003], [78.42, 30.540000000000003], [78.42, 30.52]]]}, "properties": {"zone": "yellow", "hazard_probability": 0.5084, "grid_id": "G-0040"}}, {"type": "Feature", "geometry": {"type": "Polygon", "coordinates": [[[78.19999999999999, 30.54], [78.22, 30.54], [78.22, 30.560000000000002], [78.19999999999999, 30.560000000000002], [78.19999999999999, 30.54]]]}, "properties": {"zone": "yellow", "hazard_probability": 0.518, "grid_id": "G-0041"}}, {"type": "Feature", "geometry": {"type": "Polygon", "coordinates": [[[78.22, 30.54], [78.24000000000001, 30.54], [78.24000000000001, 30.560000000000002], [78.22, 30.560000000000002], [78.22, 30.54]]]}, "properties": {"zone": "yellow", "hazard_probability": 0.5221, "grid_id": "G-0042"}}, {"type": "Feature", "geometry": {"type": "Polygon", "coordinates": [[[78.24, 30.54], [78.26, 30.54], [78.26, 30.560000000000002], [78.24, 30.560000000000002], [78.24, 30.54]]]}, "properties": {"zone": "orange", "hazard_probability": 0.585, "grid_id": "G-0043"}}, {"type": "Feature", "geometry": {"type": "Polygon", "coordinates": [[[78.25999999999999, 30.54], [78.28, 30.54], [78.28, 30.560000000000002], [78.25999999999999, 30.560000000000002], [78.25999999999999, 30.54]]]}, "properties": {"zone": "yellow", "hazard_probability": 0.4932, "grid_id": "G-0044"}}, {"type": "Feature", "geometry": {"type": "Polygon", "coordinates": [[[78.28, 30.54], [78.30000000000001, 30.54], [78.30000000000001, 30.560000000000002], [78.28, 30.560000000000002], [78.28, 30.54]]]}, "properties": {"zone": "orange", "hazard_probability": 0.6115, "grid_id": "G-0045"}}, {"type": "Feature", "geometry": {"type": "Polygon", "coordinates": [[[78.3, 30.54], [78.32000000000001, 30.54], [78.32000000000001, 30.560000000000002], [78.3, 30.560000000000002], [78.3, 30.54]]]}, "properties": {"zone": "yellow", "hazard_probability": 0.5535, "grid_id": "G-0046"}}, {"type": "Feature", "geometry": {"type": "Polygon", "coordinates": [[[78.32, 30.54], [78.34, 30.54], [78.34, 30.560000000000002], [78.32, 30.560000000000002], [78.32, 30.54]]]}, "properties": {"zone": "yellow", "hazard_probability": 0.4908, "grid_id": "G-0047"}}, {"type": "Feature", "geometry": {"type": "Polygon", "coordinates": [[[78.33999999999999, 30.54], [78.36, 30.54], [78.36, 30.560000000000002], [78.33999999999999, 30.560000000000002], [78.33999999999999, 30.54]]]}, "properties": {"zone": "green", "hazard_probability": 0.4426, "grid_id": "G-0048"}}, {"type": "Feature", "geometry": {"type": "Polygon", "coordinates": [[[78.36, 30.54], [78.38000000000001, 30.54], [78.38000000000001, 30.560000000000002], [78.36, 30.560000000000002], [78.36, 30.54]]]}, "properties": {"zone": "green", "hazard_probability": 0.4337, "grid_id": "G-0049"}}, {"type": "Feature", "geometry": {"type": "Polygon", "coordinates": [[[78.38, 30.54], [78.4, 30.54], [78.4, 30.560000000000002], [78.38, 30.560000000000002], [78.38, 30.54]]]}, "properties": {"zone": "red", "hazard_probability": 0.7444, "grid_id": "G-0050"}}, {"type": "Feature", "geometry": {"type": "Polygon", "coordinates": [[[78.39999999999999, 30.54], [78.42, 30.54], [78.42, 30.560000000000002], [78.39999999999999, 30.560000000000002], [78.39999999999999, 30.54]]]}, "properties": {"zone": "green", "hazard_probability": 0.4141, "grid_id": "G-0051"}}, {"type": "Feature", "geometry": {"type": "Polygon", "coordinates": [[[78.42, 30.54], [78.44000000000001, 30.54], [78.44000000000001, 30.560000000000002], [78.42, 30.560000000000002], [78.42, 30.54]]]}, "properties": {"zone": "yellow", "hazard_probability": 0.5112, "grid_id": "G-0052"}}, {"type": "Feature", "geometry": {"type": "Polygon", "coordinates": [[[78.47999999999999, 30.54], [78.5, 30.54], [78.5, 30.560000000000002], [78.47999999999999, 30.560000000000002], [78.47999999999999, 30.54]]]}, "properties": {"zone": "green", "hazard_probability": 0.4404, "grid_id": "G-0053"}}, {"type": "Feature", "geometry": {"type": "Polygon", "coordinates": [[[78.5, 30.54], [78.52000000000001, 30.54], [78.52000000000001, 30.560000000000002], [78.5, 30.560000000000002], [78.5, 30.54]]]}, "properties": {"zone": "green", "hazard_probability": 0.4549, "grid_id": "G-0054"}}, {"type": "Feature", "geometry": {"type": "Polygon", "coordinates": [[[78.52, 30.54], [78.54, 30.54], [78.54, 30.560000000000002], [78.52, 30.560000000000002], [78.52, 30.54]]]}, "properties": {"zone": "yellow", "hazard_probability": 0.4978, "grid_id": "G-0055"}}, {"type": "Feature", "geometry": {"type": "Polygon", "coordinates": [[[78.28, 30.56], [78.30000000000001, 30.56], [78.30000000000001, 30.580000000000002], [78.28, 30.580000000000002], [78.28, 30.56]]]}, "properties": {"zone": "yellow", "hazard_probability": 0.4961, "grid_id": "G-0056"}}, {"type": "Feature", "geometry": {"type": "Polygon", "coordinates": [[[78.3, 30.56], [78.32000000000001, 30.56], [78.32000000000001, 30.580000000000002], [78.3, 30.580000000000002], [78.3, 30.56]]]}, "properties": {"zone": "green", "hazard_probability": 0.454, "grid_id": "G-0057"}}, {"type": "Feature", "geometry": {"type": "Polygon", "coordinates": [[[78.32, 30.56], [78.34, 30.56], [78.34, 30.580000000000002], [78.32, 30.580000000000002], [78.32, 30.56]]]}, "properties": {"zone": "green", "hazard_probability": 0.452, "grid_id": "G-0058"}}, {"type": "Feature", "geometry": {"type": "Polygon", "coordinates": [[[78.33999999999999, 30.56], [78.36, 30.56], [78.36, 30.580000000000002], [78.33999999999999, 30.580000000000002], [78.33999999999999, 30.56]]]}, "properties": {"zone": "yellow", "hazard_probability": 0.4921, "grid_id": "G-0059"}}, {"type": "Feature", "geometry": {"type": "Polygon", "coordinates": [[[78.36, 30.56], [78.38000000000001, 30.56], [78.38000000000001, 30.580000000000002], [78.36, 30.580000000000002], [78.36, 30.56]]]}, "properties": {"zone": "yellow", "hazard_probability": 0.558, "grid_id": "G-0060"}}, {"type": "Feature", "geometry": {"type": "Polygon", "coordinates": [[[78.38, 30.56], [78.4, 30.56], [78.4, 30.580000000000002], [78.38, 30.580000000000002], [78.38, 30.56]]]}, "properties": {"zone": "red", "hazard_probability": 0.6599, "grid_id": "G-0061"}}, {"type": "Feature", "geometry": {"type": "Polygon", "coordinates": [[[78.39999999999999, 30.56], [78.42, 30.56], [78.42, 30.580000000000002], [78.39999999999999, 30.580000000000002], [78.39999999999999, 30.56]]]}, "properties": {"zone": "orange", "hazard_probability": 0.5888, "grid_id": "G-0062"}}, {"type": "Feature", "geometry": {"type": "Polygon", "coordinates": [[[78.42, 30.56], [78.44000000000001, 30.56], [78.44000000000001, 30.580000000000002], [78.42, 30.580000000000002], [78.42, 30.56]]]}, "properties": {"zone": "red", "hazard_probability": 0.6507, "grid_id": "G-0063"}}, {"type": "Feature", "geometry": {"type": "Polygon", "coordinates": [[[78.47999999999999, 30.56], [78.5, 30.56], [78.5, 30.580000000000002], [78.47999999999999, 30.580000000000002], [78.47999999999999, 30.56]]]}, "properties": {"zone": "green", "hazard_probability": 0.3982, "grid_id": "G-0064"}}, {"type": "Feature", "geometry": {"type": "Polygon", "coordinates": [[[78.5, 30.56], [78.52000000000001, 30.56], [78.52000000000001, 30.580000000000002], [78.5, 30.580000000000002], [78.5, 30.56]]]}, "properties": {"zone": "green", "hazard_probability": 0.3982, "grid_id": "G-0065"}}, {"type": "Feature", "geometry": {"type": "Polygon", "coordinates": [[[78.52, 30.56], [78.54, 30.56], [78.54, 30.580000000000002], [78.52, 30.580000000000002], [78.52, 30.56]]]}, "properties": {"zone": "yellow", "hazard_probability": 0.5404, "grid_id": "G-0066"}}, {"type": "Feature", "geometry": {"type": "Polygon", "coordinates": [[[78.17999999999999, 30.58], [78.2, 30.58], [78.2, 30.6], [78.17999999999999, 30.6], [78.17999999999999, 30.58]]]}, "properties": {"zone": "orange", "hazard_probability": 0.5932, "grid_id": "G-0067"}}, {"type": "Feature", "geometry": {"type": "Polygon", "coordinates": [[[78.19999999999999, 30.58], [78.22, 30.58], [78.22, 30.6], [78.19999999999999, 30.6], [78.19999999999999, 30.58]]]}, "properties": {"zone": "yellow", "hazard_probability": 0.5365, "grid_id": "G-0068"}}, {"type": "Feature", "geometry": {"type": "Polygon", "coordinates": [[[78.28, 30.58], [78.30000000000001, 30.58], [78.30000000000001, 30.6], [78.28, 30.6], [78.28, 30.58]]]}, "properties": {"zone": "yellow", "hazard_probability": 0.4826, "grid_id": "G-0069"}}, {"type": "Feature", "geometry": {"type": "Polygon", "coordinates": [[[78.3, 30.58], [78.32000000000001, 30.58], [78.32000000000001, 30.6], [78.3, 30.6], [78.3, 30.58]]]}, "properties": {"zone": "green", "hazard_probability": 0.3993, "grid_id": "G-0070"}}, {"type": "Feature", "geometry": {"type": "Polygon", "coordinates": [[[78.32, 30.58], [78.34, 30.58], [78.34, 30.6], [78.32, 30.6], [78.32, 30.58]]]}, "properties": {"zone": "yellow", "hazard_probability": 0.5346, "grid_id": "G-0071"}}, {"type": "Feature", "geometry": {"type": "Polygon", "coordinates": [[[78.33999999999999, 30.58], [78.36, 30.58], [78.36, 30.6], [78.33999999999999, 30.6], [78.33999999999999, 30.58]]]}, "properties": {"zone": "yellow", "hazard_probability": 0.4967, "grid_id": "G-0072"}}, {"type": "Feature", "geometry": {"type": "Polygon", "coordinates": [[[78.36, 30.58], [78.38000000000001, 30.58], [78.38000000000001, 30.6], [78.36, 30.6], [78.36, 30.58]]]}, "properties": {"zone": "orange", "hazard_probability": 0.6291, "grid_id": "G-0073"}}, {"type": "Feature", "geometry": {"type": "Polygon", "coordinates": [[[78.38, 30.58], [78.4, 30.58], [78.4, 30.6], [78.38, 30.6], [78.38, 30.58]]]}, "properties": {"zone": "red", "hazard_probability": 0.6551, "grid_id": "G-0074"}}, {"type": "Feature", "geometry": {"type": "Polygon", "coordinates": [[[78.39999999999999, 30.58], [78.42, 30.58], [78.42, 30.6], [78.39999999999999, 30.6], [78.39999999999999, 30.58]]]}, "properties": {"zone": "orange", "hazard_probability": 0.6481, "grid_id": "G-0075"}}, {"type": "Feature", "geometry": {"type": "Polygon", "coordinates": [[[78.5, 30.58], [78.52000000000001, 30.58], [78.52000000000001, 30.6], [78.5, 30.6], [78.5, 30.58]]]}, "properties": {"zone": "yellow", "hazard_probability": 0.5288, "grid_id": "G-0076"}}, {"type": "Feature", "geometry": {"type": "Polygon", "coordinates": [[[78.52, 30.58], [78.54, 30.58], [78.54, 30.6], [78.52, 30.6], [78.52, 30.58]]]}, "properties": {"zone": "yellow", "hazard_probability": 0.4779, "grid_id": "G-0077"}}, {"type": "Feature", "geometry": {"type": "Polygon", "coordinates": [[[78.02, 30.599999999999998], [78.04, 30.599999999999998], [78.04, 30.62], [78.02, 30.62], [78.02, 30.599999999999998]]]}, "properties": {"zone": "green", "hazard_probability": 0.3919, "grid_id": "G-0078"}}, {"type": "Feature", "geometry": {"type": "Polygon", "coordinates": [[[78.03999999999999, 30.599999999999998], [78.06, 30.599999999999998], [78.06, 30.62], [78.03999999999999, 30.62], [78.03999999999999, 30.599999999999998]]]}, "properties": {"zone": "green", "hazard_probability": 0.4481, "grid_id": "G-0079"}}, {"type": "Feature", "geometry": {"type": "Polygon", "coordinates": [[[78.16, 30.599999999999998], [78.18, 30.599999999999998], [78.18, 30.62], [78.16, 30.62], [78.16, 30.599999999999998]]]}, "properties": {"zone": "orange", "hazard_probability": 0.6239, "grid_id": "G-0080"}}, {"type": "Feature", "geometry": {"type": "Polygon", "coordinates": [[[78.17999999999999, 30.599999999999998], [78.2, 30.599999999999998], [78.2, 30.62], [78.17999999999999, 30.62], [78.17999999999999, 30.599999999999998]]]}, "properties": {"zone": "yellow", "hazard_probability": 0.5027, "grid_id": "G-0081"}}, {"type": "Feature", "geometry": {"type": "Polygon", "coordinates": [[[78.19999999999999, 30.599999999999998], [78.22, 30.599999999999998], [78.22, 30.62], [78.19999999999999, 30.62], [78.19999999999999, 30.599999999999998]]]}, "properties": {"zone": "yellow", "hazard_probability": 0.5656, "grid_id": "G-0082"}}, {"type": "Feature", "geometry": {"type": "Polygon", "coordinates": [[[78.22, 30.599999999999998], [78.24000000000001, 30.599999999999998], [78.24000000000001, 30.62], [78.22, 30.62], [78.22, 30.599999999999998]]]}, "properties": {"zone": "green", "hazard_probability": 0.3982, "grid_id": "G-0083"}}, {"type": "Feature", "geometry": {"type": "Polygon", "coordinates": [[[78.28, 30.599999999999998], [78.30000000000001, 30.599999999999998], [78.30000000000001, 30.62], [78.28, 30.62], [78.28, 30.599999999999998]]]}, "properties": {"zone": "green", "hazard_probability": 0.4508, "grid_id": "G-0084"}}, {"type": "Feature", "geometry": {"type": "Polygon", "coordinates": [[[78.3, 30.599999999999998], [78.32000000000001, 30.599999999999998], [78.32000000000001, 30.62], [78.3, 30.62], [78.3, 30.599999999999998]]]}, "properties": {"zone": "yellow", "hazard_probability": 0.5323, "grid_id": "G-0085"}}, {"type": "Feature", "geometry": {"type": "Polygon", "coordinates": [[[78.32, 30.599999999999998], [78.34, 30.599999999999998], [78.34, 30.62], [78.32, 30.62], [78.32, 30.599999999999998]]]}, "properties": {"zone": "yellow", "hazard_probability": 0.5385, "grid_id": "G-0086"}}, {"type": "Feature", "geometry": {"type": "Polygon", "coordinates": [[[78.33999999999999, 30.599999999999998], [78.36, 30.599999999999998], [78.36, 30.62], [78.33999999999999, 30.62], [78.33999999999999, 30.599999999999998]]]}, "properties": {"zone": "yellow", "hazard_probability": 0.548, "grid_id": "G-0087"}}, {"type": "Feature", "geometry": {"type": "Polygon", "coordinates": [[[78.36, 30.599999999999998], [78.38000000000001, 30.599999999999998], [78.38000000000001, 30.62], [78.36, 30.62], [78.36, 30.599999999999998]]]}, "properties": {"zone": "yellow", "hazard_probability": 0.542, "grid_id": "G-0088"}}, {"type": "Feature", "geometry": {"type": "Polygon", "coordinates": [[[78.38, 30.599999999999998], [78.4, 30.599999999999998], [78.4, 30.62], [78.38, 30.62], [78.38, 30.599999999999998]]]}, "properties": {"zone": "red", "hazard_probability": 0.6554, "grid_id": "G-0089"}}, {"type": "Feature", "geometry": {"type": "Polygon", "coordinates": [[[78.39999999999999, 30.599999999999998], [78.42, 30.599999999999998], [78.42, 30.62], [78.39999999999999, 30.62], [78.39999999999999, 30.599999999999998]]]}, "properties": {"zone": "orange", "hazard_probability": 0.5991, "grid_id": "G-0090"}}, {"type": "Feature", "geometry": {"type": "Polygon", "coordinates": [[[78.42, 30.599999999999998], [78.44000000000001, 30.599999999999998], [78.44000000000001, 30.62], [78.42, 30.62], [78.42, 30.599999999999998]]]}, "properties": {"zone": "orange", "hazard_probability": 0.5922, "grid_id": "G-0091"}}, {"type": "Feature", "geometry": {"type": "Polygon", "coordinates": [[[78.5, 30.599999999999998], [78.52000000000001, 30.599999999999998], [78.52000000000001, 30.62], [78.5, 30.62], [78.5, 30.599999999999998]]]}, "properties": {"zone": "green", "hazard_probability": 0.4461, "grid_id": "G-0092"}}, {"type": "Feature", "geometry": {"type": "Polygon", "coordinates": [[[78.52, 30.599999999999998], [78.54, 30.599999999999998], [78.54, 30.62], [78.52, 30.62], [78.52, 30.599999999999998]]]}, "properties": {"zone": "green", "hazard_probability": 0.4431, "grid_id": "G-0093"}}, {"type": "Feature", "geometry": {"type": "Polygon", "coordinates": [[[78.53999999999999, 30.599999999999998], [78.56, 30.599999999999998], [78.56, 30.62], [78.53999999999999, 30.62], [78.53999999999999, 30.599999999999998]]]}, "properties": {"zone": "orange", "hazard_probability": 0.6319, "grid_id": "G-0094"}}, {"type": "Feature", "geometry": {"type": "Polygon", "coordinates": [[[78.0, 30.619999999999997], [78.02000000000001, 30.619999999999997], [78.02000000000001, 30.64], [78.0, 30.64], [78.0, 30.619999999999997]]]}, "properties": {"zone": "orange", "hazard_probability": 0.5863, "grid_id": "G-0095"}}, {"type": "Feature", "geometry": {"type": "Polygon", "coordinates": [[[78.02, 30.619999999999997], [78.04, 30.619999999999997], [78.04, 30.64], [78.02, 30.64], [78.02, 30.619999999999997]]]}, "properties": {"zone": "yellow", "hazard_probability": 0.482, "grid_id": "G-0096"}}, {"type": "Feature", "geometry": {"type": "Polygon", "coordinates": [[[78.03999999999999, 30.619999999999997], [78.06, 30.619999999999997], [78.06, 30.64], [78.03999999999999, 30.64], [78.03999999999999, 30.619999999999997]]]}, "properties": {"zone": "yellow", "hazard_probability": 0.5084, "grid_id": "G-0097"}}, {"type": "Feature", "geometry": {"type": "Polygon", "coordinates": [[[78.14, 30.619999999999997], [78.16000000000001, 30.619999999999997], [78.16000000000001, 30.64], [78.14, 30.64], [78.14, 30.619999999999997]]]}, "properties": {"zone": "orange", "hazard_probability": 0.6345, "grid_id": "G-0098"}}, {"type": "Feature", "geometry": {"type": "Polygon", "coordinates": [[[78.16, 30.619999999999997], [78.18, 30.619999999999997], [78.18, 30.64], [78.16, 30.64], [78.16, 30.619999999999997]]]}, "properties": {"zone": "yellow", "hazard_probability": 0.5014, "grid_id": "G-0099"}}, {"type": "Feature", "geometry": {"type": "Polygon", "coordinates": [[[78.17999999999999, 30.619999999999997], [78.2, 30.619999999999997], [78.2, 30.64], [78.17999999999999, 30.64], [78.17999999999999, 30.619999999999997]]]}, "properties": {"zone": "yellow", "hazard_probability": 0.4788, "grid_id": "G-0100"}}, {"type": "Feature", "geometry": {"type": "Polygon", "coordinates": [[[78.19999999999999, 30.619999999999997], [78.22, 30.619999999999997], [78.22, 30.64], [78.19999999999999, 30.64], [78.19999999999999, 30.619999999999997]]]}, "properties": {"zone": "yellow", "hazard_probability": 0.563, "grid_id": "G-0101"}}, {"type": "Feature", "geometry": {"type": "Polygon", "coordinates": [[[78.22, 30.619999999999997], [78.24000000000001, 30.619999999999997], [78.24000000000001, 30.64], [78.22, 30.64], [78.22, 30.619999999999997]]]}, "properties": {"zone": "green", "hazard_probability": 0.4717, "grid_id": "G-0102"}}, {"type": "Feature", "geometry": {"type": "Polygon", "coordinates": [[[78.24, 30.619999999999997], [78.26, 30.619999999999997], [78.26, 30.64], [78.24, 30.64], [78.24, 30.619999999999997]]]}, "properties": {"zone": "green", "hazard_probability": 0.3982, "grid_id": "G-0103"}}, {"type": "Feature", "geometry": {"type": "Polygon", "coordinates": [[[78.25999999999999, 30.619999999999997], [78.28, 30.619999999999997], [78.28, 30.64], [78.25999999999999, 30.64], [78.25999999999999, 30.619999999999997]]]}, "properties": {"zone": "green", "hazard_probability": 0.3864, "grid_id": "G-0104"}}, {"type": "Feature", "geometry": {"type": "Polygon", "coordinates": [[[78.28, 30.619999999999997], [78.30000000000001, 30.619999999999997], [78.30000000000001, 30.64], [78.28, 30.64], [78.28, 30.619999999999997]]]}, "properties": {"zone": "green", "hazard_probability": 0.4083, "grid_id": "G-0105"}}, {"type": "Feature", "geometry": {"type": "Polygon", "coordinates": [[[78.3, 30.619999999999997], [78.32000000000001, 30.619999999999997], [78.32000000000001, 30.64], [78.3, 30.64], [78.3, 30.619999999999997]]]}, "properties": {"zone": "green", "hazard_probability": 0.3793, "grid_id": "G-0106"}}, {"type": "Feature", "geometry": {"type": "Polygon", "coordinates": [[[78.32, 30.619999999999997], [78.34, 30.619999999999997], [78.34, 30.64], [78.32, 30.64], [78.32, 30.619999999999997]]]}, "properties": {"zone": "green", "hazard_probability": 0.4457, "grid_id": "G-0107"}}, {"type": "Feature", "geometry": {"type": "Polygon", "coordinates": [[[78.33999999999999, 30.619999999999997], [78.36, 30.619999999999997], [78.36, 30.64], [78.33999999999999, 30.64], [78.33999999999999, 30.619999999999997]]]}, "properties": {"zone": "yellow", "hazard_probability": 0.5335, "grid_id": "G-0108"}}, {"type": "Feature", "geometry": {"type": "Polygon", "coordinates": [[[78.36, 30.619999999999997], [78.38000000000001, 30.619999999999997], [78.38000000000001, 30.64], [78.36, 30.64], [78.36, 30.619999999999997]]]}, "properties": {"zone": "orange", "hazard_probability": 0.6154, "grid_id": "G-0109"}}, {"type": "Feature", "geometry": {"type": "Polygon", "coordinates": [[[78.38, 30.619999999999997], [78.4, 30.619999999999997], [78.4, 30.64], [78.38, 30.64], [78.38, 30.619999999999997]]]}, "properties": {"zone": "orange", "hazard_probability": 0.6421, "grid_id": "G-0110"}}, {"type": "Feature", "geometry": {"type": "Polygon", "coordinates": [[[78.39999999999999, 30.619999999999997], [78.42, 30.619999999999997], [78.42, 30.64], [78.39999999999999, 30.64], [78.39999999999999, 30.619999999999997]]]}, "properties": {"zone": "yellow", "hazard_probability": 0.4931, "grid_id": "G-0111"}}, {"type": "Feature", "geometry": {"type": "Polygon", "coordinates": [[[78.42, 30.619999999999997], [78.44000000000001, 30.619999999999997], [78.44000000000001, 30.64], [78.42, 30.64], [78.42, 30.619999999999997]]]}, "properties": {"zone": "red", "hazard_probability": 0.6507, "grid_id": "G-0112"}}, {"type": "Feature", "geometry": {"type": "Polygon", "coordinates": [[[78.44, 30.619999999999997], [78.46000000000001, 30.619999999999997], [78.46000000000001, 30.64], [78.44, 30.64], [78.44, 30.619999999999997]]]}, "properties": {"zone": "orange", "hazard_probability": 0.5859, "grid_id": "G-0113"}}, {"type": "Feature", "geometry": {"type": "Polygon", "coordinates": [[[78.47999999999999, 30.619999999999997], [78.5, 30.619999999999997], [78.5, 30.64], [78.47999999999999, 30.64], [78.47999999999999, 30.619999999999997]]]}, "properties": {"zone": "green", "hazard_probability": 0.4281, "grid_id": "G-0114"}}, {"type": "Feature", "geometry": {"type": "Polygon", "coordinates": [[[78.5, 30.619999999999997], [78.52000000000001, 30.619999999999997], [78.52000000000001, 30.64], [78.5, 30.64], [78.5, 30.619999999999997]]]}, "properties": {"zone": "orange", "hazard_probability": 0.6105, "grid_id": "G-0115"}}, {"type": "Feature", "geometry": {"type": "Polygon", "coordinates": [[[78.52, 30.619999999999997], [78.54, 30.619999999999997], [78.54, 30.64], [78.52, 30.64], [78.52, 30.619999999999997]]]}, "properties": {"zone": "green", "hazard_probability": 0.4115, "grid_id": "G-0116"}}, {"type": "Feature", "geometry": {"type": "Polygon", "coordinates": [[[78.53999999999999, 30.619999999999997], [78.56, 30.619999999999997], [78.56, 30.64], [78.53999999999999, 30.64], [78.53999999999999, 30.619999999999997]]]}, "properties": {"zone": "yellow", "hazard_probability": 0.5116, "grid_id": "G-0117"}}, {"type": "Feature", "geometry": {"type": "Polygon", "coordinates": [[[78.55999999999999, 30.619999999999997], [78.58, 30.619999999999997], [78.58, 30.64], [78.55999999999999, 30.64], [78.55999999999999, 30.619999999999997]]]}, "properties": {"zone": "yellow", "hazard_probability": 0.5084, "grid_id": "G-0118"}}, {"type": "Feature", "geometry": {"type": "Polygon", "coordinates": [[[78.0, 30.639999999999997], [78.02000000000001, 30.639999999999997], [78.02000000000001, 30.66], [78.0, 30.66], [78.0, 30.639999999999997]]]}, "properties": {"zone": "yellow", "hazard_probability": 0.4888, "grid_id": "G-0119"}}, {"type": "Feature", "geometry": {"type": "Polygon", "coordinates": [[[78.02, 30.639999999999997], [78.04, 30.639999999999997], [78.04, 30.66], [78.02, 30.66], [78.02, 30.639999999999997]]]}, "properties": {"zone": "green", "hazard_probability": 0.4431, "grid_id": "G-0120"}}, {"type": "Feature", "geometry": {"type": "Polygon", "coordinates": [[[78.03999999999999, 30.639999999999997], [78.06, 30.639999999999997], [78.06, 30.66], [78.03999999999999, 30.66], [78.03999999999999, 30.639999999999997]]]}, "properties": {"zone": "green", "hazard_probability": 0.3488, "grid_id": "G-0121"}}, {"type": "Feature", "geometry": {"type": "Polygon", "coordinates": [[[78.05999999999999, 30.639999999999997], [78.08, 30.639999999999997], [78.08, 30.66], [78.05999999999999, 30.66], [78.05999999999999, 30.639999999999997]]]}, "properties": {"zone": "green", "hazard_probability": 0.4481, "grid_id": "G-0122"}}, {"type": "Feature", "geometry": {"type": "Polygon", "coordinates": [[[78.08, 30.639999999999997], [78.10000000000001, 30.639999999999997], [78.10000000000001, 30.66], [78.08, 30.66], [78.08, 30.639999999999997]]]}, "properties": {"zone": "green", "hazard_probability": 0.3982, "grid_id": "G-0123"}}, {"type": "Feature", "geometry": {"type": "Polygon", "coordinates": [[[78.1, 30.639999999999997], [78.12, 30.639999999999997], [78.12, 30.66], [78.1, 30.66], [78.1, 30.639999999999997]]]}, "properties": {"zone": "yellow", "hazard_probability": 0.482, "grid_id": "G-0124"}}, {"type": "Feature", "geometry": {"type": "Polygon", "coordinates": [[[78.11999999999999, 30.639999999999997], [78.14, 30.639999999999997], [78.14, 30.66], [78.11999999999999, 30.66], [78.11999999999999, 30.639999999999997]]]}, "properties": {"zone": "green", "hazard_probability": 0.3998, "grid_id": "G-0125"}}, {"type": "Feature", "geometry": {"type": "Polygon", "coordinates": [[[78.14, 30.639999999999997], [78.16000000000001, 30.639999999999997], [78.16000000000001, 30.66], [78.14, 30.66], [78.14, 30.639999999999997]]]}, "properties": {"zone": "orange", "hazard_probability": 0.6022, "grid_id": "G-0126"}}, {"type": "Feature", "geometry": {"type": "Polygon", "coordinates": [[[78.16, 30.639999999999997], [78.18, 30.639999999999997], [78.18, 30.66], [78.16, 30.66], [78.16, 30.639999999999997]]]}, "properties": {"zone": "yellow", "hazard_probability": 0.5102, "grid_id": "G-0127"}}, {"type": "Feature", "geometry": {"type": "Polygon", "coordinates": [[[78.17999999999999, 30.639999999999997], [78.2, 30.639999999999997], [78.2, 30.66], [78.17999999999999, 30.66], [78.17999999999999, 30.639999999999997]]]}, "properties": {"zone": "green", "hazard_probability": 0.4605, "grid_id": "G-0128"}}, {"type": "Feature", "geometry": {"type": "Polygon", "coordinates": [[[78.19999999999999, 30.639999999999997], [78.22, 30.639999999999997], [78.22, 30.66], [78.19999999999999, 30.66], [78.19999999999999, 30.639999999999997]]]}, "properties": {"zone": "green", "hazard_probability": 0.4041, "grid_id": "G-0129"}}, {"type": "Feature", "geometry": {"type": "Polygon", "coordinates": [[[78.22, 30.639999999999997], [78.24000000000001, 30.639999999999997], [78.24000000000001, 30.66], [78.22, 30.66], [78.22, 30.639999999999997]]]}, "properties": {"zone": "green", "hazard_probability": 0.3919, "grid_id": "G-0130"}}, {"type": "Feature", "geometry": {"type": "Polygon", "coordinates": [[[78.24, 30.639999999999997], [78.26, 30.639999999999997], [78.26, 30.66], [78.24, 30.66], [78.24, 30.639999999999997]]]}, "properties": {"zone": "yellow", "hazard_probability": 0.482, "grid_id": "G-0131"}}, {"type": "Feature", "geometry": {"type": "Polygon", "coordinates": [[[78.25999999999999, 30.639999999999997], [78.28, 30.639999999999997], [78.28, 30.66], [78.25999999999999, 30.66], [78.25999999999999, 30.639999999999997]]]}, "properties": {"zone": "green", "hazard_probability": 0.4431, "grid_id": "G-0132"}}, {"type": "Feature", "geometry": {"type": "Polygon", "coordinates": [[[78.28, 30.639999999999997], [78.30000000000001, 30.639999999999997], [78.30000000000001, 30.66], [78.28, 30.66], [78.28, 30.639999999999997]]]}, "properties": {"zone": "green", "hazard_probability": 0.468, "grid_id": "G-0133"}}, {"type": "Feature", "geometry": {"type": "Polygon", "coordinates": [[[78.3, 30.639999999999997], [78.32000000000001, 30.639999999999997], [78.32000000000001, 30.66], [78.3, 30.66], [78.3, 30.639999999999997]]]}, "properties": {"zone": "green", "hazard_probability": 0.4745, "grid_id": "G-0134"}}, {"type": "Feature", "geometry": {"type": "Polygon", "coordinates": [[[78.32, 30.639999999999997], [78.34, 30.639999999999997], [78.34, 30.66], [78.32, 30.66], [78.32, 30.639999999999997]]]}, "properties": {"zone": "green", "hazard_probability": 0.4512, "grid_id": "G-0135"}}, {"type": "Feature", "geometry": {"type": "Polygon", "coordinates": [[[78.33999999999999, 30.639999999999997], [78.36, 30.639999999999997], [78.36, 30.66], [78.33999999999999, 30.66], [78.33999999999999, 30.639999999999997]]]}, "properties": {"zone": "yellow", "hazard_probability": 0.4859, "grid_id": "G-0136"}}, {"type": "Feature", "geometry": {"type": "Polygon", "coordinates": [[[78.36, 30.639999999999997], [78.38000000000001, 30.639999999999997], [78.38000000000001, 30.66], [78.36, 30.66], [78.36, 30.639999999999997]]]}, "properties": {"zone": "yellow", "hazard_probability": 0.5702, "grid_id": "G-0137"}}, {"type": "Feature", "geometry": {"type": "Polygon", "coordinates": [[[78.38, 30.639999999999997], [78.4, 30.639999999999997], [78.4, 30.66], [78.38, 30.66], [78.38, 30.639999999999997]]]}, "properties": {"zone": "yellow", "hazard_probability": 0.4921, "grid_id": "G-0138"}}, {"type": "Feature", "geometry": {"type": "Polygon", "coordinates": [[[78.39999999999999, 30.639999999999997], [78.42, 30.639999999999997], [78.42, 30.66], [78.39999999999999, 30.66], [78.39999999999999, 30.639999999999997]]]}, "properties": {"zone": "yellow", "hazard_probability": 0.4826, "grid_id": "G-0139"}}, {"type": "Feature", "geometry": {"type": "Polygon", "coordinates": [[[78.42, 30.639999999999997], [78.44000000000001, 30.639999999999997], [78.44000000000001, 30.66], [78.42, 30.66], [78.42, 30.639999999999997]]]}, "properties": {"zone": "green", "hazard_probability": 0.4456, "grid_id": "G-0140"}}, {"type": "Feature", "geometry": {"type": "Polygon", "coordinates": [[[78.44, 30.639999999999997], [78.46000000000001, 30.639999999999997], [78.46000000000001, 30.66], [78.44, 30.66], [78.44, 30.639999999999997]]]}, "properties": {"zone": "orange", "hazard_probability": 0.5922, "grid_id": "G-0141"}}, {"type": "Feature", "geometry": {"type": "Polygon", "coordinates": [[[78.46, 30.639999999999997], [78.48, 30.639999999999997], [78.48, 30.66], [78.46, 30.66], [78.46, 30.639999999999997]]]}, "properties": {"zone": "red", "hazard_probability": 0.6832, "grid_id": "G-0142"}}, {"type": "Feature", "geometry": {"type": "Polygon", "coordinates": [[[78.47999999999999, 30.639999999999997], [78.5, 30.639999999999997], [78.5, 30.66], [78.47999999999999, 30.66], [78.47999999999999, 30.639999999999997]]]}, "properties": {"zone": "red", "hazard_probability": 0.6795, "grid_id": "G-0143"}}, {"type": "Feature", "geometry": {"type": "Polygon", "coordinates": [[[78.5, 30.639999999999997], [78.52000000000001, 30.639999999999997], [78.52000000000001, 30.66], [78.5, 30.66], [78.5, 30.639999999999997]]]}, "properties": {"zone": "red", "hazard_probability": 0.6704, "grid_id": "G-0144"}}, {"type": "Feature", "geometry": {"type": "Polygon", "coordinates": [[[78.52, 30.639999999999997], [78.54, 30.639999999999997], [78.54, 30.66], [78.52, 30.66], [78.52, 30.639999999999997]]]}, "properties": {"zone": "red", "hazard_probability": 0.6507, "grid_id": "G-0145"}}, {"type": "Feature", "geometry": {"type": "Polygon", "coordinates": [[[78.53999999999999, 30.639999999999997], [78.56, 30.639999999999997], [78.56, 30.66], [78.53999999999999, 30.66], [78.53999999999999, 30.639999999999997]]]}, "properties": {"zone": "yellow", "hazard_probability": 0.4807, "grid_id": "G-0146"}}, {"type": "Feature", "geometry": {"type": "Polygon", "coordinates": [[[78.55999999999999, 30.639999999999997], [78.58, 30.639999999999997], [78.58, 30.66], [78.55999999999999, 30.66], [78.55999999999999, 30.639999999999997]]]}, "properties": {"zone": "green", "hazard_probability": 0.4168, "grid_id": "G-0147"}}, {"type": "Feature", "geometry": {"type": "Polygon", "coordinates": [[[78.05999999999999, 30.66], [78.08, 30.66], [78.08, 30.680000000000003], [78.05999999999999, 30.680000000000003], [78.05999999999999, 30.66]]]}, "properties": {"zone": "yellow", "hazard_probability": 0.563, "grid_id": "G-0148"}}, {"type": "Feature", "geometry": {"type": "Polygon", "coordinates": [[[78.08, 30.66], [78.10000000000001, 30.66], [78.10000000000001, 30.680000000000003], [78.08, 30.680000000000003], [78.08, 30.66]]]}, "properties": {"zone": "green", "hazard_probability": 0.3982, "grid_id": "G-0149"}}, {"type": "Feature", "geometry": {"type": "Polygon", "coordinates": [[[78.1, 30.66], [78.12, 30.66], [78.12, 30.680000000000003], [78.1, 30.680000000000003], [78.1, 30.66]]]}, "properties": {"zone": "yellow", "hazard_probability": 0.5288, "grid_id": "G-0150"}}, {"type": "Feature", "geometry": {"type": "Polygon", "coordinates": [[[78.11999999999999, 30.66], [78.14, 30.66], [78.14, 30.680000000000003], [78.11999999999999, 30.680000000000003], [78.11999999999999, 30.66]]]}, "properties": {"zone": "green", "hazard_probability": 0.4041, "grid_id": "G-0151"}}, {"type": "Feature", "geometry": {"type": "Polygon", "coordinates": [[[78.14, 30.66], [78.16000000000001, 30.66], [78.16000000000001, 30.680000000000003], [78.14, 30.680000000000003], [78.14, 30.66]]]}, "properties": {"zone": "yellow", "hazard_probability": 0.5365, "grid_id": "G-0152"}}, {"type": "Feature", "geometry": {"type": "Polygon", "coordinates": [[[78.16, 30.66], [78.18, 30.66], [78.18, 30.680000000000003], [78.16, 30.680000000000003], [78.16, 30.66]]]}, "properties": {"zone": "orange", "hazard_probability": 0.5973, "grid_id": "G-0153"}}, {"type": "Feature", "geometry": {"type": "Polygon", "coordinates": [[[78.17999999999999, 30.66], [78.2, 30.66], [78.2, 30.680000000000003], [78.17999999999999, 30.680000000000003], [78.17999999999999, 30.66]]]}, "properties": {"zone": "green", "hazard_probability": 0.3953, "grid_id": "G-0154"}}, {"type": "Feature", "geometry": {"type": "Polygon", "coordinates": [[[78.19999999999999, 30.66], [78.22, 30.66], [78.22, 30.680000000000003], [78.19999999999999, 30.680000000000003], [78.19999999999999, 30.66]]]}, "properties": {"zone": "green", "hazard_probability": 0.3953, "grid_id": "G-0155"}}, {"type": "Feature", "geometry": {"type": "Polygon", "coordinates": [[[78.22, 30.66], [78.24000000000001, 30.66], [78.24000000000001, 30.680000000000003], [78.22, 30.680000000000003], [78.22, 30.66]]]}, "properties": {"zone": "green", "hazard_probability": 0.3919, "grid_id": "G-0156"}}, {"type": "Feature", "geometry": {"type": "Polygon", "coordinates": [[[78.24, 30.66], [78.26, 30.66], [78.26, 30.680000000000003], [78.24, 30.680000000000003], [78.24, 30.66]]]}, "properties": {"zone": "yellow", "hazard_probability": 0.482, "grid_id": "G-0157"}}, {"type": "Feature", "geometry": {"type": "Polygon", "coordinates": [[[78.25999999999999, 30.66], [78.28, 30.66], [78.28, 30.680000000000003], [78.25999999999999, 30.680000000000003], [78.25999999999999, 30.66]]]}, "properties": {"zone": "green", "hazard_probability": 0.4541, "grid_id": "G-0158"}}, {"type": "Feature", "geometry": {"type": "Polygon", "coordinates": [[[78.28, 30.66], [78.30000000000001, 30.66], [78.30000000000001, 30.680000000000003], [78.28, 30.680000000000003], [78.28, 30.66]]]}, "properties": {"zone": "green", "hazard_probability": 0.3982, "grid_id": "G-0159"}}, {"type": "Feature", "geometry": {"type": "Polygon", "coordinates": [[[78.3, 30.66], [78.32000000000001, 30.66], [78.32000000000001, 30.680000000000003], [78.3, 30.680000000000003], [78.3, 30.66]]]}, "properties": {"zone": "green", "hazard_probability": 0.4401, "grid_id": "G-0160"}}, {"type": "Feature", "geometry": {"type": "Polygon", "coordinates": [[[78.32, 30.66], [78.34, 30.66], [78.34, 30.680000000000003], [78.32, 30.680000000000003], [78.32, 30.66]]]}, "properties": {"zone": "green", "hazard_probability": 0.4461, "grid_id": "G-0161"}}, {"type": "Feature", "geometry": {"type": "Polygon", "coordinates": [[[78.33999999999999, 30.66], [78.36, 30.66], [78.36, 30.680000000000003], [78.33999999999999, 30.680000000000003], [78.33999999999999, 30.66]]]}, "properties": {"zone": "green", "hazard_probability": 0.4719, "grid_id": "G-0162"}}, {"type": "Feature", "geometry": {"type": "Polygon", "coordinates": [[[78.36, 30.66], [78.38000000000001, 30.66], [78.38000000000001, 30.680000000000003], [78.36, 30.680000000000003], [78.36, 30.66]]]}, "properties": {"zone": "green", "hazard_probability": 0.4552, "grid_id": "G-0163"}}, {"type": "Feature", "geometry": {"type": "Polygon", "coordinates": [[[78.38, 30.66], [78.4, 30.66], [78.4, 30.680000000000003], [78.38, 30.680000000000003], [78.38, 30.66]]]}, "properties": {"zone": "yellow", "hazard_probability": 0.5674, "grid_id": "G-0164"}}, {"type": "Feature", "geometry": {"type": "Polygon", "coordinates": [[[78.39999999999999, 30.66], [78.42, 30.66], [78.42, 30.680000000000003], [78.39999999999999, 30.680000000000003], [78.39999999999999, 30.66]]]}, "properties": {"zone": "orange", "hazard_probability": 0.607, "grid_id": "G-0165"}}, {"type": "Feature", "geometry": {"type": "Polygon", "coordinates": [[[78.42, 30.66], [78.44000000000001, 30.66], [78.44000000000001, 30.680000000000003], [78.42, 30.680000000000003], [78.42, 30.66]]]}, "properties": {"zone": "yellow", "hazard_probability": 0.5218, "grid_id": "G-0166"}}, {"type": "Feature", "geometry": {"type": "Polygon", "coordinates": [[[78.44, 30.66], [78.46000000000001, 30.66], [78.46000000000001, 30.680000000000003], [78.44, 30.680000000000003], [78.44, 30.66]]]}, "properties": {"zone": "yellow", "hazard_probability": 0.5136, "grid_id": "G-0167"}}, {"type": "Feature", "geometry": {"type": "Polygon", "coordinates": [[[78.46, 30.66], [78.48, 30.66], [78.48, 30.680000000000003], [78.46, 30.680000000000003], [78.46, 30.66]]]}, "properties": {"zone": "orange", "hazard_probability": 0.6391, "grid_id": "G-0168"}}, {"type": "Feature", "geometry": {"type": "Polygon", "coordinates": [[[78.47999999999999, 30.66], [78.5, 30.66], [78.5, 30.680000000000003], [78.47999999999999, 30.680000000000003], [78.47999999999999, 30.66]]]}, "properties": {"zone": "red", "hazard_probability": 0.6827, "grid_id": "G-0169"}}, {"type": "Feature", "geometry": {"type": "Polygon", "coordinates": [[[78.5, 30.66], [78.52000000000001, 30.66], [78.52000000000001, 30.680000000000003], [78.5, 30.680000000000003], [78.5, 30.66]]]}, "properties": {"zone": "yellow", "hazard_probability": 0.5061, "grid_id": "G-0170"}}, {"type": "Feature", "geometry": {"type": "Polygon", "coordinates": [[[78.52, 30.66], [78.54, 30.66], [78.54, 30.680000000000003], [78.52, 30.680000000000003], [78.52, 30.66]]]}, "properties": {"zone": "yellow", "hazard_probability": 0.5507, "grid_id": "G-0171"}}, {"type": "Feature", "geometry": {"type": "Polygon", "coordinates": [[[78.53999999999999, 30.66], [78.56, 30.66], [78.56, 30.680000000000003], [78.53999999999999, 30.680000000000003], [78.53999999999999, 30.66]]]}, "properties": {"zone": "orange", "hazard_probability": 0.6039, "grid_id": "G-0172"}}, {"type": "Feature", "geometry": {"type": "Polygon", "coordinates": [[[78.55999999999999, 30.66], [78.58, 30.66], [78.58, 30.680000000000003], [78.55999999999999, 30.680000000000003], [78.55999999999999, 30.66]]]}, "properties": {"zone": "orange", "hazard_probability": 0.6039, "grid_id": "G-0173"}}, {"type": "Feature", "geometry": {"type": "Polygon", "coordinates": [[[78.05999999999999, 30.68], [78.08, 30.68], [78.08, 30.700000000000003], [78.05999999999999, 30.700000000000003], [78.05999999999999, 30.68]]]}, "properties": {"zone": "green", "hazard_probability": 0.4367, "grid_id": "G-0174"}}, {"type": "Feature", "geometry": {"type": "Polygon", "coordinates": [[[78.08, 30.68], [78.10000000000001, 30.68], [78.10000000000001, 30.700000000000003], [78.08, 30.700000000000003], [78.08, 30.68]]]}, "properties": {"zone": "green", "hazard_probability": 0.3982, "grid_id": "G-0175"}}, {"type": "Feature", "geometry": {"type": "Polygon", "coordinates": [[[78.1, 30.68], [78.12, 30.68], [78.12, 30.700000000000003], [78.1, 30.700000000000003], [78.1, 30.68]]]}, "properties": {"zone": "yellow", "hazard_probability": 0.5221, "grid_id": "G-0176"}}, {"type": "Feature", "geometry": {"type": "Polygon", "coordinates": [[[78.11999999999999, 30.68], [78.14, 30.68], [78.14, 30.700000000000003], [78.11999999999999, 30.700000000000003], [78.11999999999999, 30.68]]]}, "properties": {"zone": "green", "hazard_probability": 0.3982, "grid_id": "G-0177"}}, {"type": "Feature", "geometry": {"type": "Polygon", "coordinates": [[[78.14, 30.68], [78.16000000000001, 30.68], [78.16000000000001, 30.700000000000003], [78.14, 30.700000000000003], [78.14, 30.68]]]}, "properties": {"zone": "green", "hazard_probability": 0.4041, "grid_id": "G-0178"}}, {"type": "Feature", "geometry": {"type": "Polygon", "coordinates": [[[78.16, 30.68], [78.18, 30.68], [78.18, 30.700000000000003], [78.16, 30.700000000000003], [78.16, 30.68]]]}, "properties": {"zone": "green", "hazard_probability": 0.4541, "grid_id": "G-0179"}}, {"type": "Feature", "geometry": {"type": "Polygon", "coordinates": [[[78.17999999999999, 30.68], [78.2, 30.68], [78.2, 30.700000000000003], [78.17999999999999, 30.700000000000003], [78.17999999999999, 30.68]]]}, "properties": {"zone": "green", "hazard_probability": 0.4717, "grid_id": "G-0180"}}, {"type": "Feature", "geometry": {"type": "Polygon", "coordinates": [[[78.19999999999999, 30.68], [78.22, 30.68], [78.22, 30.700000000000003], [78.19999999999999, 30.700000000000003], [78.19999999999999, 30.68]]]}, "properties": {"zone": "green", "hazard_probability": 0.4041, "grid_id": "G-0181"}}, {"type": "Feature", "geometry": {"type": "Polygon", "coordinates": [[[78.22, 30.68], [78.24000000000001, 30.68], [78.24000000000001, 30.700000000000003], [78.22, 30.700000000000003], [78.22, 30.68]]]}, "properties": {"zone": "green", "hazard_probability": 0.4541, "grid_id": "G-0182"}}, {"type": "Feature", "geometry": {"type": "Polygon", "coordinates": [[[78.24, 30.68], [78.26, 30.68], [78.26, 30.700000000000003], [78.24, 30.700000000000003], [78.24, 30.68]]]}, "properties": {"zone": "yellow", "hazard_probability": 0.5455, "grid_id": "G-0183"}}, {"type": "Feature", "geometry": {"type": "Polygon", "coordinates": [[[78.25999999999999, 30.68], [78.28, 30.68], [78.28, 30.700000000000003], [78.25999999999999, 30.700000000000003], [78.25999999999999, 30.68]]]}, "properties": {"zone": "yellow", "hazard_probability": 0.4774, "grid_id": "G-0184"}}, {"type": "Feature", "geometry": {"type": "Polygon", "coordinates": [[[78.28, 30.68], [78.30000000000001, 30.68], [78.30000000000001, 30.700000000000003], [78.28, 30.700000000000003], [78.28, 30.68]]]}, "properties": {"zone": "yellow", "hazard_probability": 0.482, "grid_id": "G-0185"}}, {"type": "Feature", "geometry": {"type": "Polygon", "coordinates": [[[78.3, 30.68], [78.32000000000001, 30.68], [78.32000000000001, 30.700000000000003], [78.3, 30.700000000000003], [78.3, 30.68]]]}, "properties": {"zone": "yellow", "hazard_probability": 0.5288, "grid_id": "G-0186"}}, {"type": "Feature", "geometry": {"type": "Polygon", "coordinates": [[[78.32, 30.68], [78.34, 30.68], [78.34, 30.700000000000003], [78.32, 30.700000000000003], [78.32, 30.68]]]}, "properties": {"zone": "green", "hazard_probability": 0.3989, "grid_id": "G-0187"}}, {"type": "Feature", "geometry": {"type": "Polygon", "coordinates": [[[78.33999999999999, 30.68], [78.36, 30.68], [78.36, 30.700000000000003], [78.33999999999999, 30.700000000000003], [78.33999999999999, 30.68]]]}, "properties": {"zone": "green", "hazard_probability": 0.4222, "grid_id": "G-0188"}}, {"type": "Feature", "geometry": {"type": "Polygon", "coordinates": [[[78.36, 30.68], [78.38000000000001, 30.68], [78.38000000000001, 30.700000000000003], [78.36, 30.700000000000003], [78.36, 30.68]]]}, "properties": {"zone": "yellow", "hazard_probability": 0.5335, "grid_id": "G-0189"}}, {"type": "Feature", "geometry": {"type": "Polygon", "coordinates": [[[78.38, 30.68], [78.4, 30.68], [78.4, 30.700000000000003], [78.38, 30.700000000000003], [78.38, 30.68]]]}, "properties": {"zone": "green", "hazard_probability": 0.4487, "grid_id": "G-0190"}}, {"type": "Feature", "geometry": {"type": "Polygon", "coordinates": [[[78.39999999999999, 30.68], [78.42, 30.68], [78.42, 30.700000000000003], [78.39999999999999, 30.700000000000003], [78.39999999999999, 30.68]]]}, "properties": {"zone": "orange", "hazard_probability": 0.6487, "grid_id": "G-0191"}}, {"type": "Feature", "geometry": {"type": "Polygon", "coordinates": [[[78.42, 30.68], [78.44000000000001, 30.68], [78.44000000000001, 30.700000000000003], [78.42, 30.700000000000003], [78.42, 30.68]]]}, "properties": {"zone": "red", "hazard_probability": 0.6872, "grid_id": "G-0192"}}, {"type": "Feature", "geometry": {"type": "Polygon", "coordinates": [[[78.44, 30.68], [78.46000000000001, 30.68], [78.46000000000001, 30.700000000000003], [78.44, 30.700000000000003], [78.44, 30.68]]]}, "properties": {"zone": "yellow", "hazard_probability": 0.5385, "grid_id": "G-0193"}}, {"type": "Feature", "geometry": {"type": "Polygon", "coordinates": [[[78.46, 30.68], [78.48, 30.68], [78.48, 30.700000000000003], [78.46, 30.700000000000003], [78.46, 30.68]]]}, "properties": {"zone": "orange", "hazard_probability": 0.602, "grid_id": "G-0194"}}, {"type": "Feature", "geometry": {"type": "Polygon", "coordinates": [[[78.47999999999999, 30.68], [78.5, 30.68], [78.5, 30.700000000000003], [78.47999999999999, 30.700000000000003], [78.47999999999999, 30.68]]]}, "properties": {"zone": "yellow", "hazard_probability": 0.5148, "grid_id": "G-0195"}}, {"type": "Feature", "geometry": {"type": "Polygon", "coordinates": [[[78.5, 30.68], [78.52000000000001, 30.68], [78.52000000000001, 30.700000000000003], [78.5, 30.700000000000003], [78.5, 30.68]]]}, "properties": {"zone": "yellow", "hazard_probability": 0.5489, "grid_id": "G-0196"}}, {"type": "Feature", "geometry": {"type": "Polygon", "coordinates": [[[78.52, 30.68], [78.54, 30.68], [78.54, 30.700000000000003], [78.52, 30.700000000000003], [78.52, 30.68]]]}, "properties": {"zone": "orange", "hazard_probability": 0.5923, "grid_id": "G-0197"}}, {"type": "Feature", "geometry": {"type": "Polygon", "coordinates": [[[78.53999999999999, 30.68], [78.56, 30.68], [78.56, 30.700000000000003], [78.53999999999999, 30.700000000000003], [78.53999999999999, 30.68]]]}, "properties": {"zone": "red", "hazard_probability": 0.6507, "grid_id": "G-0198"}}, {"type": "Feature", "geometry": {"type": "Polygon", "coordinates": [[[78.55999999999999, 30.68], [78.58, 30.68], [78.58, 30.700000000000003], [78.55999999999999, 30.700000000000003], [78.55999999999999, 30.68]]]}, "properties": {"zone": "orange", "hazard_probability": 0.5999, "grid_id": "G-0199"}}, {"type": "Feature", "geometry": {"type": "Polygon", "coordinates": [[[78.05999999999999, 30.7], [78.08, 30.7], [78.08, 30.720000000000002], [78.05999999999999, 30.720000000000002], [78.05999999999999, 30.7]]]}, "properties": {"zone": "green", "hazard_probability": 0.4144, "grid_id": "G-0200"}}, {"type": "Feature", "geometry": {"type": "Polygon", "coordinates": [[[78.08, 30.7], [78.10000000000001, 30.7], [78.10000000000001, 30.720000000000002], [78.08, 30.720000000000002], [78.08, 30.7]]]}, "properties": {"zone": "green", "hazard_probability": 0.4481, "grid_id": "G-0201"}}, {"type": "Feature", "geometry": {"type": "Polygon", "coordinates": [[[78.1, 30.7], [78.12, 30.7], [78.12, 30.720000000000002], [78.1, 30.720000000000002], [78.1, 30.7]]]}, "properties": {"zone": "yellow", "hazard_probability": 0.5288, "grid_id": "G-0202"}}, {"type": "Feature", "geometry": {"type": "Polygon", "coordinates": [[[78.11999999999999, 30.7], [78.14, 30.7], [78.14, 30.720000000000002], [78.11999999999999, 30.720000000000002], [78.11999999999999, 30.7]]]}, "properties": {"zone": "green", "hazard_probability": 0.4404, "grid_id": "G-0203"}}, {"type": "Feature", "geometry": {"type": "Polygon", "coordinates": [[[78.14, 30.7], [78.16000000000001, 30.7], [78.16000000000001, 30.720000000000002], [78.14, 30.720000000000002], [78.14, 30.7]]]}, "properties": {"zone": "orange", "hazard_probability": 0.5932, "grid_id": "G-0204"}}, {"type": "Feature", "geometry": {"type": "Polygon", "coordinates": [[[78.16, 30.7], [78.18, 30.7], [78.18, 30.720000000000002], [78.16, 30.720000000000002], [78.16, 30.7]]]}, "properties": {"zone": "yellow", "hazard_probability": 0.4885, "grid_id": "G-0205"}}, {"type": "Feature", "geometry": {"type": "Polygon", "coordinates": [[[78.17999999999999, 30.7], [78.2, 30.7], [78.2, 30.720000000000002], [78.17999999999999, 30.720000000000002], [78.17999999999999, 30.7]]]}, "properties": {"zone": "orange", "hazard_probability": 0.5932, "grid_id": "G-0206"}}, {"type": "Feature", "geometry": {"type": "Polygon", "coordinates": [[[78.19999999999999, 30.7], [78.22, 30.7], [78.22, 30.720000000000002], [78.19999999999999, 30.720000000000002], [78.19999999999999, 30.7]]]}, "properties": {"zone": "orange", "hazard_probability": 0.5859, "grid_id": "G-0207"}}, {"type": "Feature", "geometry": {"type": "Polygon", "coordinates": [[[78.22, 30.7], [78.24000000000001, 30.7], [78.24000000000001, 30.720000000000002], [78.22, 30.720000000000002], [78.22, 30.7]]]}, "properties": {"zone": "yellow", "hazard_probability": 0.5331, "grid_id": "G-0208"}}, {"type": "Feature", "geometry": {"type": "Polygon", "coordinates": [[[78.24, 30.7], [78.26, 30.7], [78.26, 30.720000000000002], [78.24, 30.720000000000002], [78.24, 30.7]]]}, "properties": {"zone": "yellow", "hazard_probability": 0.5221, "grid_id": "G-0209"}}, {"type": "Feature", "geometry": {"type": "Polygon", "coordinates": [[[78.25999999999999, 30.7], [78.28, 30.7], [78.28, 30.720000000000002], [78.25999999999999, 30.720000000000002], [78.25999999999999, 30.7]]]}, "properties": {"zone": "green", "hazard_probability": 0.4481, "grid_id": "G-0210"}}, {"type": "Feature", "geometry": {"type": "Polygon", "coordinates": [[[78.28, 30.7], [78.30000000000001, 30.7], [78.30000000000001, 30.720000000000002], [78.28, 30.720000000000002], [78.28, 30.7]]]}, "properties": {"zone": "green", "hazard_probability": 0.3919, "grid_id": "G-0211"}}, {"type": "Feature", "geometry": {"type": "Polygon", "coordinates": [[[78.3, 30.7], [78.32000000000001, 30.7], [78.32000000000001, 30.720000000000002], [78.3, 30.720000000000002], [78.3, 30.7]]]}, "properties": {"zone": "orange", "hazard_probability": 0.5991, "grid_id": "G-0212"}}, {"type": "Feature", "geometry": {"type": "Polygon", "coordinates": [[[78.32, 30.7], [78.34, 30.7], [78.34, 30.720000000000002], [78.32, 30.720000000000002], [78.32, 30.7]]]}, "properties": {"zone": "green", "hazard_probability": 0.4717, "grid_id": "G-0213"}}, {"type": "Feature", "geometry": {"type": "Polygon", "coordinates": [[[78.33999999999999, 30.7], [78.36, 30.7], [78.36, 30.720000000000002], [78.33999999999999, 30.720000000000002], [78.33999999999999, 30.7]]]}, "properties": {"zone": "green", "hazard_probability": 0.3856, "grid_id": "G-0214"}}, {"type": "Feature", "geometry": {"type": "Polygon", "coordinates": [[[78.36, 30.7], [78.38000000000001, 30.7], [78.38000000000001, 30.720000000000002], [78.36, 30.720000000000002], [78.36, 30.7]]]}, "properties": {"zone": "yellow", "hazard_probability": 0.5654, "grid_id": "G-0215"}}, {"type": "Feature", "geometry": {"type": "Polygon", "coordinates": [[[78.38, 30.7], [78.4, 30.7], [78.4, 30.720000000000002], [78.38, 30.720000000000002], [78.38, 30.7]]]}, "properties": {"zone": "orange", "hazard_probability": 0.6293, "grid_id": "G-0216"}}, {"type": "Feature", "geometry": {"type": "Polygon", "coordinates": [[[78.39999999999999, 30.7], [78.42, 30.7], [78.42, 30.720000000000002], [78.39999999999999, 30.720000000000002], [78.39999999999999, 30.7]]]}, "properties": {"zone": "red", "hazard_probability": 0.6821, "grid_id": "G-0217"}}, {"type": "Feature", "geometry": {"type": "Polygon", "coordinates": [[[78.42, 30.7], [78.44000000000001, 30.7], [78.44000000000001, 30.720000000000002], [78.42, 30.720000000000002], [78.42, 30.7]]]}, "properties": {"zone": "yellow", "hazard_probability": 0.5077, "grid_id": "G-0218"}}, {"type": "Feature", "geometry": {"type": "Polygon", "coordinates": [[[78.44, 30.7], [78.46000000000001, 30.7], [78.46000000000001, 30.720000000000002], [78.44, 30.720000000000002], [78.44, 30.7]]]}, "properties": {"zone": "green", "hazard_probability": 0.4683, "grid_id": "G-0219"}}, {"type": "Feature", "geometry": {"type": "Polygon", "coordinates": [[[78.46, 30.7], [78.48, 30.7], [78.48, 30.720000000000002], [78.46, 30.720000000000002], [78.46, 30.7]]]}, "properties": {"zone": "green", "hazard_probability": 0.4683, "grid_id": "G-0220"}}, {"type": "Feature", "geometry": {"type": "Polygon", "coordinates": [[[78.47999999999999, 30.7], [78.5, 30.7], [78.5, 30.720000000000002], [78.47999999999999, 30.720000000000002], [78.47999999999999, 30.7]]]}, "properties": {"zone": "red", "hazard_probability": 0.7329, "grid_id": "G-0221"}}, {"type": "Feature", "geometry": {"type": "Polygon", "coordinates": [[[78.5, 30.7], [78.52000000000001, 30.7], [78.52000000000001, 30.720000000000002], [78.5, 30.720000000000002], [78.5, 30.7]]]}, "properties": {"zone": "red", "hazard_probability": 0.6507, "grid_id": "G-0222"}}, {"type": "Feature", "geometry": {"type": "Polygon", "coordinates": [[[78.52, 30.7], [78.54, 30.7], [78.54, 30.720000000000002], [78.52, 30.720000000000002], [78.52, 30.7]]]}, "properties": {"zone": "orange", "hazard_probability": 0.5905, "grid_id": "G-0223"}}, {"type": "Feature", "geometry": {"type": "Polygon", "coordinates": [[[78.53999999999999, 30.7], [78.56, 30.7], [78.56, 30.720000000000002], [78.53999999999999, 30.720000000000002], [78.53999999999999, 30.7]]]}, "properties": {"zone": "green", "hazard_probability": 0.4769, "grid_id": "G-0224"}}, {"type": "Feature", "geometry": {"type": "Polygon", "coordinates": [[[78.55999999999999, 30.7], [78.58, 30.7], [78.58, 30.720000000000002], [78.55999999999999, 30.720000000000002], [78.55999999999999, 30.7]]]}, "properties": {"zone": "orange", "hazard_probability": 0.6401, "grid_id": "G-0225"}}, {"type": "Feature", "geometry": {"type": "Polygon", "coordinates": [[[78.58, 30.7], [78.60000000000001, 30.7], [78.60000000000001, 30.720000000000002], [78.58, 30.720000000000002], [78.58, 30.7]]]}, "properties": {"zone": "orange", "hazard_probability": 0.6376, "grid_id": "G-0226"}}, {"type": "Feature", "geometry": {"type": "Polygon", "coordinates": [[[78.6, 30.7], [78.62, 30.7], [78.62, 30.720000000000002], [78.6, 30.720000000000002], [78.6, 30.7]]]}, "properties": {"zone": "orange", "hazard_probability": 0.6138, "grid_id": "G-0227"}}, {"type": "Feature", "geometry": {"type": "Polygon", "coordinates": [[[78.61999999999999, 30.7], [78.64, 30.7], [78.64, 30.720000000000002], [78.61999999999999, 30.720000000000002], [78.61999999999999, 30.7]]]}, "properties": {"zone": "orange", "hazard_probability": 0.6122, "grid_id": "G-0228"}}, {"type": "Feature", "geometry": {"type": "Polygon", "coordinates": [[[78.64, 30.7], [78.66000000000001, 30.7], [78.66000000000001, 30.720000000000002], [78.64, 30.720000000000002], [78.64, 30.7]]]}, "properties": {"zone": "yellow", "hazard_probability": 0.5274, "grid_id": "G-0229"}}, {"type": "Feature", "geometry": {"type": "Polygon", "coordinates": [[[78.08, 30.72], [78.10000000000001, 30.72], [78.10000000000001, 30.740000000000002], [78.08, 30.740000000000002], [78.08, 30.72]]]}, "properties": {"zone": "green", "hazard_probability": 0.4481, "grid_id": "G-0230"}}, {"type": "Feature", "geometry": {"type": "Polygon", "coordinates": [[[78.1, 30.72], [78.12, 30.72], [78.12, 30.740000000000002], [78.1, 30.740000000000002], [78.1, 30.72]]]}, "properties": {"zone": "green", "hazard_probability": 0.4431, "grid_id": "G-0231"}}, {"type": "Feature", "geometry": {"type": "Polygon", "coordinates": [[[78.11999999999999, 30.72], [78.14, 30.72], [78.14, 30.740000000000002], [78.11999999999999, 30.740000000000002], [78.11999999999999, 30.72]]]}, "properties": {"zone": "green", "hazard_probability": 0.3919, "grid_id": "G-0232"}}, {"type": "Feature", "geometry": {"type": "Polygon", "coordinates": [[[78.14, 30.72], [78.16000000000001, 30.72], [78.16000000000001, 30.740000000000002], [78.14, 30.740000000000002], [78.14, 30.72]]]}, "properties": {"zone": "green", "hazard_probability": 0.4353, "grid_id": "G-0233"}}, {"type": "Feature", "geometry": {"type": "Polygon", "coordinates": [[[78.16, 30.72], [78.18, 30.72], [78.18, 30.740000000000002], [78.16, 30.740000000000002], [78.16, 30.72]]]}, "properties": {"zone": "yellow", "hazard_probability": 0.563, "grid_id": "G-0234"}}, {"type": "Feature", "geometry": {"type": "Polygon", "coordinates": [[[78.17999999999999, 30.72], [78.2, 30.72], [78.2, 30.740000000000002], [78.17999999999999, 30.740000000000002], [78.17999999999999, 30.72]]]}, "properties": {"zone": "green", "hazard_probability": 0.3936, "grid_id": "G-0235"}}, {"type": "Feature", "geometry": {"type": "Polygon", "coordinates": [[[78.19999999999999, 30.72], [78.22, 30.72], [78.22, 30.740000000000002], [78.19999999999999, 30.740000000000002], [78.19999999999999, 30.72]]]}, "properties": {"zone": "yellow", "hazard_probability": 0.5311, "grid_id": "G-0236"}}, {"type": "Feature", "geometry": {"type": "Polygon", "coordinates": [[[78.22, 30.72], [78.24000000000001, 30.72], [78.24000000000001, 30.740000000000002], [78.22, 30.740000000000002], [78.22, 30.72]]]}, "properties": {"zone": "yellow", "hazard_probability": 0.5455, "grid_id": "G-0237"}}, {"type": "Feature", "geometry": {"type": "Polygon", "coordinates": [[[78.24, 30.72], [78.26, 30.72], [78.26, 30.740000000000002], [78.24, 30.740000000000002], [78.24, 30.72]]]}, "properties": {"zone": "yellow", "hazard_probability": 0.5027, "grid_id": "G-0238"}}, {"type": "Feature", "geometry": {"type": "Polygon", "coordinates": [[[78.25999999999999, 30.72], [78.28, 30.72], [78.28, 30.740000000000002], [78.25999999999999, 30.740000000000002], [78.25999999999999, 30.72]]]}, "properties": {"zone": "green", "hazard_probability": 0.4404, "grid_id": "G-0239"}}, {"type": "Feature", "geometry": {"type": "Polygon", "coordinates": [[[78.28, 30.72], [78.30000000000001, 30.72], [78.30000000000001, 30.740000000000002], [78.28, 30.740000000000002], [78.28, 30.72]]]}, "properties": {"zone": "orange", "hazard_probability": 0.6022, "grid_id": "G-0240"}}, {"type": "Feature", "geometry": {"type": "Polygon", "coordinates": [[[78.3, 30.72], [78.32000000000001, 30.72], [78.32000000000001, 30.740000000000002], [78.3, 30.740000000000002], [78.3, 30.72]]]}, "properties": {"zone": "green", "hazard_probability": 0.445, "grid_id": "G-0241"}}, {"type": "Feature", "geometry": {"type": "Polygon", "coordinates": [[[78.32, 30.72], [78.34, 30.72], [78.34, 30.740000000000002], [78.32, 30.740000000000002], [78.32, 30.72]]]}, "properties": {"zone": "yellow", "hazard_probability": 0.4845, "grid_id": "G-0242"}}, {"type": "Feature", "geometry": {"type": "Polygon", "coordinates": [[[78.33999999999999, 30.72], [78.36, 30.72], [78.36, 30.740000000000002], [78.33999999999999, 30.740000000000002], [78.33999999999999, 30.72]]]}, "properties": {"zone": "yellow", "hazard_probability": 0.5654, "grid_id": "G-0243"}}, {"type": "Feature", "geometry": {"type": "Polygon", "coordinates": [[[78.36, 30.72], [78.38000000000001, 30.72], [78.38000000000001, 30.740000000000002], [78.36, 30.740000000000002], [78.36, 30.72]]]}, "properties": {"zone": "yellow", "hazard_probability": 0.5654, "grid_id": "G-0244"}}, {"type": "Feature", "geometry": {"type": "Polygon", "coordinates": [[[78.38, 30.72], [78.4, 30.72], [78.4, 30.740000000000002], [78.38, 30.740000000000002], [78.38, 30.72]]]}, "properties": {"zone": "yellow", "hazard_probability": 0.5602, "grid_id": "G-0245"}}, {"type": "Feature", "geometry": {"type": "Polygon", "coordinates": [[[78.39999999999999, 30.72], [78.42, 30.72], [78.42, 30.740000000000002], [78.39999999999999, 30.740000000000002], [78.39999999999999, 30.72]]]}, "properties": {"zone": "green", "hazard_probability": 0.4184, "grid_id": "G-0246"}}, {"type": "Feature", "geometry": {"type": "Polygon", "coordinates": [[[78.42, 30.72], [78.44000000000001, 30.72], [78.44000000000001, 30.740000000000002], [78.42, 30.740000000000002], [78.42, 30.72]]]}, "properties": {"zone": "yellow", "hazard_probability": 0.5604, "grid_id": "G-0247"}}, {"type": "Feature", "geometry": {"type": "Polygon", "coordinates": [[[78.44, 30.72], [78.46000000000001, 30.72], [78.46000000000001, 30.740000000000002], [78.44, 30.740000000000002], [78.44, 30.72]]]}, "properties": {"zone": "red", "hazard_probability": 0.7007, "grid_id": "G-0248"}}, {"type": "Feature", "geometry": {"type": "Polygon", "coordinates": [[[78.46, 30.72], [78.48, 30.72], [78.48, 30.740000000000002], [78.46, 30.740000000000002], [78.46, 30.72]]]}, "properties": {"zone": "orange", "hazard_probability": 0.5906, "grid_id": "G-0249"}}, {"type": "Feature", "geometry": {"type": "Polygon", "coordinates": [[[78.47999999999999, 30.72], [78.5, 30.72], [78.5, 30.740000000000002], [78.47999999999999, 30.740000000000002], [78.47999999999999, 30.72]]]}, "properties": {"zone": "orange", "hazard_probability": 0.635, "grid_id": "G-0250"}}, {"type": "Feature", "geometry": {"type": "Polygon", "coordinates": [[[78.5, 30.72], [78.52000000000001, 30.72], [78.52000000000001, 30.740000000000002], [78.5, 30.740000000000002], [78.5, 30.72]]]}, "properties": {"zone": "yellow", "hazard_probability": 0.5702, "grid_id": "G-0251"}}, {"type": "Feature", "geometry": {"type": "Polygon", "coordinates": [[[78.52, 30.72], [78.54, 30.72], [78.54, 30.740000000000002], [78.52, 30.740000000000002], [78.52, 30.72]]]}, "properties": {"zone": "green", "hazard_probability": 0.4487, "grid_id": "G-0252"}}, {"type": "Feature", "geometry": {"type": "Polygon", "coordinates": [[[78.53999999999999, 30.72], [78.56, 30.72], [78.56, 30.740000000000002], [78.53999999999999, 30.740000000000002], [78.53999999999999, 30.72]]]}, "properties": {"zone": "orange", "hazard_probability": 0.5877, "grid_id": "G-0253"}}, {"type": "Feature", "geometry": {"type": "Polygon", "coordinates": [[[78.55999999999999, 30.72], [78.58, 30.72], [78.58, 30.740000000000002], [78.55999999999999, 30.740000000000002], [78.55999999999999, 30.72]]]}, "properties": {"zone": "orange", "hazard_probability": 0.6406, "grid_id": "G-0254"}}, {"type": "Feature", "geometry": {"type": "Polygon", "coordinates": [[[78.58, 30.72], [78.60000000000001, 30.72], [78.60000000000001, 30.740000000000002], [78.58, 30.740000000000002], [78.58, 30.72]]]}, "properties": {"zone": "orange", "hazard_probability": 0.6366, "grid_id": "G-0255"}}, {"type": "Feature", "geometry": {"type": "Polygon", "coordinates": [[[78.6, 30.72], [78.62, 30.72], [78.62, 30.740000000000002], [78.6, 30.740000000000002], [78.6, 30.72]]]}, "properties": {"zone": "orange", "hazard_probability": 0.6366, "grid_id": "G-0256"}}, {"type": "Feature", "geometry": {"type": "Polygon", "coordinates": [[[78.61999999999999, 30.72], [78.64, 30.72], [78.64, 30.740000000000002], [78.61999999999999, 30.740000000000002], [78.61999999999999, 30.72]]]}, "properties": {"zone": "orange", "hazard_probability": 0.6039, "grid_id": "G-0257"}}, {"type": "Feature", "geometry": {"type": "Polygon", "coordinates": [[[78.64, 30.72], [78.66000000000001, 30.72], [78.66000000000001, 30.740000000000002], [78.64, 30.740000000000002], [78.64, 30.72]]]}, "properties": {"zone": "yellow", "hazard_probability": 0.5017, "grid_id": "G-0258"}}, {"type": "Feature", "geometry": {"type": "Polygon", "coordinates": [[[78.66, 30.72], [78.68, 30.72], [78.68, 30.740000000000002], [78.66, 30.740000000000002], [78.66, 30.72]]]}, "properties": {"zone": "yellow", "hazard_probability": 0.5754, "grid_id": "G-0259"}}, {"type": "Feature", "geometry": {"type": "Polygon", "coordinates": [[[78.67999999999999, 30.72], [78.7, 30.72], [78.7, 30.740000000000002], [78.67999999999999, 30.740000000000002], [78.67999999999999, 30.72]]]}, "properties": {"zone": "yellow", "hazard_probability": 0.5408, "grid_id": "G-0260"}}, {"type": "Feature", "geometry": {"type": "Polygon", "coordinates": [[[78.72, 30.72], [78.74000000000001, 30.72], [78.74000000000001, 30.740000000000002], [78.72, 30.740000000000002], [78.72, 30.72]]]}, "properties": {"zone": "green", "hazard_probability": 0.3364, "grid_id": "G-0261"}}, {"type": "Feature", "geometry": {"type": "Polygon", "coordinates": [[[78.74, 30.72], [78.76, 30.72], [78.76, 30.740000000000002], [78.74, 30.740000000000002], [78.74, 30.72]]]}, "properties": {"zone": "green", "hazard_probability": 0.4108, "grid_id": "G-0262"}}, {"type": "Feature", "geometry": {"type": "Polygon", "coordinates": [[[78.75999999999999, 30.72], [78.78, 30.72], [78.78, 30.740000000000002], [78.75999999999999, 30.740000000000002], [78.75999999999999, 30.72]]]}, "properties": {"zone": "yellow", "hazard_probability": 0.4958, "grid_id": "G-0263"}}, {"type": "Feature", "geometry": {"type": "Polygon", "coordinates": [[[78.78, 30.72], [78.80000000000001, 30.72], [78.80000000000001, 30.740000000000002], [78.78, 30.740000000000002], [78.78, 30.72]]]}, "properties": {"zone": "orange", "hazard_probability": 0.5827, "grid_id": "G-0264"}}, {"type": "Feature", "geometry": {"type": "Polygon", "coordinates": [[[78.05999999999999, 30.74], [78.08, 30.74], [78.08, 30.76], [78.05999999999999, 30.76], [78.05999999999999, 30.74]]]}, "properties": {"zone": "yellow", "hazard_probability": 0.5013, "grid_id": "G-0265"}}, {"type": "Feature", "geometry": {"type": "Polygon", "coordinates": [[[78.08, 30.74], [78.10000000000001, 30.74], [78.10000000000001, 30.76], [78.08, 30.76], [78.08, 30.74]]]}, "properties": {"zone": "yellow", "hazard_probability": 0.4774, "grid_id": "G-0266"}}, {"type": "Feature", "geometry": {"type": "Polygon", "coordinates": [[[78.1, 30.74], [78.12, 30.74], [78.12, 30.76], [78.1, 30.76], [78.1, 30.74]]]}, "properties": {"zone": "yellow", "hazard_probability": 0.5365, "grid_id": "G-0267"}}, {"type": "Feature", "geometry": {"type": "Polygon", "coordinates": [[[78.11999999999999, 30.74], [78.14, 30.74], [78.14, 30.76], [78.11999999999999, 30.76], [78.11999999999999, 30.74]]]}, "properties": {"zone": "green", "hazard_probability": 0.4541, "grid_id": "G-0268"}}, {"type": "Feature", "geometry": {"type": "Polygon", "coordinates": [[[78.14, 30.74], [78.16000000000001, 30.74], [78.16000000000001, 30.76], [78.14, 30.76], [78.14, 30.74]]]}, "properties": {"zone": "orange", "hazard_probability": 0.5932, "grid_id": "G-0269"}}, {"type": "Feature", "geometry": {"type": "Polygon", "coordinates": [[[78.16, 30.74], [78.18, 30.74], [78.18, 30.76], [78.16, 30.76], [78.16, 30.74]]]}, "properties": {"zone": "yellow", "hazard_probability": 0.5405, "grid_id": "G-0270"}}, {"type": "Feature", "geometry": {"type": "Polygon", "coordinates": [[[78.17999999999999, 30.74], [78.2, 30.74], [78.2, 30.76], [78.17999999999999, 30.76], [78.17999999999999, 30.74]]]}, "properties": {"zone": "orange", "hazard_probability": 0.5932, "grid_id": "G-0271"}}, {"type": "Feature", "geometry": {"type": "Polygon", "coordinates": [[[78.19999999999999, 30.74], [78.22, 30.74], [78.22, 30.76], [78.19999999999999, 30.76], [78.19999999999999, 30.74]]]}, "properties": {"zone": "yellow", "hazard_probability": 0.5455, "grid_id": "G-0272"}}, {"type": "Feature", "geometry": {"type": "Polygon", "coordinates": [[[78.22, 30.74], [78.24000000000001, 30.74], [78.24000000000001, 30.76], [78.22, 30.76], [78.22, 30.74]]]}, "properties": {"zone": "orange", "hazard_probability": 0.5829, "grid_id": "G-0273"}}, {"type": "Feature", "geometry": {"type": "Polygon", "coordinates": [[[78.24, 30.74], [78.26, 30.74], [78.26, 30.76], [78.24, 30.76], [78.24, 30.74]]]}, "properties": {"zone": "yellow", "hazard_probability": 0.5102, "grid_id": "G-0274"}}, {"type": "Feature", "geometry": {"type": "Polygon", "coordinates": [[[78.25999999999999, 30.74], [78.28, 30.74], [78.28, 30.76], [78.25999999999999, 30.76], [78.25999999999999, 30.74]]]}, "properties": {"zone": "yellow", "hazard_probability": 0.5221, "grid_id": "G-0275"}}, {"type": "Feature", "geometry": {"type": "Polygon", "coordinates": [[[78.28, 30.74], [78.30000000000001, 30.74], [78.30000000000001, 30.76], [78.28, 30.76], [78.28, 30.74]]]}, "properties": {"zone": "orange", "hazard_probability": 0.5932, "grid_id": "G-0276"}}, {"type": "Feature", "geometry": {"type": "Polygon", "coordinates": [[[78.3, 30.74], [78.32000000000001, 30.74], [78.32000000000001, 30.76], [78.3, 30.76], [78.3, 30.74]]]}, "properties": {"zone": "yellow", "hazard_probability": 0.5221, "grid_id": "G-0277"}}, {"type": "Feature", "geometry": {"type": "Polygon", "coordinates": [[[78.32, 30.74], [78.34, 30.74], [78.34, 30.76], [78.32, 30.76], [78.32, 30.74]]]}, "properties": {"zone": "green", "hazard_probability": 0.437, "grid_id": "G-0278"}}, {"type": "Feature", "geometry": {"type": "Polygon", "coordinates": [[[78.33999999999999, 30.74], [78.36, 30.74], [78.36, 30.76], [78.33999999999999, 30.76], [78.33999999999999, 30.74]]]}, "properties": {"zone": "red", "hazard_probability": 0.7444, "grid_id": "G-0279"}}, {"type": "Feature", "geometry": {"type": "Polygon", "coordinates": [[[78.36, 30.74], [78.38000000000001, 30.74], [78.38000000000001, 30.76], [78.36, 30.76], [78.36, 30.74]]]}, "properties": {"zone": "yellow", "hazard_probability": 0.5654, "grid_id": "G-0280"}}, {"type": "Feature", "geometry": {"type": "Polygon", "coordinates": [[[78.38, 30.74], [78.4, 30.74], [78.4, 30.76], [78.38, 30.76], [78.38, 30.74]]]}, "properties": {"zone": "yellow", "hazard_probability": 0.4897, "grid_id": "G-0281"}}, {"type": "Feature", "geometry": {"type": "Polygon", "coordinates": [[[78.39999999999999, 30.74], [78.42, 30.74], [78.42, 30.76], [78.39999999999999, 30.76], [78.39999999999999, 30.74]]]}, "properties": {"zone": "yellow", "hazard_probability": 0.4826, "grid_id": "G-0282"}}, {"type": "Feature", "geometry": {"type": "Polygon", "coordinates": [[[78.42, 30.74], [78.44000000000001, 30.74], [78.44000000000001, 30.76], [78.42, 30.76], [78.42, 30.74]]]}, "properties": {"zone": "yellow", "hazard_probability": 0.5649, "grid_id": "G-0283"}}, {"type": "Feature", "geometry": {"type": "Polygon", "coordinates": [[[78.44, 30.74], [78.46000000000001, 30.74], [78.46000000000001, 30.76], [78.44, 30.76], [78.44, 30.74]]]}, "properties": {"zone": "green", "hazard_probability": 0.4606, "grid_id": "G-0284"}}, {"type": "Feature", "geometry": {"type": "Polygon", "coordinates": [[[78.46, 30.74], [78.48, 30.74], [78.48, 30.76], [78.46, 30.76], [78.46, 30.74]]]}, "properties": {"zone": "red", "hazard_probability": 0.7505, "grid_id": "G-0285"}}, {"type": "Feature", "geometry": {"type": "Polygon", "coordinates": [[[78.47999999999999, 30.74], [78.5, 30.74], [78.5, 30.76], [78.47999999999999, 30.76], [78.47999999999999, 30.74]]]}, "properties": {"zone": "red", "hazard_probability": 0.7483, "grid_id": "G-0286"}}, {"type": "Feature", "geometry": {"type": "Polygon", "coordinates": [[[78.5, 30.74], [78.52000000000001, 30.74], [78.52000000000001, 30.76], [78.5, 30.76], [78.5, 30.74]]]}, "properties": {"zone": "yellow", "hazard_probability": 0.562, "grid_id": "G-0287"}}, {"type": "Feature", "geometry": {"type": "Polygon", "coordinates": [[[78.52, 30.74], [78.54, 30.74], [78.54, 30.76], [78.52, 30.76], [78.52, 30.74]]]}, "properties": {"zone": "yellow", "hazard_probability": 0.5395, "grid_id": "G-0288"}}, {"type": "Feature", "geometry": {"type": "Polygon", "coordinates": [[[78.53999999999999, 30.74], [78.56, 30.74], [78.56, 30.76], [78.53999999999999, 30.76], [78.53999999999999, 30.74]]]}, "properties": {"zone": "green", "hazard_probability": 0.4596, "grid_id": "G-0289"}}, {"type": "Feature", "geometry": {"type": "Polygon", "coordinates": [[[78.55999999999999, 30.74], [78.58, 30.74], [78.58, 30.76], [78.55999999999999, 30.76], [78.55999999999999, 30.74]]]}, "properties": {"zone": "green", "hazard_probability": 0.4541, "grid_id": "G-0290"}}, {"type": "Feature", "geometry": {"type": "Polygon", "coordinates": [[[78.58, 30.74], [78.60000000000001, 30.74], [78.60000000000001, 30.76], [78.58, 30.76], [78.58, 30.74]]]}, "properties": {"zone": "orange", "hazard_probability": 0.5823, "grid_id": "G-0291"}}, {"type": "Feature", "geometry": {"type": "Polygon", "coordinates": [[[78.6, 30.74], [78.62, 30.74], [78.62, 30.76], [78.6, 30.76], [78.6, 30.74]]]}, "properties": {"zone": "orange", "hazard_probability": 0.6045, "grid_id": "G-0292"}}, {"type": "Feature", "geometry": {"type": "Polygon", "coordinates": [[[78.61999999999999, 30.74], [78.64, 30.74], [78.64, 30.76], [78.61999999999999, 30.76], [78.61999999999999, 30.74]]]}, "properties": {"zone": "yellow", "hazard_probability": 0.5627, "grid_id": "G-0293"}}, {"type": "Feature", "geometry": {"type": "Polygon", "coordinates": [[[78.64, 30.74], [78.66000000000001, 30.74], [78.66000000000001, 30.76], [78.64, 30.76], [78.64, 30.74]]]}, "properties": {"zone": "green", "hazard_probability": 0.4628, "grid_id": "G-0294"}}, {"type": "Feature", "geometry": {"type": "Polygon", "coordinates": [[[78.66, 30.74], [78.68, 30.74], [78.68, 30.76], [78.66, 30.76], [78.66, 30.74]]]}, "properties": {"zone": "yellow", "hazard_probability": 0.5142, "grid_id": "G-0295"}}, {"type": "Feature", "geometry": {"type": "Polygon", "coordinates": [[[78.67999999999999, 30.74], [78.7, 30.74], [78.7, 30.76], [78.67999999999999, 30.76], [78.67999999999999, 30.74]]]}, "properties": {"zone": "orange", "hazard_probability": 0.6285, "grid_id": "G-0296"}}, {"type": "Feature", "geometry": {"type": "Polygon", "coordinates": [[[78.69999999999999, 30.74], [78.72, 30.74], [78.72, 30.76], [78.69999999999999, 30.76], [78.69999999999999, 30.74]]]}, "properties": {"zone": "red", "hazard_probability": 0.6541, "grid_id": "G-0297"}}, {"type": "Feature", "geometry": {"type": "Polygon", "coordinates": [[[78.72, 30.74], [78.74000000000001, 30.74], [78.74000000000001, 30.76], [78.72, 30.76], [78.72, 30.74]]]}, "properties": {"zone": "yellow", "hazard_probability": 0.517, "grid_id": "G-0298"}}, {"type": "Feature", "geometry": {"type": "Polygon", "coordinates": [[[78.74, 30.74], [78.76, 30.74], [78.76, 30.76], [78.74, 30.76], [78.74, 30.74]]]}, "properties": {"zone": "green", "hazard_probability": 0.445, "grid_id": "G-0299"}}, {"type": "Feature", "geometry": {"type": "Polygon", "coordinates": [[[78.75999999999999, 30.74], [78.78, 30.74], [78.78, 30.76], [78.75999999999999, 30.76], [78.75999999999999, 30.74]]]}, "properties": {"zone": "green", "hazard_probability": 0.3468, "grid_id": "G-0300"}}, {"type": "Feature", "geometry": {"type": "Polygon", "coordinates": [[[78.78, 30.74], [78.80000000000001, 30.74], [78.80000000000001, 30.76], [78.78, 30.76], [78.78, 30.74]]]}, "properties": {"zone": "green", "hazard_probability": 0.3483, "grid_id": "G-0301"}}, {"type": "Feature", "geometry": {"type": "Polygon", "coordinates": [[[78.8, 30.74], [78.82000000000001, 30.74], [78.82000000000001, 30.76], [78.8, 30.76], [78.8, 30.74]]]}, "properties": {"zone": "orange", "hazard_probability": 0.5827, "grid_id": "G-0302"}}, {"type": "Feature", "geometry": {"type": "Polygon", "coordinates": [[[78.82, 30.74], [78.84, 30.74], [78.84, 30.76], [78.82, 30.76], [78.82, 30.74]]]}, "properties": {"zone": "green", "hazard_probability": 0.368, "grid_id": "G-0303"}}, {"type": "Feature", "geometry": {"type": "Polygon", "coordinates": [[[78.03999999999999, 30.759999999999998], [78.06, 30.759999999999998], [78.06, 30.78], [78.03999999999999, 30.78], [78.03999999999999, 30.759999999999998]]]}, "properties": {"zone": "yellow", "hazard_probability": 0.563, "grid_id": "G-0304"}}, {"type": "Feature", "geometry": {"type": "Polygon", "coordinates": [[[78.05999999999999, 30.759999999999998], [78.08, 30.759999999999998], [78.08, 30.78], [78.05999999999999, 30.78], [78.05999999999999, 30.759999999999998]]]}, "properties": {"zone": "orange", "hazard_probability": 0.6014, "grid_id": "G-0305"}}, {"type": "Feature", "geometry": {"type": "Polygon", "coordinates": [[[78.08, 30.759999999999998], [78.10000000000001, 30.759999999999998], [78.10000000000001, 30.78], [78.08, 30.78], [78.08, 30.759999999999998]]]}, "properties": {"zone": "yellow", "hazard_probability": 0.5654, "grid_id": "G-0306"}}, {"type": "Feature", "geometry": {"type": "Polygon", "coordinates": [[[78.1, 30.759999999999998], [78.12, 30.759999999999998], [78.12, 30.78], [78.1, 30.78], [78.1, 30.759999999999998]]]}, "properties": {"zone": "green", "hazard_probability": 0.4384, "grid_id": "G-0307"}}, {"type": "Feature", "geometry": {"type": "Polygon", "coordinates": [[[78.11999999999999, 30.759999999999998], [78.14, 30.759999999999998], [78.14, 30.78], [78.11999999999999, 30.78], [78.11999999999999, 30.759999999999998]]]}, "properties": {"zone": "green", "hazard_probability": 0.4083, "grid_id": "G-0308"}}, {"type": "Feature", "geometry": {"type": "Polygon", "coordinates": [[[78.14, 30.759999999999998], [78.16000000000001, 30.759999999999998], [78.16000000000001, 30.78], [78.14, 30.78], [78.14, 30.759999999999998]]]}, "properties": {"zone": "yellow", "hazard_probability": 0.4779, "grid_id": "G-0309"}}, {"type": "Feature", "geometry": {"type": "Polygon", "coordinates": [[[78.16, 30.759999999999998], [78.18, 30.759999999999998], [78.18, 30.78], [78.16, 30.78], [78.16, 30.759999999999998]]]}, "properties": {"zone": "yellow", "hazard_probability": 0.482, "grid_id": "G-0310"}}, {"type": "Feature", "geometry": {"type": "Polygon", "coordinates": [[[78.17999999999999, 30.759999999999998], [78.2, 30.759999999999998], [78.2, 30.78], [78.17999999999999, 30.78], [78.17999999999999, 30.759999999999998]]]}, "properties": {"zone": "orange", "hazard_probability": 0.5798, "grid_id": "G-0311"}}, {"type": "Feature", "geometry": {"type": "Polygon", "coordinates": [[[78.19999999999999, 30.759999999999998], [78.22, 30.759999999999998], [78.22, 30.78], [78.19999999999999, 30.78], [78.19999999999999, 30.759999999999998]]]}, "properties": {"zone": "green", "hazard_probability": 0.4382, "grid_id": "G-0312"}}, {"type": "Feature", "geometry": {"type": "Polygon", "coordinates": [[[78.22, 30.759999999999998], [78.24000000000001, 30.759999999999998], [78.24000000000001, 30.78], [78.22, 30.78], [78.22, 30.759999999999998]]]}, "properties": {"zone": "yellow", "hazard_probability": 0.5455, "grid_id": "G-0313"}}, {"type": "Feature", "geometry": {"type": "Polygon", "coordinates": [[[78.24, 30.759999999999998], [78.26, 30.759999999999998], [78.26, 30.78], [78.24, 30.78], [78.24, 30.759999999999998]]]}, "properties": {"zone": "yellow", "hazard_probability": 0.5404, "grid_id": "G-0314"}}, {"type": "Feature", "geometry": {"type": "Polygon", "coordinates": [[[78.25999999999999, 30.759999999999998], [78.28, 30.759999999999998], [78.28, 30.78], [78.25999999999999, 30.78], [78.25999999999999, 30.759999999999998]]]}, "properties": {"zone": "orange", "hazard_probability": 0.5798, "grid_id": "G-0315"}}, {"type": "Feature", "geometry": {"type": "Polygon", "coordinates": [[[78.28, 30.759999999999998], [78.30000000000001, 30.759999999999998], [78.30000000000001, 30.78], [78.28, 30.78], [78.28, 30.759999999999998]]]}, "properties": {"zone": "orange", "hazard_probability": 0.5973, "grid_id": "G-0316"}}, {"type": "Feature", "geometry": {"type": "Polygon", "coordinates": [[[78.3, 30.759999999999998], [78.32000000000001, 30.759999999999998], [78.32000000000001, 30.78], [78.3, 30.78], [78.3, 30.759999999999998]]]}, "properties": {"zone": "yellow", "hazard_probability": 0.5058, "grid_id": "G-0317"}}, {"type": "Feature", "geometry": {"type": "Polygon", "coordinates": [[[78.32, 30.759999999999998], [78.34, 30.759999999999998], [78.34, 30.78], [78.32, 30.78], [78.32, 30.759999999999998]]]}, "properties": {"zone": "green", "hazard_probability": 0.4598, "grid_id": "G-0318"}}, {"type": "Feature", "geometry": {"type": "Polygon", "coordinates": [[[78.33999999999999, 30.759999999999998], [78.36, 30.759999999999998], [78.36, 30.78], [78.33999999999999, 30.78], [78.33999999999999, 30.759999999999998]]]}, "properties": {"zone": "yellow", "hazard_probability": 0.5654, "grid_id": "G-0319"}}, {"type": "Feature", "geometry": {"type": "Polygon", "coordinates": [[[78.36, 30.759999999999998], [78.38000000000001, 30.759999999999998], [78.38000000000001, 30.78], [78.36, 30.78], [78.36, 30.759999999999998]]]}, "properties": {"zone": "green", "hazard_probability": 0.4083, "grid_id": "G-0320"}}, {"type": "Feature", "geometry": {"type": "Polygon", "coordinates": [[[78.38, 30.759999999999998], [78.4, 30.759999999999998], [78.4, 30.78], [78.38, 30.78], [78.38, 30.759999999999998]]]}, "properties": {"zone": "orange", "hazard_probability": 0.6251, "grid_id": "G-0321"}}, {"type": "Feature", "geometry": {"type": "Polygon", "coordinates": [[[78.39999999999999, 30.759999999999998], [78.42, 30.759999999999998], [78.42, 30.78], [78.39999999999999, 30.78], [78.39999999999999, 30.759999999999998]]]}, "properties": {"zone": "green", "hazard_probability": 0.4481, "grid_id": "G-0322"}}, {"type": "Feature", "geometry": {"type": "Polygon", "coordinates": [[[78.42, 30.759999999999998], [78.44000000000001, 30.759999999999998], [78.44000000000001, 30.78], [78.42, 30.78], [78.42, 30.759999999999998]]]}, "properties": {"zone": "orange", "hazard_probability": 0.6076, "grid_id": "G-0323"}}, {"type": "Feature", "geometry": {"type": "Polygon", "coordinates": [[[78.44, 30.759999999999998], [78.46000000000001, 30.759999999999998], [78.46000000000001, 30.78], [78.44, 30.78], [78.44, 30.759999999999998]]]}, "properties": {"zone": "yellow", "hazard_probability": 0.4826, "grid_id": "G-0324"}}, {"type": "Feature", "geometry": {"type": "Polygon", "coordinates": [[[78.46, 30.759999999999998], [78.48, 30.759999999999998], [78.48, 30.78], [78.46, 30.78], [78.46, 30.759999999999998]]]}, "properties": {"zone": "yellow", "hazard_probability": 0.4948, "grid_id": "G-0325"}}, {"type": "Feature", "geometry": {"type": "Polygon", "coordinates": [[[78.47999999999999, 30.759999999999998], [78.5, 30.759999999999998], [78.5, 30.78], [78.47999999999999, 30.78], [78.47999999999999, 30.759999999999998]]]}, "properties": {"zone": "green", "hazard_probability": 0.4456, "grid_id": "G-0326"}}, {"type": "Feature", "geometry": {"type": "Polygon", "coordinates": [[[78.5, 30.759999999999998], [78.52000000000001, 30.759999999999998], [78.52000000000001, 30.78], [78.5, 30.78], [78.5, 30.759999999999998]]]}, "properties": {"zone": "red", "hazard_probability": 0.684, "grid_id": "G-0327"}}, {"type": "Feature", "geometry": {"type": "Polygon", "coordinates": [[[78.52, 30.759999999999998], [78.54, 30.759999999999998], [78.54, 30.78], [78.52, 30.78], [78.52, 30.759999999999998]]]}, "properties": {"zone": "red", "hazard_probability": 0.7353, "grid_id": "G-0328"}}, {"type": "Feature", "geometry": {"type": "Polygon", "coordinates": [[[78.53999999999999, 30.759999999999998], [78.56, 30.759999999999998], [78.56, 30.78], [78.53999999999999, 30.78], [78.53999999999999, 30.759999999999998]]]}, "properties": {"zone": "red", "hazard_probability": 0.708, "grid_id": "G-0329"}}, {"type": "Feature", "geometry": {"type": "Polygon", "coordinates": [[[78.55999999999999, 30.759999999999998], [78.58, 30.759999999999998], [78.58, 30.78], [78.55999999999999, 30.78], [78.55999999999999, 30.759999999999998]]]}, "properties": {"zone": "red", "hazard_probability": 0.6954, "grid_id": "G-0330"}}, {"type": "Feature", "geometry": {"type": "Polygon", "coordinates": [[[78.58, 30.759999999999998], [78.60000000000001, 30.759999999999998], [78.60000000000001, 30.78], [78.58, 30.78], [78.58, 30.759999999999998]]]}, "properties": {"zone": "yellow", "hazard_probability": 0.5721, "grid_id": "G-0331"}}, {"type": "Feature", "geometry": {"type": "Polygon", "coordinates": [[[78.6, 30.759999999999998], [78.62, 30.759999999999998], [78.62, 30.78], [78.6, 30.78], [78.6, 30.759999999999998]]]}, "properties": {"zone": "yellow", "hazard_probability": 0.5468, "grid_id": "G-0332"}}, {"type": "Feature", "geometry": {"type": "Polygon", "coordinates": [[[78.61999999999999, 30.759999999999998], [78.64, 30.759999999999998], [78.64, 30.78], [78.61999999999999, 30.78], [78.61999999999999, 30.759999999999998]]]}, "properties": {"zone": "yellow", "hazard_probability": 0.5561, "grid_id": "G-0333"}}, {"type": "Feature", "geometry": {"type": "Polygon", "coordinates": [[[78.64, 30.759999999999998], [78.66000000000001, 30.759999999999998], [78.66000000000001, 30.78], [78.64, 30.78], [78.64, 30.759999999999998]]]}, "properties": {"zone": "red", "hazard_probability": 0.6507, "grid_id": "G-0334"}}, {"type": "Feature", "geometry": {"type": "Polygon", "coordinates": [[[78.66, 30.759999999999998], [78.68, 30.759999999999998], [78.68, 30.78], [78.66, 30.78], [78.66, 30.759999999999998]]]}, "properties": {"zone": "green", "hazard_probability": 0.4628, "grid_id": "G-0335"}}, {"type": "Feature", "geometry": {"type": "Polygon", "coordinates": [[[78.67999999999999, 30.759999999999998], [78.7, 30.759999999999998], [78.7, 30.78], [78.67999999999999, 30.78], [78.67999999999999, 30.759999999999998]]]}, "properties": {"zone": "yellow", "hazard_probability": 0.5627, "grid_id": "G-0336"}}, {"type": "Feature", "geometry": {"type": "Polygon", "coordinates": [[[78.69999999999999, 30.759999999999998], [78.72, 30.759999999999998], [78.72, 30.78], [78.69999999999999, 30.78], [78.69999999999999, 30.759999999999998]]]}, "properties": {"zone": "orange", "hazard_probability": 0.6138, "grid_id": "G-0337"}}, {"type": "Feature", "geometry": {"type": "Polygon", "coordinates": [[[78.72, 30.759999999999998], [78.74000000000001, 30.759999999999998], [78.74000000000001, 30.78], [78.72, 30.78], [78.72, 30.759999999999998]]]}, "properties": {"zone": "orange", "hazard_probability": 0.6279, "grid_id": "G-0338"}}, {"type": "Feature", "geometry": {"type": "Polygon", "coordinates": [[[78.74, 30.759999999999998], [78.76, 30.759999999999998], [78.76, 30.78], [78.74, 30.78], [78.74, 30.759999999999998]]]}, "properties": {"zone": "yellow", "hazard_probability": 0.5732, "grid_id": "G-0339"}}, {"type": "Feature", "geometry": {"type": "Polygon", "coordinates": [[[78.75999999999999, 30.759999999999998], [78.78, 30.759999999999998], [78.78, 30.78], [78.75999999999999, 30.78], [78.75999999999999, 30.759999999999998]]]}, "properties": {"zone": "orange", "hazard_probability": 0.5803, "grid_id": "G-0340"}}, {"type": "Feature", "geometry": {"type": "Polygon", "coordinates": [[[78.78, 30.759999999999998], [78.80000000000001, 30.759999999999998], [78.80000000000001, 30.78], [78.78, 30.78], [78.78, 30.759999999999998]]]}, "properties": {"zone": "yellow", "hazard_probability": 0.517, "grid_id": "G-0341"}}, {"type": "Feature", "geometry": {"type": "Polygon", "coordinates": [[[78.8, 30.759999999999998], [78.82000000000001, 30.759999999999998], [78.82000000000001, 30.78], [78.8, 30.78], [78.8, 30.759999999999998]]]}, "properties": {"zone": "yellow", "hazard_probability": 0.502, "grid_id": "G-0342"}}, {"type": "Feature", "geometry": {"type": "Polygon", "coordinates": [[[78.82, 30.759999999999998], [78.84, 30.759999999999998], [78.84, 30.78], [78.82, 30.78], [78.82, 30.759999999999998]]]}, "properties": {"zone": "red", "hazard_probability": 0.7392, "grid_id": "G-0343"}}, {"type": "Feature", "geometry": {"type": "Polygon", "coordinates": [[[78.02, 30.779999999999998], [78.04, 30.779999999999998], [78.04, 30.8], [78.02, 30.8], [78.02, 30.779999999999998]]]}, "properties": {"zone": "orange", "hazard_probability": 0.6251, "grid_id": "G-0344"}}, {"type": "Feature", "geometry": {"type": "Polygon", "coordinates": [[[78.03999999999999, 30.779999999999998], [78.06, 30.779999999999998], [78.06, 30.8], [78.03999999999999, 30.8], [78.03999999999999, 30.779999999999998]]]}, "properties": {"zone": "green", "hazard_probability": 0.4083, "grid_id": "G-0345"}}, {"type": "Feature", "geometry": {"type": "Polygon", "coordinates": [[[78.05999999999999, 30.779999999999998], [78.08, 30.779999999999998], [78.08, 30.8], [78.05999999999999, 30.8], [78.05999999999999, 30.779999999999998]]]}, "properties": {"zone": "yellow", "hazard_probability": 0.5148, "grid_id": "G-0346"}}, {"type": "Feature", "geometry": {"type": "Polygon", "coordinates": [[[78.08, 30.779999999999998], [78.10000000000001, 30.779999999999998], [78.10000000000001, 30.8], [78.08, 30.8], [78.08, 30.779999999999998]]]}, "properties": {"zone": "yellow", "hazard_probability": 0.5534, "grid_id": "G-0347"}}, {"type": "Feature", "geometry": {"type": "Polygon", "coordinates": [[[78.1, 30.779999999999998], [78.12, 30.779999999999998], [78.12, 30.8], [78.1, 30.8], [78.1, 30.779999999999998]]]}, "properties": {"zone": "yellow", "hazard_probability": 0.4802, "grid_id": "G-0348"}}, {"type": "Feature", "geometry": {"type": "Polygon", "coordinates": [[[78.11999999999999, 30.779999999999998], [78.14, 30.779999999999998], [78.14, 30.8], [78.11999999999999, 30.8], [78.11999999999999, 30.779999999999998]]]}, "properties": {"zone": "green", "hazard_probability": 0.4263, "grid_id": "G-0349"}}, {"type": "Feature", "geometry": {"type": "Polygon", "coordinates": [[[78.14, 30.779999999999998], [78.16000000000001, 30.779999999999998], [78.16000000000001, 30.8], [78.14, 30.8], [78.14, 30.779999999999998]]]}, "properties": {"zone": "green", "hazard_probability": 0.4083, "grid_id": "G-0350"}}, {"type": "Feature", "geometry": {"type": "Polygon", "coordinates": [[[78.16, 30.779999999999998], [78.18, 30.779999999999998], [78.18, 30.8], [78.16, 30.8], [78.16, 30.779999999999998]]]}, "properties": {"zone": "green", "hazard_probability": 0.4461, "grid_id": "G-0351"}}, {"type": "Feature", "geometry": {"type": "Polygon", "coordinates": [[[78.17999999999999, 30.779999999999998], [78.2, 30.779999999999998], [78.2, 30.8], [78.17999999999999, 30.8], [78.17999999999999, 30.779999999999998]]]}, "properties": {"zone": "green", "hazard_probability": 0.4431, "grid_id": "G-0352"}}, {"type": "Feature", "geometry": {"type": "Polygon", "coordinates": [[[78.19999999999999, 30.779999999999998], [78.22, 30.779999999999998], [78.22, 30.8], [78.19999999999999, 30.8], [78.19999999999999, 30.779999999999998]]]}, "properties": {"zone": "green", "hazard_probability": 0.4541, "grid_id": "G-0353"}}, {"type": "Feature", "geometry": {"type": "Polygon", "coordinates": [[[78.22, 30.779999999999998], [78.24000000000001, 30.779999999999998], [78.24000000000001, 30.8], [78.22, 30.8], [78.22, 30.779999999999998]]]}, "properties": {"zone": "yellow", "hazard_probability": 0.5288, "grid_id": "G-0354"}}, {"type": "Feature", "geometry": {"type": "Polygon", "coordinates": [[[78.24, 30.779999999999998], [78.26, 30.779999999999998], [78.26, 30.8], [78.24, 30.8], [78.24, 30.779999999999998]]]}, "properties": {"zone": "yellow", "hazard_probability": 0.4774, "grid_id": "G-0355"}}, {"type": "Feature", "geometry": {"type": "Polygon", "coordinates": [[[78.25999999999999, 30.779999999999998], [78.28, 30.779999999999998], [78.28, 30.8], [78.25999999999999, 30.8], [78.25999999999999, 30.779999999999998]]]}, "properties": {"zone": "yellow", "hazard_probability": 0.5116, "grid_id": "G-0356"}}, {"type": "Feature", "geometry": {"type": "Polygon", "coordinates": [[[78.28, 30.779999999999998], [78.30000000000001, 30.779999999999998], [78.30000000000001, 30.8], [78.28, 30.8], [78.28, 30.779999999999998]]]}, "properties": {"zone": "yellow", "hazard_probability": 0.5404, "grid_id": "G-0357"}}, {"type": "Feature", "geometry": {"type": "Polygon", "coordinates": [[[78.3, 30.779999999999998], [78.32000000000001, 30.779999999999998], [78.32000000000001, 30.8], [78.3, 30.8], [78.3, 30.779999999999998]]]}, "properties": {"zone": "orange", "hazard_probability": 0.6239, "grid_id": "G-0358"}}, {"type": "Feature", "geometry": {"type": "Polygon", "coordinates": [[[78.32, 30.779999999999998], [78.34, 30.779999999999998], [78.34, 30.8], [78.32, 30.8], [78.32, 30.779999999999998]]]}, "properties": {"zone": "yellow", "hazard_probability": 0.5365, "grid_id": "G-0359"}}, {"type": "Feature", "geometry": {"type": "Polygon", "coordinates": [[[78.33999999999999, 30.779999999999998], [78.36, 30.779999999999998], [78.36, 30.8], [78.33999999999999, 30.8], [78.33999999999999, 30.779999999999998]]]}, "properties": {"zone": "orange", "hazard_probability": 0.6239, "grid_id": "G-0360"}}, {"type": "Feature", "geometry": {"type": "Polygon", "coordinates": [[[78.36, 30.779999999999998], [78.38000000000001, 30.779999999999998], [78.38000000000001, 30.8], [78.36, 30.8], [78.36, 30.779999999999998]]]}, "properties": {"zone": "orange", "hazard_probability": 0.6014, "grid_id": "G-0361"}}, {"type": "Feature", "geometry": {"type": "Polygon", "coordinates": [[[78.38, 30.779999999999998], [78.4, 30.779999999999998], [78.4, 30.8], [78.38, 30.8], [78.38, 30.779999999999998]]]}, "properties": {"zone": "green", "hazard_probability": 0.4083, "grid_id": "G-0362"}}, {"type": "Feature", "geometry": {"type": "Polygon", "coordinates": [[[78.39999999999999, 30.779999999999998], [78.42, 30.779999999999998], [78.42, 30.8], [78.39999999999999, 30.8], [78.39999999999999, 30.779999999999998]]]}, "properties": {"zone": "green", "hazard_probability": 0.4769, "grid_id": "G-0363"}}, {"type": "Feature", "geometry": {"type": "Polygon", "coordinates": [[[78.42, 30.779999999999998], [78.44000000000001, 30.779999999999998], [78.44000000000001, 30.8], [78.42, 30.8], [78.42, 30.779999999999998]]]}, "properties": {"zone": "orange", "hazard_probability": 0.5955, "grid_id": "G-0364"}}, {"type": "Feature", "geometry": {"type": "Polygon", "coordinates": [[[78.44, 30.779999999999998], [78.46000000000001, 30.779999999999998], [78.46000000000001, 30.8], [78.44, 30.8], [78.44, 30.779999999999998]]]}, "properties": {"zone": "green", "hazard_probability": 0.4083, "grid_id": "G-0365"}}, {"type": "Feature", "geometry": {"type": "Polygon", "coordinates": [[[78.46, 30.779999999999998], [78.48, 30.779999999999998], [78.48, 30.8], [78.46, 30.8], [78.46, 30.779999999999998]]]}, "properties": {"zone": "orange", "hazard_probability": 0.597, "grid_id": "G-0366"}}, {"type": "Feature", "geometry": {"type": "Polygon", "coordinates": [[[78.47999999999999, 30.779999999999998], [78.5, 30.779999999999998], [78.5, 30.8], [78.47999999999999, 30.8], [78.47999999999999, 30.779999999999998]]]}, "properties": {"zone": "orange", "hazard_probability": 0.643, "grid_id": "G-0367"}}, {"type": "Feature", "geometry": {"type": "Polygon", "coordinates": [[[78.5, 30.779999999999998], [78.52000000000001, 30.779999999999998], [78.52000000000001, 30.8], [78.5, 30.8], [78.5, 30.779999999999998]]]}, "properties": {"zone": "yellow", "hazard_probability": 0.5466, "grid_id": "G-0368"}}, {"type": "Feature", "geometry": {"type": "Polygon", "coordinates": [[[78.52, 30.779999999999998], [78.54, 30.779999999999998], [78.54, 30.8], [78.52, 30.8], [78.52, 30.779999999999998]]]}, "properties": {"zone": "red", "hazard_probability": 0.7326, "grid_id": "G-0369"}}, {"type": "Feature", "geometry": {"type": "Polygon", "coordinates": [[[78.53999999999999, 30.779999999999998], [78.56, 30.779999999999998], [78.56, 30.8], [78.53999999999999, 30.8], [78.53999999999999, 30.779999999999998]]]}, "properties": {"zone": "red", "hazard_probability": 0.6906, "grid_id": "G-0370"}}, {"type": "Feature", "geometry": {"type": "Polygon", "coordinates": [[[78.55999999999999, 30.779999999999998], [78.58, 30.779999999999998], [78.58, 30.8], [78.55999999999999, 30.8], [78.55999999999999, 30.779999999999998]]]}, "properties": {"zone": "red", "hazard_probability": 0.7056, "grid_id": "G-0371"}}, {"type": "Feature", "geometry": {"type": "Polygon", "coordinates": [[[78.58, 30.779999999999998], [78.60000000000001, 30.779999999999998], [78.60000000000001, 30.8], [78.58, 30.8], [78.58, 30.779999999999998]]]}, "properties": {"zone": "red", "hazard_probability": 0.6952, "grid_id": "G-0372"}}, {"type": "Feature", "geometry": {"type": "Polygon", "coordinates": [[[78.6, 30.779999999999998], [78.62, 30.779999999999998], [78.62, 30.8], [78.6, 30.8], [78.6, 30.779999999999998]]]}, "properties": {"zone": "green", "hazard_probability": 0.4626, "grid_id": "G-0373"}}, {"type": "Feature", "geometry": {"type": "Polygon", "coordinates": [[[78.61999999999999, 30.779999999999998], [78.64, 30.779999999999998], [78.64, 30.8], [78.61999999999999, 30.8], [78.61999999999999, 30.779999999999998]]]}, "properties": {"zone": "red", "hazard_probability": 0.6843, "grid_id": "G-0374"}}, {"type": "Feature", "geometry": {"type": "Polygon", "coordinates": [[[78.64, 30.779999999999998], [78.66000000000001, 30.779999999999998], [78.66000000000001, 30.8], [78.64, 30.8], [78.64, 30.779999999999998]]]}, "properties": {"zone": "yellow", "hazard_probability": 0.5048, "grid_id": "G-0375"}}, {"type": "Feature", "geometry": {"type": "Polygon", "coordinates": [[[78.66, 30.779999999999998], [78.68, 30.779999999999998], [78.68, 30.8], [78.66, 30.8], [78.66, 30.779999999999998]]]}, "properties": {"zone": "orange", "hazard_probability": 0.6444, "grid_id": "G-0376"}}, {"type": "Feature", "geometry": {"type": "Polygon", "coordinates": [[[78.67999999999999, 30.779999999999998], [78.7, 30.779999999999998], [78.7, 30.8], [78.67999999999999, 30.8], [78.67999999999999, 30.779999999999998]]]}, "properties": {"zone": "yellow", "hazard_probability": 0.5627, "grid_id": "G-0377"}}, {"type": "Feature", "geometry": {"type": "Polygon", "coordinates": [[[78.69999999999999, 30.779999999999998], [78.72, 30.779999999999998], [78.72, 30.8], [78.69999999999999, 30.8], [78.69999999999999, 30.779999999999998]]]}, "properties": {"zone": "red", "hazard_probability": 0.6507, "grid_id": "G-0378"}}, {"type": "Feature", "geometry": {"type": "Polygon", "coordinates": [[[78.72, 30.779999999999998], [78.74000000000001, 30.779999999999998], [78.74000000000001, 30.8], [78.72, 30.8], [78.72, 30.779999999999998]]]}, "properties": {"zone": "green", "hazard_probability": 0.4544, "grid_id": "G-0379"}}, {"type": "Feature", "geometry": {"type": "Polygon", "coordinates": [[[78.74, 30.779999999999998], [78.76, 30.779999999999998], [78.76, 30.8], [78.74, 30.8], [78.74, 30.779999999999998]]]}, "properties": {"zone": "orange", "hazard_probability": 0.5757, "grid_id": "G-0380"}}, {"type": "Feature", "geometry": {"type": "Polygon", "coordinates": [[[78.75999999999999, 30.779999999999998], [78.78, 30.779999999999998], [78.78, 30.8], [78.75999999999999, 30.8], [78.75999999999999, 30.779999999999998]]]}, "properties": {"zone": "yellow", "hazard_probability": 0.5732, "grid_id": "G-0381"}}, {"type": "Feature", "geometry": {"type": "Polygon", "coordinates": [[[78.78, 30.779999999999998], [78.80000000000001, 30.779999999999998], [78.80000000000001, 30.8], [78.78, 30.8], [78.78, 30.779999999999998]]]}, "properties": {"zone": "yellow", "hazard_probability": 0.5129, "grid_id": "G-0382"}}, {"type": "Feature", "geometry": {"type": "Polygon", "coordinates": [[[78.8, 30.779999999999998], [78.82000000000001, 30.779999999999998], [78.82000000000001, 30.8], [78.8, 30.8], [78.8, 30.779999999999998]]]}, "properties": {"zone": "green", "hazard_probability": 0.312, "grid_id": "G-0383"}}, {"type": "Feature", "geometry": {"type": "Polygon", "coordinates": [[[78.82, 30.779999999999998], [78.84, 30.779999999999998], [78.84, 30.8], [78.82, 30.8], [78.82, 30.779999999999998]]]}, "properties": {"zone": "orange", "hazard_probability": 0.6139, "grid_id": "G-0384"}}, {"type": "Feature", "geometry": {"type": "Polygon", "coordinates": [[[78.02, 30.799999999999997], [78.04, 30.799999999999997], [78.04, 30.82], [78.02, 30.82], [78.02, 30.799999999999997]]]}, "properties": {"zone": "orange", "hazard_probability": 0.5955, "grid_id": "G-0385"}}, {"type": "Feature", "geometry": {"type": "Polygon", "coordinates": [[[78.03999999999999, 30.799999999999997], [78.06, 30.799999999999997], [78.06, 30.82], [78.03999999999999, 30.82], [78.03999999999999, 30.799999999999997]]]}, "properties": {"zone": "orange", "hazard_probability": 0.6039, "grid_id": "G-0386"}}, {"type": "Feature", "geometry": {"type": "Polygon", "coordinates": [[[78.05999999999999, 30.799999999999997], [78.08, 30.799999999999997], [78.08, 30.82], [78.05999999999999, 30.82], [78.05999999999999, 30.799999999999997]]]}, "properties": {"zone": "red", "hazard_probability": 0.6754, "grid_id": "G-0387"}}, {"type": "Feature", "geometry": {"type": "Polygon", "coordinates": [[[78.08, 30.799999999999997], [78.10000000000001, 30.799999999999997], [78.10000000000001, 30.82], [78.08, 30.82], [78.08, 30.799999999999997]]]}, "properties": {"zone": "red", "hazard_probability": 0.6599, "grid_id": "G-0388"}}, {"type": "Feature", "geometry": {"type": "Polygon", "coordinates": [[[78.1, 30.799999999999997], [78.12, 30.799999999999997], [78.12, 30.82], [78.1, 30.82], [78.1, 30.799999999999997]]]}, "properties": {"zone": "yellow", "hazard_probability": 0.5365, "grid_id": "G-0389"}}, {"type": "Feature", "geometry": {"type": "Polygon", "coordinates": [[[78.11999999999999, 30.799999999999997], [78.14, 30.799999999999997], [78.14, 30.82], [78.11999999999999, 30.82], [78.11999999999999, 30.799999999999997]]]}, "properties": {"zone": "orange", "hazard_probability": 0.6076, "grid_id": "G-0390"}}, {"type": "Feature", "geometry": {"type": "Polygon", "coordinates": [[[78.14, 30.799999999999997], [78.16000000000001, 30.799999999999997], [78.16000000000001, 30.82], [78.14, 30.82], [78.14, 30.799999999999997]]]}, "properties": {"zone": "green", "hazard_probability": 0.4487, "grid_id": "G-0391"}}, {"type": "Feature", "geometry": {"type": "Polygon", "coordinates": [[[78.16, 30.799999999999997], [78.18, 30.799999999999997], [78.18, 30.82], [78.16, 30.82], [78.16, 30.799999999999997]]]}, "properties": {"zone": "yellow", "hazard_probability": 0.4871, "grid_id": "G-0392"}}, {"type": "Feature", "geometry": {"type": "Polygon", "coordinates": [[[78.17999999999999, 30.799999999999997], [78.2, 30.799999999999997], [78.2, 30.82], [78.17999999999999, 30.82], [78.17999999999999, 30.799999999999997]]]}, "properties": {"zone": "green", "hazard_probability": 0.395, "grid_id": "G-0393"}}, {"type": "Feature", "geometry": {"type": "Polygon", "coordinates": [[[78.19999999999999, 30.799999999999997], [78.22, 30.799999999999997], [78.22, 30.82], [78.19999999999999, 30.82], [78.19999999999999, 30.799999999999997]]]}, "properties": {"zone": "yellow", "hazard_probability": 0.5036, "grid_id": "G-0394"}}, {"type": "Feature", "geometry": {"type": "Polygon", "coordinates": [[[78.22, 30.799999999999997], [78.24000000000001, 30.799999999999997], [78.24000000000001, 30.82], [78.22, 30.82], [78.22, 30.799999999999997]]]}, "properties": {"zone": "yellow", "hazard_probability": 0.4774, "grid_id": "G-0395"}}, {"type": "Feature", "geometry": {"type": "Polygon", "coordinates": [[[78.24, 30.799999999999997], [78.26, 30.799999999999997], [78.26, 30.82], [78.24, 30.82], [78.24, 30.799999999999997]]]}, "properties": {"zone": "green", "hazard_probability": 0.3919, "grid_id": "G-0396"}}, {"type": "Feature", "geometry": {"type": "Polygon", "coordinates": [[[78.25999999999999, 30.799999999999997], [78.28, 30.799999999999997], [78.28, 30.82], [78.25999999999999, 30.82], [78.25999999999999, 30.799999999999997]]]}, "properties": {"zone": "yellow", "hazard_probability": 0.5084, "grid_id": "G-0397"}}, {"type": "Feature", "geometry": {"type": "Polygon", "coordinates": [[[78.28, 30.799999999999997], [78.30000000000001, 30.799999999999997], [78.30000000000001, 30.82], [78.28, 30.82], [78.28, 30.799999999999997]]]}, "properties": {"zone": "orange", "hazard_probability": 0.6345, "grid_id": "G-0398"}}, {"type": "Feature", "geometry": {"type": "Polygon", "coordinates": [[[78.3, 30.799999999999997], [78.32000000000001, 30.799999999999997], [78.32000000000001, 30.82], [78.3, 30.82], [78.3, 30.799999999999997]]]}, "properties": {"zone": "orange", "hazard_probability": 0.5905, "grid_id": "G-0399"}}, {"type": "Feature", "geometry": {"type": "Polygon", "coordinates": [[[78.32, 30.799999999999997], [78.34, 30.799999999999997], [78.34, 30.82], [78.32, 30.82], [78.32, 30.799999999999997]]]}, "properties": {"zone": "orange", "hazard_probability": 0.587, "grid_id": "G-0400"}}, {"type": "Feature", "geometry": {"type": "Polygon", "coordinates": [[[78.33999999999999, 30.799999999999997], [78.36, 30.799999999999997], [78.36, 30.82], [78.33999999999999, 30.82], [78.33999999999999, 30.799999999999997]]]}, "properties": {"zone": "green", "hazard_probability": 0.4598, "grid_id": "G-0401"}}, {"type": "Feature", "geometry": {"type": "Polygon", "coordinates": [[[78.36, 30.799999999999997], [78.38000000000001, 30.799999999999997], [78.38000000000001, 30.82], [78.36, 30.82], [78.36, 30.799999999999997]]]}, "properties": {"zone": "green", "hazard_probability": 0.4598, "grid_id": "G-0402"}}, {"type": "Feature", "geometry": {"type": "Polygon", "coordinates": [[[78.38, 30.799999999999997], [78.4, 30.799999999999997], [78.4, 30.82], [78.38, 30.82], [78.38, 30.799999999999997]]]}, "properties": {"zone": "orange", "hazard_probability": 0.6239, "grid_id": "G-0403"}}, {"type": "Feature", "geometry": {"type": "Polygon", "coordinates": [[[78.39999999999999, 30.799999999999997], [78.42, 30.799999999999997], [78.42, 30.82], [78.39999999999999, 30.82], [78.39999999999999, 30.799999999999997]]]}, "properties": {"zone": "red", "hazard_probability": 0.6717, "grid_id": "G-0404"}}, {"type": "Feature", "geometry": {"type": "Polygon", "coordinates": [[[78.42, 30.799999999999997], [78.44000000000001, 30.799999999999997], [78.44000000000001, 30.82], [78.42, 30.82], [78.42, 30.799999999999997]]]}, "properties": {"zone": "orange", "hazard_probability": 0.6366, "grid_id": "G-0405"}}, {"type": "Feature", "geometry": {"type": "Polygon", "coordinates": [[[78.44, 30.799999999999997], [78.46000000000001, 30.799999999999997], [78.46000000000001, 30.82], [78.44, 30.82], [78.44, 30.799999999999997]]]}, "properties": {"zone": "green", "hazard_probability": 0.4461, "grid_id": "G-0406"}}, {"type": "Feature", "geometry": {"type": "Polygon", "coordinates": [[[78.46, 30.799999999999997], [78.48, 30.799999999999997], [78.48, 30.82], [78.46, 30.82], [78.46, 30.799999999999997]]]}, "properties": {"zone": "yellow", "hazard_probability": 0.5148, "grid_id": "G-0407"}}, {"type": "Feature", "geometry": {"type": "Polygon", "coordinates": [[[78.47999999999999, 30.799999999999997], [78.5, 30.799999999999997], [78.5, 30.82], [78.47999999999999, 30.82], [78.47999999999999, 30.799999999999997]]]}, "properties": {"zone": "red", "hazard_probability": 0.6507, "grid_id": "G-0408"}}, {"type": "Feature", "geometry": {"type": "Polygon", "coordinates": [[[78.5, 30.799999999999997], [78.52000000000001, 30.799999999999997], [78.52000000000001, 30.82], [78.5, 30.82], [78.5, 30.799999999999997]]]}, "properties": {"zone": "orange", "hazard_probability": 0.5917, "grid_id": "G-0409"}}, {"type": "Feature", "geometry": {"type": "Polygon", "coordinates": [[[78.52, 30.799999999999997], [78.54, 30.799999999999997], [78.54, 30.82], [78.52, 30.82], [78.52, 30.799999999999997]]]}, "properties": {"zone": "red", "hazard_probability": 0.6723, "grid_id": "G-0410"}}, {"type": "Feature", "geometry": {"type": "Polygon", "coordinates": [[[78.53999999999999, 30.799999999999997], [78.56, 30.799999999999997], [78.56, 30.82], [78.53999999999999, 30.82], [78.53999999999999, 30.799999999999997]]]}, "properties": {"zone": "yellow", "hazard_probability": 0.5543, "grid_id": "G-0411"}}, {"type": "Feature", "geometry": {"type": "Polygon", "coordinates": [[[78.55999999999999, 30.799999999999997], [78.58, 30.799999999999997], [78.58, 30.82], [78.55999999999999, 30.82], [78.55999999999999, 30.799999999999997]]]}, "properties": {"zone": "red", "hazard_probability": 0.7416, "grid_id": "G-0412"}}, {"type": "Feature", "geometry": {"type": "Polygon", "coordinates": [[[78.58, 30.799999999999997], [78.60000000000001, 30.799999999999997], [78.60000000000001, 30.82], [78.58, 30.82], [78.58, 30.799999999999997]]]}, "properties": {"zone": "red", "hazard_probability": 0.7056, "grid_id": "G-0413"}}, {"type": "Feature", "geometry": {"type": "Polygon", "coordinates": [[[78.6, 30.799999999999997], [78.62, 30.799999999999997], [78.62, 30.82], [78.6, 30.82], [78.6, 30.799999999999997]]]}, "properties": {"zone": "orange", "hazard_probability": 0.5979, "grid_id": "G-0414"}}, {"type": "Feature", "geometry": {"type": "Polygon", "coordinates": [[[78.61999999999999, 30.799999999999997], [78.64, 30.799999999999997], [78.64, 30.82], [78.61999999999999, 30.82], [78.61999999999999, 30.799999999999997]]]}, "properties": {"zone": "orange", "hazard_probability": 0.6076, "grid_id": "G-0415"}}, {"type": "Feature", "geometry": {"type": "Polygon", "coordinates": [[[78.64, 30.799999999999997], [78.66000000000001, 30.799999999999997], [78.66000000000001, 30.82], [78.64, 30.82], [78.64, 30.799999999999997]]]}, "properties": {"zone": "orange", "hazard_probability": 0.6332, "grid_id": "G-0416"}}, {"type": "Feature", "geometry": {"type": "Polygon", "coordinates": [[[78.66, 30.799999999999997], [78.68, 30.799999999999997], [78.68, 30.82], [78.66, 30.82], [78.66, 30.799999999999997]]]}, "properties": {"zone": "red", "hazard_probability": 0.6787, "grid_id": "G-0417"}}, {"type": "Feature", "geometry": {"type": "Polygon", "coordinates": [[[78.67999999999999, 30.799999999999997], [78.7, 30.799999999999997], [78.7, 30.82], [78.67999999999999, 30.82], [78.67999999999999, 30.799999999999997]]]}, "properties": {"zone": "yellow", "hazard_probability": 0.5048, "grid_id": "G-0418"}}, {"type": "Feature", "geometry": {"type": "Polygon", "coordinates": [[[78.69999999999999, 30.799999999999997], [78.72, 30.799999999999997], [78.72, 30.82], [78.69999999999999, 30.82], [78.69999999999999, 30.799999999999997]]]}, "properties": {"zone": "red", "hazard_probability": 0.7534, "grid_id": "G-0419"}}, {"type": "Feature", "geometry": {"type": "Polygon", "coordinates": [[[78.72, 30.799999999999997], [78.74000000000001, 30.799999999999997], [78.74000000000001, 30.82], [78.72, 30.82], [78.72, 30.799999999999997]]]}, "properties": {"zone": "orange", "hazard_probability": 0.6376, "grid_id": "G-0420"}}, {"type": "Feature", "geometry": {"type": "Polygon", "coordinates": [[[78.74, 30.799999999999997], [78.76, 30.799999999999997], [78.76, 30.82], [78.74, 30.82], [78.74, 30.799999999999997]]]}, "properties": {"zone": "yellow", "hazard_probability": 0.5145, "grid_id": "G-0421"}}, {"type": "Feature", "geometry": {"type": "Polygon", "coordinates": [[[78.75999999999999, 30.799999999999997], [78.78, 30.799999999999997], [78.78, 30.82], [78.75999999999999, 30.82], [78.75999999999999, 30.799999999999997]]]}, "properties": {"zone": "yellow", "hazard_probability": 0.4865, "grid_id": "G-0422"}}, {"type": "Feature", "geometry": {"type": "Polygon", "coordinates": [[[78.78, 30.799999999999997], [78.80000000000001, 30.799999999999997], [78.80000000000001, 30.82], [78.78, 30.82], [78.78, 30.799999999999997]]]}, "properties": {"zone": "yellow", "hazard_probability": 0.4882, "grid_id": "G-0423"}}, {"type": "Feature", "geometry": {"type": "Polygon", "coordinates": [[[78.8, 30.799999999999997], [78.82000000000001, 30.799999999999997], [78.82000000000001, 30.82], [78.8, 30.82], [78.8, 30.799999999999997]]]}, "properties": {"zone": "yellow", "hazard_probability": 0.4835, "grid_id": "G-0424"}}, {"type": "Feature", "geometry": {"type": "Polygon", "coordinates": [[[78.82, 30.799999999999997], [78.84, 30.799999999999997], [78.84, 30.82], [78.82, 30.82], [78.82, 30.799999999999997]]]}, "properties": {"zone": "yellow", "hazard_probability": 0.4835, "grid_id": "G-0425"}}, {"type": "Feature", "geometry": {"type": "Polygon", "coordinates": [[[79.03999999999999, 30.799999999999997], [79.06, 30.799999999999997], [79.06, 30.82], [79.03999999999999, 30.82], [79.03999999999999, 30.799999999999997]]]}, "properties": {"zone": "green", "hazard_probability": 0.4172, "grid_id": "G-0426"}}, {"type": "Feature", "geometry": {"type": "Polygon", "coordinates": [[[77.97999999999999, 30.819999999999997], [78.0, 30.819999999999997], [78.0, 30.84], [77.97999999999999, 30.84], [77.97999999999999, 30.819999999999997]]]}, "properties": {"zone": "green", "hazard_probability": 0.3845, "grid_id": "G-0427"}}, {"type": "Feature", "geometry": {"type": "Polygon", "coordinates": [[[78.0, 30.819999999999997], [78.02000000000001, 30.819999999999997], [78.02000000000001, 30.84], [78.0, 30.84], [78.0, 30.819999999999997]]]}, "properties": {"zone": "orange", "hazard_probability": 0.6406, "grid_id": "G-0428"}}, {"type": "Feature", "geometry": {"type": "Polygon", "coordinates": [[[78.02, 30.819999999999997], [78.04, 30.819999999999997], [78.04, 30.84], [78.02, 30.84], [78.02, 30.819999999999997]]]}, "properties": {"zone": "yellow", "hazard_probability": 0.5112, "grid_id": "G-0429"}}, {"type": "Feature", "geometry": {"type": "Polygon", "coordinates": [[[78.03999999999999, 30.819999999999997], [78.06, 30.819999999999997], [78.06, 30.84], [78.03999999999999, 30.84], [78.03999999999999, 30.819999999999997]]]}, "properties": {"zone": "orange", "hazard_probability": 0.6018, "grid_id": "G-0430"}}, {"type": "Feature", "geometry": {"type": "Polygon", "coordinates": [[[78.05999999999999, 30.819999999999997], [78.08, 30.819999999999997], [78.08, 30.84], [78.05999999999999, 30.84], [78.05999999999999, 30.819999999999997]]]}, "properties": {"zone": "orange", "hazard_probability": 0.6131, "grid_id": "G-0431"}}, {"type": "Feature", "geometry": {"type": "Polygon", "coordinates": [[[78.08, 30.819999999999997], [78.10000000000001, 30.819999999999997], [78.10000000000001, 30.84], [78.08, 30.84], [78.08, 30.819999999999997]]]}, "properties": {"zone": "yellow", "hazard_probability": 0.5578, "grid_id": "G-0432"}}, {"type": "Feature", "geometry": {"type": "Polygon", "coordinates": [[[78.1, 30.819999999999997], [78.12, 30.819999999999997], [78.12, 30.84], [78.1, 30.84], [78.1, 30.819999999999997]]]}, "properties": {"zone": "green", "hazard_probability": 0.4656, "grid_id": "G-0433"}}, {"type": "Feature", "geometry": {"type": "Polygon", "coordinates": [[[78.11999999999999, 30.819999999999997], [78.14, 30.819999999999997], [78.14, 30.84], [78.11999999999999, 30.84], [78.11999999999999, 30.819999999999997]]]}, "properties": {"zone": "yellow", "hazard_probability": 0.5306, "grid_id": "G-0434"}}, {"type": "Feature", "geometry": {"type": "Polygon", "coordinates": [[[78.14, 30.819999999999997], [78.16000000000001, 30.819999999999997], [78.16000000000001, 30.84], [78.14, 30.84], [78.14, 30.819999999999997]]]}, "properties": {"zone": "yellow", "hazard_probability": 0.5189, "grid_id": "G-0435"}}, {"type": "Feature", "geometry": {"type": "Polygon", "coordinates": [[[78.16, 30.819999999999997], [78.18, 30.819999999999997], [78.18, 30.84], [78.16, 30.84], [78.16, 30.819999999999997]]]}, "properties": {"zone": "red", "hazard_probability": 0.6742, "grid_id": "G-0436"}}, {"type": "Feature", "geometry": {"type": "Polygon", "coordinates": [[[78.17999999999999, 30.819999999999997], [78.2, 30.819999999999997], [78.2, 30.84], [78.17999999999999, 30.84], [78.17999999999999, 30.819999999999997]]]}, "properties": {"zone": "yellow", "hazard_probability": 0.4911, "grid_id": "G-0437"}}, {"type": "Feature", "geometry": {"type": "Polygon", "coordinates": [[[78.19999999999999, 30.819999999999997], [78.22, 30.819999999999997], [78.22, 30.84], [78.19999999999999, 30.84], [78.19999999999999, 30.819999999999997]]]}, "properties": {"zone": "green", "hazard_probability": 0.3982, "grid_id": "G-0438"}}, {"type": "Feature", "geometry": {"type": "Polygon", "coordinates": [[[78.22, 30.819999999999997], [78.24000000000001, 30.819999999999997], [78.24000000000001, 30.84], [78.22, 30.84], [78.22, 30.819999999999997]]]}, "properties": {"zone": "green", "hazard_probability": 0.3919, "grid_id": "G-0439"}}, {"type": "Feature", "geometry": {"type": "Polygon", "coordinates": [[[78.24, 30.819999999999997], [78.26, 30.819999999999997], [78.26, 30.84], [78.24, 30.84], [78.24, 30.819999999999997]]]}, "properties": {"zone": "green", "hazard_probability": 0.3954, "grid_id": "G-0440"}}, {"type": "Feature", "geometry": {"type": "Polygon", "coordinates": [[[78.25999999999999, 30.819999999999997], [78.28, 30.819999999999997], [78.28, 30.84], [78.25999999999999, 30.84], [78.25999999999999, 30.819999999999997]]]}, "properties": {"zone": "green", "hazard_probability": 0.3953, "grid_id": "G-0441"}}, {"type": "Feature", "geometry": {"type": "Polygon", "coordinates": [[[78.28, 30.819999999999997], [78.30000000000001, 30.819999999999997], [78.30000000000001, 30.84], [78.28, 30.84], [78.28, 30.819999999999997]]]}, "properties": {"zone": "green", "hazard_probability": 0.4454, "grid_id": "G-0442"}}, {"type": "Feature", "geometry": {"type": "Polygon", "coordinates": [[[78.3, 30.819999999999997], [78.32000000000001, 30.819999999999997], [78.32000000000001, 30.84], [78.3, 30.84], [78.3, 30.819999999999997]]]}, "properties": {"zone": "green", "hazard_probability": 0.4168, "grid_id": "G-0443"}}, {"type": "Feature", "geometry": {"type": "Polygon", "coordinates": [[[78.32, 30.819999999999997], [78.34, 30.819999999999997], [78.34, 30.84], [78.32, 30.84], [78.32, 30.819999999999997]]]}, "properties": {"zone": "orange", "hazard_probability": 0.5932, "grid_id": "G-0444"}}, {"type": "Feature", "geometry": {"type": "Polygon", "coordinates": [[[78.33999999999999, 30.819999999999997], [78.36, 30.819999999999997], [78.36, 30.84], [78.33999999999999, 30.84], [78.33999999999999, 30.819999999999997]]]}, "properties": {"zone": "orange", "hazard_probability": 0.6208, "grid_id": "G-0445"}}, {"type": "Feature", "geometry": {"type": "Polygon", "coordinates": [[[78.36, 30.819999999999997], [78.38000000000001, 30.819999999999997], [78.38000000000001, 30.84], [78.36, 30.84], [78.36, 30.819999999999997]]]}, "properties": {"zone": "orange", "hazard_probability": 0.6239, "grid_id": "G-0446"}}, {"type": "Feature", "geometry": {"type": "Polygon", "coordinates": [[[78.38, 30.819999999999997], [78.4, 30.819999999999997], [78.4, 30.84], [78.38, 30.84], [78.38, 30.819999999999997]]]}, "properties": {"zone": "orange", "hazard_probability": 0.587, "grid_id": "G-0447"}}, {"type": "Feature", "geometry": {"type": "Polygon", "coordinates": [[[78.39999999999999, 30.819999999999997], [78.42, 30.819999999999997], [78.42, 30.84], [78.39999999999999, 30.84], [78.39999999999999, 30.819999999999997]]]}, "properties": {"zone": "orange", "hazard_probability": 0.6345, "grid_id": "G-0448"}}, {"type": "Feature", "geometry": {"type": "Polygon", "coordinates": [[[78.42, 30.819999999999997], [78.44000000000001, 30.819999999999997], [78.44000000000001, 30.84], [78.42, 30.84], [78.42, 30.819999999999997]]]}, "properties": {"zone": "orange", "hazard_probability": 0.5973, "grid_id": "G-0449"}}, {"type": "Feature", "geometry": {"type": "Polygon", "coordinates": [[[78.44, 30.819999999999997], [78.46000000000001, 30.819999999999997], [78.46000000000001, 30.84], [78.44, 30.84], [78.44, 30.819999999999997]]]}, "properties": {"zone": "green", "hazard_probability": 0.3919, "grid_id": "G-0450"}}, {"type": "Feature", "geometry": {"type": "Polygon", "coordinates": [[[78.46, 30.819999999999997], [78.48, 30.819999999999997], [78.48, 30.84], [78.46, 30.84], [78.46, 30.819999999999997]]]}, "properties": {"zone": "red", "hazard_probability": 0.7598, "grid_id": "G-0451"}}, {"type": "Feature", "geometry": {"type": "Polygon", "coordinates": [[[78.47999999999999, 30.819999999999997], [78.5, 30.819999999999997], [78.5, 30.84], [78.47999999999999, 30.84], [78.47999999999999, 30.819999999999997]]]}, "properties": {"zone": "orange", "hazard_probability": 0.6138, "grid_id": "G-0452"}}, {"type": "Feature", "geometry": {"type": "Polygon", "coordinates": [[[78.5, 30.819999999999997], [78.52000000000001, 30.819999999999997], [78.52000000000001, 30.84], [78.5, 30.84], [78.5, 30.819999999999997]]]}, "properties": {"zone": "orange", "hazard_probability": 0.6138, "grid_id": "G-0453"}}, {"type": "Feature", "geometry": {"type": "Polygon", "coordinates": [[[78.52, 30.819999999999997], [78.54, 30.819999999999997], [78.54, 30.84], [78.52, 30.84], [78.52, 30.819999999999997]]]}, "properties": {"zone": "orange", "hazard_probability": 0.5918, "grid_id": "G-0454"}}, {"type": "Feature", "geometry": {"type": "Polygon", "coordinates": [[[78.53999999999999, 30.819999999999997], [78.56, 30.819999999999997], [78.56, 30.84], [78.53999999999999, 30.84], [78.53999999999999, 30.819999999999997]]]}, "properties": {"zone": "green", "hazard_probability": 0.4586, "grid_id": "G-0455"}}, {"type": "Feature", "geometry": {"type": "Polygon", "coordinates": [[[78.55999999999999, 30.819999999999997], [78.58, 30.819999999999997], [78.58, 30.84], [78.55999999999999, 30.84], [78.55999999999999, 30.819999999999997]]]}, "properties": {"zone": "orange", "hazard_probability": 0.6285, "grid_id": "G-0456"}}, {"type": "Feature", "geometry": {"type": "Polygon", "coordinates": [[[78.58, 30.819999999999997], [78.60000000000001, 30.819999999999997], [78.60000000000001, 30.84], [78.58, 30.84], [78.58, 30.819999999999997]]]}, "properties": {"zone": "red", "hazard_probability": 0.7633, "grid_id": "G-0457"}}, {"type": "Feature", "geometry": {"type": "Polygon", "coordinates": [[[78.6, 30.819999999999997], [78.62, 30.819999999999997], [78.62, 30.84], [78.6, 30.84], [78.6, 30.819999999999997]]]}, "properties": {"zone": "yellow", "hazard_probability": 0.558, "grid_id": "G-0458"}}, {"type": "Feature", "geometry": {"type": "Polygon", "coordinates": [[[78.61999999999999, 30.819999999999997], [78.64, 30.819999999999997], [78.64, 30.84], [78.61999999999999, 30.84], [78.61999999999999, 30.819999999999997]]]}, "properties": {"zone": "orange", "hazard_probability": 0.6213, "grid_id": "G-0459"}}, {"type": "Feature", "geometry": {"type": "Polygon", "coordinates": [[[78.64, 30.819999999999997], [78.66000000000001, 30.819999999999997], [78.66000000000001, 30.84], [78.64, 30.84], [78.64, 30.819999999999997]]]}, "properties": {"zone": "red", "hazard_probability": 0.6519, "grid_id": "G-0460"}}, {"type": "Feature", "geometry": {"type": "Polygon", "coordinates": [[[78.66, 30.819999999999997], [78.68, 30.819999999999997], [78.68, 30.84], [78.66, 30.84], [78.66, 30.819999999999997]]]}, "properties": {"zone": "orange", "hazard_probability": 0.6029, "grid_id": "G-0461"}}, {"type": "Feature", "geometry": {"type": "Polygon", "coordinates": [[[78.67999999999999, 30.819999999999997], [78.7, 30.819999999999997], [78.7, 30.84], [78.67999999999999, 30.84], [78.67999999999999, 30.819999999999997]]]}, "properties": {"zone": "red", "hazard_probability": 0.6844, "grid_id": "G-0462"}}, {"type": "Feature", "geometry": {"type": "Polygon", "coordinates": [[[78.69999999999999, 30.819999999999997], [78.72, 30.819999999999997], [78.72, 30.84], [78.69999999999999, 30.84], [78.69999999999999, 30.819999999999997]]]}, "properties": {"zone": "orange", "hazard_probability": 0.597, "grid_id": "G-0463"}}, {"type": "Feature", "geometry": {"type": "Polygon", "coordinates": [[[78.72, 30.819999999999997], [78.74000000000001, 30.819999999999997], [78.74000000000001, 30.84], [78.72, 30.84], [78.72, 30.819999999999997]]]}, "properties": {"zone": "orange", "hazard_probability": 0.5948, "grid_id": "G-0464"}}, {"type": "Feature", "geometry": {"type": "Polygon", "coordinates": [[[78.74, 30.819999999999997], [78.76, 30.819999999999997], [78.76, 30.84], [78.74, 30.84], [78.74, 30.819999999999997]]]}, "properties": {"zone": "yellow", "hazard_probability": 0.5725, "grid_id": "G-0465"}}, {"type": "Feature", "geometry": {"type": "Polygon", "coordinates": [[[78.75999999999999, 30.819999999999997], [78.78, 30.819999999999997], [78.78, 30.84], [78.75999999999999, 30.84], [78.75999999999999, 30.819999999999997]]]}, "properties": {"zone": "green", "hazard_probability": 0.3477, "grid_id": "G-0466"}}, {"type": "Feature", "geometry": {"type": "Polygon", "coordinates": [[[78.78, 30.819999999999997], [78.80000000000001, 30.819999999999997], [78.80000000000001, 30.84], [78.78, 30.84], [78.78, 30.819999999999997]]]}, "properties": {"zone": "yellow", "hazard_probability": 0.5725, "grid_id": "G-0467"}}, {"type": "Feature", "geometry": {"type": "Polygon", "coordinates": [[[78.8, 30.819999999999997], [78.82000000000001, 30.819999999999997], [78.82000000000001, 30.84], [78.8, 30.84], [78.8, 30.819999999999997]]]}, "properties": {"zone": "orange", "hazard_probability": 0.6082, "grid_id": "G-0468"}}, {"type": "Feature", "geometry": {"type": "Polygon", "coordinates": [[[78.82, 30.819999999999997], [78.84, 30.819999999999997], [78.84, 30.84], [78.82, 30.84], [78.82, 30.819999999999997]]]}, "properties": {"zone": "green", "hazard_probability": 0.331, "grid_id": "G-0469"}}, {"type": "Feature", "geometry": {"type": "Polygon", "coordinates": [[[79.0, 30.819999999999997], [79.02000000000001, 30.819999999999997], [79.02000000000001, 30.84], [79.0, 30.84], [79.0, 30.819999999999997]]]}, "properties": {"zone": "yellow", "hazard_probability": 0.5097, "grid_id": "G-0470"}}, {"type": "Feature", "geometry": {"type": "Polygon", "coordinates": [[[79.02, 30.819999999999997], [79.04, 30.819999999999997], [79.04, 30.84], [79.02, 30.84], [79.02, 30.819999999999997]]]}, "properties": {"zone": "green", "hazard_probability": 0.4172, "grid_id": "G-0471"}}, {"type": "Feature", "geometry": {"type": "Polygon", "coordinates": [[[79.03999999999999, 30.819999999999997], [79.06, 30.819999999999997], [79.06, 30.84], [79.03999999999999, 30.84], [79.03999999999999, 30.819999999999997]]]}, "properties": {"zone": "green", "hazard_probability": 0.3651, "grid_id": "G-0472"}}, {"type": "Feature", "geometry": {"type": "Polygon", "coordinates": [[[77.97999999999999, 30.84], [78.0, 30.84], [78.0, 30.860000000000003], [77.97999999999999, 30.860000000000003], [77.97999999999999, 30.84]]]}, "properties": {"zone": "green", "hazard_probability": 0.3771, "grid_id": "G-0473"}}, {"type": "Feature", "geometry": {"type": "Polygon", "coordinates": [[[78.0, 30.84], [78.02000000000001, 30.84], [78.02000000000001, 30.860000000000003], [78.0, 30.860000000000003], [78.0, 30.84]]]}, "properties": {"zone": "yellow", "hazard_probability": 0.5627, "grid_id": "G-0474"}}, {"type": "Feature", "geometry": {"type": "Polygon", "coordinates": [[[78.02, 30.84], [78.04, 30.84], [78.04, 30.860000000000003], [78.02, 30.860000000000003], [78.02, 30.84]]]}, "properties": {"zone": "yellow", "hazard_probability": 0.5645, "grid_id": "G-0475"}}, {"type": "Feature", "geometry": {"type": "Polygon", "coordinates": [[[78.03999999999999, 30.84], [78.06, 30.84], [78.06, 30.860000000000003], [78.03999999999999, 30.860000000000003], [78.03999999999999, 30.84]]]}, "properties": {"zone": "green", "hazard_probability": 0.4572, "grid_id": "G-0476"}}, {"type": "Feature", "geometry": {"type": "Polygon", "coordinates": [[[78.05999999999999, 30.84], [78.08, 30.84], [78.08, 30.860000000000003], [78.05999999999999, 30.860000000000003], [78.05999999999999, 30.84]]]}, "properties": {"zone": "yellow", "hazard_probability": 0.5613, "grid_id": "G-0477"}}, {"type": "Feature", "geometry": {"type": "Polygon", "coordinates": [[[78.08, 30.84], [78.10000000000001, 30.84], [78.10000000000001, 30.860000000000003], [78.08, 30.860000000000003], [78.08, 30.84]]]}, "properties": {"zone": "yellow", "hazard_probability": 0.5475, "grid_id": "G-0478"}}, {"type": "Feature", "geometry": {"type": "Polygon", "coordinates": [[[78.1, 30.84], [78.12, 30.84], [78.12, 30.860000000000003], [78.1, 30.860000000000003], [78.1, 30.84]]]}, "properties": {"zone": "orange", "hazard_probability": 0.5906, "grid_id": "G-0479"}}, {"type": "Feature", "geometry": {"type": "Polygon", "coordinates": [[[78.11999999999999, 30.84], [78.14, 30.84], [78.14, 30.860000000000003], [78.11999999999999, 30.860000000000003], [78.11999999999999, 30.84]]]}, "properties": {"zone": "yellow", "hazard_probability": 0.5721, "grid_id": "G-0480"}}, {"type": "Feature", "geometry": {"type": "Polygon", "coordinates": [[[78.14, 30.84], [78.16000000000001, 30.84], [78.16000000000001, 30.860000000000003], [78.14, 30.860000000000003], [78.14, 30.84]]]}, "properties": {"zone": "red", "hazard_probability": 0.7354, "grid_id": "G-0481"}}, {"type": "Feature", "geometry": {"type": "Polygon", "coordinates": [[[78.16, 30.84], [78.18, 30.84], [78.18, 30.860000000000003], [78.16, 30.860000000000003], [78.16, 30.84]]]}, "properties": {"zone": "yellow", "hazard_probability": 0.4852, "grid_id": "G-0482"}}, {"type": "Feature", "geometry": {"type": "Polygon", "coordinates": [[[78.17999999999999, 30.84], [78.2, 30.84], [78.2, 30.860000000000003], [78.17999999999999, 30.860000000000003], [78.17999999999999, 30.84]]]}, "properties": {"zone": "yellow", "hazard_probability": 0.4966, "grid_id": "G-0483"}}, {"type": "Feature", "geometry": {"type": "Polygon", "coordinates": [[[78.19999999999999, 30.84], [78.22, 30.84], [78.22, 30.860000000000003], [78.19999999999999, 30.860000000000003], [78.19999999999999, 30.84]]]}, "properties": {"zone": "green", "hazard_probability": 0.437, "grid_id": "G-0484"}}, {"type": "Feature", "geometry": {"type": "Polygon", "coordinates": [[[78.22, 30.84], [78.24000000000001, 30.84], [78.24000000000001, 30.860000000000003], [78.22, 30.860000000000003], [78.22, 30.84]]]}, "properties": {"zone": "green", "hazard_probability": 0.3919, "grid_id": "G-0485"}}, {"type": "Feature", "geometry": {"type": "Polygon", "coordinates": [[[78.24, 30.84], [78.26, 30.84], [78.26, 30.860000000000003], [78.24, 30.860000000000003], [78.24, 30.84]]]}, "properties": {"zone": "yellow", "hazard_probability": 0.4774, "grid_id": "G-0486"}}, {"type": "Feature", "geometry": {"type": "Polygon", "coordinates": [[[78.25999999999999, 30.84], [78.28, 30.84], [78.28, 30.860000000000003], [78.25999999999999, 30.860000000000003], [78.25999999999999, 30.84]]]}, "properties": {"zone": "green", "hazard_probability": 0.3919, "grid_id": "G-0487"}}, {"type": "Feature", "geometry": {"type": "Polygon", "coordinates": [[[78.28, 30.84], [78.30000000000001, 30.84], [78.30000000000001, 30.860000000000003], [78.28, 30.860000000000003], [78.28, 30.84]]]}, "properties": {"zone": "green", "hazard_probability": 0.4431, "grid_id": "G-0488"}}, {"type": "Feature", "geometry": {"type": "Polygon", "coordinates": [[[78.3, 30.84], [78.32000000000001, 30.84], [78.32000000000001, 30.860000000000003], [78.3, 30.860000000000003], [78.3, 30.84]]]}, "properties": {"zone": "orange", "hazard_probability": 0.583, "grid_id": "G-0489"}}, {"type": "Feature", "geometry": {"type": "Polygon", "coordinates": [[[78.32, 30.84], [78.34, 30.84], [78.34, 30.860000000000003], [78.32, 30.860000000000003], [78.32, 30.84]]]}, "properties": {"zone": "orange", "hazard_probability": 0.6319, "grid_id": "G-0490"}}, {"type": "Feature", "geometry": {"type": "Polygon", "coordinates": [[[78.33999999999999, 30.84], [78.36, 30.84], [78.36, 30.860000000000003], [78.33999999999999, 30.860000000000003], [78.33999999999999, 30.84]]]}, "properties": {"zone": "orange", "hazard_probability": 0.6197, "grid_id": "G-0491"}}, {"type": "Feature", "geometry": {"type": "Polygon", "coordinates": [[[78.36, 30.84], [78.38000000000001, 30.84], [78.38000000000001, 30.860000000000003], [78.36, 30.860000000000003], [78.36, 30.84]]]}, "properties": {"zone": "orange", "hazard_probability": 0.5942, "grid_id": "G-0492"}}, {"type": "Feature", "geometry": {"type": "Polygon", "coordinates": [[[78.38, 30.84], [78.4, 30.84], [78.4, 30.860000000000003], [78.38, 30.860000000000003], [78.38, 30.84]]]}, "properties": {"zone": "orange", "hazard_probability": 0.5897, "grid_id": "G-0493"}}, {"type": "Feature", "geometry": {"type": "Polygon", "coordinates": [[[78.39999999999999, 30.84], [78.42, 30.84], [78.42, 30.860000000000003], [78.39999999999999, 30.860000000000003], [78.39999999999999, 30.84]]]}, "properties": {"zone": "orange", "hazard_probability": 0.6345, "grid_id": "G-0494"}}, {"type": "Feature", "geometry": {"type": "Polygon", "coordinates": [[[78.42, 30.84], [78.44000000000001, 30.84], [78.44000000000001, 30.860000000000003], [78.42, 30.860000000000003], [78.42, 30.84]]]}, "properties": {"zone": "yellow", "hazard_probability": 0.5352, "grid_id": "G-0495"}}, {"type": "Feature", "geometry": {"type": "Polygon", "coordinates": [[[78.44, 30.84], [78.46000000000001, 30.84], [78.46000000000001, 30.860000000000003], [78.44, 30.860000000000003], [78.44, 30.84]]]}, "properties": {"zone": "yellow", "hazard_probability": 0.5404, "grid_id": "G-0496"}}, {"type": "Feature", "geometry": {"type": "Polygon", "coordinates": [[[78.46, 30.84], [78.48, 30.84], [78.48, 30.860000000000003], [78.46, 30.860000000000003], [78.46, 30.84]]]}, "properties": {"zone": "orange", "hazard_probability": 0.6197, "grid_id": "G-0497"}}, {"type": "Feature", "geometry": {"type": "Polygon", "coordinates": [[[78.47999999999999, 30.84], [78.5, 30.84], [78.5, 30.860000000000003], [78.47999999999999, 30.860000000000003], [78.47999999999999, 30.84]]]}, "properties": {"zone": "green", "hazard_probability": 0.4714, "grid_id": "G-0498"}}, {"type": "Feature", "geometry": {"type": "Polygon", "coordinates": [[[78.5, 30.84], [78.52000000000001, 30.84], [78.52000000000001, 30.860000000000003], [78.5, 30.860000000000003], [78.5, 30.84]]]}, "properties": {"zone": "yellow", "hazard_probability": 0.5581, "grid_id": "G-0499"}}, {"type": "Feature", "geometry": {"type": "Polygon", "coordinates": [[[78.52, 30.84], [78.54, 30.84], [78.54, 30.860000000000003], [78.52, 30.860000000000003], [78.52, 30.84]]]}, "properties": {"zone": "orange", "hazard_probability": 0.6074, "grid_id": "G-0500"}}, {"type": "Feature", "geometry": {"type": "Polygon", "coordinates": [[[78.53999999999999, 30.84], [78.56, 30.84], [78.56, 30.860000000000003], [78.53999999999999, 30.860000000000003], [78.53999999999999, 30.84]]]}, "properties": {"zone": "green", "hazard_probability": 0.4207, "grid_id": "G-0501"}}, {"type": "Feature", "geometry": {"type": "Polygon", "coordinates": [[[78.55999999999999, 30.84], [78.58, 30.84], [78.58, 30.860000000000003], [78.55999999999999, 30.860000000000003], [78.55999999999999, 30.84]]]}, "properties": {"zone": "orange", "hazard_probability": 0.6368, "grid_id": "G-0502"}}, {"type": "Feature", "geometry": {"type": "Polygon", "coordinates": [[[78.58, 30.84], [78.60000000000001, 30.84], [78.60000000000001, 30.860000000000003], [78.58, 30.860000000000003], [78.58, 30.84]]]}, "properties": {"zone": "orange", "hazard_probability": 0.6466, "grid_id": "G-0503"}}, {"type": "Feature", "geometry": {"type": "Polygon", "coordinates": [[[78.6, 30.84], [78.62, 30.84], [78.62, 30.860000000000003], [78.6, 30.860000000000003], [78.6, 30.84]]]}, "properties": {"zone": "red", "hazard_probability": 0.7606, "grid_id": "G-0504"}}, {"type": "Feature", "geometry": {"type": "Polygon", "coordinates": [[[78.61999999999999, 30.84], [78.64, 30.84], [78.64, 30.860000000000003], [78.61999999999999, 30.860000000000003], [78.61999999999999, 30.84]]]}, "properties": {"zone": "orange", "hazard_probability": 0.6213, "grid_id": "G-0505"}}, {"type": "Feature", "geometry": {"type": "Polygon", "coordinates": [[[78.64, 30.84], [78.66000000000001, 30.84], [78.66000000000001, 30.860000000000003], [78.64, 30.860000000000003], [78.64, 30.84]]]}, "properties": {"zone": "red", "hazard_probability": 0.7069, "grid_id": "G-0506"}}, {"type": "Feature", "geometry": {"type": "Polygon", "coordinates": [[[78.66, 30.84], [78.68, 30.84], [78.68, 30.860000000000003], [78.66, 30.860000000000003], [78.66, 30.84]]]}, "properties": {"zone": "red", "hazard_probability": 0.6899, "grid_id": "G-0507"}}, {"type": "Feature", "geometry": {"type": "Polygon", "coordinates": [[[78.67999999999999, 30.84], [78.7, 30.84], [78.7, 30.860000000000003], [78.67999999999999, 30.860000000000003], [78.67999999999999, 30.84]]]}, "properties": {"zone": "red", "hazard_probability": 0.7254, "grid_id": "G-0508"}}, {"type": "Feature", "geometry": {"type": "Polygon", "coordinates": [[[78.69999999999999, 30.84], [78.72, 30.84], [78.72, 30.860000000000003], [78.69999999999999, 30.860000000000003], [78.69999999999999, 30.84]]]}, "properties": {"zone": "orange", "hazard_probability": 0.5959, "grid_id": "G-0509"}}, {"type": "Feature", "geometry": {"type": "Polygon", "coordinates": [[[78.72, 30.84], [78.74000000000001, 30.84], [78.74000000000001, 30.860000000000003], [78.72, 30.860000000000003], [78.72, 30.84]]]}, "properties": {"zone": "orange", "hazard_probability": 0.5948, "grid_id": "G-0510"}}, {"type": "Feature", "geometry": {"type": "Polygon", "coordinates": [[[78.74, 30.84], [78.76, 30.84], [78.76, 30.860000000000003], [78.74, 30.860000000000003], [78.74, 30.84]]]}, "properties": {"zone": "green", "hazard_probability": 0.4478, "grid_id": "G-0511"}}, {"type": "Feature", "geometry": {"type": "Polygon", "coordinates": [[[78.75999999999999, 30.84], [78.78, 30.84], [78.78, 30.860000000000003], [78.75999999999999, 30.860000000000003], [78.75999999999999, 30.84]]]}, "properties": {"zone": "green", "hazard_probability": 0.4115, "grid_id": "G-0512"}}, {"type": "Feature", "geometry": {"type": "Polygon", "coordinates": [[[78.78, 30.84], [78.80000000000001, 30.84], [78.80000000000001, 30.860000000000003], [78.78, 30.860000000000003], [78.78, 30.84]]]}, "properties": {"zone": "yellow", "hazard_probability": 0.526, "grid_id": "G-0513"}}, {"type": "Feature", "geometry": {"type": "Polygon", "coordinates": [[[78.8, 30.84], [78.82000000000001, 30.84], [78.82000000000001, 30.860000000000003], [78.8, 30.860000000000003], [78.8, 30.84]]]}, "properties": {"zone": "yellow", "hazard_probability": 0.4835, "grid_id": "G-0514"}}, {"type": "Feature", "geometry": {"type": "Polygon", "coordinates": [[[78.82, 30.84], [78.84, 30.84], [78.84, 30.860000000000003], [78.82, 30.860000000000003], [78.82, 30.84]]]}, "properties": {"zone": "yellow", "hazard_probability": 0.5725, "grid_id": "G-0515"}}, {"type": "Feature", "geometry": {"type": "Polygon", "coordinates": [[[79.0, 30.84], [79.02000000000001, 30.84], [79.02000000000001, 30.860000000000003], [79.0, 30.860000000000003], [79.0, 30.84]]]}, "properties": {"zone": "green", "hazard_probability": 0.4118, "grid_id": "G-0516"}}, {"type": "Feature", "geometry": {"type": "Polygon", "coordinates": [[[79.02, 30.84], [79.04, 30.84], [79.04, 30.860000000000003], [79.02, 30.860000000000003], [79.02, 30.84]]]}, "properties": {"zone": "green", "hazard_probability": 0.3651, "grid_id": "G-0517"}}, {"type": "Feature", "geometry": {"type": "Polygon", "coordinates": [[[79.03999999999999, 30.84], [79.06, 30.84], [79.06, 30.860000000000003], [79.03999999999999, 30.860000000000003], [79.03999999999999, 30.84]]]}, "properties": {"zone": "green", "hazard_probability": 0.3709, "grid_id": "G-0518"}}, {"type": "Feature", "geometry": {"type": "Polygon", "coordinates": [[[77.97999999999999, 30.86], [78.0, 30.86], [78.0, 30.880000000000003], [77.97999999999999, 30.880000000000003], [77.97999999999999, 30.86]]]}, "properties": {"zone": "green", "hazard_probability": 0.3221, "grid_id": "G-0519"}}, {"type": "Feature", "geometry": {"type": "Polygon", "coordinates": [[[78.0, 30.86], [78.02000000000001, 30.86], [78.02000000000001, 30.880000000000003], [78.0, 30.880000000000003], [78.0, 30.86]]]}, "properties": {"zone": "green", "hazard_probability": 0.4281, "grid_id": "G-0520"}}, {"type": "Feature", "geometry": {"type": "Polygon", "coordinates": [[[78.02, 30.86], [78.04, 30.86], [78.04, 30.880000000000003], [78.02, 30.880000000000003], [78.02, 30.86]]]}, "properties": {"zone": "orange", "hazard_probability": 0.6, "grid_id": "G-0521"}}, {"type": "Feature", "geometry": {"type": "Polygon", "coordinates": [[[78.03999999999999, 30.86], [78.06, 30.86], [78.06, 30.880000000000003], [78.03999999999999, 30.880000000000003], [78.03999999999999, 30.86]]]}, "properties": {"zone": "orange", "hazard_probability": 0.6018, "grid_id": "G-0522"}}, {"type": "Feature", "geometry": {"type": "Polygon", "coordinates": [[[78.05999999999999, 30.86], [78.08, 30.86], [78.08, 30.880000000000003], [78.05999999999999, 30.880000000000003], [78.05999999999999, 30.86]]]}, "properties": {"zone": "green", "hazard_probability": 0.4646, "grid_id": "G-0523"}}, {"type": "Feature", "geometry": {"type": "Polygon", "coordinates": [[[78.08, 30.86], [78.10000000000001, 30.86], [78.10000000000001, 30.880000000000003], [78.08, 30.880000000000003], [78.08, 30.86]]]}, "properties": {"zone": "green", "hazard_probability": 0.4683, "grid_id": "G-0524"}}, {"type": "Feature", "geometry": {"type": "Polygon", "coordinates": [[[78.1, 30.86], [78.12, 30.86], [78.12, 30.880000000000003], [78.1, 30.880000000000003], [78.1, 30.86]]]}, "properties": {"zone": "green", "hazard_probability": 0.4484, "grid_id": "G-0525"}}, {"type": "Feature", "geometry": {"type": "Polygon", "coordinates": [[[78.11999999999999, 30.86], [78.14, 30.86], [78.14, 30.880000000000003], [78.11999999999999, 30.880000000000003], [78.11999999999999, 30.86]]]}, "properties": {"zone": "yellow", "hazard_probability": 0.5522, "grid_id": "G-0526"}}, {"type": "Feature", "geometry": {"type": "Polygon", "coordinates": [[[78.14, 30.86], [78.16000000000001, 30.86], [78.16000000000001, 30.880000000000003], [78.14, 30.880000000000003], [78.14, 30.86]]]}, "properties": {"zone": "yellow", "hazard_probability": 0.5669, "grid_id": "G-0527"}}, {"type": "Feature", "geometry": {"type": "Polygon", "coordinates": [[[78.16, 30.86], [78.18, 30.86], [78.18, 30.880000000000003], [78.16, 30.880000000000003], [78.16, 30.86]]]}, "properties": {"zone": "orange", "hazard_probability": 0.6172, "grid_id": "G-0528"}}, {"type": "Feature", "geometry": {"type": "Polygon", "coordinates": [[[78.17999999999999, 30.86], [78.2, 30.86], [78.2, 30.880000000000003], [78.17999999999999, 30.880000000000003], [78.17999999999999, 30.86]]]}, "properties": {"zone": "yellow", "hazard_probability": 0.4871, "grid_id": "G-0529"}}, {"type": "Feature", "geometry": {"type": "Polygon", "coordinates": [[[78.19999999999999, 30.86], [78.22, 30.86], [78.22, 30.880000000000003], [78.19999999999999, 30.880000000000003], [78.19999999999999, 30.86]]]}, "properties": {"zone": "yellow", "hazard_probability": 0.5119, "grid_id": "G-0530"}}, {"type": "Feature", "geometry": {"type": "Polygon", "coordinates": [[[78.22, 30.86], [78.24000000000001, 30.86], [78.24000000000001, 30.880000000000003], [78.22, 30.880000000000003], [78.22, 30.86]]]}, "properties": {"zone": "yellow", "hazard_probability": 0.5138, "grid_id": "G-0531"}}, {"type": "Feature", "geometry": {"type": "Polygon", "coordinates": [[[78.24, 30.86], [78.26, 30.86], [78.26, 30.880000000000003], [78.24, 30.880000000000003], [78.24, 30.86]]]}, "properties": {"zone": "green", "hazard_probability": 0.3919, "grid_id": "G-0532"}}, {"type": "Feature", "geometry": {"type": "Polygon", "coordinates": [[[78.25999999999999, 30.86], [78.28, 30.86], [78.28, 30.880000000000003], [78.25999999999999, 30.880000000000003], [78.25999999999999, 30.86]]]}, "properties": {"zone": "orange", "hazard_probability": 0.5932, "grid_id": "G-0533"}}, {"type": "Feature", "geometry": {"type": "Polygon", "coordinates": [[[78.28, 30.86], [78.30000000000001, 30.86], [78.30000000000001, 30.880000000000003], [78.28, 30.880000000000003], [78.28, 30.86]]]}, "properties": {"zone": "green", "hazard_probability": 0.4108, "grid_id": "G-0534"}}, {"type": "Feature", "geometry": {"type": "Polygon", "coordinates": [[[78.3, 30.86], [78.32000000000001, 30.86], [78.32000000000001, 30.880000000000003], [78.3, 30.880000000000003], [78.3, 30.86]]]}, "properties": {"zone": "yellow", "hazard_probability": 0.482, "grid_id": "G-0535"}}, {"type": "Feature", "geometry": {"type": "Polygon", "coordinates": [[[78.32, 30.86], [78.34, 30.86], [78.34, 30.880000000000003], [78.32, 30.880000000000003], [78.32, 30.86]]]}, "properties": {"zone": "orange", "hazard_probability": 0.5798, "grid_id": "G-0536"}}, {"type": "Feature", "geometry": {"type": "Polygon", "coordinates": [[[78.33999999999999, 30.86], [78.36, 30.86], [78.36, 30.880000000000003], [78.33999999999999, 30.880000000000003], [78.33999999999999, 30.86]]]}, "properties": {"zone": "orange", "hazard_probability": 0.5853, "grid_id": "G-0537"}}, {"type": "Feature", "geometry": {"type": "Polygon", "coordinates": [[[78.36, 30.86], [78.38000000000001, 30.86], [78.38000000000001, 30.880000000000003], [78.36, 30.880000000000003], [78.36, 30.86]]]}, "properties": {"zone": "yellow", "hazard_probability": 0.4874, "grid_id": "G-0538"}}, {"type": "Feature", "geometry": {"type": "Polygon", "coordinates": [[[78.38, 30.86], [78.4, 30.86], [78.4, 30.880000000000003], [78.38, 30.880000000000003], [78.38, 30.86]]]}, "properties": {"zone": "yellow", "hazard_probability": 0.5315, "grid_id": "G-0539"}}, {"type": "Feature", "geometry": {"type": "Polygon", "coordinates": [[[78.39999999999999, 30.86], [78.42, 30.86], [78.42, 30.880000000000003], [78.39999999999999, 30.880000000000003], [78.39999999999999, 30.86]]]}, "properties": {"zone": "orange", "hazard_probability": 0.6345, "grid_id": "G-0540"}}, {"type": "Feature", "geometry": {"type": "Polygon", "coordinates": [[[78.42, 30.86], [78.44000000000001, 30.86], [78.44000000000001, 30.880000000000003], [78.42, 30.880000000000003], [78.42, 30.86]]]}, "properties": {"zone": "yellow", "hazard_probability": 0.5315, "grid_id": "G-0541"}}, {"type": "Feature", "geometry": {"type": "Polygon", "coordinates": [[[78.44, 30.86], [78.46000000000001, 30.86], [78.46000000000001, 30.880000000000003], [78.44, 30.880000000000003], [78.44, 30.86]]]}, "properties": {"zone": "yellow", "hazard_probability": 0.5455, "grid_id": "G-0542"}}, {"type": "Feature", "geometry": {"type": "Polygon", "coordinates": [[[78.46, 30.86], [78.48, 30.86], [78.48, 30.880000000000003], [78.46, 30.880000000000003], [78.46, 30.86]]]}, "properties": {"zone": "yellow", "hazard_probability": 0.5315, "grid_id": "G-0543"}}, {"type": "Feature", "geometry": {"type": "Polygon", "coordinates": [[[78.47999999999999, 30.86], [78.5, 30.86], [78.5, 30.880000000000003], [78.47999999999999, 30.880000000000003], [78.47999999999999, 30.86]]]}, "properties": {"zone": "orange", "hazard_probability": 0.6166, "grid_id": "G-0544"}}, {"type": "Feature", "geometry": {"type": "Polygon", "coordinates": [[[78.5, 30.86], [78.52000000000001, 30.86], [78.52000000000001, 30.880000000000003], [78.5, 30.880000000000003], [78.5, 30.86]]]}, "properties": {"zone": "green", "hazard_probability": 0.4527, "grid_id": "G-0545"}}, {"type": "Feature", "geometry": {"type": "Polygon", "coordinates": [[[78.52, 30.86], [78.54, 30.86], [78.54, 30.880000000000003], [78.52, 30.880000000000003], [78.52, 30.86]]]}, "properties": {"zone": "red", "hazard_probability": 0.7598, "grid_id": "G-0546"}}, {"type": "Feature", "geometry": {"type": "Polygon", "coordinates": [[[78.53999999999999, 30.86], [78.56, 30.86], [78.56, 30.880000000000003], [78.53999999999999, 30.880000000000003], [78.53999999999999, 30.86]]]}, "properties": {"zone": "yellow", "hazard_probability": 0.5446, "grid_id": "G-0547"}}, {"type": "Feature", "geometry": {"type": "Polygon", "coordinates": [[[78.55999999999999, 30.86], [78.58, 30.86], [78.58, 30.880000000000003], [78.55999999999999, 30.880000000000003], [78.55999999999999, 30.86]]]}, "properties": {"zone": "yellow", "hazard_probability": 0.5186, "grid_id": "G-0548"}}, {"type": "Feature", "geometry": {"type": "Polygon", "coordinates": [[[78.58, 30.86], [78.60000000000001, 30.86], [78.60000000000001, 30.880000000000003], [78.58, 30.880000000000003], [78.58, 30.86]]]}, "properties": {"zone": "orange", "hazard_probability": 0.597, "grid_id": "G-0549"}}, {"type": "Feature", "geometry": {"type": "Polygon", "coordinates": [[[78.6, 30.86], [78.62, 30.86], [78.62, 30.880000000000003], [78.6, 30.880000000000003], [78.6, 30.86]]]}, "properties": {"zone": "orange", "hazard_probability": 0.649, "grid_id": "G-0550"}}, {"type": "Feature", "geometry": {"type": "Polygon", "coordinates": [[[78.61999999999999, 30.86], [78.64, 30.86], [78.64, 30.880000000000003], [78.61999999999999, 30.880000000000003], [78.61999999999999, 30.86]]]}, "properties": {"zone": "orange", "hazard_probability": 0.6495, "grid_id": "G-0551"}}, {"type": "Feature", "geometry": {"type": "Polygon", "coordinates": [[[78.64, 30.86], [78.66000000000001, 30.86], [78.66000000000001, 30.880000000000003], [78.64, 30.880000000000003], [78.64, 30.86]]]}, "properties": {"zone": "orange", "hazard_probability": 0.6213, "grid_id": "G-0552"}}, {"type": "Feature", "geometry": {"type": "Polygon", "coordinates": [[[78.66, 30.86], [78.68, 30.86], [78.68, 30.880000000000003], [78.66, 30.880000000000003], [78.66, 30.86]]]}, "properties": {"zone": "red", "hazard_probability": 0.6553, "grid_id": "G-0553"}}, {"type": "Feature", "geometry": {"type": "Polygon", "coordinates": [[[78.67999999999999, 30.86], [78.7, 30.86], [78.7, 30.880000000000003], [78.67999999999999, 30.880000000000003], [78.67999999999999, 30.86]]]}, "properties": {"zone": "red", "hazard_probability": 0.695, "grid_id": "G-0554"}}, {"type": "Feature", "geometry": {"type": "Polygon", "coordinates": [[[78.69999999999999, 30.86], [78.72, 30.86], [78.72, 30.880000000000003], [78.69999999999999, 30.880000000000003], [78.69999999999999, 30.86]]]}, "properties": {"zone": "red", "hazard_probability": 0.7319, "grid_id": "G-0555"}}, {"type": "Feature", "geometry": {"type": "Polygon", "coordinates": [[[78.72, 30.86], [78.74000000000001, 30.86], [78.74000000000001, 30.880000000000003], [78.72, 30.880000000000003], [78.72, 30.86]]]}, "properties": {"zone": "yellow", "hazard_probability": 0.5408, "grid_id": "G-0556"}}, {"type": "Feature", "geometry": {"type": "Polygon", "coordinates": [[[78.74, 30.86], [78.76, 30.86], [78.76, 30.880000000000003], [78.74, 30.880000000000003], [78.74, 30.86]]]}, "properties": {"zone": "yellow", "hazard_probability": 0.4865, "grid_id": "G-0557"}}, {"type": "Feature", "geometry": {"type": "Polygon", "coordinates": [[[78.75999999999999, 30.86], [78.78, 30.86], [78.78, 30.880000000000003], [78.75999999999999, 30.880000000000003], [78.75999999999999, 30.86]]]}, "properties": {"zone": "green", "hazard_probability": 0.3516, "grid_id": "G-0558"}}, {"type": "Feature", "geometry": {"type": "Polygon", "coordinates": [[[78.78, 30.86], [78.80000000000001, 30.86], [78.80000000000001, 30.880000000000003], [78.78, 30.880000000000003], [78.78, 30.86]]]}, "properties": {"zone": "green", "hazard_probability": 0.331, "grid_id": "G-0559"}}, {"type": "Feature", "geometry": {"type": "Polygon", "coordinates": [[[78.8, 30.86], [78.82000000000001, 30.86], [78.82000000000001, 30.880000000000003], [78.8, 30.880000000000003], [78.8, 30.86]]]}, "properties": {"zone": "yellow", "hazard_probability": 0.5725, "grid_id": "G-0560"}}, {"type": "Feature", "geometry": {"type": "Polygon", "coordinates": [[[78.82, 30.86], [78.84, 30.86], [78.84, 30.880000000000003], [78.82, 30.880000000000003], [78.82, 30.86]]]}, "properties": {"zone": "yellow", "hazard_probability": 0.4774, "grid_id": "G-0561"}}, {"type": "Feature", "geometry": {"type": "Polygon", "coordinates": [[[78.83999999999999, 30.86], [78.86, 30.86], [78.86, 30.880000000000003], [78.83999999999999, 30.880000000000003], [78.83999999999999, 30.86]]]}, "properties": {"zone": "orange", "hazard_probability": 0.6082, "grid_id": "G-0562"}}, {"type": "Feature", "geometry": {"type": "Polygon", "coordinates": [[[78.92, 30.86], [78.94000000000001, 30.86], [78.94000000000001, 30.880000000000003], [78.92, 30.880000000000003], [78.92, 30.86]]]}, "properties": {"zone": "red", "hazard_probability": 0.6705, "grid_id": "G-0563"}}, {"type": "Feature", "geometry": {"type": "Polygon", "coordinates": [[[78.94, 30.86], [78.96000000000001, 30.86], [78.96000000000001, 30.880000000000003], [78.94, 30.880000000000003], [78.94, 30.86]]]}, "properties": {"zone": "green", "hazard_probability": 0.331, "grid_id": "G-0564"}}, {"type": "Feature", "geometry": {"type": "Polygon", "coordinates": [[[78.96, 30.86], [78.98, 30.86], [78.98, 30.880000000000003], [78.96, 30.880000000000003], [78.96, 30.86]]]}, "properties": {"zone": "green", "hazard_probability": 0.412, "grid_id": "G-0565"}}, {"type": "Feature", "geometry": {"type": "Polygon", "coordinates": [[[78.97999999999999, 30.86], [79.0, 30.86], [79.0, 30.880000000000003], [78.97999999999999, 30.880000000000003], [78.97999999999999, 30.86]]]}, "properties": {"zone": "yellow", "hazard_probability": 0.5235, "grid_id": "G-0566"}}, {"type": "Feature", "geometry": {"type": "Polygon", "coordinates": [[[79.0, 30.86], [79.02000000000001, 30.86], [79.02000000000001, 30.880000000000003], [79.0, 30.880000000000003], [79.0, 30.86]]]}, "properties": {"zone": "green", "hazard_probability": 0.4118, "grid_id": "G-0567"}}, {"type": "Feature", "geometry": {"type": "Polygon", "coordinates": [[[79.02, 30.86], [79.04, 30.86], [79.04, 30.880000000000003], [79.02, 30.880000000000003], [79.02, 30.86]]]}, "properties": {"zone": "green", "hazard_probability": 0.4225, "grid_id": "G-0568"}}, {"type": "Feature", "geometry": {"type": "Polygon", "coordinates": [[[79.03999999999999, 30.86], [79.06, 30.86], [79.06, 30.880000000000003], [79.03999999999999, 30.880000000000003], [79.03999999999999, 30.86]]]}, "properties": {"zone": "green", "hazard_probability": 0.4225, "grid_id": "G-0569"}}, {"type": "Feature", "geometry": {"type": "Polygon", "coordinates": [[[77.96, 30.88], [77.98, 30.88], [77.98, 30.900000000000002], [77.96, 30.900000000000002], [77.96, 30.88]]]}, "properties": {"zone": "green", "hazard_probability": 0.3845, "grid_id": "G-0570"}}, {"type": "Feature", "geometry": {"type": "Polygon", "coordinates": [[[77.97999999999999, 30.88], [78.0, 30.88], [78.0, 30.900000000000002], [77.97999999999999, 30.900000000000002], [77.97999999999999, 30.88]]]}, "properties": {"zone": "green", "hazard_probability": 0.4297, "grid_id": "G-0571"}}, {"type": "Feature", "geometry": {"type": "Polygon", "coordinates": [[[78.0, 30.88], [78.02000000000001, 30.88], [78.02000000000001, 30.900000000000002], [78.0, 30.900000000000002], [78.0, 30.88]]]}, "properties": {"zone": "yellow", "hazard_probability": 0.5112, "grid_id": "G-0572"}}, {"type": "Feature", "geometry": {"type": "Polygon", "coordinates": [[[78.02, 30.88], [78.04, 30.88], [78.04, 30.900000000000002], [78.02, 30.900000000000002], [78.02, 30.88]]]}, "properties": {"zone": "yellow", "hazard_probability": 0.5112, "grid_id": "G-0573"}}, {"type": "Feature", "geometry": {"type": "Polygon", "coordinates": [[[78.03999999999999, 30.88], [78.06, 30.88], [78.06, 30.900000000000002], [78.03999999999999, 30.900000000000002], [78.03999999999999, 30.88]]]}, "properties": {"zone": "green", "hazard_probability": 0.4123, "grid_id": "G-0574"}}, {"type": "Feature", "geometry": {"type": "Polygon", "coordinates": [[[78.05999999999999, 30.88], [78.08, 30.88], [78.08, 30.900000000000002], [78.05999999999999, 30.900000000000002], [78.05999999999999, 30.88]]]}, "properties": {"zone": "green", "hazard_probability": 0.4682, "grid_id": "G-0575"}}, {"type": "Feature", "geometry": {"type": "Polygon", "coordinates": [[[78.08, 30.88], [78.10000000000001, 30.88], [78.10000000000001, 30.900000000000002], [78.08, 30.900000000000002], [78.08, 30.88]]]}, "properties": {"zone": "yellow", "hazard_probability": 0.5296, "grid_id": "G-0576"}}, {"type": "Feature", "geometry": {"type": "Polygon", "coordinates": [[[78.1, 30.88], [78.12, 30.88], [78.12, 30.900000000000002], [78.1, 30.900000000000002], [78.1, 30.88]]]}, "properties": {"zone": "yellow", "hazard_probability": 0.5296, "grid_id": "G-0577"}}, {"type": "Feature", "geometry": {"type": "Polygon", "coordinates": [[[78.11999999999999, 30.88], [78.14, 30.88], [78.14, 30.900000000000002], [78.11999999999999, 30.900000000000002], [78.11999999999999, 30.88]]]}, "properties": {"zone": "yellow", "hazard_probability": 0.5038, "grid_id": "G-0578"}}, {"type": "Feature", "geometry": {"type": "Polygon", "coordinates": [[[78.14, 30.88], [78.16000000000001, 30.88], [78.16000000000001, 30.900000000000002], [78.14, 30.900000000000002], [78.14, 30.88]]]}, "properties": {"zone": "yellow", "hazard_probability": 0.5604, "grid_id": "G-0579"}}, {"type": "Feature", "geometry": {"type": "Polygon", "coordinates": [[[78.16, 30.88], [78.18, 30.88], [78.18, 30.900000000000002], [78.16, 30.900000000000002], [78.16, 30.88]]]}, "properties": {"zone": "green", "hazard_probability": 0.438, "grid_id": "G-0580"}}, {"type": "Feature", "geometry": {"type": "Polygon", "coordinates": [[[78.17999999999999, 30.88], [78.2, 30.88], [78.2, 30.900000000000002], [78.17999999999999, 30.900000000000002], [78.17999999999999, 30.88]]]}, "properties": {"zone": "yellow", "hazard_probability": 0.5364, "grid_id": "G-0581"}}, {"type": "Feature", "geometry": {"type": "Polygon", "coordinates": [[[78.19999999999999, 30.88], [78.22, 30.88], [78.22, 30.900000000000002], [78.19999999999999, 30.900000000000002], [78.19999999999999, 30.88]]]}, "properties": {"zone": "yellow", "hazard_probability": 0.5616, "grid_id": "G-0582"}}, {"type": "Feature", "geometry": {"type": "Polygon", "coordinates": [[[78.22, 30.88], [78.24000000000001, 30.88], [78.24000000000001, 30.900000000000002], [78.22, 30.900000000000002], [78.22, 30.88]]]}, "properties": {"zone": "yellow", "hazard_probability": 0.5105, "grid_id": "G-0583"}}, {"type": "Feature", "geometry": {"type": "Polygon", "coordinates": [[[78.24, 30.88], [78.26, 30.88], [78.26, 30.900000000000002], [78.24, 30.900000000000002], [78.24, 30.88]]]}, "properties": {"zone": "green", "hazard_probability": 0.4154, "grid_id": "G-0584"}}, {"type": "Feature", "geometry": {"type": "Polygon", "coordinates": [[[78.25999999999999, 30.88], [78.28, 30.88], [78.28, 30.900000000000002], [78.25999999999999, 30.900000000000002], [78.25999999999999, 30.88]]]}, "properties": {"zone": "red", "hazard_probability": 0.7584, "grid_id": "G-0585"}}, {"type": "Feature", "geometry": {"type": "Polygon", "coordinates": [[[78.28, 30.88], [78.30000000000001, 30.88], [78.30000000000001, 30.900000000000002], [78.28, 30.900000000000002], [78.28, 30.88]]]}, "properties": {"zone": "yellow", "hazard_probability": 0.518, "grid_id": "G-0586"}}, {"type": "Feature", "geometry": {"type": "Polygon", "coordinates": [[[78.3, 30.88], [78.32000000000001, 30.88], [78.32000000000001, 30.900000000000002], [78.3, 30.900000000000002], [78.3, 30.88]]]}, "properties": {"zone": "green", "hazard_probability": 0.4481, "grid_id": "G-0587"}}, {"type": "Feature", "geometry": {"type": "Polygon", "coordinates": [[[78.32, 30.88], [78.34, 30.88], [78.34, 30.900000000000002], [78.32, 30.900000000000002], [78.32, 30.88]]]}, "properties": {"zone": "orange", "hazard_probability": 0.6239, "grid_id": "G-0588"}}, {"type": "Feature", "geometry": {"type": "Polygon", "coordinates": [[[78.33999999999999, 30.88], [78.36, 30.88], [78.36, 30.900000000000002], [78.33999999999999, 30.900000000000002], [78.33999999999999, 30.88]]]}, "properties": {"zone": "orange", "hazard_probability": 0.6197, "grid_id": "G-0589"}}, {"type": "Feature", "geometry": {"type": "Polygon", "coordinates": [[[78.36, 30.88], [78.38000000000001, 30.88], [78.38000000000001, 30.900000000000002], [78.36, 30.900000000000002], [78.36, 30.88]]]}, "properties": {"zone": "orange", "hazard_probability": 0.6239, "grid_id": "G-0590"}}, {"type": "Feature", "geometry": {"type": "Polygon", "coordinates": [[[78.38, 30.88], [78.4, 30.88], [78.4, 30.900000000000002], [78.38, 30.900000000000002], [78.38, 30.88]]]}, "properties": {"zone": "orange", "hazard_probability": 0.5897, "grid_id": "G-0591"}}, {"type": "Feature", "geometry": {"type": "Polygon", "coordinates": [[[78.39999999999999, 30.88], [78.42, 30.88], [78.42, 30.900000000000002], [78.39999999999999, 30.900000000000002], [78.39999999999999, 30.88]]]}, "properties": {"zone": "yellow", "hazard_probability": 0.4874, "grid_id": "G-0592"}}, {"type": "Feature", "geometry": {"type": "Polygon", "coordinates": [[[78.42, 30.88], [78.44000000000001, 30.88], [78.44000000000001, 30.900000000000002], [78.42, 30.900000000000002], [78.42, 30.88]]]}, "properties": {"zone": "yellow", "hazard_probability": 0.4927, "grid_id": "G-0593"}}, {"type": "Feature", "geometry": {"type": "Polygon", "coordinates": [[[78.44, 30.88], [78.46000000000001, 30.88], [78.46000000000001, 30.900000000000002], [78.44, 30.900000000000002], [78.44, 30.88]]]}, "properties": {"zone": "green", "hazard_probability": 0.3535, "grid_id": "G-0594"}}, {"type": "Feature", "geometry": {"type": "Polygon", "coordinates": [[[78.46, 30.88], [78.48, 30.88], [78.48, 30.900000000000002], [78.46, 30.900000000000002], [78.46, 30.88]]]}, "properties": {"zone": "red", "hazard_probability": 0.7489, "grid_id": "G-0595"}}, {"type": "Feature", "geometry": {"type": "Polygon", "coordinates": [[[78.47999999999999, 30.88], [78.5, 30.88], [78.5, 30.900000000000002], [78.47999999999999, 30.900000000000002], [78.47999999999999, 30.88]]]}, "properties": {"zone": "yellow", "hazard_probability": 0.5732, "grid_id": "G-0596"}}, {"type": "Feature", "geometry": {"type": "Polygon", "coordinates": [[[78.5, 30.88], [78.52000000000001, 30.88], [78.52000000000001, 30.900000000000002], [78.5, 30.900000000000002], [78.5, 30.88]]]}, "properties": {"zone": "green", "hazard_probability": 0.4365, "grid_id": "G-0597"}}, {"type": "Feature", "geometry": {"type": "Polygon", "coordinates": [[[78.52, 30.88], [78.54, 30.88], [78.54, 30.900000000000002], [78.52, 30.900000000000002], [78.52, 30.88]]]}, "properties": {"zone": "orange", "hazard_probability": 0.5853, "grid_id": "G-0598"}}, {"type": "Feature", "geometry": {"type": "Polygon", "coordinates": [[[78.53999999999999, 30.88], [78.56, 30.88], [78.56, 30.900000000000002], [78.53999999999999, 30.900000000000002], [78.53999999999999, 30.88]]]}, "properties": {"zone": "yellow", "hazard_probability": 0.526, "grid_id": "G-0599"}}, {"type": "Feature", "geometry": {"type": "Polygon", "coordinates": [[[78.55999999999999, 30.88], [78.58, 30.88], [78.58, 30.900000000000002], [78.55999999999999, 30.900000000000002], [78.55999999999999, 30.88]]]}, "properties": {"zone": "green", "hazard_probability": 0.3416, "grid_id": "G-0600"}}, {"type": "Feature", "geometry": {"type": "Polygon", "coordinates": [[[78.58, 30.88], [78.60000000000001, 30.88], [78.60000000000001, 30.900000000000002], [78.58, 30.900000000000002], [78.58, 30.88]]]}, "properties": {"zone": "yellow", "hazard_probability": 0.5732, "grid_id": "G-0601"}}, {"type": "Feature", "geometry": {"type": "Polygon", "coordinates": [[[78.6, 30.88], [78.62, 30.88], [78.62, 30.900000000000002], [78.6, 30.900000000000002], [78.6, 30.88]]]}, "properties": {"zone": "yellow", "hazard_probability": 0.5485, "grid_id": "G-0602"}}, {"type": "Feature", "geometry": {"type": "Polygon", "coordinates": [[[78.61999999999999, 30.88], [78.64, 30.88], [78.64, 30.900000000000002], [78.61999999999999, 30.900000000000002], [78.61999999999999, 30.88]]]}, "properties": {"zone": "orange", "hazard_probability": 0.6415, "grid_id": "G-0603"}}, {"type": "Feature", "geometry": {"type": "Polygon", "coordinates": [[[78.64, 30.88], [78.66000000000001, 30.88], [78.66000000000001, 30.900000000000002], [78.64, 30.900000000000002], [78.64, 30.88]]]}, "properties": {"zone": "red", "hazard_probability": 0.6817, "grid_id": "G-0604"}}, {"type": "Feature", "geometry": {"type": "Polygon", "coordinates": [[[78.66, 30.88], [78.68, 30.88], [78.68, 30.900000000000002], [78.66, 30.900000000000002], [78.66, 30.88]]]}, "properties": {"zone": "yellow", "hazard_probability": 0.558, "grid_id": "G-0605"}}, {"type": "Feature", "geometry": {"type": "Polygon", "coordinates": [[[78.67999999999999, 30.88], [78.7, 30.88], [78.7, 30.900000000000002], [78.67999999999999, 30.900000000000002], [78.67999999999999, 30.88]]]}, "properties": {"zone": "orange", "hazard_probability": 0.634, "grid_id": "G-0606"}}, {"type": "Feature", "geometry": {"type": "Polygon", "coordinates": [[[78.69999999999999, 30.88], [78.72, 30.88], [78.72, 30.900000000000002], [78.69999999999999, 30.900000000000002], [78.69999999999999, 30.88]]]}, "properties": {"zone": "orange", "hazard_probability": 0.6313, "grid_id": "G-0607"}}, {"type": "Feature", "geometry": {"type": "Polygon", "coordinates": [[[78.72, 30.88], [78.74000000000001, 30.88], [78.74000000000001, 30.900000000000002], [78.72, 30.900000000000002], [78.72, 30.88]]]}, "properties": {"zone": "orange", "hazard_probability": 0.5826, "grid_id": "G-0608"}}, {"type": "Feature", "geometry": {"type": "Polygon", "coordinates": [[[78.74, 30.88], [78.76, 30.88], [78.76, 30.900000000000002], [78.74, 30.900000000000002], [78.74, 30.88]]]}, "properties": {"zone": "yellow", "hazard_probability": 0.4941, "grid_id": "G-0609"}}, {"type": "Feature", "geometry": {"type": "Polygon", "coordinates": [[[78.75999999999999, 30.88], [78.78, 30.88], [78.78, 30.900000000000002], [78.75999999999999, 30.900000000000002], [78.75999999999999, 30.88]]]}, "properties": {"zone": "green", "hazard_probability": 0.3059, "grid_id": "G-0610"}}, {"type": "Feature", "geometry": {"type": "Polygon", "coordinates": [[[78.78, 30.88], [78.80000000000001, 30.88], [78.80000000000001, 30.900000000000002], [78.78, 30.900000000000002], [78.78, 30.88]]]}, "properties": {"zone": "yellow", "hazard_probability": 0.5191, "grid_id": "G-0611"}}, {"type": "Feature", "geometry": {"type": "Polygon", "coordinates": [[[78.8, 30.88], [78.82000000000001, 30.88], [78.82000000000001, 30.900000000000002], [78.8, 30.900000000000002], [78.8, 30.88]]]}, "properties": {"zone": "green", "hazard_probability": 0.3477, "grid_id": "G-0612"}}, {"type": "Feature", "geometry": {"type": "Polygon", "coordinates": [[[78.82, 30.88], [78.84, 30.88], [78.84, 30.900000000000002], [78.82, 30.900000000000002], [78.82, 30.88]]]}, "properties": {"zone": "green", "hazard_probability": 0.3018, "grid_id": "G-0613"}}, {"type": "Feature", "geometry": {"type": "Polygon", "coordinates": [[[78.83999999999999, 30.88], [78.86, 30.88], [78.86, 30.900000000000002], [78.83999999999999, 30.900000000000002], [78.83999999999999, 30.88]]]}, "properties": {"zone": "green", "hazard_probability": 0.331, "grid_id": "G-0614"}}, {"type": "Feature", "geometry": {"type": "Polygon", "coordinates": [[[78.86, 30.88], [78.88000000000001, 30.88], [78.88000000000001, 30.900000000000002], [78.86, 30.900000000000002], [78.86, 30.88]]]}, "properties": {"zone": "orange", "hazard_probability": 0.6082, "grid_id": "G-0615"}}, {"type": "Feature", "geometry": {"type": "Polygon", "coordinates": [[[78.88, 30.88], [78.9, 30.88], [78.9, 30.900000000000002], [78.88, 30.900000000000002], [78.88, 30.88]]]}, "properties": {"zone": "green", "hazard_probability": 0.331, "grid_id": "G-0616"}}, {"type": "Feature", "geometry": {"type": "Polygon", "coordinates": [[[78.89999999999999, 30.88], [78.92, 30.88], [78.92, 30.900000000000002], [78.89999999999999, 30.900000000000002], [78.89999999999999, 30.88]]]}, "properties": {"zone": "green", "hazard_probability": 0.331, "grid_id": "G-0617"}}, {"type": "Feature", "geometry": {"type": "Polygon", "coordinates": [[[78.92, 30.88], [78.94000000000001, 30.88], [78.94000000000001, 30.900000000000002], [78.92, 30.900000000000002], [78.92, 30.88]]]}, "properties": {"zone": "green", "hazard_probability": 0.331, "grid_id": "G-0618"}}, {"type": "Feature", "geometry": {"type": "Polygon", "coordinates": [[[78.94, 30.88], [78.96000000000001, 30.88], [78.96000000000001, 30.900000000000002], [78.94, 30.900000000000002], [78.94, 30.88]]]}, "properties": {"zone": "green", "hazard_probability": 0.3018, "grid_id": "G-0619"}}, {"type": "Feature", "geometry": {"type": "Polygon", "coordinates": [[[78.96, 30.88], [78.98, 30.88], [78.98, 30.900000000000002], [78.96, 30.900000000000002], [78.96, 30.88]]]}, "properties": {"zone": "green", "hazard_probability": 0.4352, "grid_id": "G-0620"}}, {"type": "Feature", "geometry": {"type": "Polygon", "coordinates": [[[78.97999999999999, 30.88], [79.0, 30.88], [79.0, 30.900000000000002], [78.97999999999999, 30.900000000000002], [78.97999999999999, 30.88]]]}, "properties": {"zone": "red", "hazard_probability": 0.7328, "grid_id": "G-0621"}}, {"type": "Feature", "geometry": {"type": "Polygon", "coordinates": [[[79.0, 30.88], [79.02000000000001, 30.88], [79.02000000000001, 30.900000000000002], [79.0, 30.900000000000002], [79.0, 30.88]]]}, "properties": {"zone": "green", "hazard_probability": 0.4231, "grid_id": "G-0622"}}, {"type": "Feature", "geometry": {"type": "Polygon", "coordinates": [[[79.02, 30.88], [79.04, 30.88], [79.04, 30.900000000000002], [79.02, 30.900000000000002], [79.02, 30.88]]]}, "properties": {"zone": "green", "hazard_probability": 0.4283, "grid_id": "G-0623"}}, {"type": "Feature", "geometry": {"type": "Polygon", "coordinates": [[[79.03999999999999, 30.88], [79.06, 30.88], [79.06, 30.900000000000002], [79.03999999999999, 30.900000000000002], [79.03999999999999, 30.88]]]}, "properties": {"zone": "green", "hazard_probability": 0.418, "grid_id": "G-0624"}}, {"type": "Feature", "geometry": {"type": "Polygon", "coordinates": [[[78.0, 30.9], [78.02000000000001, 30.9], [78.02000000000001, 30.92], [78.0, 30.92], [78.0, 30.9]]]}, "properties": {"zone": "yellow", "hazard_probability": 0.5331, "grid_id": "G-0625"}}, {"type": "Feature", "geometry": {"type": "Polygon", "coordinates": [[[78.02, 30.9], [78.04, 30.9], [78.04, 30.92], [78.02, 30.92], [78.02, 30.9]]]}, "properties": {"zone": "yellow", "hazard_probability": 0.5276, "grid_id": "G-0626"}}, {"type": "Feature", "geometry": {"type": "Polygon", "coordinates": [[[78.03999999999999, 30.9], [78.06, 30.9], [78.06, 30.92], [78.03999999999999, 30.92], [78.03999999999999, 30.9]]]}, "properties": {"zone": "green", "hazard_probability": 0.4698, "grid_id": "G-0627"}}, {"type": "Feature", "geometry": {"type": "Polygon", "coordinates": [[[78.05999999999999, 30.9], [78.08, 30.9], [78.08, 30.92], [78.05999999999999, 30.92], [78.05999999999999, 30.9]]]}, "properties": {"zone": "yellow", "hazard_probability": 0.5336, "grid_id": "G-0628"}}, {"type": "Feature", "geometry": {"type": "Polygon", "coordinates": [[[78.08, 30.9], [78.10000000000001, 30.9], [78.10000000000001, 30.92], [78.08, 30.92], [78.08, 30.9]]]}, "properties": {"zone": "yellow", "hazard_probability": 0.5247, "grid_id": "G-0629"}}, {"type": "Feature", "geometry": {"type": "Polygon", "coordinates": [[[78.1, 30.9], [78.12, 30.9], [78.12, 30.92], [78.1, 30.92], [78.1, 30.9]]]}, "properties": {"zone": "orange", "hazard_probability": 0.5784, "grid_id": "G-0630"}}, {"type": "Feature", "geometry": {"type": "Polygon", "coordinates": [[[78.11999999999999, 30.9], [78.14, 30.9], [78.14, 30.92], [78.11999999999999, 30.92], [78.11999999999999, 30.9]]]}, "properties": {"zone": "green", "hazard_probability": 0.415, "grid_id": "G-0631"}}, {"type": "Feature", "geometry": {"type": "Polygon", "coordinates": [[[78.14, 30.9], [78.16000000000001, 30.9], [78.16000000000001, 30.92], [78.14, 30.92], [78.14, 30.9]]]}, "properties": {"zone": "orange", "hazard_probability": 0.6421, "grid_id": "G-0632"}}, {"type": "Feature", "geometry": {"type": "Polygon", "coordinates": [[[78.16, 30.9], [78.18, 30.9], [78.18, 30.92], [78.16, 30.92], [78.16, 30.9]]]}, "properties": {"zone": "green", "hazard_probability": 0.4311, "grid_id": "G-0633"}}, {"type": "Feature", "geometry": {"type": "Polygon", "coordinates": [[[78.17999999999999, 30.9], [78.2, 30.9], [78.2, 30.92], [78.17999999999999, 30.92], [78.17999999999999, 30.9]]]}, "properties": {"zone": "red", "hazard_probability": 0.6546, "grid_id": "G-0634"}}, {"type": "Feature", "geometry": {"type": "Polygon", "coordinates": [[[78.19999999999999, 30.9], [78.22, 30.9], [78.22, 30.92], [78.19999999999999, 30.92], [78.19999999999999, 30.9]]]}, "properties": {"zone": "yellow", "hazard_probability": 0.5087, "grid_id": "G-0635"}}, {"type": "Feature", "geometry": {"type": "Polygon", "coordinates": [[[78.22, 30.9], [78.24000000000001, 30.9], [78.24000000000001, 30.92], [78.22, 30.92], [78.22, 30.9]]]}, "properties": {"zone": "yellow", "hazard_probability": 0.4907, "grid_id": "G-0636"}}, {"type": "Feature", "geometry": {"type": "Polygon", "coordinates": [[[78.24, 30.9], [78.26, 30.9], [78.26, 30.92], [78.24, 30.92], [78.24, 30.9]]]}, "properties": {"zone": "orange", "hazard_probability": 0.6358, "grid_id": "G-0637"}}, {"type": "Feature", "geometry": {"type": "Polygon", "coordinates": [[[78.25999999999999, 30.9], [78.28, 30.9], [78.28, 30.92], [78.25999999999999, 30.92], [78.25999999999999, 30.9]]]}, "properties": {"zone": "yellow", "hazard_probability": 0.5396, "grid_id": "G-0638"}}, {"type": "Feature", "geometry": {"type": "Polygon", "coordinates": [[[78.28, 30.9], [78.30000000000001, 30.9], [78.30000000000001, 30.92], [78.28, 30.92], [78.28, 30.9]]]}, "properties": {"zone": "yellow", "hazard_probability": 0.508, "grid_id": "G-0639"}}, {"type": "Feature", "geometry": {"type": "Polygon", "coordinates": [[[78.3, 30.9], [78.32000000000001, 30.9], [78.32000000000001, 30.92], [78.3, 30.92], [78.3, 30.9]]]}, "properties": {"zone": "orange", "hazard_probability": 0.6358, "grid_id": "G-0640"}}, {"type": "Feature", "geometry": {"type": "Polygon", "coordinates": [[[78.32, 30.9], [78.34, 30.9], [78.34, 30.92], [78.32, 30.92], [78.32, 30.9]]]}, "properties": {"zone": "yellow", "hazard_probability": 0.5365, "grid_id": "G-0641"}}, {"type": "Feature", "geometry": {"type": "Polygon", "coordinates": [[[78.33999999999999, 30.9], [78.36, 30.9], [78.36, 30.92], [78.33999999999999, 30.92], [78.33999999999999, 30.9]]]}, "properties": {"zone": "red", "hazard_probability": 0.7584, "grid_id": "G-0642"}}, {"type": "Feature", "geometry": {"type": "Polygon", "coordinates": [[[78.36, 30.9], [78.38000000000001, 30.9], [78.38000000000001, 30.92], [78.36, 30.92], [78.36, 30.9]]]}, "properties": {"zone": "orange", "hazard_probability": 0.5973, "grid_id": "G-0643"}}, {"type": "Feature", "geometry": {"type": "Polygon", "coordinates": [[[78.38, 30.9], [78.4, 30.9], [78.4, 30.92], [78.38, 30.92], [78.38, 30.9]]]}, "properties": {"zone": "orange", "hazard_probability": 0.587, "grid_id": "G-0644"}}, {"type": "Feature", "geometry": {"type": "Polygon", "coordinates": [[[78.39999999999999, 30.9], [78.42, 30.9], [78.42, 30.92], [78.39999999999999, 30.92], [78.39999999999999, 30.9]]]}, "properties": {"zone": "yellow", "hazard_probability": 0.5331, "grid_id": "G-0645"}}, {"type": "Feature", "geometry": {"type": "Polygon", "coordinates": [[[78.42, 30.9], [78.44000000000001, 30.9], [78.44000000000001, 30.92], [78.42, 30.92], [78.42, 30.9]]]}, "properties": {"zone": "yellow", "hazard_probability": 0.5331, "grid_id": "G-0646"}}, {"type": "Feature", "geometry": {"type": "Polygon", "coordinates": [[[78.44, 30.9], [78.46000000000001, 30.9], [78.46000000000001, 30.92], [78.44, 30.92], [78.44, 30.9]]]}, "properties": {"zone": "yellow", "hazard_probability": 0.5396, "grid_id": "G-0647"}}, {"type": "Feature", "geometry": {"type": "Polygon", "coordinates": [[[78.46, 30.9], [78.48, 30.9], [78.48, 30.92], [78.46, 30.92], [78.46, 30.9]]]}, "properties": {"zone": "green", "hazard_probability": 0.4527, "grid_id": "G-0648"}}, {"type": "Feature", "geometry": {"type": "Polygon", "coordinates": [[[78.47999999999999, 30.9], [78.5, 30.9], [78.5, 30.92], [78.47999999999999, 30.92], [78.47999999999999, 30.9]]]}, "properties": {"zone": "yellow", "hazard_probability": 0.517, "grid_id": "G-0649"}}, {"type": "Feature", "geometry": {"type": "Polygon", "coordinates": [[[78.5, 30.9], [78.52000000000001, 30.9], [78.52000000000001, 30.92], [78.5, 30.92], [78.5, 30.9]]]}, "properties": {"zone": "yellow", "hazard_probability": 0.4929, "grid_id": "G-0650"}}, {"type": "Feature", "geometry": {"type": "Polygon", "coordinates": [[[78.52, 30.9], [78.54, 30.9], [78.54, 30.92], [78.52, 30.92], [78.52, 30.9]]]}, "properties": {"zone": "yellow", "hazard_probability": 0.5356, "grid_id": "G-0651"}}, {"type": "Feature", "geometry": {"type": "Polygon", "coordinates": [[[78.53999999999999, 30.9], [78.56, 30.9], [78.56, 30.92], [78.53999999999999, 30.92], [78.53999999999999, 30.9]]]}, "properties": {"zone": "yellow", "hazard_probability": 0.4927, "grid_id": "G-0652"}}, {"type": "Feature", "geometry": {"type": "Polygon", "coordinates": [[[78.55999999999999, 30.9], [78.58, 30.9], [78.58, 30.92], [78.55999999999999, 30.92], [78.55999999999999, 30.9]]]}, "properties": {"zone": "orange", "hazard_probability": 0.6415, "grid_id": "G-0653"}}, {"type": "Feature", "geometry": {"type": "Polygon", "coordinates": [[[78.58, 30.9], [78.60000000000001, 30.9], [78.60000000000001, 30.92], [78.58, 30.92], [78.58, 30.9]]]}, "properties": {"zone": "yellow", "hazard_probability": 0.4958, "grid_id": "G-0654"}}, {"type": "Feature", "geometry": {"type": "Polygon", "coordinates": [[[78.6, 30.9], [78.62, 30.9], [78.62, 30.92], [78.6, 30.92], [78.6, 30.9]]]}, "properties": {"zone": "yellow", "hazard_probability": 0.4911, "grid_id": "G-0655"}}, {"type": "Feature", "geometry": {"type": "Polygon", "coordinates": [[[78.61999999999999, 30.9], [78.64, 30.9], [78.64, 30.92], [78.61999999999999, 30.92], [78.61999999999999, 30.9]]]}, "properties": {"zone": "green", "hazard_probability": 0.3399, "grid_id": "G-0656"}}, {"type": "Feature", "geometry": {"type": "Polygon", "coordinates": [[[78.64, 30.9], [78.66000000000001, 30.9], [78.66000000000001, 30.92], [78.64, 30.92], [78.64, 30.9]]]}, "properties": {"zone": "orange", "hazard_probability": 0.6311, "grid_id": "G-0657"}}, {"type": "Feature", "geometry": {"type": "Polygon", "coordinates": [[[78.66, 30.9], [78.68, 30.9], [78.68, 30.92], [78.66, 30.92], [78.66, 30.9]]]}, "properties": {"zone": "orange", "hazard_probability": 0.6467, "grid_id": "G-0658"}}, {"type": "Feature", "geometry": {"type": "Polygon", "coordinates": [[[78.67999999999999, 30.9], [78.7, 30.9], [78.7, 30.92], [78.67999999999999, 30.92], [78.67999999999999, 30.9]]]}, "properties": {"zone": "orange", "hazard_probability": 0.6406, "grid_id": "G-0659"}}, {"type": "Feature", "geometry": {"type": "Polygon", "coordinates": [[[78.69999999999999, 30.9], [78.72, 30.9], [78.72, 30.92], [78.69999999999999, 30.92], [78.69999999999999, 30.9]]]}, "properties": {"zone": "orange", "hazard_probability": 0.5757, "grid_id": "G-0660"}}, {"type": "Feature", "geometry": {"type": "Polygon", "coordinates": [[[78.72, 30.9], [78.74000000000001, 30.9], [78.74000000000001, 30.92], [78.72, 30.92], [78.72, 30.9]]]}, "properties": {"zone": "orange", "hazard_probability": 0.5813, "grid_id": "G-0661"}}, {"type": "Feature", "geometry": {"type": "Polygon", "coordinates": [[[78.74, 30.9], [78.76, 30.9], [78.76, 30.92], [78.74, 30.92], [78.74, 30.9]]]}, "properties": {"zone": "yellow", "hazard_probability": 0.4978, "grid_id": "G-0662"}}, {"type": "Feature", "geometry": {"type": "Polygon", "coordinates": [[[78.75999999999999, 30.9], [78.78, 30.9], [78.78, 30.92], [78.75999999999999, 30.92], [78.75999999999999, 30.9]]]}, "properties": {"zone": "green", "hazard_probability": 0.3399, "grid_id": "G-0663"}}, {"type": "Feature", "geometry": {"type": "Polygon", "coordinates": [[[78.78, 30.9], [78.80000000000001, 30.9], [78.80000000000001, 30.92], [78.78, 30.92], [78.78, 30.9]]]}, "properties": {"zone": "green", "hazard_probability": 0.3573, "grid_id": "G-0664"}}, {"type": "Feature", "geometry": {"type": "Polygon", "coordinates": [[[78.8, 30.9], [78.82000000000001, 30.9], [78.82000000000001, 30.92], [78.8, 30.92], [78.8, 30.9]]]}, "properties": {"zone": "green", "hazard_probability": 0.4207, "grid_id": "G-0665"}}, {"type": "Feature", "geometry": {"type": "Polygon", "coordinates": [[[78.82, 30.9], [78.84, 30.9], [78.84, 30.92], [78.82, 30.92], [78.82, 30.9]]]}, "properties": {"zone": "green", "hazard_probability": 0.4352, "grid_id": "G-0666"}}, {"type": "Feature", "geometry": {"type": "Polygon", "coordinates": [[[78.83999999999999, 30.9], [78.86, 30.9], [78.86, 30.92], [78.83999999999999, 30.92], [78.83999999999999, 30.9]]]}, "properties": {"zone": "red", "hazard_probability": 0.7328, "grid_id": "G-0667"}}, {"type": "Feature", "geometry": {"type": "Polygon", "coordinates": [[[78.86, 30.9], [78.88000000000001, 30.9], [78.88000000000001, 30.92], [78.86, 30.92], [78.86, 30.9]]]}, "properties": {"zone": "yellow", "hazard_probability": 0.5191, "grid_id": "G-0668"}}, {"type": "Feature", "geometry": {"type": "Polygon", "coordinates": [[[78.88, 30.9], [78.9, 30.9], [78.9, 30.92], [78.88, 30.92], [78.88, 30.9]]]}, "properties": {"zone": "green", "hazard_probability": 0.4352, "grid_id": "G-0669"}}, {"type": "Feature", "geometry": {"type": "Polygon", "coordinates": [[[78.89999999999999, 30.9], [78.92, 30.9], [78.92, 30.92], [78.89999999999999, 30.92], [78.89999999999999, 30.9]]]}, "properties": {"zone": "green", "hazard_probability": 0.3516, "grid_id": "G-0670"}}, {"type": "Feature", "geometry": {"type": "Polygon", "coordinates": [[[78.92, 30.9], [78.94000000000001, 30.9], [78.94000000000001, 30.92], [78.92, 30.92], [78.92, 30.9]]]}, "properties": {"zone": "red", "hazard_probability": 0.6724, "grid_id": "G-0671"}}, {"type": "Feature", "geometry": {"type": "Polygon", "coordinates": [[[78.94, 30.9], [78.96000000000001, 30.9], [78.96000000000001, 30.92], [78.94, 30.92], [78.94, 30.9]]]}, "properties": {"zone": "green", "hazard_probability": 0.3059, "grid_id": "G-0672"}}, {"type": "Feature", "geometry": {"type": "Polygon", "coordinates": [[[78.96, 30.9], [78.98, 30.9], [78.98, 30.92], [78.96, 30.92], [78.96, 30.9]]]}, "properties": {"zone": "green", "hazard_probability": 0.3516, "grid_id": "G-0673"}}, {"type": "Feature", "geometry": {"type": "Polygon", "coordinates": [[[78.97999999999999, 30.9], [79.0, 30.9], [79.0, 30.92], [78.97999999999999, 30.92], [78.97999999999999, 30.9]]]}, "properties": {"zone": "red", "hazard_probability": 0.7328, "grid_id": "G-0674"}}, {"type": "Feature", "geometry": {"type": "Polygon", "coordinates": [[[79.0, 30.9], [79.02000000000001, 30.9], [79.02000000000001, 30.92], [79.0, 30.92], [79.0, 30.9]]]}, "properties": {"zone": "green", "hazard_probability": 0.4231, "grid_id": "G-0675"}}, {"type": "Feature", "geometry": {"type": "Polygon", "coordinates": [[[79.02, 30.9], [79.04, 30.9], [79.04, 30.92], [79.02, 30.92], [79.02, 30.9]]]}, "properties": {"zone": "green", "hazard_probability": 0.4231, "grid_id": "G-0676"}}, {"type": "Feature", "geometry": {"type": "Polygon", "coordinates": [[[79.03999999999999, 30.9], [79.06, 30.9], [79.06, 30.92], [79.03999999999999, 30.92], [79.03999999999999, 30.9]]]}, "properties": {"zone": "green", "hazard_probability": 0.4231, "grid_id": "G-0677"}}, {"type": "Feature", "geometry": {"type": "Polygon", "coordinates": [[[78.0, 30.919999999999998], [78.02000000000001, 30.919999999999998], [78.02000000000001, 30.94], [78.0, 30.94], [78.0, 30.919999999999998]]]}, "properties": {"zone": "yellow", "hazard_probability": 0.5404, "grid_id": "G-0678"}}, {"type": "Feature", "geometry": {"type": "Polygon", "coordinates": [[[78.02, 30.919999999999998], [78.04, 30.919999999999998], [78.04, 30.94], [78.02, 30.94], [78.02, 30.919999999999998]]]}, "properties": {"zone": "yellow", "hazard_probability": 0.5221, "grid_id": "G-0679"}}, {"type": "Feature", "geometry": {"type": "Polygon", "coordinates": [[[78.03999999999999, 30.919999999999998], [78.06, 30.919999999999998], [78.06, 30.94], [78.03999999999999, 30.94], [78.03999999999999, 30.919999999999998]]]}, "properties": {"zone": "green", "hazard_probability": 0.4341, "grid_id": "G-0680"}}, {"type": "Feature", "geometry": {"type": "Polygon", "coordinates": [[[78.05999999999999, 30.919999999999998], [78.08, 30.919999999999998], [78.08, 30.94], [78.05999999999999, 30.94], [78.05999999999999, 30.919999999999998]]]}, "properties": {"zone": "yellow", "hazard_probability": 0.5219, "grid_id": "G-0681"}}, {"type": "Feature", "geometry": {"type": "Polygon", "coordinates": [[[78.08, 30.919999999999998], [78.10000000000001, 30.919999999999998], [78.10000000000001, 30.94], [78.08, 30.94], [78.08, 30.919999999999998]]]}, "properties": {"zone": "orange", "hazard_probability": 0.6029, "grid_id": "G-0682"}}, {"type": "Feature", "geometry": {"type": "Polygon", "coordinates": [[[78.1, 30.919999999999998], [78.12, 30.919999999999998], [78.12, 30.94], [78.1, 30.94], [78.1, 30.919999999999998]]]}, "properties": {"zone": "yellow", "hazard_probability": 0.5245, "grid_id": "G-0683"}}, {"type": "Feature", "geometry": {"type": "Polygon", "coordinates": [[[78.11999999999999, 30.919999999999998], [78.14, 30.919999999999998], [78.14, 30.94], [78.11999999999999, 30.94], [78.11999999999999, 30.919999999999998]]]}, "properties": {"zone": "green", "hazard_probability": 0.4487, "grid_id": "G-0684"}}, {"type": "Feature", "geometry": {"type": "Polygon", "coordinates": [[[78.14, 30.919999999999998], [78.16000000000001, 30.919999999999998], [78.16000000000001, 30.94], [78.14, 30.94], [78.14, 30.919999999999998]]]}, "properties": {"zone": "orange", "hazard_probability": 0.6319, "grid_id": "G-0685"}}, {"type": "Feature", "geometry": {"type": "Polygon", "coordinates": [[[78.16, 30.919999999999998], [78.18, 30.919999999999998], [78.18, 30.94], [78.16, 30.94], [78.16, 30.919999999999998]]]}, "properties": {"zone": "yellow", "hazard_probability": 0.5431, "grid_id": "G-0686"}}, {"type": "Feature", "geometry": {"type": "Polygon", "coordinates": [[[78.17999999999999, 30.919999999999998], [78.2, 30.919999999999998], [78.2, 30.94], [78.17999999999999, 30.94], [78.17999999999999, 30.919999999999998]]]}, "properties": {"zone": "green", "hazard_probability": 0.4138, "grid_id": "G-0687"}}, {"type": "Feature", "geometry": {"type": "Polygon", "coordinates": [[[78.19999999999999, 30.919999999999998], [78.22, 30.919999999999998], [78.22, 30.94], [78.19999999999999, 30.94], [78.19999999999999, 30.919999999999998]]]}, "properties": {"zone": "yellow", "hazard_probability": 0.5003, "grid_id": "G-0688"}}, {"type": "Feature", "geometry": {"type": "Polygon", "coordinates": [[[78.22, 30.919999999999998], [78.24000000000001, 30.919999999999998], [78.24000000000001, 30.94], [78.22, 30.94], [78.22, 30.919999999999998]]]}, "properties": {"zone": "orange", "hazard_probability": 0.585, "grid_id": "G-0689"}}, {"type": "Feature", "geometry": {"type": "Polygon", "coordinates": [[[78.24, 30.919999999999998], [78.26, 30.919999999999998], [78.26, 30.94], [78.24, 30.94], [78.24, 30.919999999999998]]]}, "properties": {"zone": "orange", "hazard_probability": 0.5942, "grid_id": "G-0690"}}, {"type": "Feature", "geometry": {"type": "Polygon", "coordinates": [[[78.25999999999999, 30.919999999999998], [78.28, 30.919999999999998], [78.28, 30.94], [78.25999999999999, 30.94], [78.25999999999999, 30.919999999999998]]]}, "properties": {"zone": "orange", "hazard_probability": 0.592, "grid_id": "G-0691"}}, {"type": "Feature", "geometry": {"type": "Polygon", "coordinates": [[[78.28, 30.919999999999998], [78.30000000000001, 30.919999999999998], [78.30000000000001, 30.94], [78.28, 30.94], [78.28, 30.919999999999998]]]}, "properties": {"zone": "orange", "hazard_probability": 0.6393, "grid_id": "G-0692"}}, {"type": "Feature", "geometry": {"type": "Polygon", "coordinates": [[[78.3, 30.919999999999998], [78.32000000000001, 30.919999999999998], [78.32000000000001, 30.94], [78.3, 30.94], [78.3, 30.919999999999998]]]}, "properties": {"zone": "orange", "hazard_probability": 0.6393, "grid_id": "G-0693"}}, {"type": "Feature", "geometry": {"type": "Polygon", "coordinates": [[[78.32, 30.919999999999998], [78.34, 30.919999999999998], [78.34, 30.94], [78.32, 30.94], [78.32, 30.919999999999998]]]}, "properties": {"zone": "red", "hazard_probability": 0.7592, "grid_id": "G-0694"}}, {"type": "Feature", "geometry": {"type": "Polygon", "coordinates": [[[78.33999999999999, 30.919999999999998], [78.36, 30.919999999999998], [78.36, 30.94], [78.33999999999999, 30.94], [78.33999999999999, 30.919999999999998]]]}, "properties": {"zone": "yellow", "hazard_probability": 0.4927, "grid_id": "G-0695"}}, {"type": "Feature", "geometry": {"type": "Polygon", "coordinates": [[[78.36, 30.919999999999998], [78.38000000000001, 30.919999999999998], [78.38000000000001, 30.94], [78.36, 30.94], [78.36, 30.919999999999998]]]}, "properties": {"zone": "orange", "hazard_probability": 0.6319, "grid_id": "G-0696"}}, {"type": "Feature", "geometry": {"type": "Polygon", "coordinates": [[[78.38, 30.919999999999998], [78.4, 30.919999999999998], [78.4, 30.94], [78.38, 30.94], [78.38, 30.919999999999998]]]}, "properties": {"zone": "red", "hazard_probability": 0.7568, "grid_id": "G-0697"}}, {"type": "Feature", "geometry": {"type": "Polygon", "coordinates": [[[78.39999999999999, 30.919999999999998], [78.42, 30.919999999999998], [78.42, 30.94], [78.39999999999999, 30.94], [78.39999999999999, 30.919999999999998]]]}, "properties": {"zone": "orange", "hazard_probability": 0.605, "grid_id": "G-0698"}}, {"type": "Feature", "geometry": {"type": "Polygon", "coordinates": [[[78.42, 30.919999999999998], [78.44000000000001, 30.919999999999998], [78.44000000000001, 30.94], [78.42, 30.94], [78.42, 30.919999999999998]]]}, "properties": {"zone": "yellow", "hazard_probability": 0.5017, "grid_id": "G-0699"}}, {"type": "Feature", "geometry": {"type": "Polygon", "coordinates": [[[78.44, 30.919999999999998], [78.46000000000001, 30.919999999999998], [78.46000000000001, 30.94], [78.44, 30.94], [78.44, 30.919999999999998]]]}, "properties": {"zone": "yellow", "hazard_probability": 0.5698, "grid_id": "G-0700"}}, {"type": "Feature", "geometry": {"type": "Polygon", "coordinates": [[[78.46, 30.919999999999998], [78.48, 30.919999999999998], [78.48, 30.94], [78.46, 30.94], [78.46, 30.919999999999998]]]}, "properties": {"zone": "yellow", "hazard_probability": 0.548, "grid_id": "G-0701"}}, {"type": "Feature", "geometry": {"type": "Polygon", "coordinates": [[[78.47999999999999, 30.919999999999998], [78.5, 30.919999999999998], [78.5, 30.94], [78.47999999999999, 30.94], [78.47999999999999, 30.919999999999998]]]}, "properties": {"zone": "orange", "hazard_probability": 0.5983, "grid_id": "G-0702"}}, {"type": "Feature", "geometry": {"type": "Polygon", "coordinates": [[[78.5, 30.919999999999998], [78.52000000000001, 30.919999999999998], [78.52000000000001, 30.94], [78.5, 30.94], [78.5, 30.919999999999998]]]}, "properties": {"zone": "yellow", "hazard_probability": 0.4888, "grid_id": "G-0703"}}, {"type": "Feature", "geometry": {"type": "Polygon", "coordinates": [[[78.52, 30.919999999999998], [78.54, 30.919999999999998], [78.54, 30.94], [78.52, 30.94], [78.52, 30.919999999999998]]]}, "properties": {"zone": "yellow", "hazard_probability": 0.5356, "grid_id": "G-0704"}}, {"type": "Feature", "geometry": {"type": "Polygon", "coordinates": [[[78.53999999999999, 30.919999999999998], [78.56, 30.919999999999998], [78.56, 30.94], [78.53999999999999, 30.94], [78.53999999999999, 30.919999999999998]]]}, "properties": {"zone": "yellow", "hazard_probability": 0.4871, "grid_id": "G-0705"}}, {"type": "Feature", "geometry": {"type": "Polygon", "coordinates": [[[78.55999999999999, 30.919999999999998], [78.58, 30.919999999999998], [78.58, 30.94], [78.55999999999999, 30.94], [78.55999999999999, 30.919999999999998]]]}, "properties": {"zone": "yellow", "hazard_probability": 0.5356, "grid_id": "G-0706"}}, {"type": "Feature", "geometry": {"type": "Polygon", "coordinates": [[[78.58, 30.919999999999998], [78.60000000000001, 30.919999999999998], [78.60000000000001, 30.94], [78.58, 30.94], [78.58, 30.919999999999998]]]}, "properties": {"zone": "green", "hazard_probability": 0.3434, "grid_id": "G-0707"}}, {"type": "Feature", "geometry": {"type": "Polygon", "coordinates": [[[78.6, 30.919999999999998], [78.62, 30.919999999999998], [78.62, 30.94], [78.6, 30.94], [78.6, 30.919999999999998]]]}, "properties": {"zone": "green", "hazard_probability": 0.4047, "grid_id": "G-0708"}}, {"type": "Feature", "geometry": {"type": "Polygon", "coordinates": [[[78.61999999999999, 30.919999999999998], [78.64, 30.919999999999998], [78.64, 30.94], [78.61999999999999, 30.94], [78.61999999999999, 30.919999999999998]]]}, "properties": {"zone": "yellow", "hazard_probability": 0.5274, "grid_id": "G-0709"}}, {"type": "Feature", "geometry": {"type": "Polygon", "coordinates": [[[78.64, 30.919999999999998], [78.66000000000001, 30.919999999999998], [78.66000000000001, 30.94], [78.64, 30.94], [78.64, 30.919999999999998]]]}, "properties": {"zone": "orange", "hazard_probability": 0.5927, "grid_id": "G-0710"}}, {"type": "Feature", "geometry": {"type": "Polygon", "coordinates": [[[78.66, 30.919999999999998], [78.68, 30.919999999999998], [78.68, 30.94], [78.66, 30.94], [78.66, 30.919999999999998]]]}, "properties": {"zone": "orange", "hazard_probability": 0.6406, "grid_id": "G-0711"}}, {"type": "Feature", "geometry": {"type": "Polygon", "coordinates": [[[78.67999999999999, 30.919999999999998], [78.7, 30.919999999999998], [78.7, 30.94], [78.67999999999999, 30.94], [78.67999999999999, 30.919999999999998]]]}, "properties": {"zone": "orange", "hazard_probability": 0.6406, "grid_id": "G-0712"}}, {"type": "Feature", "geometry": {"type": "Polygon", "coordinates": [[[78.69999999999999, 30.919999999999998], [78.72, 30.919999999999998], [78.72, 30.94], [78.69999999999999, 30.94], [78.69999999999999, 30.919999999999998]]]}, "properties": {"zone": "orange", "hazard_probability": 0.5757, "grid_id": "G-0713"}}, {"type": "Feature", "geometry": {"type": "Polygon", "coordinates": [[[78.72, 30.919999999999998], [78.74000000000001, 30.919999999999998], [78.74000000000001, 30.94], [78.72, 30.94], [78.72, 30.919999999999998]]]}, "properties": {"zone": "yellow", "hazard_probability": 0.4911, "grid_id": "G-0714"}}, {"type": "Feature", "geometry": {"type": "Polygon", "coordinates": [[[78.74, 30.919999999999998], [78.76, 30.919999999999998], [78.76, 30.94], [78.74, 30.94], [78.74, 30.919999999999998]]]}, "properties": {"zone": "yellow", "hazard_probability": 0.4958, "grid_id": "G-0715"}}, {"type": "Feature", "geometry": {"type": "Polygon", "coordinates": [[[78.75999999999999, 30.919999999999998], [78.78, 30.919999999999998], [78.78, 30.94], [78.75999999999999, 30.94], [78.75999999999999, 30.919999999999998]]]}, "properties": {"zone": "green", "hazard_probability": 0.3935, "grid_id": "G-0716"}}, {"type": "Feature", "geometry": {"type": "Polygon", "coordinates": [[[78.78, 30.919999999999998], [78.80000000000001, 30.919999999999998], [78.80000000000001, 30.94], [78.78, 30.94], [78.78, 30.919999999999998]]]}, "properties": {"zone": "green", "hazard_probability": 0.3935, "grid_id": "G-0717"}}, {"type": "Feature", "geometry": {"type": "Polygon", "coordinates": [[[78.8, 30.919999999999998], [78.82000000000001, 30.919999999999998], [78.82000000000001, 30.94], [78.8, 30.94], [78.8, 30.919999999999998]]]}, "properties": {"zone": "orange", "hazard_probability": 0.6139, "grid_id": "G-0718"}}, {"type": "Feature", "geometry": {"type": "Polygon", "coordinates": [[[78.82, 30.919999999999998], [78.84, 30.919999999999998], [78.84, 30.94], [78.82, 30.94], [78.82, 30.919999999999998]]]}, "properties": {"zone": "red", "hazard_probability": 0.7328, "grid_id": "G-0719"}}, {"type": "Feature", "geometry": {"type": "Polygon", "coordinates": [[[78.83999999999999, 30.919999999999998], [78.86, 30.919999999999998], [78.86, 30.94], [78.83999999999999, 30.94], [78.83999999999999, 30.919999999999998]]]}, "properties": {"zone": "yellow", "hazard_probability": 0.5191, "grid_id": "G-0720"}}, {"type": "Feature", "geometry": {"type": "Polygon", "coordinates": [[[78.86, 30.919999999999998], [78.88000000000001, 30.919999999999998], [78.88000000000001, 30.94], [78.86, 30.94], [78.86, 30.919999999999998]]]}, "properties": {"zone": "orange", "hazard_probability": 0.6105, "grid_id": "G-0721"}}, {"type": "Feature", "geometry": {"type": "Polygon", "coordinates": [[[78.88, 30.919999999999998], [78.9, 30.919999999999998], [78.9, 30.94], [78.88, 30.94], [78.88, 30.919999999999998]]]}, "properties": {"zone": "yellow", "hazard_probability": 0.5751, "grid_id": "G-0722"}}, {"type": "Feature", "geometry": {"type": "Polygon", "coordinates": [[[78.89999999999999, 30.919999999999998], [78.92, 30.919999999999998], [78.92, 30.94], [78.89999999999999, 30.94], [78.89999999999999, 30.919999999999998]]]}, "properties": {"zone": "yellow", "hazard_probability": 0.4909, "grid_id": "G-0723"}}, {"type": "Feature", "geometry": {"type": "Polygon", "coordinates": [[[78.92, 30.919999999999998], [78.94000000000001, 30.919999999999998], [78.94000000000001, 30.94], [78.92, 30.94], [78.92, 30.919999999999998]]]}, "properties": {"zone": "orange", "hazard_probability": 0.6105, "grid_id": "G-0724"}}, {"type": "Feature", "geometry": {"type": "Polygon", "coordinates": [[[78.94, 30.919999999999998], [78.96000000000001, 30.919999999999998], [78.96000000000001, 30.94], [78.94, 30.94], [78.94, 30.919999999999998]]]}, "properties": {"zone": "yellow", "hazard_probability": 0.4909, "grid_id": "G-0725"}}, {"type": "Feature", "geometry": {"type": "Polygon", "coordinates": [[[78.96, 30.919999999999998], [78.98, 30.919999999999998], [78.98, 30.94], [78.96, 30.94], [78.96, 30.919999999999998]]]}, "properties": {"zone": "orange", "hazard_probability": 0.6105, "grid_id": "G-0726"}}, {"type": "Feature", "geometry": {"type": "Polygon", "coordinates": [[[78.97999999999999, 30.919999999999998], [79.0, 30.919999999999998], [79.0, 30.94], [78.97999999999999, 30.94], [78.97999999999999, 30.919999999999998]]]}, "properties": {"zone": "orange", "hazard_probability": 0.6105, "grid_id": "G-0727"}}, {"type": "Feature", "geometry": {"type": "Polygon", "coordinates": [[[79.0, 30.919999999999998], [79.02000000000001, 30.919999999999998], [79.02000000000001, 30.94], [79.0, 30.94], [79.0, 30.919999999999998]]]}, "properties": {"zone": "green", "hazard_probability": 0.4414, "grid_id": "G-0728"}}, {"type": "Feature", "geometry": {"type": "Polygon", "coordinates": [[[79.02, 30.919999999999998], [79.04, 30.919999999999998], [79.04, 30.94], [79.02, 30.94], [79.02, 30.919999999999998]]]}, "properties": {"zone": "yellow", "hazard_probability": 0.5147, "grid_id": "G-0729"}}, {"type": "Feature", "geometry": {"type": "Polygon", "coordinates": [[[79.03999999999999, 30.919999999999998], [79.06, 30.919999999999998], [79.06, 30.94], [79.03999999999999, 30.94], [79.03999999999999, 30.919999999999998]]]}, "properties": {"zone": "green", "hazard_probability": 0.4231, "grid_id": "G-0730"}}, {"type": "Feature", "geometry": {"type": "Polygon", "coordinates": [[[78.0, 30.939999999999998], [78.02000000000001, 30.939999999999998], [78.02000000000001, 30.96], [78.0, 30.96], [78.0, 30.939999999999998]]]}, "properties": {"zone": "green", "hazard_probability": 0.4396, "grid_id": "G-0731"}}, {"type": "Feature", "geometry": {"type": "Polygon", "coordinates": [[[78.02, 30.939999999999998], [78.04, 30.939999999999998], [78.04, 30.96], [78.02, 30.96], [78.02, 30.939999999999998]]]}, "properties": {"zone": "green", "hazard_probability": 0.4341, "grid_id": "G-0732"}}, {"type": "Feature", "geometry": {"type": "Polygon", "coordinates": [[[78.03999999999999, 30.939999999999998], [78.06, 30.939999999999998], [78.06, 30.96], [78.03999999999999, 30.96], [78.03999999999999, 30.939999999999998]]]}, "properties": {"zone": "green", "hazard_probability": 0.3919, "grid_id": "G-0733"}}, {"type": "Feature", "geometry": {"type": "Polygon", "coordinates": [[[78.05999999999999, 30.939999999999998], [78.08, 30.939999999999998], [78.08, 30.96], [78.05999999999999, 30.96], [78.05999999999999, 30.939999999999998]]]}, "properties": {"zone": "orange", "hazard_probability": 0.6022, "grid_id": "G-0734"}}, {"type": "Feature", "geometry": {"type": "Polygon", "coordinates": [[[78.08, 30.939999999999998], [78.10000000000001, 30.939999999999998], [78.10000000000001, 30.96], [78.08, 30.96], [78.08, 30.939999999999998]]]}, "properties": {"zone": "yellow", "hazard_probability": 0.4979, "grid_id": "G-0735"}}, {"type": "Feature", "geometry": {"type": "Polygon", "coordinates": [[[78.1, 30.939999999999998], [78.12, 30.939999999999998], [78.12, 30.96], [78.1, 30.96], [78.1, 30.939999999999998]]]}, "properties": {"zone": "yellow", "hazard_probability": 0.5311, "grid_id": "G-0736"}}, {"type": "Feature", "geometry": {"type": "Polygon", "coordinates": [[[78.11999999999999, 30.939999999999998], [78.14, 30.939999999999998], [78.14, 30.96], [78.11999999999999, 30.96], [78.11999999999999, 30.939999999999998]]]}, "properties": {"zone": "yellow", "hazard_probability": 0.4885, "grid_id": "G-0737"}}, {"type": "Feature", "geometry": {"type": "Polygon", "coordinates": [[[78.14, 30.939999999999998], [78.16000000000001, 30.939999999999998], [78.16000000000001, 30.96], [78.14, 30.96], [78.14, 30.939999999999998]]]}, "properties": {"zone": "yellow", "hazard_probability": 0.5592, "grid_id": "G-0738"}}, {"type": "Feature", "geometry": {"type": "Polygon", "coordinates": [[[78.16, 30.939999999999998], [78.18, 30.939999999999998], [78.18, 30.96], [78.16, 30.96], [78.16, 30.939999999999998]]]}, "properties": {"zone": "orange", "hazard_probability": 0.583, "grid_id": "G-0739"}}, {"type": "Feature", "geometry": {"type": "Polygon", "coordinates": [[[78.17999999999999, 30.939999999999998], [78.2, 30.939999999999998], [78.2, 30.96], [78.17999999999999, 30.96], [78.17999999999999, 30.939999999999998]]]}, "properties": {"zone": "orange", "hazard_probability": 0.5932, "grid_id": "G-0740"}}, {"type": "Feature", "geometry": {"type": "Polygon", "coordinates": [[[78.19999999999999, 30.939999999999998], [78.22, 30.939999999999998], [78.22, 30.96], [78.19999999999999, 30.96], [78.19999999999999, 30.939999999999998]]]}, "properties": {"zone": "green", "hazard_probability": 0.4497, "grid_id": "G-0741"}}, {"type": "Feature", "geometry": {"type": "Polygon", "coordinates": [[[78.22, 30.939999999999998], [78.24000000000001, 30.939999999999998], [78.24000000000001, 30.96], [78.22, 30.96], [78.22, 30.939999999999998]]]}, "properties": {"zone": "yellow", "hazard_probability": 0.5221, "grid_id": "G-0742"}}, {"type": "Feature", "geometry": {"type": "Polygon", "coordinates": [[[78.24, 30.939999999999998], [78.26, 30.939999999999998], [78.26, 30.96], [78.24, 30.96], [78.24, 30.939999999999998]]]}, "properties": {"zone": "orange", "hazard_probability": 0.6358, "grid_id": "G-0743"}}, {"type": "Feature", "geometry": {"type": "Polygon", "coordinates": [[[78.25999999999999, 30.939999999999998], [78.28, 30.939999999999998], [78.28, 30.96], [78.25999999999999, 30.96], [78.25999999999999, 30.939999999999998]]]}, "properties": {"zone": "green", "hazard_probability": 0.4467, "grid_id": "G-0744"}}, {"type": "Feature", "geometry": {"type": "Polygon", "coordinates": [[[78.28, 30.939999999999998], [78.30000000000001, 30.939999999999998], [78.30000000000001, 30.96], [78.28, 30.96], [78.28, 30.939999999999998]]]}, "properties": {"zone": "orange", "hazard_probability": 0.6133, "grid_id": "G-0745"}}, {"type": "Feature", "geometry": {"type": "Polygon", "coordinates": [[[78.3, 30.939999999999998], [78.32000000000001, 30.939999999999998], [78.32000000000001, 30.96], [78.3, 30.96], [78.3, 30.939999999999998]]]}, "properties": {"zone": "red", "hazard_probability": 0.6546, "grid_id": "G-0746"}}, {"type": "Feature", "geometry": {"type": "Polygon", "coordinates": [[[78.32, 30.939999999999998], [78.34, 30.939999999999998], [78.34, 30.96], [78.32, 30.96], [78.32, 30.939999999999998]]]}, "properties": {"zone": "orange", "hazard_probability": 0.6364, "grid_id": "G-0747"}}, {"type": "Feature", "geometry": {"type": "Polygon", "coordinates": [[[78.33999999999999, 30.939999999999998], [78.36, 30.939999999999998], [78.36, 30.96], [78.33999999999999, 30.96], [78.33999999999999, 30.939999999999998]]]}, "properties": {"zone": "yellow", "hazard_probability": 0.5748, "grid_id": "G-0748"}}, {"type": "Feature", "geometry": {"type": "Polygon", "coordinates": [[[78.36, 30.939999999999998], [78.38000000000001, 30.939999999999998], [78.38000000000001, 30.96], [78.36, 30.96], [78.36, 30.939999999999998]]]}, "properties": {"zone": "yellow", "hazard_probability": 0.4877, "grid_id": "G-0749"}}, {"type": "Feature", "geometry": {"type": "Polygon", "coordinates": [[[78.38, 30.939999999999998], [78.4, 30.939999999999998], [78.4, 30.96], [78.38, 30.96], [78.38, 30.939999999999998]]]}, "properties": {"zone": "orange", "hazard_probability": 0.6345, "grid_id": "G-0750"}}, {"type": "Feature", "geometry": {"type": "Polygon", "coordinates": [[[78.39999999999999, 30.939999999999998], [78.42, 30.939999999999998], [78.42, 30.96], [78.39999999999999, 30.96], [78.39999999999999, 30.939999999999998]]]}, "properties": {"zone": "orange", "hazard_probability": 0.605, "grid_id": "G-0751"}}, {"type": "Feature", "geometry": {"type": "Polygon", "coordinates": [[[78.42, 30.939999999999998], [78.44000000000001, 30.939999999999998], [78.44000000000001, 30.96], [78.42, 30.96], [78.42, 30.939999999999998]]]}, "properties": {"zone": "yellow", "hazard_probability": 0.5408, "grid_id": "G-0752"}}, {"type": "Feature", "geometry": {"type": "Polygon", "coordinates": [[[78.44, 30.939999999999998], [78.46000000000001, 30.939999999999998], [78.46000000000001, 30.96], [78.44, 30.96], [78.44, 30.939999999999998]]]}, "properties": {"zone": "green", "hazard_probability": 0.4498, "grid_id": "G-0753"}}, {"type": "Feature", "geometry": {"type": "Polygon", "coordinates": [[[78.46, 30.939999999999998], [78.48, 30.939999999999998], [78.48, 30.96], [78.46, 30.96], [78.46, 30.939999999999998]]]}, "properties": {"zone": "green", "hazard_probability": 0.4527, "grid_id": "G-0754"}}, {"type": "Feature", "geometry": {"type": "Polygon", "coordinates": [[[78.47999999999999, 30.939999999999998], [78.5, 30.939999999999998], [78.5, 30.96], [78.47999999999999, 30.96], [78.47999999999999, 30.939999999999998]]]}, "properties": {"zone": "green", "hazard_probability": 0.3571, "grid_id": "G-0755"}}, {"type": "Feature", "geometry": {"type": "Polygon", "coordinates": [[[78.5, 30.939999999999998], [78.52000000000001, 30.939999999999998], [78.52000000000001, 30.96], [78.5, 30.96], [78.5, 30.939999999999998]]]}, "properties": {"zone": "yellow", "hazard_probability": 0.5306, "grid_id": "G-0756"}}, {"type": "Feature", "geometry": {"type": "Polygon", "coordinates": [[[78.52, 30.939999999999998], [78.54, 30.939999999999998], [78.54, 30.96], [78.52, 30.96], [78.52, 30.939999999999998]]]}, "properties": {"zone": "yellow", "hazard_probability": 0.5, "grid_id": "G-0757"}}, {"type": "Feature", "geometry": {"type": "Polygon", "coordinates": [[[78.53999999999999, 30.939999999999998], [78.56, 30.939999999999998], [78.56, 30.96], [78.53999999999999, 30.96], [78.53999999999999, 30.939999999999998]]]}, "properties": {"zone": "yellow", "hazard_probability": 0.4929, "grid_id": "G-0758"}}, {"type": "Feature", "geometry": {"type": "Polygon", "coordinates": [[[78.55999999999999, 30.939999999999998], [78.58, 30.939999999999998], [78.58, 30.96], [78.55999999999999, 30.96], [78.55999999999999, 30.939999999999998]]]}, "properties": {"zone": "green", "hazard_probability": 0.4138, "grid_id": "G-0759"}}, {"type": "Feature", "geometry": {"type": "Polygon", "coordinates": [[[78.58, 30.939999999999998], [78.60000000000001, 30.939999999999998], [78.60000000000001, 30.96], [78.58, 30.96], [78.58, 30.939999999999998]]]}, "properties": {"zone": "orange", "hazard_probability": 0.5788, "grid_id": "G-0760"}}, {"type": "Feature", "geometry": {"type": "Polygon", "coordinates": [[[78.6, 30.939999999999998], [78.62, 30.939999999999998], [78.62, 30.96], [78.6, 30.96], [78.6, 30.939999999999998]]]}, "properties": {"zone": "yellow", "hazard_probability": 0.4923, "grid_id": "G-0761"}}, {"type": "Feature", "geometry": {"type": "Polygon", "coordinates": [[[78.61999999999999, 30.939999999999998], [78.64, 30.939999999999998], [78.64, 30.96], [78.61999999999999, 30.96], [78.61999999999999, 30.939999999999998]]]}, "properties": {"zone": "orange", "hazard_probability": 0.5888, "grid_id": "G-0762"}}, {"type": "Feature", "geometry": {"type": "Polygon", "coordinates": [[[78.64, 30.939999999999998], [78.66000000000001, 30.939999999999998], [78.66000000000001, 30.96], [78.64, 30.96], [78.64, 30.939999999999998]]]}, "properties": {"zone": "yellow", "hazard_probability": 0.4798, "grid_id": "G-0763"}}, {"type": "Feature", "geometry": {"type": "Polygon", "coordinates": [[[78.66, 30.939999999999998], [78.68, 30.939999999999998], [78.68, 30.96], [78.66, 30.96], [78.66, 30.939999999999998]]]}, "properties": {"zone": "yellow", "hazard_probability": 0.4845, "grid_id": "G-0764"}}, {"type": "Feature", "geometry": {"type": "Polygon", "coordinates": [[[78.67999999999999, 30.939999999999998], [78.7, 30.939999999999998], [78.7, 30.96], [78.67999999999999, 30.96], [78.67999999999999, 30.939999999999998]]]}, "properties": {"zone": "yellow", "hazard_probability": 0.5084, "grid_id": "G-0765"}}, {"type": "Feature", "geometry": {"type": "Polygon", "coordinates": [[[78.69999999999999, 30.939999999999998], [78.72, 30.939999999999998], [78.72, 30.96], [78.69999999999999, 30.96], [78.69999999999999, 30.939999999999998]]]}, "properties": {"zone": "red", "hazard_probability": 0.6717, "grid_id": "G-0766"}}, {"type": "Feature", "geometry": {"type": "Polygon", "coordinates": [[[78.72, 30.939999999999998], [78.74000000000001, 30.939999999999998], [78.74000000000001, 30.96], [78.72, 30.96], [78.72, 30.939999999999998]]]}, "properties": {"zone": "orange", "hazard_probability": 0.6065, "grid_id": "G-0767"}}, {"type": "Feature", "geometry": {"type": "Polygon", "coordinates": [[[78.74, 30.939999999999998], [78.76, 30.939999999999998], [78.76, 30.96], [78.74, 30.96], [78.74, 30.939999999999998]]]}, "properties": {"zone": "orange", "hazard_probability": 0.6007, "grid_id": "G-0768"}}, {"type": "Feature", "geometry": {"type": "Polygon", "coordinates": [[[78.75999999999999, 30.939999999999998], [78.78, 30.939999999999998], [78.78, 30.96], [78.75999999999999, 30.96], [78.75999999999999, 30.939999999999998]]]}, "properties": {"zone": "yellow", "hazard_probability": 0.4987, "grid_id": "G-0769"}}, {"type": "Feature", "geometry": {"type": "Polygon", "coordinates": [[[78.78, 30.939999999999998], [78.80000000000001, 30.939999999999998], [78.80000000000001, 30.96], [78.78, 30.96], [78.78, 30.939999999999998]]]}, "properties": {"zone": "yellow", "hazard_probability": 0.5369, "grid_id": "G-0770"}}, {"type": "Feature", "geometry": {"type": "Polygon", "coordinates": [[[78.8, 30.939999999999998], [78.82000000000001, 30.939999999999998], [78.82000000000001, 30.96], [78.8, 30.96], [78.8, 30.939999999999998]]]}, "properties": {"zone": "yellow", "hazard_probability": 0.5219, "grid_id": "G-0771"}}, {"type": "Feature", "geometry": {"type": "Polygon", "coordinates": [[[78.82, 30.939999999999998], [78.84, 30.939999999999998], [78.84, 30.96], [78.82, 30.96], [78.82, 30.939999999999998]]]}, "properties": {"zone": "yellow", "hazard_probability": 0.5324, "grid_id": "G-0772"}}, {"type": "Feature", "geometry": {"type": "Polygon", "coordinates": [[[78.83999999999999, 30.939999999999998], [78.86, 30.939999999999998], [78.86, 30.96], [78.83999999999999, 30.96], [78.83999999999999, 30.939999999999998]]]}, "properties": {"zone": "red", "hazard_probability": 0.7344, "grid_id": "G-0773"}}, {"type": "Feature", "geometry": {"type": "Polygon", "coordinates": [[[78.86, 30.939999999999998], [78.88000000000001, 30.939999999999998], [78.88000000000001, 30.96], [78.86, 30.96], [78.86, 30.939999999999998]]]}, "properties": {"zone": "yellow", "hazard_probability": 0.526, "grid_id": "G-0774"}}, {"type": "Feature", "geometry": {"type": "Polygon", "coordinates": [[[78.88, 30.939999999999998], [78.9, 30.939999999999998], [78.9, 30.96], [78.88, 30.96], [78.88, 30.939999999999998]]]}, "properties": {"zone": "orange", "hazard_probability": 0.6105, "grid_id": "G-0775"}}, {"type": "Feature", "geometry": {"type": "Polygon", "coordinates": [[[78.89999999999999, 30.939999999999998], [78.92, 30.939999999999998], [78.92, 30.96], [78.89999999999999, 30.96], [78.89999999999999, 30.939999999999998]]]}, "properties": {"zone": "yellow", "hazard_probability": 0.4926, "grid_id": "G-0776"}}, {"type": "Feature", "geometry": {"type": "Polygon", "coordinates": [[[78.92, 30.939999999999998], [78.94000000000001, 30.939999999999998], [78.94000000000001, 30.96], [78.92, 30.96], [78.92, 30.939999999999998]]]}, "properties": {"zone": "orange", "hazard_probability": 0.6151, "grid_id": "G-0777"}}, {"type": "Feature", "geometry": {"type": "Polygon", "coordinates": [[[78.94, 30.939999999999998], [78.96000000000001, 30.939999999999998], [78.96000000000001, 30.96], [78.94, 30.96], [78.94, 30.939999999999998]]]}, "properties": {"zone": "yellow", "hazard_probability": 0.4926, "grid_id": "G-0778"}}, {"type": "Feature", "geometry": {"type": "Polygon", "coordinates": [[[78.96, 30.939999999999998], [78.98, 30.939999999999998], [78.98, 30.96], [78.96, 30.96], [78.96, 30.939999999999998]]]}, "properties": {"zone": "yellow", "hazard_probability": 0.4964, "grid_id": "G-0779"}}, {"type": "Feature", "geometry": {"type": "Polygon", "coordinates": [[[78.97999999999999, 30.939999999999998], [79.0, 30.939999999999998], [79.0, 30.96], [78.97999999999999, 30.96], [78.97999999999999, 30.939999999999998]]]}, "properties": {"zone": "yellow", "hazard_probability": 0.526, "grid_id": "G-0780"}}, {"type": "Feature", "geometry": {"type": "Polygon", "coordinates": [[[79.0, 30.939999999999998], [79.02000000000001, 30.939999999999998], [79.02000000000001, 30.96], [79.0, 30.96], [79.0, 30.939999999999998]]]}, "properties": {"zone": "green", "hazard_probability": 0.4414, "grid_id": "G-0781"}}, {"type": "Feature", "geometry": {"type": "Polygon", "coordinates": [[[79.02, 30.939999999999998], [79.04, 30.939999999999998], [79.04, 30.96], [79.02, 30.96], [79.02, 30.939999999999998]]]}, "properties": {"zone": "green", "hazard_probability": 0.4414, "grid_id": "G-0782"}}, {"type": "Feature", "geometry": {"type": "Polygon", "coordinates": [[[79.03999999999999, 30.939999999999998], [79.06, 30.939999999999998], [79.06, 30.96], [79.03999999999999, 30.96], [79.03999999999999, 30.939999999999998]]]}, "properties": {"zone": "green", "hazard_probability": 0.4231, "grid_id": "G-0783"}}, {"type": "Feature", "geometry": {"type": "Polygon", "coordinates": [[[77.83999999999999, 30.959999999999997], [77.86, 30.959999999999997], [77.86, 30.98], [77.83999999999999, 30.98], [77.83999999999999, 30.959999999999997]]]}, "properties": {"zone": "yellow", "hazard_probability": 0.5196, "grid_id": "G-0784"}}, {"type": "Feature", "geometry": {"type": "Polygon", "coordinates": [[[77.86, 30.959999999999997], [77.88000000000001, 30.959999999999997], [77.88000000000001, 30.98], [77.86, 30.98], [77.86, 30.959999999999997]]]}, "properties": {"zone": "yellow", "hazard_probability": 0.5251, "grid_id": "G-0785"}}, {"type": "Feature", "geometry": {"type": "Polygon", "coordinates": [[[77.88, 30.959999999999997], [77.9, 30.959999999999997], [77.9, 30.98], [77.88, 30.98], [77.88, 30.959999999999997]]]}, "properties": {"zone": "yellow", "hazard_probability": 0.5196, "grid_id": "G-0786"}}, {"type": "Feature", "geometry": {"type": "Polygon", "coordinates": [[[77.97999999999999, 30.959999999999997], [78.0, 30.959999999999997], [78.0, 30.98], [77.97999999999999, 30.98], [77.97999999999999, 30.959999999999997]]]}, "properties": {"zone": "green", "hazard_probability": 0.4355, "grid_id": "G-0787"}}, {"type": "Feature", "geometry": {"type": "Polygon", "coordinates": [[[78.0, 30.959999999999997], [78.02000000000001, 30.959999999999997], [78.02000000000001, 30.98], [78.0, 30.98], [78.0, 30.959999999999997]]]}, "properties": {"zone": "yellow", "hazard_probability": 0.5221, "grid_id": "G-0788"}}, {"type": "Feature", "geometry": {"type": "Polygon", "coordinates": [[[78.02, 30.959999999999997], [78.04, 30.959999999999997], [78.04, 30.98], [78.02, 30.98], [78.02, 30.959999999999997]]]}, "properties": {"zone": "green", "hazard_probability": 0.4481, "grid_id": "G-0789"}}, {"type": "Feature", "geometry": {"type": "Polygon", "coordinates": [[[78.03999999999999, 30.959999999999997], [78.06, 30.959999999999997], [78.06, 30.98], [78.03999999999999, 30.98], [78.03999999999999, 30.959999999999997]]]}, "properties": {"zone": "yellow", "hazard_probability": 0.569, "grid_id": "G-0790"}}, {"type": "Feature", "geometry": {"type": "Polygon", "coordinates": [[[78.05999999999999, 30.959999999999997], [78.08, 30.959999999999997], [78.08, 30.98], [78.05999999999999, 30.98], [78.05999999999999, 30.959999999999997]]]}, "properties": {"zone": "yellow", "hazard_probability": 0.4845, "grid_id": "G-0791"}}, {"type": "Feature", "geometry": {"type": "Polygon", "coordinates": [[[78.08, 30.959999999999997], [78.10000000000001, 30.959999999999997], [78.10000000000001, 30.98], [78.08, 30.98], [78.08, 30.959999999999997]]]}, "properties": {"zone": "green", "hazard_probability": 0.3953, "grid_id": "G-0792"}}, {"type": "Feature", "geometry": {"type": "Polygon", "coordinates": [[[78.1, 30.959999999999997], [78.12, 30.959999999999997], [78.12, 30.98], [78.1, 30.98], [78.1, 30.959999999999997]]]}, "properties": {"zone": "yellow", "hazard_probability": 0.5116, "grid_id": "G-0793"}}, {"type": "Feature", "geometry": {"type": "Polygon", "coordinates": [[[78.11999999999999, 30.959999999999997], [78.14, 30.959999999999997], [78.14, 30.98], [78.11999999999999, 30.98], [78.11999999999999, 30.959999999999997]]]}, "properties": {"zone": "yellow", "hazard_probability": 0.4846, "grid_id": "G-0794"}}, {"type": "Feature", "geometry": {"type": "Polygon", "coordinates": [[[78.14, 30.959999999999997], [78.16000000000001, 30.959999999999997], [78.16000000000001, 30.98], [78.14, 30.98], [78.14, 30.959999999999997]]]}, "properties": {"zone": "yellow", "hazard_probability": 0.5431, "grid_id": "G-0795"}}, {"type": "Feature", "geometry": {"type": "Polygon", "coordinates": [[[78.16, 30.959999999999997], [78.18, 30.959999999999997], [78.18, 30.98], [78.16, 30.98], [78.16, 30.959999999999997]]]}, "properties": {"zone": "orange", "hazard_probability": 0.589, "grid_id": "G-0796"}}, {"type": "Feature", "geometry": {"type": "Polygon", "coordinates": [[[78.17999999999999, 30.959999999999997], [78.2, 30.959999999999997], [78.2, 30.98], [78.17999999999999, 30.98], [78.17999999999999, 30.959999999999997]]]}, "properties": {"zone": "orange", "hazard_probability": 0.6239, "grid_id": "G-0797"}}, {"type": "Feature", "geometry": {"type": "Polygon", "coordinates": [[[78.19999999999999, 30.959999999999997], [78.22, 30.959999999999997], [78.22, 30.98], [78.19999999999999, 30.98], [78.19999999999999, 30.959999999999997]]]}, "properties": {"zone": "yellow", "hazard_probability": 0.4979, "grid_id": "G-0798"}}, {"type": "Feature", "geometry": {"type": "Polygon", "coordinates": [[[78.22, 30.959999999999997], [78.24000000000001, 30.959999999999997], [78.24000000000001, 30.98], [78.22, 30.98], [78.22, 30.959999999999997]]]}, "properties": {"zone": "orange", "hazard_probability": 0.6345, "grid_id": "G-0799"}}, {"type": "Feature", "geometry": {"type": "Polygon", "coordinates": [[[78.24, 30.959999999999997], [78.26, 30.959999999999997], [78.26, 30.98], [78.24, 30.98], [78.24, 30.959999999999997]]]}, "properties": {"zone": "orange", "hazard_probability": 0.6239, "grid_id": "G-0800"}}, {"type": "Feature", "geometry": {"type": "Polygon", "coordinates": [[[78.25999999999999, 30.959999999999997], [78.28, 30.959999999999997], [78.28, 30.98], [78.25999999999999, 30.98], [78.25999999999999, 30.959999999999997]]]}, "properties": {"zone": "orange", "hazard_probability": 0.5872, "grid_id": "G-0801"}}, {"type": "Feature", "geometry": {"type": "Polygon", "coordinates": [[[78.28, 30.959999999999997], [78.30000000000001, 30.959999999999997], [78.30000000000001, 30.98], [78.28, 30.98], [78.28, 30.959999999999997]]]}, "properties": {"zone": "yellow", "hazard_probability": 0.5137, "grid_id": "G-0802"}}, {"type": "Feature", "geometry": {"type": "Polygon", "coordinates": [[[78.3, 30.959999999999997], [78.32000000000001, 30.959999999999997], [78.32000000000001, 30.98], [78.3, 30.98], [78.3, 30.959999999999997]]]}, "properties": {"zone": "orange", "hazard_probability": 0.5819, "grid_id": "G-0803"}}, {"type": "Feature", "geometry": {"type": "Polygon", "coordinates": [[[78.32, 30.959999999999997], [78.34, 30.959999999999997], [78.34, 30.98], [78.32, 30.98], [78.32, 30.959999999999997]]]}, "properties": {"zone": "yellow", "hazard_probability": 0.5748, "grid_id": "G-0804"}}, {"type": "Feature", "geometry": {"type": "Polygon", "coordinates": [[[78.33999999999999, 30.959999999999997], [78.36, 30.959999999999997], [78.36, 30.98], [78.33999999999999, 30.98], [78.33999999999999, 30.959999999999997]]]}, "properties": {"zone": "green", "hazard_probability": 0.4365, "grid_id": "G-0805"}}, {"type": "Feature", "geometry": {"type": "Polygon", "coordinates": [[[78.36, 30.959999999999997], [78.38000000000001, 30.959999999999997], [78.38000000000001, 30.98], [78.36, 30.98], [78.36, 30.959999999999997]]]}, "properties": {"zone": "yellow", "hazard_probability": 0.5743, "grid_id": "G-0806"}}, {"type": "Feature", "geometry": {"type": "Polygon", "coordinates": [[[78.38, 30.959999999999997], [78.4, 30.959999999999997], [78.4, 30.98], [78.38, 30.98], [78.38, 30.959999999999997]]]}, "properties": {"zone": "orange", "hazard_probability": 0.5815, "grid_id": "G-0807"}}, {"type": "Feature", "geometry": {"type": "Polygon", "coordinates": [[[78.39999999999999, 30.959999999999997], [78.42, 30.959999999999997], [78.42, 30.98], [78.39999999999999, 30.98], [78.39999999999999, 30.959999999999997]]]}, "properties": {"zone": "orange", "hazard_probability": 0.6197, "grid_id": "G-0808"}}, {"type": "Feature", "geometry": {"type": "Polygon", "coordinates": [[[78.42, 30.959999999999997], [78.44000000000001, 30.959999999999997], [78.44000000000001, 30.98], [78.42, 30.98], [78.42, 30.959999999999997]]]}, "properties": {"zone": "orange", "hazard_probability": 0.6358, "grid_id": "G-0809"}}, {"type": "Feature", "geometry": {"type": "Polygon", "coordinates": [[[78.44, 30.959999999999997], [78.46000000000001, 30.959999999999997], [78.46000000000001, 30.98], [78.44, 30.98], [78.44, 30.959999999999997]]]}, "properties": {"zone": "orange", "hazard_probability": 0.6358, "grid_id": "G-0810"}}, {"type": "Feature", "geometry": {"type": "Polygon", "coordinates": [[[78.46, 30.959999999999997], [78.48, 30.959999999999997], [78.48, 30.98], [78.46, 30.98], [78.46, 30.959999999999997]]]}, "properties": {"zone": "orange", "hazard_probability": 0.6292, "grid_id": "G-0811"}}, {"type": "Feature", "geometry": {"type": "Polygon", "coordinates": [[[78.47999999999999, 30.959999999999997], [78.5, 30.959999999999997], [78.5, 30.98], [78.47999999999999, 30.98], [78.47999999999999, 30.959999999999997]]]}, "properties": {"zone": "orange", "hazard_probability": 0.5827, "grid_id": "G-0812"}}, {"type": "Feature", "geometry": {"type": "Polygon", "coordinates": [[[78.5, 30.959999999999997], [78.52000000000001, 30.959999999999997], [78.52000000000001, 30.98], [78.5, 30.98], [78.5, 30.959999999999997]]]}, "properties": {"zone": "orange", "hazard_probability": 0.6139, "grid_id": "G-0813"}}, {"type": "Feature", "geometry": {"type": "Polygon", "coordinates": [[[78.52, 30.959999999999997], [78.54, 30.959999999999997], [78.54, 30.98], [78.52, 30.98], [78.52, 30.959999999999997]]]}, "properties": {"zone": "orange", "hazard_probability": 0.5827, "grid_id": "G-0814"}}, {"type": "Feature", "geometry": {"type": "Polygon", "coordinates": [[[78.53999999999999, 30.959999999999997], [78.56, 30.959999999999997], [78.56, 30.98], [78.53999999999999, 30.98], [78.53999999999999, 30.959999999999997]]]}, "properties": {"zone": "orange", "hazard_probability": 0.5827, "grid_id": "G-0815"}}, {"type": "Feature", "geometry": {"type": "Polygon", "coordinates": [[[78.55999999999999, 30.959999999999997], [78.58, 30.959999999999997], [78.58, 30.98], [78.55999999999999, 30.98], [78.55999999999999, 30.959999999999997]]]}, "properties": {"zone": "orange", "hazard_probability": 0.5788, "grid_id": "G-0816"}}, {"type": "Feature", "geometry": {"type": "Polygon", "coordinates": [[[78.58, 30.959999999999997], [78.60000000000001, 30.959999999999997], [78.60000000000001, 30.98], [78.58, 30.98], [78.58, 30.959999999999997]]]}, "properties": {"zone": "red", "hazard_probability": 0.6705, "grid_id": "G-0817"}}, {"type": "Feature", "geometry": {"type": "Polygon", "coordinates": [[[78.6, 30.959999999999997], [78.62, 30.959999999999997], [78.62, 30.98], [78.6, 30.98], [78.6, 30.959999999999997]]]}, "properties": {"zone": "orange", "hazard_probability": 0.6082, "grid_id": "G-0818"}}, {"type": "Feature", "geometry": {"type": "Polygon", "coordinates": [[[78.61999999999999, 30.959999999999997], [78.64, 30.959999999999997], [78.64, 30.98], [78.61999999999999, 30.98], [78.61999999999999, 30.959999999999997]]]}, "properties": {"zone": "yellow", "hazard_probability": 0.4835, "grid_id": "G-0819"}}, {"type": "Feature", "geometry": {"type": "Polygon", "coordinates": [[[78.64, 30.959999999999997], [78.66000000000001, 30.959999999999997], [78.66000000000001, 30.98], [78.64, 30.98], [78.64, 30.959999999999997]]]}, "properties": {"zone": "yellow", "hazard_probability": 0.57, "grid_id": "G-0820"}}, {"type": "Feature", "geometry": {"type": "Polygon", "coordinates": [[[78.66, 30.959999999999997], [78.68, 30.959999999999997], [78.68, 30.98], [78.66, 30.98], [78.66, 30.959999999999997]]]}, "properties": {"zone": "orange", "hazard_probability": 0.6373, "grid_id": "G-0821"}}, {"type": "Feature", "geometry": {"type": "Polygon", "coordinates": [[[78.67999999999999, 30.959999999999997], [78.7, 30.959999999999997], [78.7, 30.98], [78.67999999999999, 30.98], [78.67999999999999, 30.959999999999997]]]}, "properties": {"zone": "red", "hazard_probability": 0.6507, "grid_id": "G-0822"}}, {"type": "Feature", "geometry": {"type": "Polygon", "coordinates": [[[78.69999999999999, 30.959999999999997], [78.72, 30.959999999999997], [78.72, 30.98], [78.69999999999999, 30.98], [78.69999999999999, 30.959999999999997]]]}, "properties": {"zone": "orange", "hazard_probability": 0.6401, "grid_id": "G-0823"}}, {"type": "Feature", "geometry": {"type": "Polygon", "coordinates": [[[78.72, 30.959999999999997], [78.74000000000001, 30.959999999999997], [78.74000000000001, 30.98], [78.72, 30.98], [78.72, 30.959999999999997]]]}, "properties": {"zone": "green", "hazard_probability": 0.3505, "grid_id": "G-0824"}}, {"type": "Feature", "geometry": {"type": "Polygon", "coordinates": [[[78.74, 30.959999999999997], [78.76, 30.959999999999997], [78.76, 30.98], [78.74, 30.98], [78.74, 30.959999999999997]]]}, "properties": {"zone": "red", "hazard_probability": 0.7407, "grid_id": "G-0825"}}, {"type": "Feature", "geometry": {"type": "Polygon", "coordinates": [[[78.75999999999999, 30.959999999999997], [78.78, 30.959999999999997], [78.78, 30.98], [78.75999999999999, 30.98], [78.75999999999999, 30.959999999999997]]]}, "properties": {"zone": "yellow", "hazard_probability": 0.4978, "grid_id": "G-0826"}}, {"type": "Feature", "geometry": {"type": "Polygon", "coordinates": [[[78.78, 30.959999999999997], [78.80000000000001, 30.959999999999997], [78.80000000000001, 30.98], [78.78, 30.98], [78.78, 30.959999999999997]]]}, "properties": {"zone": "yellow", "hazard_probability": 0.5033, "grid_id": "G-0827"}}, {"type": "Feature", "geometry": {"type": "Polygon", "coordinates": [[[78.8, 30.959999999999997], [78.82000000000001, 30.959999999999997], [78.82000000000001, 30.98], [78.8, 30.98], [78.8, 30.959999999999997]]]}, "properties": {"zone": "yellow", "hazard_probability": 0.5233, "grid_id": "G-0828"}}, {"type": "Feature", "geometry": {"type": "Polygon", "coordinates": [[[78.82, 30.959999999999997], [78.84, 30.959999999999997], [78.84, 30.98], [78.82, 30.98], [78.82, 30.959999999999997]]]}, "properties": {"zone": "yellow", "hazard_probability": 0.4978, "grid_id": "G-0829"}}, {"type": "Feature", "geometry": {"type": "Polygon", "coordinates": [[[78.83999999999999, 30.959999999999997], [78.86, 30.959999999999997], [78.86, 30.98], [78.83999999999999, 30.98], [78.83999999999999, 30.959999999999997]]]}, "properties": {"zone": "red", "hazard_probability": 0.7344, "grid_id": "G-0830"}}, {"type": "Feature", "geometry": {"type": "Polygon", "coordinates": [[[78.86, 30.959999999999997], [78.88000000000001, 30.959999999999997], [78.88000000000001, 30.98], [78.86, 30.98], [78.86, 30.959999999999997]]]}, "properties": {"zone": "red", "hazard_probability": 0.7399, "grid_id": "G-0831"}}, {"type": "Feature", "geometry": {"type": "Polygon", "coordinates": [[[78.88, 30.959999999999997], [78.9, 30.959999999999997], [78.9, 30.98], [78.88, 30.98], [78.88, 30.959999999999997]]]}, "properties": {"zone": "yellow", "hazard_probability": 0.4926, "grid_id": "G-0832"}}, {"type": "Feature", "geometry": {"type": "Polygon", "coordinates": [[[78.89999999999999, 30.959999999999997], [78.92, 30.959999999999997], [78.92, 30.98], [78.89999999999999, 30.98], [78.89999999999999, 30.959999999999997]]]}, "properties": {"zone": "orange", "hazard_probability": 0.5801, "grid_id": "G-0833"}}, {"type": "Feature", "geometry": {"type": "Polygon", "coordinates": [[[78.92, 30.959999999999997], [78.94000000000001, 30.959999999999997], [78.94000000000001, 30.98], [78.92, 30.98], [78.92, 30.959999999999997]]]}, "properties": {"zone": "yellow", "hazard_probability": 0.5047, "grid_id": "G-0834"}}, {"type": "Feature", "geometry": {"type": "Polygon", "coordinates": [[[78.94, 30.959999999999997], [78.96000000000001, 30.959999999999997], [78.96000000000001, 30.98], [78.94, 30.98], [78.94, 30.959999999999997]]]}, "properties": {"zone": "red", "hazard_probability": 0.7422, "grid_id": "G-0835"}}, {"type": "Feature", "geometry": {"type": "Polygon", "coordinates": [[[78.96, 30.959999999999997], [78.98, 30.959999999999997], [78.98, 30.98], [78.96, 30.98], [78.96, 30.959999999999997]]]}, "properties": {"zone": "green", "hazard_probability": 0.4443, "grid_id": "G-0836"}}, {"type": "Feature", "geometry": {"type": "Polygon", "coordinates": [[[78.97999999999999, 30.959999999999997], [79.0, 30.959999999999997], [79.0, 30.98], [78.97999999999999, 30.98], [78.97999999999999, 30.959999999999997]]]}, "properties": {"zone": "green", "hazard_probability": 0.3856, "grid_id": "G-0837"}}, {"type": "Feature", "geometry": {"type": "Polygon", "coordinates": [[[79.0, 30.959999999999997], [79.02000000000001, 30.959999999999997], [79.02000000000001, 30.98], [79.0, 30.98], [79.0, 30.959999999999997]]]}, "properties": {"zone": "green", "hazard_probability": 0.4414, "grid_id": "G-0838"}}, {"type": "Feature", "geometry": {"type": "Polygon", "coordinates": [[[79.02, 30.959999999999997], [79.04, 30.959999999999997], [79.04, 30.98], [79.02, 30.98], [79.02, 30.959999999999997]]]}, "properties": {"zone": "green", "hazard_probability": 0.4414, "grid_id": "G-0839"}}, {"type": "Feature", "geometry": {"type": "Polygon", "coordinates": [[[79.03999999999999, 30.959999999999997], [79.06, 30.959999999999997], [79.06, 30.98], [79.03999999999999, 30.98], [79.03999999999999, 30.959999999999997]]]}, "properties": {"zone": "green", "hazard_probability": 0.4231, "grid_id": "G-0840"}}, {"type": "Feature", "geometry": {"type": "Polygon", "coordinates": [[[77.83999999999999, 30.979999999999997], [77.86, 30.979999999999997], [77.86, 31.0], [77.83999999999999, 31.0], [77.83999999999999, 30.979999999999997]]]}, "properties": {"zone": "green", "hazard_probability": 0.429, "grid_id": "G-0841"}}, {"type": "Feature", "geometry": {"type": "Polygon", "coordinates": [[[77.86, 30.979999999999997], [77.88000000000001, 30.979999999999997], [77.88000000000001, 31.0], [77.86, 31.0], [77.86, 30.979999999999997]]]}, "properties": {"zone": "yellow", "hazard_probability": 0.5196, "grid_id": "G-0842"}}, {"type": "Feature", "geometry": {"type": "Polygon", "coordinates": [[[77.88, 30.979999999999997], [77.9, 30.979999999999997], [77.9, 31.0], [77.88, 31.0], [77.88, 30.979999999999997]]]}, "properties": {"zone": "yellow", "hazard_probability": 0.5196, "grid_id": "G-0843"}}, {"type": "Feature", "geometry": {"type": "Polygon", "coordinates": [[[77.89999999999999, 30.979999999999997], [77.92, 30.979999999999997], [77.92, 31.0], [77.89999999999999, 31.0], [77.89999999999999, 30.979999999999997]]]}, "properties": {"zone": "yellow", "hazard_probability": 0.5196, "grid_id": "G-0844"}}, {"type": "Feature", "geometry": {"type": "Polygon", "coordinates": [[[77.92, 30.979999999999997], [77.94000000000001, 30.979999999999997], [77.94000000000001, 31.0], [77.92, 31.0], [77.92, 30.979999999999997]]]}, "properties": {"zone": "yellow", "hazard_probability": 0.5251, "grid_id": "G-0845"}}, {"type": "Feature", "geometry": {"type": "Polygon", "coordinates": [[[77.94, 30.979999999999997], [77.96000000000001, 30.979999999999997], [77.96000000000001, 31.0], [77.94, 31.0], [77.94, 30.979999999999997]]]}, "properties": {"zone": "yellow", "hazard_probability": 0.5196, "grid_id": "G-0846"}}, {"type": "Feature", "geometry": {"type": "Polygon", "coordinates": [[[77.96, 30.979999999999997], [77.98, 30.979999999999997], [77.98, 31.0], [77.96, 31.0], [77.96, 30.979999999999997]]]}, "properties": {"zone": "green", "hazard_probability": 0.4297, "grid_id": "G-0847"}}, {"type": "Feature", "geometry": {"type": "Polygon", "coordinates": [[[77.97999999999999, 30.979999999999997], [78.0, 30.979999999999997], [78.0, 31.0], [77.97999999999999, 31.0], [77.97999999999999, 30.979999999999997]]]}, "properties": {"zone": "green", "hazard_probability": 0.4229, "grid_id": "G-0848"}}, {"type": "Feature", "geometry": {"type": "Polygon", "coordinates": [[[78.0, 30.979999999999997], [78.02000000000001, 30.979999999999997], [78.02000000000001, 31.0], [78.0, 31.0], [78.0, 30.979999999999997]]]}, "properties": {"zone": "yellow", "hazard_probability": 0.5328, "grid_id": "G-0849"}}, {"type": "Feature", "geometry": {"type": "Polygon", "coordinates": [[[78.02, 30.979999999999997], [78.04, 30.979999999999997], [78.04, 31.0], [78.02, 31.0], [78.02, 30.979999999999997]]]}, "properties": {"zone": "green", "hazard_probability": 0.4481, "grid_id": "G-0850"}}, {"type": "Feature", "geometry": {"type": "Polygon", "coordinates": [[[78.03999999999999, 30.979999999999997], [78.06, 30.979999999999997], [78.06, 31.0], [78.03999999999999, 31.0], [78.03999999999999, 30.979999999999997]]]}, "properties": {"zone": "green", "hazard_probability": 0.4541, "grid_id": "G-0851"}}, {"type": "Feature", "geometry": {"type": "Polygon", "coordinates": [[[78.05999999999999, 30.979999999999997], [78.08, 30.979999999999997], [78.08, 31.0], [78.05999999999999, 31.0], [78.05999999999999, 30.979999999999997]]]}, "properties": {"zone": "yellow", "hazard_probability": 0.5288, "grid_id": "G-0852"}}, {"type": "Feature", "geometry": {"type": "Polygon", "coordinates": [[[78.08, 30.979999999999997], [78.10000000000001, 30.979999999999997], [78.10000000000001, 31.0], [78.08, 31.0], [78.08, 30.979999999999997]]]}, "properties": {"zone": "red", "hazard_probability": 0.7494, "grid_id": "G-0853"}}, {"type": "Feature", "geometry": {"type": "Polygon", "coordinates": [[[78.1, 30.979999999999997], [78.12, 30.979999999999997], [78.12, 31.0], [78.1, 31.0], [78.1, 30.979999999999997]]]}, "properties": {"zone": "yellow", "hazard_probability": 0.5431, "grid_id": "G-0854"}}, {"type": "Feature", "geometry": {"type": "Polygon", "coordinates": [[[78.11999999999999, 30.979999999999997], [78.14, 30.979999999999997], [78.14, 31.0], [78.11999999999999, 31.0], [78.11999999999999, 30.979999999999997]]]}, "properties": {"zone": "yellow", "hazard_probability": 0.5527, "grid_id": "G-0855"}}, {"type": "Feature", "geometry": {"type": "Polygon", "coordinates": [[[78.14, 30.979999999999997], [78.16000000000001, 30.979999999999997], [78.16000000000001, 31.0], [78.14, 31.0], [78.14, 30.979999999999997]]]}, "properties": {"zone": "orange", "hazard_probability": 0.6101, "grid_id": "G-0856"}}, {"type": "Feature", "geometry": {"type": "Polygon", "coordinates": [[[78.16, 30.979999999999997], [78.18, 30.979999999999997], [78.18, 31.0], [78.16, 31.0], [78.16, 30.979999999999997]]]}, "properties": {"zone": "yellow", "hazard_probability": 0.5417, "grid_id": "G-0857"}}, {"type": "Feature", "geometry": {"type": "Polygon", "coordinates": [[[78.17999999999999, 30.979999999999997], [78.2, 30.979999999999997], [78.2, 31.0], [78.17999999999999, 31.0], [78.17999999999999, 30.979999999999997]]]}, "properties": {"zone": "red", "hazard_probability": 0.6519, "grid_id": "G-0858"}}, {"type": "Feature", "geometry": {"type": "Polygon", "coordinates": [[[78.19999999999999, 30.979999999999997], [78.22, 30.979999999999997], [78.22, 31.0], [78.19999999999999, 31.0], [78.19999999999999, 30.979999999999997]]]}, "properties": {"zone": "orange", "hazard_probability": 0.6197, "grid_id": "G-0859"}}, {"type": "Feature", "geometry": {"type": "Polygon", "coordinates": [[[78.22, 30.979999999999997], [78.24000000000001, 30.979999999999997], [78.24000000000001, 31.0], [78.22, 31.0], [78.22, 30.979999999999997]]]}, "properties": {"zone": "orange", "hazard_probability": 0.6239, "grid_id": "G-0860"}}, {"type": "Feature", "geometry": {"type": "Polygon", "coordinates": [[[78.24, 30.979999999999997], [78.26, 30.979999999999997], [78.26, 31.0], [78.24, 31.0], [78.24, 30.979999999999997]]]}, "properties": {"zone": "orange", "hazard_probability": 0.5829, "grid_id": "G-0861"}}, {"type": "Feature", "geometry": {"type": "Polygon", "coordinates": [[[78.25999999999999, 30.979999999999997], [78.28, 30.979999999999997], [78.28, 31.0], [78.25999999999999, 31.0], [78.25999999999999, 30.979999999999997]]]}, "properties": {"zone": "orange", "hazard_probability": 0.5932, "grid_id": "G-0862"}}, {"type": "Feature", "geometry": {"type": "Polygon", "coordinates": [[[78.28, 30.979999999999997], [78.30000000000001, 30.979999999999997], [78.30000000000001, 31.0], [78.28, 31.0], [78.28, 30.979999999999997]]]}, "properties": {"zone": "yellow", "hazard_probability": 0.5748, "grid_id": "G-0863"}}, {"type": "Feature", "geometry": {"type": "Polygon", "coordinates": [[[78.3, 30.979999999999997], [78.32000000000001, 30.979999999999997], [78.32000000000001, 31.0], [78.3, 31.0], [78.3, 30.979999999999997]]]}, "properties": {"zone": "yellow", "hazard_probability": 0.5229, "grid_id": "G-0864"}}, {"type": "Feature", "geometry": {"type": "Polygon", "coordinates": [[[78.32, 30.979999999999997], [78.34, 30.979999999999997], [78.34, 31.0], [78.32, 31.0], [78.32, 30.979999999999997]]]}, "properties": {"zone": "yellow", "hazard_probability": 0.4967, "grid_id": "G-0865"}}, {"type": "Feature", "geometry": {"type": "Polygon", "coordinates": [[[78.33999999999999, 30.979999999999997], [78.36, 30.979999999999997], [78.36, 31.0], [78.33999999999999, 31.0], [78.33999999999999, 30.979999999999997]]]}, "properties": {"zone": "red", "hazard_probability": 0.7489, "grid_id": "G-0866"}}, {"type": "Feature", "geometry": {"type": "Polygon", "coordinates": [[[78.36, 30.979999999999997], [78.38000000000001, 30.979999999999997], [78.38000000000001, 31.0], [78.36, 31.0], [78.36, 30.979999999999997]]]}, "properties": {"zone": "yellow", "hazard_probability": 0.506, "grid_id": "G-0867"}}, {"type": "Feature", "geometry": {"type": "Polygon", "coordinates": [[[78.38, 30.979999999999997], [78.4, 30.979999999999997], [78.4, 31.0], [78.38, 31.0], [78.38, 30.979999999999997]]]}, "properties": {"zone": "yellow", "hazard_probability": 0.5445, "grid_id": "G-0868"}}, {"type": "Feature", "geometry": {"type": "Polygon", "coordinates": [[[78.39999999999999, 30.979999999999997], [78.42, 30.979999999999997], [78.42, 31.0], [78.39999999999999, 31.0], [78.39999999999999, 30.979999999999997]]]}, "properties": {"zone": "orange", "hazard_probability": 0.6224, "grid_id": "G-0869"}}, {"type": "Feature", "geometry": {"type": "Polygon", "coordinates": [[[78.42, 30.979999999999997], [78.44000000000001, 30.979999999999997], [78.44000000000001, 31.0], [78.42, 31.0], [78.42, 30.979999999999997]]]}, "properties": {"zone": "yellow", "hazard_probability": 0.4967, "grid_id": "G-0870"}}, {"type": "Feature", "geometry": {"type": "Polygon", "coordinates": [[[78.44, 30.979999999999997], [78.46000000000001, 30.979999999999997], [78.46000000000001, 31.0], [78.44, 31.0], [78.44, 30.979999999999997]]]}, "properties": {"zone": "orange", "hazard_probability": 0.6382, "grid_id": "G-0871"}}, {"type": "Feature", "geometry": {"type": "Polygon", "coordinates": [[[78.46, 30.979999999999997], [78.48, 30.979999999999997], [78.48, 31.0], [78.46, 31.0], [78.46, 30.979999999999997]]]}, "properties": {"zone": "yellow", "hazard_probability": 0.5426, "grid_id": "G-0872"}}, {"type": "Feature", "geometry": {"type": "Polygon", "coordinates": [[[78.47999999999999, 30.979999999999997], [78.5, 30.979999999999997], [78.5, 31.0], [78.47999999999999, 31.0], [78.47999999999999, 30.979999999999997]]]}, "properties": {"zone": "yellow", "hazard_probability": 0.5, "grid_id": "G-0873"}}, {"type": "Feature", "geometry": {"type": "Polygon", "coordinates": [[[78.5, 30.979999999999997], [78.52000000000001, 30.979999999999997], [78.52000000000001, 31.0], [78.5, 31.0], [78.5, 30.979999999999997]]]}, "properties": {"zone": "orange", "hazard_probability": 0.5788, "grid_id": "G-0874"}}, {"type": "Feature", "geometry": {"type": "Polygon", "coordinates": [[[78.52, 30.979999999999997], [78.54, 30.979999999999997], [78.54, 31.0], [78.52, 31.0], [78.52, 30.979999999999997]]]}, "properties": {"zone": "green", "hazard_probability": 0.3477, "grid_id": "G-0875"}}, {"type": "Feature", "geometry": {"type": "Polygon", "coordinates": [[[78.53999999999999, 30.979999999999997], [78.56, 30.979999999999997], [78.56, 31.0], [78.53999999999999, 31.0], [78.53999999999999, 30.979999999999997]]]}, "properties": {"zone": "orange", "hazard_probability": 0.6082, "grid_id": "G-0876"}}, {"type": "Feature", "geometry": {"type": "Polygon", "coordinates": [[[78.55999999999999, 30.979999999999997], [78.58, 30.979999999999997], [78.58, 31.0], [78.55999999999999, 31.0], [78.55999999999999, 30.979999999999997]]]}, "properties": {"zone": "green", "hazard_probability": 0.3018, "grid_id": "G-0877"}}, {"type": "Feature", "geometry": {"type": "Polygon", "coordinates": [[[78.58, 30.979999999999997], [78.60000000000001, 30.979999999999997], [78.60000000000001, 31.0], [78.58, 31.0], [78.58, 30.979999999999997]]]}, "properties": {"zone": "green", "hazard_probability": 0.3365, "grid_id": "G-0878"}}, {"type": "Feature", "geometry": {"type": "Polygon", "coordinates": [[[78.6, 30.979999999999997], [78.62, 30.979999999999997], [78.62, 31.0], [78.6, 31.0], [78.6, 30.979999999999997]]]}, "properties": {"zone": "yellow", "hazard_probability": 0.488, "grid_id": "G-0879"}}, {"type": "Feature", "geometry": {"type": "Polygon", "coordinates": [[[78.61999999999999, 30.979999999999997], [78.64, 30.979999999999997], [78.64, 31.0], [78.61999999999999, 31.0], [78.61999999999999, 30.979999999999997]]]}, "properties": {"zone": "orange", "hazard_probability": 0.5983, "grid_id": "G-0880"}}, {"type": "Feature", "geometry": {"type": "Polygon", "coordinates": [[[78.64, 30.979999999999997], [78.66000000000001, 30.979999999999997], [78.66000000000001, 31.0], [78.64, 31.0], [78.64, 30.979999999999997]]]}, "properties": {"zone": "orange", "hazard_probability": 0.5959, "grid_id": "G-0881"}}, {"type": "Feature", "geometry": {"type": "Polygon", "coordinates": [[[78.66, 30.979999999999997], [78.68, 30.979999999999997], [78.68, 31.0], [78.66, 31.0], [78.66, 30.979999999999997]]]}, "properties": {"zone": "orange", "hazard_probability": 0.6138, "grid_id": "G-0882"}}, {"type": "Feature", "geometry": {"type": "Polygon", "coordinates": [[[78.67999999999999, 30.979999999999997], [78.7, 30.979999999999997], [78.7, 31.0], [78.67999999999999, 31.0], [78.67999999999999, 30.979999999999997]]]}, "properties": {"zone": "red", "hazard_probability": 0.7579, "grid_id": "G-0883"}}, {"type": "Feature", "geometry": {"type": "Polygon", "coordinates": [[[78.69999999999999, 30.979999999999997], [78.72, 30.979999999999997], [78.72, 31.0], [78.69999999999999, 31.0], [78.69999999999999, 30.979999999999997]]]}, "properties": {"zone": "red", "hazard_probability": 0.6805, "grid_id": "G-0884"}}, {"type": "Feature", "geometry": {"type": "Polygon", "coordinates": [[[78.72, 30.979999999999997], [78.74000000000001, 30.979999999999997], [78.74000000000001, 31.0], [78.72, 31.0], [78.72, 30.979999999999997]]]}, "properties": {"zone": "orange", "hazard_probability": 0.6068, "grid_id": "G-0885"}}, {"type": "Feature", "geometry": {"type": "Polygon", "coordinates": [[[78.74, 30.979999999999997], [78.76, 30.979999999999997], [78.76, 31.0], [78.74, 31.0], [78.74, 30.979999999999997]]]}, "properties": {"zone": "green", "hazard_probability": 0.4343, "grid_id": "G-0886"}}, {"type": "Feature", "geometry": {"type": "Polygon", "coordinates": [[[78.75999999999999, 30.979999999999997], [78.78, 30.979999999999997], [78.78, 31.0], [78.75999999999999, 31.0], [78.75999999999999, 30.979999999999997]]]}, "properties": {"zone": "green", "hazard_probability": 0.4207, "grid_id": "G-0887"}}, {"type": "Feature", "geometry": {"type": "Polygon", "coordinates": [[[78.78, 30.979999999999997], [78.80000000000001, 30.979999999999997], [78.80000000000001, 31.0], [78.78, 31.0], [78.78, 30.979999999999997]]]}, "properties": {"zone": "green", "hazard_probability": 0.4316, "grid_id": "G-0888"}}, {"type": "Feature", "geometry": {"type": "Polygon", "coordinates": [[[78.8, 30.979999999999997], [78.82000000000001, 30.979999999999997], [78.82000000000001, 31.0], [78.8, 31.0], [78.8, 30.979999999999997]]]}, "properties": {"zone": "yellow", "hazard_probability": 0.5033, "grid_id": "G-0889"}}, {"type": "Feature", "geometry": {"type": "Polygon", "coordinates": [[[78.82, 30.979999999999997], [78.84, 30.979999999999997], [78.84, 31.0], [78.82, 31.0], [78.82, 30.979999999999997]]]}, "properties": {"zone": "yellow", "hazard_probability": 0.5375, "grid_id": "G-0890"}}, {"type": "Feature", "geometry": {"type": "Polygon", "coordinates": [[[78.83999999999999, 30.979999999999997], [78.86, 30.979999999999997], [78.86, 31.0], [78.83999999999999, 31.0], [78.83999999999999, 30.979999999999997]]]}, "properties": {"zone": "yellow", "hazard_probability": 0.529, "grid_id": "G-0891"}}, {"type": "Feature", "geometry": {"type": "Polygon", "coordinates": [[[78.86, 30.979999999999997], [78.88000000000001, 30.979999999999997], [78.88000000000001, 31.0], [78.86, 31.0], [78.86, 30.979999999999997]]]}, "properties": {"zone": "orange", "hazard_probability": 0.5838, "grid_id": "G-0892"}}, {"type": "Feature", "geometry": {"type": "Polygon", "coordinates": [[[78.88, 30.979999999999997], [78.9, 30.979999999999997], [78.9, 31.0], [78.88, 31.0], [78.88, 30.979999999999997]]]}, "properties": {"zone": "orange", "hazard_probability": 0.5911, "grid_id": "G-0893"}}, {"type": "Feature", "geometry": {"type": "Polygon", "coordinates": [[[78.89999999999999, 30.979999999999997], [78.92, 30.979999999999997], [78.92, 31.0], [78.89999999999999, 31.0], [78.89999999999999, 30.979999999999997]]]}, "properties": {"zone": "orange", "hazard_probability": 0.6451, "grid_id": "G-0894"}}, {"type": "Feature", "geometry": {"type": "Polygon", "coordinates": [[[78.92, 30.979999999999997], [78.94000000000001, 30.979999999999997], [78.94000000000001, 31.0], [78.92, 31.0], [78.92, 30.979999999999997]]]}, "properties": {"zone": "orange", "hazard_probability": 0.6463, "grid_id": "G-0895"}}, {"type": "Feature", "geometry": {"type": "Polygon", "coordinates": [[[78.94, 30.979999999999997], [78.96000000000001, 30.979999999999997], [78.96000000000001, 31.0], [78.94, 31.0], [78.94, 30.979999999999997]]]}, "properties": {"zone": "orange", "hazard_probability": 0.6444, "grid_id": "G-0896"}}, {"type": "Feature", "geometry": {"type": "Polygon", "coordinates": [[[78.96, 30.979999999999997], [78.98, 30.979999999999997], [78.98, 31.0], [78.96, 31.0], [78.96, 30.979999999999997]]]}, "properties": {"zone": "orange", "hazard_probability": 0.6476, "grid_id": "G-0897"}}, {"type": "Feature", "geometry": {"type": "Polygon", "coordinates": [[[78.97999999999999, 30.979999999999997], [79.0, 30.979999999999997], [79.0, 31.0], [78.97999999999999, 31.0], [78.97999999999999, 30.979999999999997]]]}, "properties": {"zone": "orange", "hazard_probability": 0.5826, "grid_id": "G-0898"}}, {"type": "Feature", "geometry": {"type": "Polygon", "coordinates": [[[79.0, 30.979999999999997], [79.02000000000001, 30.979999999999997], [79.02000000000001, 31.0], [79.0, 31.0], [79.0, 30.979999999999997]]]}, "properties": {"zone": "green", "hazard_probability": 0.4414, "grid_id": "G-0899"}}, {"type": "Feature", "geometry": {"type": "Polygon", "coordinates": [[[79.02, 30.979999999999997], [79.04, 30.979999999999997], [79.04, 31.0], [79.02, 31.0], [79.02, 30.979999999999997]]]}, "properties": {"zone": "green", "hazard_probability": 0.4414, "grid_id": "G-0900"}}, {"type": "Feature", "geometry": {"type": "Polygon", "coordinates": [[[79.03999999999999, 30.979999999999997], [79.06, 30.979999999999997], [79.06, 31.0], [79.03999999999999, 31.0], [79.03999999999999, 30.979999999999997]]]}, "properties": {"zone": "green", "hazard_probability": 0.418, "grid_id": "G-0901"}}, {"type": "Feature", "geometry": {"type": "Polygon", "coordinates": [[[77.83999999999999, 31.0], [77.86, 31.0], [77.86, 31.020000000000003], [77.83999999999999, 31.020000000000003], [77.83999999999999, 31.0]]]}, "properties": {"zone": "yellow", "hazard_probability": 0.5196, "grid_id": "G-0902"}}, {"type": "Feature", "geometry": {"type": "Polygon", "coordinates": [[[77.86, 31.0], [77.88000000000001, 31.0], [77.88000000000001, 31.020000000000003], [77.86, 31.020000000000003], [77.86, 31.0]]]}, "properties": {"zone": "yellow", "hazard_probability": 0.5196, "grid_id": "G-0903"}}, {"type": "Feature", "geometry": {"type": "Polygon", "coordinates": [[[77.88, 31.0], [77.9, 31.0], [77.9, 31.020000000000003], [77.88, 31.020000000000003], [77.88, 31.0]]]}, "properties": {"zone": "yellow", "hazard_probability": 0.5196, "grid_id": "G-0904"}}, {"type": "Feature", "geometry": {"type": "Polygon", "coordinates": [[[77.89999999999999, 31.0], [77.92, 31.0], [77.92, 31.020000000000003], [77.89999999999999, 31.020000000000003], [77.89999999999999, 31.0]]]}, "properties": {"zone": "yellow", "hazard_probability": 0.5196, "grid_id": "G-0905"}}, {"type": "Feature", "geometry": {"type": "Polygon", "coordinates": [[[77.92, 31.0], [77.94000000000001, 31.0], [77.94000000000001, 31.020000000000003], [77.92, 31.020000000000003], [77.92, 31.0]]]}, "properties": {"zone": "yellow", "hazard_probability": 0.5251, "grid_id": "G-0906"}}, {"type": "Feature", "geometry": {"type": "Polygon", "coordinates": [[[77.94, 31.0], [77.96000000000001, 31.0], [77.96000000000001, 31.020000000000003], [77.94, 31.020000000000003], [77.94, 31.0]]]}, "properties": {"zone": "green", "hazard_probability": 0.4355, "grid_id": "G-0907"}}, {"type": "Feature", "geometry": {"type": "Polygon", "coordinates": [[[77.96, 31.0], [77.98, 31.0], [77.98, 31.020000000000003], [77.96, 31.020000000000003], [77.96, 31.0]]]}, "properties": {"zone": "green", "hazard_probability": 0.429, "grid_id": "G-0908"}}, {"type": "Feature", "geometry": {"type": "Polygon", "coordinates": [[[77.97999999999999, 31.0], [78.0, 31.0], [78.0, 31.020000000000003], [77.97999999999999, 31.020000000000003], [77.97999999999999, 31.0]]]}, "properties": {"zone": "green", "hazard_probability": 0.4297, "grid_id": "G-0909"}}, {"type": "Feature", "geometry": {"type": "Polygon", "coordinates": [[[78.0, 31.0], [78.02000000000001, 31.0], [78.02000000000001, 31.020000000000003], [78.0, 31.020000000000003], [78.0, 31.0]]]}, "properties": {"zone": "green", "hazard_probability": 0.4104, "grid_id": "G-0910"}}, {"type": "Feature", "geometry": {"type": "Polygon", "coordinates": [[[78.02, 31.0], [78.04, 31.0], [78.04, 31.020000000000003], [78.02, 31.020000000000003], [78.02, 31.0]]]}, "properties": {"zone": "green", "hazard_probability": 0.4367, "grid_id": "G-0911"}}, {"type": "Feature", "geometry": {"type": "Polygon", "coordinates": [[[78.03999999999999, 31.0], [78.06, 31.0], [78.06, 31.020000000000003], [78.03999999999999, 31.020000000000003], [78.03999999999999, 31.0]]]}, "properties": {"zone": "yellow", "hazard_probability": 0.563, "grid_id": "G-0912"}}, {"type": "Feature", "geometry": {"type": "Polygon", "coordinates": [[[78.05999999999999, 31.0], [78.08, 31.0], [78.08, 31.020000000000003], [78.05999999999999, 31.020000000000003], [78.05999999999999, 31.0]]]}, "properties": {"zone": "green", "hazard_probability": 0.4404, "grid_id": "G-0913"}}, {"type": "Feature", "geometry": {"type": "Polygon", "coordinates": [[[78.08, 31.0], [78.10000000000001, 31.0], [78.10000000000001, 31.020000000000003], [78.08, 31.020000000000003], [78.08, 31.0]]]}, "properties": {"zone": "yellow", "hazard_probability": 0.5365, "grid_id": "G-0914"}}, {"type": "Feature", "geometry": {"type": "Polygon", "coordinates": [[[78.1, 31.0], [78.12, 31.0], [78.12, 31.020000000000003], [78.1, 31.020000000000003], [78.1, 31.0]]]}, "properties": {"zone": "orange", "hazard_probability": 0.589, "grid_id": "G-0915"}}, {"type": "Feature", "geometry": {"type": "Polygon", "coordinates": [[[78.11999999999999, 31.0], [78.14, 31.0], [78.14, 31.020000000000003], [78.11999999999999, 31.020000000000003], [78.11999999999999, 31.0]]]}, "properties": {"zone": "yellow", "hazard_probability": 0.5696, "grid_id": "G-0916"}}, {"type": "Feature", "geometry": {"type": "Polygon", "coordinates": [[[78.14, 31.0], [78.16000000000001, 31.0], [78.16000000000001, 31.020000000000003], [78.14, 31.020000000000003], [78.14, 31.0]]]}, "properties": {"zone": "orange", "hazard_probability": 0.6455, "grid_id": "G-0917"}}, {"type": "Feature", "geometry": {"type": "Polygon", "coordinates": [[[78.16, 31.0], [78.18, 31.0], [78.18, 31.020000000000003], [78.16, 31.020000000000003], [78.16, 31.0]]]}, "properties": {"zone": "orange", "hazard_probability": 0.6493, "grid_id": "G-0918"}}, {"type": "Feature", "geometry": {"type": "Polygon", "coordinates": [[[78.17999999999999, 31.0], [78.2, 31.0], [78.2, 31.020000000000003], [78.17999999999999, 31.020000000000003], [78.17999999999999, 31.0]]]}, "properties": {"zone": "yellow", "hazard_probability": 0.565, "grid_id": "G-0919"}}, {"type": "Feature", "geometry": {"type": "Polygon", "coordinates": [[[78.19999999999999, 31.0], [78.22, 31.0], [78.22, 31.020000000000003], [78.19999999999999, 31.020000000000003], [78.19999999999999, 31.0]]]}, "properties": {"zone": "yellow", "hazard_probability": 0.5485, "grid_id": "G-0920"}}, {"type": "Feature", "geometry": {"type": "Polygon", "coordinates": [[[78.22, 31.0], [78.24000000000001, 31.0], [78.24000000000001, 31.020000000000003], [78.22, 31.020000000000003], [78.22, 31.0]]]}, "properties": {"zone": "orange", "hazard_probability": 0.6028, "grid_id": "G-0921"}}, {"type": "Feature", "geometry": {"type": "Polygon", "coordinates": [[[78.24, 31.0], [78.26, 31.0], [78.26, 31.020000000000003], [78.24, 31.020000000000003], [78.24, 31.0]]]}, "properties": {"zone": "green", "hazard_probability": 0.4701, "grid_id": "G-0922"}}, {"type": "Feature", "geometry": {"type": "Polygon", "coordinates": [[[78.25999999999999, 31.0], [78.28, 31.0], [78.28, 31.020000000000003], [78.25999999999999, 31.020000000000003], [78.25999999999999, 31.0]]]}, "properties": {"zone": "yellow", "hazard_probability": 0.5196, "grid_id": "G-0923"}}, {"type": "Feature", "geometry": {"type": "Polygon", "coordinates": [[[78.28, 31.0], [78.30000000000001, 31.0], [78.30000000000001, 31.020000000000003], [78.28, 31.020000000000003], [78.28, 31.0]]]}, "properties": {"zone": "yellow", "hazard_probability": 0.5274, "grid_id": "G-0924"}}, {"type": "Feature", "geometry": {"type": "Polygon", "coordinates": [[[78.3, 31.0], [78.32000000000001, 31.0], [78.32000000000001, 31.020000000000003], [78.3, 31.020000000000003], [78.3, 31.0]]]}, "properties": {"zone": "green", "hazard_probability": 0.2991, "grid_id": "G-0925"}}, {"type": "Feature", "geometry": {"type": "Polygon", "coordinates": [[[78.32, 31.0], [78.34, 31.0], [78.34, 31.020000000000003], [78.32, 31.020000000000003], [78.32, 31.0]]]}, "properties": {"zone": "green", "hazard_probability": 0.331, "grid_id": "G-0926"}}, {"type": "Feature", "geometry": {"type": "Polygon", "coordinates": [[[78.33999999999999, 31.0], [78.36, 31.0], [78.36, 31.020000000000003], [78.33999999999999, 31.020000000000003], [78.33999999999999, 31.0]]]}, "properties": {"zone": "yellow", "hazard_probability": 0.4911, "grid_id": "G-0927"}}, {"type": "Feature", "geometry": {"type": "Polygon", "coordinates": [[[78.36, 31.0], [78.38000000000001, 31.0], [78.38000000000001, 31.020000000000003], [78.36, 31.020000000000003], [78.36, 31.0]]]}, "properties": {"zone": "yellow", "hazard_probability": 0.5251, "grid_id": "G-0928"}}, {"type": "Feature", "geometry": {"type": "Polygon", "coordinates": [[[78.38, 31.0], [78.4, 31.0], [78.4, 31.020000000000003], [78.38, 31.020000000000003], [78.38, 31.0]]]}, "properties": {"zone": "green", "hazard_probability": 0.445, "grid_id": "G-0929"}}, {"type": "Feature", "geometry": {"type": "Polygon", "coordinates": [[[78.39999999999999, 31.0], [78.42, 31.0], [78.42, 31.020000000000003], [78.39999999999999, 31.020000000000003], [78.39999999999999, 31.0]]]}, "properties": {"zone": "green", "hazard_probability": 0.4261, "grid_id": "G-0930"}}, {"type": "Feature", "geometry": {"type": "Polygon", "coordinates": [[[78.42, 31.0], [78.44000000000001, 31.0], [78.44000000000001, 31.020000000000003], [78.42, 31.020000000000003], [78.42, 31.0]]]}, "properties": {"zone": "orange", "hazard_probability": 0.595, "grid_id": "G-0931"}}, {"type": "Feature", "geometry": {"type": "Polygon", "coordinates": [[[78.44, 31.0], [78.46000000000001, 31.0], [78.46000000000001, 31.020000000000003], [78.44, 31.020000000000003], [78.44, 31.0]]]}, "properties": {"zone": "green", "hazard_probability": 0.4513, "grid_id": "G-0932"}}, {"type": "Feature", "geometry": {"type": "Polygon", "coordinates": [[[78.46, 31.0], [78.48, 31.0], [78.48, 31.020000000000003], [78.46, 31.020000000000003], [78.46, 31.0]]]}, "properties": {"zone": "yellow", "hazard_probability": 0.5088, "grid_id": "G-0933"}}, {"type": "Feature", "geometry": {"type": "Polygon", "coordinates": [[[78.47999999999999, 31.0], [78.5, 31.0], [78.5, 31.020000000000003], [78.47999999999999, 31.020000000000003], [78.47999999999999, 31.0]]]}, "properties": {"zone": "green", "hazard_probability": 0.3347, "grid_id": "G-0934"}}, {"type": "Feature", "geometry": {"type": "Polygon", "coordinates": [[[78.5, 31.0], [78.52000000000001, 31.0], [78.52000000000001, 31.020000000000003], [78.5, 31.020000000000003], [78.5, 31.0]]]}, "properties": {"zone": "green", "hazard_probability": 0.4352, "grid_id": "G-0935"}}, {"type": "Feature", "geometry": {"type": "Polygon", "coordinates": [[[78.52, 31.0], [78.54, 31.0], [78.54, 31.020000000000003], [78.52, 31.020000000000003], [78.52, 31.0]]]}, "properties": {"zone": "yellow", "hazard_probability": 0.5147, "grid_id": "G-0936"}}, {"type": "Feature", "geometry": {"type": "Polygon", "coordinates": [[[78.53999999999999, 31.0], [78.56, 31.0], [78.56, 31.020000000000003], [78.53999999999999, 31.020000000000003], [78.53999999999999, 31.0]]]}, "properties": {"zone": "orange", "hazard_probability": 0.6082, "grid_id": "G-0937"}}, {"type": "Feature", "geometry": {"type": "Polygon", "coordinates": [[[78.55999999999999, 31.0], [78.58, 31.0], [78.58, 31.020000000000003], [78.55999999999999, 31.020000000000003], [78.55999999999999, 31.0]]]}, "properties": {"zone": "green", "hazard_probability": 0.331, "grid_id": "G-0938"}}, {"type": "Feature", "geometry": {"type": "Polygon", "coordinates": [[[78.58, 31.0], [78.60000000000001, 31.0], [78.60000000000001, 31.020000000000003], [78.58, 31.020000000000003], [78.58, 31.0]]]}, "properties": {"zone": "yellow", "hazard_probability": 0.5235, "grid_id": "G-0939"}}, {"type": "Feature", "geometry": {"type": "Polygon", "coordinates": [[[78.6, 31.0], [78.62, 31.0], [78.62, 31.020000000000003], [78.6, 31.020000000000003], [78.6, 31.0]]]}, "properties": {"zone": "orange", "hazard_probability": 0.6082, "grid_id": "G-0940"}}, {"type": "Feature", "geometry": {"type": "Polygon", "coordinates": [[[78.61999999999999, 31.0], [78.64, 31.0], [78.64, 31.020000000000003], [78.61999999999999, 31.020000000000003], [78.61999999999999, 31.0]]]}, "properties": {"zone": "orange", "hazard_probability": 0.6139, "grid_id": "G-0941"}}, {"type": "Feature", "geometry": {"type": "Polygon", "coordinates": [[[78.64, 31.0], [78.66000000000001, 31.0], [78.66000000000001, 31.020000000000003], [78.64, 31.020000000000003], [78.64, 31.0]]]}, "properties": {"zone": "yellow", "hazard_probability": 0.5338, "grid_id": "G-0942"}}, {"type": "Feature", "geometry": {"type": "Polygon", "coordinates": [[[78.66, 31.0], [78.68, 31.0], [78.68, 31.020000000000003], [78.66, 31.020000000000003], [78.66, 31.0]]]}, "properties": {"zone": "yellow", "hazard_probability": 0.5525, "grid_id": "G-0943"}}, {"type": "Feature", "geometry": {"type": "Polygon", "coordinates": [[[78.67999999999999, 31.0], [78.7, 31.0], [78.7, 31.020000000000003], [78.67999999999999, 31.020000000000003], [78.67999999999999, 31.0]]]}, "properties": {"zone": "red", "hazard_probability": 0.7534, "grid_id": "G-0944"}}, {"type": "Feature", "geometry": {"type": "Polygon", "coordinates": [[[78.69999999999999, 31.0], [78.72, 31.0], [78.72, 31.020000000000003], [78.69999999999999, 31.020000000000003], [78.69999999999999, 31.0]]]}, "properties": {"zone": "orange", "hazard_probability": 0.6481, "grid_id": "G-0945"}}, {"type": "Feature", "geometry": {"type": "Polygon", "coordinates": [[[78.72, 31.0], [78.74000000000001, 31.0], [78.74000000000001, 31.020000000000003], [78.72, 31.020000000000003], [78.72, 31.0]]]}, "properties": {"zone": "orange", "hazard_probability": 0.6392, "grid_id": "G-0946"}}, {"type": "Feature", "geometry": {"type": "Polygon", "coordinates": [[[78.74, 31.0], [78.76, 31.0], [78.76, 31.020000000000003], [78.74, 31.020000000000003], [78.74, 31.0]]]}, "properties": {"zone": "orange", "hazard_probability": 0.5891, "grid_id": "G-0947"}}, {"type": "Feature", "geometry": {"type": "Polygon", "coordinates": [[[78.75999999999999, 31.0], [78.78, 31.0], [78.78, 31.020000000000003], [78.75999999999999, 31.020000000000003], [78.75999999999999, 31.0]]]}, "properties": {"zone": "orange", "hazard_probability": 0.593, "grid_id": "G-0948"}}, {"type": "Feature", "geometry": {"type": "Polygon", "coordinates": [[[78.78, 31.0], [78.80000000000001, 31.0], [78.80000000000001, 31.020000000000003], [78.78, 31.020000000000003], [78.78, 31.0]]]}, "properties": {"zone": "orange", "hazard_probability": 0.6221, "grid_id": "G-0949"}}, {"type": "Feature", "geometry": {"type": "Polygon", "coordinates": [[[78.8, 31.0], [78.82000000000001, 31.0], [78.82000000000001, 31.020000000000003], [78.8, 31.020000000000003], [78.8, 31.0]]]}, "properties": {"zone": "orange", "hazard_probability": 0.6464, "grid_id": "G-0950"}}, {"type": "Feature", "geometry": {"type": "Polygon", "coordinates": [[[78.82, 31.0], [78.84, 31.0], [78.84, 31.020000000000003], [78.82, 31.020000000000003], [78.82, 31.0]]]}, "properties": {"zone": "green", "hazard_probability": 0.316, "grid_id": "G-0951"}}, {"type": "Feature", "geometry": {"type": "Polygon", "coordinates": [[[78.83999999999999, 31.0], [78.86, 31.0], [78.86, 31.020000000000003], [78.83999999999999, 31.020000000000003], [78.83999999999999, 31.0]]]}, "properties": {"zone": "yellow", "hazard_probability": 0.4978, "grid_id": "G-0952"}}, {"type": "Feature", "geometry": {"type": "Polygon", "coordinates": [[[78.86, 31.0], [78.88000000000001, 31.0], [78.88000000000001, 31.020000000000003], [78.86, 31.020000000000003], [78.86, 31.0]]]}, "properties": {"zone": "orange", "hazard_probability": 0.5948, "grid_id": "G-0953"}}, {"type": "Feature", "geometry": {"type": "Polygon", "coordinates": [[[78.88, 31.0], [78.9, 31.0], [78.9, 31.020000000000003], [78.88, 31.020000000000003], [78.88, 31.0]]]}, "properties": {"zone": "red", "hazard_probability": 0.7534, "grid_id": "G-0954"}}, {"type": "Feature", "geometry": {"type": "Polygon", "coordinates": [[[78.89999999999999, 31.0], [78.92, 31.0], [78.92, 31.020000000000003], [78.89999999999999, 31.020000000000003], [78.89999999999999, 31.0]]]}, "properties": {"zone": "orange", "hazard_probability": 0.6246, "grid_id": "G-0955"}}, {"type": "Feature", "geometry": {"type": "Polygon", "coordinates": [[[78.92, 31.0], [78.94000000000001, 31.0], [78.94000000000001, 31.020000000000003], [78.92, 31.020000000000003], [78.92, 31.0]]]}, "properties": {"zone": "orange", "hazard_probability": 0.6221, "grid_id": "G-0956"}}, {"type": "Feature", "geometry": {"type": "Polygon", "coordinates": [[[78.94, 31.0], [78.96000000000001, 31.0], [78.96000000000001, 31.020000000000003], [78.94, 31.020000000000003], [78.94, 31.0]]]}, "properties": {"zone": "orange", "hazard_probability": 0.6265, "grid_id": "G-0957"}}, {"type": "Feature", "geometry": {"type": "Polygon", "coordinates": [[[78.96, 31.0], [78.98, 31.0], [78.98, 31.020000000000003], [78.96, 31.020000000000003], [78.96, 31.0]]]}, "properties": {"zone": "yellow", "hazard_probability": 0.5719, "grid_id": "G-0958"}}, {"type": "Feature", "geometry": {"type": "Polygon", "coordinates": [[[78.97999999999999, 31.0], [79.0, 31.0], [79.0, 31.020000000000003], [78.97999999999999, 31.020000000000003], [78.97999999999999, 31.0]]]}, "properties": {"zone": "yellow", "hazard_probability": 0.4781, "grid_id": "G-0959"}}, {"type": "Feature", "geometry": {"type": "Polygon", "coordinates": [[[79.0, 31.0], [79.02000000000001, 31.0], [79.02000000000001, 31.020000000000003], [79.0, 31.020000000000003], [79.0, 31.0]]]}, "properties": {"zone": "green", "hazard_probability": 0.4414, "grid_id": "G-0960"}}, {"type": "Feature", "geometry": {"type": "Polygon", "coordinates": [[[79.02, 31.0], [79.04, 31.0], [79.04, 31.020000000000003], [79.02, 31.020000000000003], [79.02, 31.0]]]}, "properties": {"zone": "green", "hazard_probability": 0.4304, "grid_id": "G-0961"}}, {"type": "Feature", "geometry": {"type": "Polygon", "coordinates": [[[79.03999999999999, 31.0], [79.06, 31.0], [79.06, 31.020000000000003], [79.03999999999999, 31.020000000000003], [79.03999999999999, 31.0]]]}, "properties": {"zone": "green", "hazard_probability": 0.4118, "grid_id": "G-0962"}}, {"type": "Feature", "geometry": {"type": "Polygon", "coordinates": [[[77.83999999999999, 31.02], [77.86, 31.02], [77.86, 31.040000000000003], [77.83999999999999, 31.040000000000003], [77.83999999999999, 31.02]]]}, "properties": {"zone": "yellow", "hazard_probability": 0.5196, "grid_id": "G-0963"}}, {"type": "Feature", "geometry": {"type": "Polygon", "coordinates": [[[77.86, 31.02], [77.88000000000001, 31.02], [77.88000000000001, 31.040000000000003], [77.86, 31.040000000000003], [77.86, 31.02]]]}, "properties": {"zone": "yellow", "hazard_probability": 0.5196, "grid_id": "G-0964"}}, {"type": "Feature", "geometry": {"type": "Polygon", "coordinates": [[[77.88, 31.02], [77.9, 31.02], [77.9, 31.040000000000003], [77.88, 31.040000000000003], [77.88, 31.02]]]}, "properties": {"zone": "yellow", "hazard_probability": 0.5196, "grid_id": "G-0965"}}, {"type": "Feature", "geometry": {"type": "Polygon", "coordinates": [[[77.89999999999999, 31.02], [77.92, 31.02], [77.92, 31.040000000000003], [77.89999999999999, 31.040000000000003], [77.89999999999999, 31.02]]]}, "properties": {"zone": "yellow", "hazard_probability": 0.5196, "grid_id": "G-0966"}}, {"type": "Feature", "geometry": {"type": "Polygon", "coordinates": [[[77.92, 31.02], [77.94000000000001, 31.02], [77.94000000000001, 31.040000000000003], [77.92, 31.040000000000003], [77.92, 31.02]]]}, "properties": {"zone": "green", "hazard_probability": 0.429, "grid_id": "G-0967"}}, {"type": "Feature", "geometry": {"type": "Polygon", "coordinates": [[[77.94, 31.02], [77.96000000000001, 31.02], [77.96000000000001, 31.040000000000003], [77.94, 31.040000000000003], [77.94, 31.02]]]}, "properties": {"zone": "yellow", "hazard_probability": 0.5251, "grid_id": "G-0968"}}, {"type": "Feature", "geometry": {"type": "Polygon", "coordinates": [[[77.96, 31.02], [77.98, 31.02], [77.98, 31.040000000000003], [77.96, 31.040000000000003], [77.96, 31.02]]]}, "properties": {"zone": "yellow", "hazard_probability": 0.5196, "grid_id": "G-0969"}}, {"type": "Feature", "geometry": {"type": "Polygon", "coordinates": [[[77.97999999999999, 31.02], [78.0, 31.02], [78.0, 31.040000000000003], [77.97999999999999, 31.040000000000003], [77.97999999999999, 31.02]]]}, "properties": {"zone": "green", "hazard_probability": 0.4297, "grid_id": "G-0970"}}, {"type": "Feature", "geometry": {"type": "Polygon", "coordinates": [[[78.0, 31.02], [78.02000000000001, 31.02], [78.02000000000001, 31.040000000000003], [78.0, 31.040000000000003], [78.0, 31.02]]]}, "properties": {"zone": "green", "hazard_probability": 0.4431, "grid_id": "G-0971"}}, {"type": "Feature", "geometry": {"type": "Polygon", "coordinates": [[[78.02, 31.02], [78.04, 31.02], [78.04, 31.040000000000003], [78.02, 31.040000000000003], [78.02, 31.02]]]}, "properties": {"zone": "yellow", "hazard_probability": 0.5288, "grid_id": "G-0972"}}, {"type": "Feature", "geometry": {"type": "Polygon", "coordinates": [[[78.03999999999999, 31.02], [78.06, 31.02], [78.06, 31.040000000000003], [78.03999999999999, 31.040000000000003], [78.03999999999999, 31.02]]]}, "properties": {"zone": "green", "hazard_probability": 0.4237, "grid_id": "G-0973"}}, {"type": "Feature", "geometry": {"type": "Polygon", "coordinates": [[[78.05999999999999, 31.02], [78.08, 31.02], [78.08, 31.040000000000003], [78.05999999999999, 31.040000000000003], [78.05999999999999, 31.02]]]}, "properties": {"zone": "green", "hazard_probability": 0.4497, "grid_id": "G-0974"}}, {"type": "Feature", "geometry": {"type": "Polygon", "coordinates": [[[78.08, 31.02], [78.10000000000001, 31.02], [78.10000000000001, 31.040000000000003], [78.08, 31.040000000000003], [78.08, 31.02]]]}, "properties": {"zone": "yellow", "hazard_probability": 0.5288, "grid_id": "G-0975"}}, {"type": "Feature", "geometry": {"type": "Polygon", "coordinates": [[[78.1, 31.02], [78.12, 31.02], [78.12, 31.040000000000003], [78.1, 31.040000000000003], [78.1, 31.02]]]}, "properties": {"zone": "yellow", "hazard_probability": 0.5641, "grid_id": "G-0976"}}, {"type": "Feature", "geometry": {"type": "Polygon", "coordinates": [[[78.11999999999999, 31.02], [78.14, 31.02], [78.14, 31.040000000000003], [78.11999999999999, 31.040000000000003], [78.11999999999999, 31.02]]]}, "properties": {"zone": "orange", "hazard_probability": 0.6046, "grid_id": "G-0977"}}, {"type": "Feature", "geometry": {"type": "Polygon", "coordinates": [[[78.14, 31.02], [78.16000000000001, 31.02], [78.16000000000001, 31.040000000000003], [78.14, 31.040000000000003], [78.14, 31.02]]]}, "properties": {"zone": "orange", "hazard_probability": 0.5991, "grid_id": "G-0978"}}, {"type": "Feature", "geometry": {"type": "Polygon", "coordinates": [[[78.16, 31.02], [78.18, 31.02], [78.18, 31.040000000000003], [78.16, 31.040000000000003], [78.16, 31.02]]]}, "properties": {"zone": "yellow", "hazard_probability": 0.5466, "grid_id": "G-0979"}}, {"type": "Feature", "geometry": {"type": "Polygon", "coordinates": [[[78.17999999999999, 31.02], [78.2, 31.02], [78.2, 31.040000000000003], [78.17999999999999, 31.040000000000003], [78.17999999999999, 31.02]]]}, "properties": {"zone": "yellow", "hazard_probability": 0.5087, "grid_id": "G-0980"}}, {"type": "Feature", "geometry": {"type": "Polygon", "coordinates": [[[78.19999999999999, 31.02], [78.22, 31.02], [78.22, 31.040000000000003], [78.19999999999999, 31.040000000000003], [78.19999999999999, 31.02]]]}, "properties": {"zone": "yellow", "hazard_probability": 0.5443, "grid_id": "G-0981"}}, {"type": "Feature", "geometry": {"type": "Polygon", "coordinates": [[[78.22, 31.02], [78.24000000000001, 31.02], [78.24000000000001, 31.040000000000003], [78.22, 31.040000000000003], [78.22, 31.02]]]}, "properties": {"zone": "green", "hazard_probability": 0.4701, "grid_id": "G-0982"}}, {"type": "Feature", "geometry": {"type": "Polygon", "coordinates": [[[78.24, 31.02], [78.26, 31.02], [78.26, 31.040000000000003], [78.24, 31.040000000000003], [78.24, 31.02]]]}, "properties": {"zone": "green", "hazard_probability": 0.4561, "grid_id": "G-0983"}}, {"type": "Feature", "geometry": {"type": "Polygon", "coordinates": [[[78.25999999999999, 31.02], [78.28, 31.02], [78.28, 31.040000000000003], [78.25999999999999, 31.040000000000003], [78.25999999999999, 31.02]]]}, "properties": {"zone": "green", "hazard_probability": 0.4207, "grid_id": "G-0984"}}, {"type": "Feature", "geometry": {"type": "Polygon", "coordinates": [[[78.28, 31.02], [78.30000000000001, 31.02], [78.30000000000001, 31.040000000000003], [78.28, 31.040000000000003], [78.28, 31.02]]]}, "properties": {"zone": "yellow", "hazard_probability": 0.4798, "grid_id": "G-0985"}}, {"type": "Feature", "geometry": {"type": "Polygon", "coordinates": [[[78.3, 31.02], [78.32000000000001, 31.02], [78.32000000000001, 31.040000000000003], [78.3, 31.040000000000003], [78.3, 31.02]]]}, "properties": {"zone": "green", "hazard_probability": 0.3018, "grid_id": "G-0986"}}, {"type": "Feature", "geometry": {"type": "Polygon", "coordinates": [[[78.32, 31.02], [78.34, 31.02], [78.34, 31.040000000000003], [78.32, 31.040000000000003], [78.32, 31.02]]]}, "properties": {"zone": "yellow", "hazard_probability": 0.4854, "grid_id": "G-0987"}}, {"type": "Feature", "geometry": {"type": "Polygon", "coordinates": [[[78.33999999999999, 31.02], [78.36, 31.02], [78.36, 31.040000000000003], [78.33999999999999, 31.040000000000003], [78.33999999999999, 31.02]]]}, "properties": {"zone": "green", "hazard_probability": 0.408, "grid_id": "G-0988"}}, {"type": "Feature", "geometry": {"type": "Polygon", "coordinates": [[[78.36, 31.02], [78.38000000000001, 31.02], [78.38000000000001, 31.040000000000003], [78.36, 31.040000000000003], [78.36, 31.02]]]}, "properties": {"zone": "green", "hazard_probability": 0.368, "grid_id": "G-0989"}}, {"type": "Feature", "geometry": {"type": "Polygon", "coordinates": [[[78.38, 31.02], [78.4, 31.02], [78.4, 31.040000000000003], [78.38, 31.040000000000003], [78.38, 31.02]]]}, "properties": {"zone": "yellow", "hazard_probability": 0.5, "grid_id": "G-0990"}}, {"type": "Feature", "geometry": {"type": "Polygon", "coordinates": [[[78.39999999999999, 31.02], [78.42, 31.02], [78.42, 31.040000000000003], [78.39999999999999, 31.040000000000003], [78.39999999999999, 31.02]]]}, "properties": {"zone": "red", "hazard_probability": 0.7377, "grid_id": "G-0991"}}, {"type": "Feature", "geometry": {"type": "Polygon", "coordinates": [[[78.42, 31.02], [78.44000000000001, 31.02], [78.44000000000001, 31.040000000000003], [78.42, 31.040000000000003], [78.42, 31.02]]]}, "properties": {"zone": "orange", "hazard_probability": 0.6193, "grid_id": "G-0992"}}, {"type": "Feature", "geometry": {"type": "Polygon", "coordinates": [[[78.44, 31.02], [78.46000000000001, 31.02], [78.46000000000001, 31.040000000000003], [78.44, 31.040000000000003], [78.44, 31.02]]]}, "properties": {"zone": "green", "hazard_probability": 0.4388, "grid_id": "G-0993"}}, {"type": "Feature", "geometry": {"type": "Polygon", "coordinates": [[[78.46, 31.02], [78.48, 31.02], [78.48, 31.040000000000003], [78.46, 31.040000000000003], [78.46, 31.02]]]}, "properties": {"zone": "red", "hazard_probability": 0.7342, "grid_id": "G-0994"}}, {"type": "Feature", "geometry": {"type": "Polygon", "coordinates": [[[78.47999999999999, 31.02], [78.5, 31.02], [78.5, 31.040000000000003], [78.47999999999999, 31.040000000000003], [78.47999999999999, 31.02]]]}, "properties": {"zone": "green", "hazard_probability": 0.3018, "grid_id": "G-0995"}}, {"type": "Feature", "geometry": {"type": "Polygon", "coordinates": [[[78.5, 31.02], [78.52000000000001, 31.02], [78.52000000000001, 31.040000000000003], [78.5, 31.040000000000003], [78.5, 31.02]]]}, "properties": {"zone": "green", "hazard_probability": 0.3381, "grid_id": "G-0996"}}, {"type": "Feature", "geometry": {"type": "Polygon", "coordinates": [[[78.52, 31.02], [78.54, 31.02], [78.54, 31.040000000000003], [78.52, 31.040000000000003], [78.52, 31.02]]]}, "properties": {"zone": "green", "hazard_probability": 0.331, "grid_id": "G-0997"}}, {"type": "Feature", "geometry": {"type": "Polygon", "coordinates": [[[78.53999999999999, 31.02], [78.56, 31.02], [78.56, 31.040000000000003], [78.53999999999999, 31.040000000000003], [78.53999999999999, 31.02]]]}, "properties": {"zone": "green", "hazard_probability": 0.3477, "grid_id": "G-0998"}}, {"type": "Feature", "geometry": {"type": "Polygon", "coordinates": [[[78.55999999999999, 31.02], [78.58, 31.02], [78.58, 31.040000000000003], [78.55999999999999, 31.040000000000003], [78.55999999999999, 31.02]]]}, "properties": {"zone": "yellow", "hazard_probability": 0.5097, "grid_id": "G-0999"}}, {"type": "Feature", "geometry": {"type": "Polygon", "coordinates": [[[78.58, 31.02], [78.60000000000001, 31.02], [78.60000000000001, 31.040000000000003], [78.58, 31.040000000000003], [78.58, 31.02]]]}, "properties": {"zone": "green", "hazard_probability": 0.3477, "grid_id": "G-1000"}}, {"type": "Feature", "geometry": {"type": "Polygon", "coordinates": [[[78.6, 31.02], [78.62, 31.02], [78.62, 31.040000000000003], [78.6, 31.040000000000003], [78.6, 31.02]]]}, "properties": {"zone": "green", "hazard_probability": 0.331, "grid_id": "G-1001"}}, {"type": "Feature", "geometry": {"type": "Polygon", "coordinates": [[[78.61999999999999, 31.02], [78.64, 31.02], [78.64, 31.040000000000003], [78.61999999999999, 31.040000000000003], [78.61999999999999, 31.02]]]}, "properties": {"zone": "yellow", "hazard_probability": 0.495, "grid_id": "G-1002"}}, {"type": "Feature", "geometry": {"type": "Polygon", "coordinates": [[[78.64, 31.02], [78.66000000000001, 31.02], [78.66000000000001, 31.040000000000003], [78.64, 31.040000000000003], [78.64, 31.02]]]}, "properties": {"zone": "yellow", "hazard_probability": 0.5274, "grid_id": "G-1003"}}, {"type": "Feature", "geometry": {"type": "Polygon", "coordinates": [[[78.66, 31.02], [78.68, 31.02], [78.68, 31.040000000000003], [78.66, 31.040000000000003], [78.66, 31.02]]]}, "properties": {"zone": "orange", "hazard_probability": 0.5851, "grid_id": "G-1004"}}, {"type": "Feature", "geometry": {"type": "Polygon", "coordinates": [[[78.67999999999999, 31.02], [78.7, 31.02], [78.7, 31.040000000000003], [78.67999999999999, 31.040000000000003], [78.67999999999999, 31.02]]]}, "properties": {"zone": "yellow", "hazard_probability": 0.5074, "grid_id": "G-1005"}}, {"type": "Feature", "geometry": {"type": "Polygon", "coordinates": [[[78.69999999999999, 31.02], [78.72, 31.02], [78.72, 31.040000000000003], [78.69999999999999, 31.040000000000003], [78.69999999999999, 31.02]]]}, "properties": {"zone": "red", "hazard_probability": 0.6877, "grid_id": "G-1006"}}, {"type": "Feature", "geometry": {"type": "Polygon", "coordinates": [[[78.72, 31.02], [78.74000000000001, 31.02], [78.74000000000001, 31.040000000000003], [78.72, 31.040000000000003], [78.72, 31.02]]]}, "properties": {"zone": "red", "hazard_probability": 0.7011, "grid_id": "G-1007"}}, {"type": "Feature", "geometry": {"type": "Polygon", "coordinates": [[[78.74, 31.02], [78.76, 31.02], [78.76, 31.040000000000003], [78.74, 31.040000000000003], [78.74, 31.02]]]}, "properties": {"zone": "red", "hazard_probability": 0.7353, "grid_id": "G-1008"}}, {"type": "Feature", "geometry": {"type": "Polygon", "coordinates": [[[78.75999999999999, 31.02], [78.78, 31.02], [78.78, 31.040000000000003], [78.75999999999999, 31.040000000000003], [78.75999999999999, 31.02]]]}, "properties": {"zone": "orange", "hazard_probability": 0.6503, "grid_id": "G-1009"}}, {"type": "Feature", "geometry": {"type": "Polygon", "coordinates": [[[78.78, 31.02], [78.80000000000001, 31.02], [78.80000000000001, 31.040000000000003], [78.78, 31.040000000000003], [78.78, 31.02]]]}, "properties": {"zone": "red", "hazard_probability": 0.654, "grid_id": "G-1010"}}, {"type": "Feature", "geometry": {"type": "Polygon", "coordinates": [[[78.8, 31.02], [78.82000000000001, 31.02], [78.82000000000001, 31.040000000000003], [78.8, 31.040000000000003], [78.8, 31.02]]]}, "properties": {"zone": "red", "hazard_probability": 0.6553, "grid_id": "G-1011"}}, {"type": "Feature", "geometry": {"type": "Polygon", "coordinates": [[[78.82, 31.02], [78.84, 31.02], [78.84, 31.040000000000003], [78.82, 31.040000000000003], [78.82, 31.02]]]}, "properties": {"zone": "orange", "hazard_probability": 0.604, "grid_id": "G-1012"}}, {"type": "Feature", "geometry": {"type": "Polygon", "coordinates": [[[78.83999999999999, 31.02], [78.86, 31.02], [78.86, 31.040000000000003], [78.83999999999999, 31.040000000000003], [78.83999999999999, 31.02]]]}, "properties": {"zone": "yellow", "hazard_probability": 0.5504, "grid_id": "G-1013"}}, {"type": "Feature", "geometry": {"type": "Polygon", "coordinates": [[[78.86, 31.02], [78.88000000000001, 31.02], [78.88000000000001, 31.040000000000003], [78.86, 31.040000000000003], [78.86, 31.02]]]}, "properties": {"zone": "orange", "hazard_probability": 0.597, "grid_id": "G-1014"}}, {"type": "Feature", "geometry": {"type": "Polygon", "coordinates": [[[78.88, 31.02], [78.9, 31.02], [78.9, 31.040000000000003], [78.88, 31.040000000000003], [78.88, 31.02]]]}, "properties": {"zone": "yellow", "hazard_probability": 0.4781, "grid_id": "G-1015"}}, {"type": "Feature", "geometry": {"type": "Polygon", "coordinates": [[[78.89999999999999, 31.02], [78.92, 31.02], [78.92, 31.040000000000003], [78.89999999999999, 31.040000000000003], [78.89999999999999, 31.02]]]}, "properties": {"zone": "yellow", "hazard_probability": 0.5719, "grid_id": "G-1016"}}, {"type": "Feature", "geometry": {"type": "Polygon", "coordinates": [[[78.92, 31.02], [78.94000000000001, 31.02], [78.94000000000001, 31.040000000000003], [78.92, 31.040000000000003], [78.92, 31.02]]]}, "properties": {"zone": "yellow", "hazard_probability": 0.4876, "grid_id": "G-1017"}}, {"type": "Feature", "geometry": {"type": "Polygon", "coordinates": [[[78.94, 31.02], [78.96000000000001, 31.02], [78.96000000000001, 31.040000000000003], [78.94, 31.040000000000003], [78.94, 31.02]]]}, "properties": {"zone": "yellow", "hazard_probability": 0.4876, "grid_id": "G-1018"}}, {"type": "Feature", "geometry": {"type": "Polygon", "coordinates": [[[78.96, 31.02], [78.98, 31.02], [78.98, 31.040000000000003], [78.96, 31.040000000000003], [78.96, 31.02]]]}, "properties": {"zone": "yellow", "hazard_probability": 0.4876, "grid_id": "G-1019"}}, {"type": "Feature", "geometry": {"type": "Polygon", "coordinates": [[[78.97999999999999, 31.02], [79.0, 31.02], [79.0, 31.040000000000003], [78.97999999999999, 31.040000000000003], [78.97999999999999, 31.02]]]}, "properties": {"zone": "green", "hazard_probability": 0.4443, "grid_id": "G-1020"}}, {"type": "Feature", "geometry": {"type": "Polygon", "coordinates": [[[79.0, 31.02], [79.02000000000001, 31.02], [79.02000000000001, 31.040000000000003], [79.0, 31.040000000000003], [79.0, 31.02]]]}, "properties": {"zone": "green", "hazard_probability": 0.4357, "grid_id": "G-1021"}}, {"type": "Feature", "geometry": {"type": "Polygon", "coordinates": [[[79.02, 31.02], [79.04, 31.02], [79.04, 31.040000000000003], [79.02, 31.040000000000003], [79.02, 31.02]]]}, "properties": {"zone": "green", "hazard_probability": 0.4357, "grid_id": "G-1022"}}, {"type": "Feature", "geometry": {"type": "Polygon", "coordinates": [[[79.03999999999999, 31.02], [79.06, 31.02], [79.06, 31.040000000000003], [79.03999999999999, 31.040000000000003], [79.03999999999999, 31.02]]]}, "properties": {"zone": "green", "hazard_probability": 0.3709, "grid_id": "G-1023"}}, {"type": "Feature", "geometry": {"type": "Polygon", "coordinates": [[[77.83999999999999, 31.04], [77.86, 31.04], [77.86, 31.060000000000002], [77.83999999999999, 31.060000000000002], [77.83999999999999, 31.04]]]}, "properties": {"zone": "yellow", "hazard_probability": 0.5155, "grid_id": "G-1024"}}, {"type": "Feature", "geometry": {"type": "Polygon", "coordinates": [[[77.86, 31.04], [77.88000000000001, 31.04], [77.88000000000001, 31.060000000000002], [77.86, 31.060000000000002], [77.86, 31.04]]]}, "properties": {"zone": "yellow", "hazard_probability": 0.5196, "grid_id": "G-1025"}}, {"type": "Feature", "geometry": {"type": "Polygon", "coordinates": [[[77.88, 31.04], [77.9, 31.04], [77.9, 31.060000000000002], [77.88, 31.060000000000002], [77.88, 31.04]]]}, "properties": {"zone": "yellow", "hazard_probability": 0.5196, "grid_id": "G-1026"}}, {"type": "Feature", "geometry": {"type": "Polygon", "coordinates": [[[77.89999999999999, 31.04], [77.92, 31.04], [77.92, 31.060000000000002], [77.89999999999999, 31.060000000000002], [77.89999999999999, 31.04]]]}, "properties": {"zone": "green", "hazard_probability": 0.4355, "grid_id": "G-1027"}}, {"type": "Feature", "geometry": {"type": "Polygon", "coordinates": [[[77.92, 31.04], [77.94000000000001, 31.04], [77.94000000000001, 31.060000000000002], [77.92, 31.060000000000002], [77.92, 31.04]]]}, "properties": {"zone": "green", "hazard_probability": 0.4355, "grid_id": "G-1028"}}, {"type": "Feature", "geometry": {"type": "Polygon", "coordinates": [[[77.94, 31.04], [77.96000000000001, 31.04], [77.96000000000001, 31.060000000000002], [77.94, 31.060000000000002], [77.94, 31.04]]]}, "properties": {"zone": "yellow", "hazard_probability": 0.5196, "grid_id": "G-1029"}}, {"type": "Feature", "geometry": {"type": "Polygon", "coordinates": [[[77.96, 31.04], [77.98, 31.04], [77.98, 31.060000000000002], [77.96, 31.060000000000002], [77.96, 31.04]]]}, "properties": {"zone": "green", "hazard_probability": 0.4355, "grid_id": "G-1030"}}, {"type": "Feature", "geometry": {"type": "Polygon", "coordinates": [[[77.97999999999999, 31.04], [78.0, 31.04], [78.0, 31.060000000000002], [77.97999999999999, 31.060000000000002], [77.97999999999999, 31.04]]]}, "properties": {"zone": "green", "hazard_probability": 0.4229, "grid_id": "G-1031"}}, {"type": "Feature", "geometry": {"type": "Polygon", "coordinates": [[[78.0, 31.04], [78.02000000000001, 31.04], [78.02000000000001, 31.060000000000002], [78.0, 31.060000000000002], [78.0, 31.04]]]}, "properties": {"zone": "yellow", "hazard_probability": 0.563, "grid_id": "G-1032"}}, {"type": "Feature", "geometry": {"type": "Polygon", "coordinates": [[[78.02, 31.04], [78.04, 31.04], [78.04, 31.060000000000002], [78.02, 31.060000000000002], [78.02, 31.04]]]}, "properties": {"zone": "yellow", "hazard_probability": 0.5116, "grid_id": "G-1033"}}, {"type": "Feature", "geometry": {"type": "Polygon", "coordinates": [[[78.03999999999999, 31.04], [78.06, 31.04], [78.06, 31.060000000000002], [78.03999999999999, 31.060000000000002], [78.03999999999999, 31.04]]]}, "properties": {"zone": "green", "hazard_probability": 0.3496, "grid_id": "G-1034"}}, {"type": "Feature", "geometry": {"type": "Polygon", "coordinates": [[[78.05999999999999, 31.04], [78.08, 31.04], [78.08, 31.060000000000002], [78.05999999999999, 31.060000000000002], [78.05999999999999, 31.04]]]}, "properties": {"zone": "yellow", "hazard_probability": 0.4888, "grid_id": "G-1035"}}, {"type": "Feature", "geometry": {"type": "Polygon", "coordinates": [[[78.08, 31.04], [78.10000000000001, 31.04], [78.10000000000001, 31.060000000000002], [78.08, 31.060000000000002], [78.08, 31.04]]]}, "properties": {"zone": "green", "hazard_probability": 0.395, "grid_id": "G-1036"}}, {"type": "Feature", "geometry": {"type": "Polygon", "coordinates": [[[78.1, 31.04], [78.12, 31.04], [78.12, 31.060000000000002], [78.1, 31.060000000000002], [78.1, 31.04]]]}, "properties": {"zone": "green", "hazard_probability": 0.4083, "grid_id": "G-1037"}}, {"type": "Feature", "geometry": {"type": "Polygon", "coordinates": [[[78.11999999999999, 31.04], [78.14, 31.04], [78.14, 31.060000000000002], [78.11999999999999, 31.060000000000002], [78.11999999999999, 31.04]]]}, "properties": {"zone": "orange", "hazard_probability": 0.6406, "grid_id": "G-1038"}}, {"type": "Feature", "geometry": {"type": "Polygon", "coordinates": [[[78.14, 31.04], [78.16000000000001, 31.04], [78.16000000000001, 31.060000000000002], [78.14, 31.060000000000002], [78.14, 31.04]]]}, "properties": {"zone": "red", "hazard_probability": 0.6805, "grid_id": "G-1039"}}, {"type": "Feature", "geometry": {"type": "Polygon", "coordinates": [[[78.16, 31.04], [78.18, 31.04], [78.18, 31.060000000000002], [78.16, 31.060000000000002], [78.16, 31.04]]]}, "properties": {"zone": "orange", "hazard_probability": 0.597, "grid_id": "G-1040"}}, {"type": "Feature", "geometry": {"type": "Polygon", "coordinates": [[[78.17999999999999, 31.04], [78.2, 31.04], [78.2, 31.060000000000002], [78.17999999999999, 31.060000000000002], [78.17999999999999, 31.04]]]}, "properties": {"zone": "orange", "hazard_probability": 0.6313, "grid_id": "G-1041"}}, {"type": "Feature", "geometry": {"type": "Polygon", "coordinates": [[[78.19999999999999, 31.04], [78.22, 31.04], [78.22, 31.060000000000002], [78.19999999999999, 31.060000000000002], [78.19999999999999, 31.04]]]}, "properties": {"zone": "orange", "hazard_probability": 0.6466, "grid_id": "G-1042"}}, {"type": "Feature", "geometry": {"type": "Polygon", "coordinates": [[[78.22, 31.04], [78.24000000000001, 31.04], [78.24000000000001, 31.060000000000002], [78.22, 31.060000000000002], [78.22, 31.04]]]}, "properties": {"zone": "orange", "hazard_probability": 0.6313, "grid_id": "G-1043"}}, {"type": "Feature", "geometry": {"type": "Polygon", "coordinates": [[[78.24, 31.04], [78.26, 31.04], [78.26, 31.060000000000002], [78.24, 31.060000000000002], [78.24, 31.04]]]}, "properties": {"zone": "red", "hazard_probability": 0.7563, "grid_id": "G-1044"}}, {"type": "Feature", "geometry": {"type": "Polygon", "coordinates": [[[78.25999999999999, 31.04], [78.28, 31.04], [78.28, 31.060000000000002], [78.25999999999999, 31.060000000000002], [78.25999999999999, 31.04]]]}, "properties": {"zone": "orange", "hazard_probability": 0.5927, "grid_id": "G-1045"}}, {"type": "Feature", "geometry": {"type": "Polygon", "coordinates": [[[78.28, 31.04], [78.30000000000001, 31.04], [78.30000000000001, 31.060000000000002], [78.28, 31.060000000000002], [78.28, 31.04]]]}, "properties": {"zone": "yellow", "hazard_probability": 0.5202, "grid_id": "G-1046"}}, {"type": "Feature", "geometry": {"type": "Polygon", "coordinates": [[[78.3, 31.04], [78.32000000000001, 31.04], [78.32000000000001, 31.060000000000002], [78.3, 31.060000000000002], [78.3, 31.04]]]}, "properties": {"zone": "yellow", "hazard_probability": 0.4845, "grid_id": "G-1047"}}, {"type": "Feature", "geometry": {"type": "Polygon", "coordinates": [[[78.32, 31.04], [78.34, 31.04], [78.34, 31.060000000000002], [78.32, 31.060000000000002], [78.32, 31.04]]]}, "properties": {"zone": "green", "hazard_probability": 0.4498, "grid_id": "G-1048"}}, {"type": "Feature", "geometry": {"type": "Polygon", "coordinates": [[[78.33999999999999, 31.04], [78.36, 31.04], [78.36, 31.060000000000002], [78.33999999999999, 31.060000000000002], [78.33999999999999, 31.04]]]}, "properties": {"zone": "yellow", "hazard_probability": 0.5262, "grid_id": "G-1049"}}, {"type": "Feature", "geometry": {"type": "Polygon", "coordinates": [[[78.36, 31.04], [78.38000000000001, 31.04], [78.38000000000001, 31.060000000000002], [78.36, 31.060000000000002], [78.36, 31.04]]]}, "properties": {"zone": "yellow", "hazard_probability": 0.4958, "grid_id": "G-1050"}}, {"type": "Feature", "geometry": {"type": "Polygon", "coordinates": [[[78.38, 31.04], [78.4, 31.04], [78.4, 31.060000000000002], [78.38, 31.060000000000002], [78.38, 31.04]]]}, "properties": {"zone": "green", "hazard_probability": 0.3468, "grid_id": "G-1051"}}, {"type": "Feature", "geometry": {"type": "Polygon", "coordinates": [[[78.39999999999999, 31.04], [78.42, 31.04], [78.42, 31.060000000000002], [78.39999999999999, 31.060000000000002], [78.39999999999999, 31.04]]]}, "properties": {"zone": "green", "hazard_probability": 0.4231, "grid_id": "G-1052"}}, {"type": "Feature", "geometry": {"type": "Polygon", "coordinates": [[[78.42, 31.04], [78.44000000000001, 31.04], [78.44000000000001, 31.060000000000002], [78.42, 31.060000000000002], [78.42, 31.04]]]}, "properties": {"zone": "green", "hazard_probability": 0.3468, "grid_id": "G-1053"}}, {"type": "Feature", "geometry": {"type": "Polygon", "coordinates": [[[78.44, 31.04], [78.46000000000001, 31.04], [78.46000000000001, 31.060000000000002], [78.44, 31.060000000000002], [78.44, 31.04]]]}, "properties": {"zone": "green", "hazard_probability": 0.3468, "grid_id": "G-1054"}}, {"type": "Feature", "geometry": {"type": "Polygon", "coordinates": [[[78.46, 31.04], [78.48, 31.04], [78.48, 31.060000000000002], [78.46, 31.060000000000002], [78.46, 31.04]]]}, "properties": {"zone": "yellow", "hazard_probability": 0.5089, "grid_id": "G-1055"}}, {"type": "Feature", "geometry": {"type": "Polygon", "coordinates": [[[78.47999999999999, 31.04], [78.5, 31.04], [78.5, 31.060000000000002], [78.47999999999999, 31.060000000000002], [78.47999999999999, 31.04]]]}, "properties": {"zone": "yellow", "hazard_probability": 0.5235, "grid_id": "G-1056"}}, {"type": "Feature", "geometry": {"type": "Polygon", "coordinates": [[[78.5, 31.04], [78.52000000000001, 31.04], [78.52000000000001, 31.060000000000002], [78.5, 31.060000000000002], [78.5, 31.04]]]}, "properties": {"zone": "green", "hazard_probability": 0.3651, "grid_id": "G-1057"}}, {"type": "Feature", "geometry": {"type": "Polygon", "coordinates": [[[78.52, 31.04], [78.54, 31.04], [78.54, 31.060000000000002], [78.52, 31.060000000000002], [78.52, 31.04]]]}, "properties": {"zone": "green", "hazard_probability": 0.3365, "grid_id": "G-1058"}}, {"type": "Feature", "geometry": {"type": "Polygon", "coordinates": [[[78.53999999999999, 31.04], [78.56, 31.04], [78.56, 31.060000000000002], [78.53999999999999, 31.060000000000002], [78.53999999999999, 31.04]]]}, "properties": {"zone": "green", "hazard_probability": 0.3477, "grid_id": "G-1059"}}, {"type": "Feature", "geometry": {"type": "Polygon", "coordinates": [[[78.55999999999999, 31.04], [78.58, 31.04], [78.58, 31.060000000000002], [78.55999999999999, 31.060000000000002], [78.55999999999999, 31.04]]]}, "properties": {"zone": "green", "hazard_probability": 0.3365, "grid_id": "G-1060"}}, {"type": "Feature", "geometry": {"type": "Polygon", "coordinates": [[[78.58, 31.04], [78.60000000000001, 31.04], [78.60000000000001, 31.060000000000002], [78.58, 31.060000000000002], [78.58, 31.04]]]}, "properties": {"zone": "yellow", "hazard_probability": 0.5191, "grid_id": "G-1061"}}, {"type": "Feature", "geometry": {"type": "Polygon", "coordinates": [[[78.6, 31.04], [78.62, 31.04], [78.62, 31.060000000000002], [78.6, 31.060000000000002], [78.6, 31.04]]]}, "properties": {"zone": "orange", "hazard_probability": 0.6082, "grid_id": "G-1062"}}, {"type": "Feature", "geometry": {"type": "Polygon", "coordinates": [[[78.61999999999999, 31.04], [78.64, 31.04], [78.64, 31.060000000000002], [78.61999999999999, 31.060000000000002], [78.61999999999999, 31.04]]]}, "properties": {"zone": "yellow", "hazard_probability": 0.4911, "grid_id": "G-1063"}}, {"type": "Feature", "geometry": {"type": "Polygon", "coordinates": [[[78.64, 31.04], [78.66000000000001, 31.04], [78.66000000000001, 31.060000000000002], [78.64, 31.060000000000002], [78.64, 31.04]]]}, "properties": {"zone": "green", "hazard_probability": 0.3521, "grid_id": "G-1064"}}, {"type": "Feature", "geometry": {"type": "Polygon", "coordinates": [[[78.66, 31.04], [78.68, 31.04], [78.68, 31.060000000000002], [78.66, 31.060000000000002], [78.66, 31.04]]]}, "properties": {"zone": "yellow", "hazard_probability": 0.5445, "grid_id": "G-1065"}}, {"type": "Feature", "geometry": {"type": "Polygon", "coordinates": [[[78.67999999999999, 31.04], [78.7, 31.04], [78.7, 31.060000000000002], [78.67999999999999, 31.060000000000002], [78.67999999999999, 31.04]]]}, "properties": {"zone": "red", "hazard_probability": 0.6678, "grid_id": "G-1066"}}, {"type": "Feature", "geometry": {"type": "Polygon", "coordinates": [[[78.69999999999999, 31.04], [78.72, 31.04], [78.72, 31.060000000000002], [78.69999999999999, 31.060000000000002], [78.69999999999999, 31.04]]]}, "properties": {"zone": "yellow", "hazard_probability": 0.4808, "grid_id": "G-1067"}}, {"type": "Feature", "geometry": {"type": "Polygon", "coordinates": [[[78.72, 31.04], [78.74000000000001, 31.04], [78.74000000000001, 31.060000000000002], [78.72, 31.060000000000002], [78.72, 31.04]]]}, "properties": {"zone": "orange", "hazard_probability": 0.6493, "grid_id": "G-1068"}}, {"type": "Feature", "geometry": {"type": "Polygon", "coordinates": [[[78.74, 31.04], [78.76, 31.04], [78.76, 31.060000000000002], [78.74, 31.060000000000002], [78.74, 31.04]]]}, "properties": {"zone": "red", "hazard_probability": 0.7255, "grid_id": "G-1069"}}, {"type": "Feature", "geometry": {"type": "Polygon", "coordinates": [[[78.75999999999999, 31.04], [78.78, 31.04], [78.78, 31.060000000000002], [78.75999999999999, 31.060000000000002], [78.75999999999999, 31.04]]]}, "properties": {"zone": "red", "hazard_probability": 0.6763, "grid_id": "G-1070"}}, {"type": "Feature", "geometry": {"type": "Polygon", "coordinates": [[[78.78, 31.04], [78.80000000000001, 31.04], [78.80000000000001, 31.060000000000002], [78.78, 31.060000000000002], [78.78, 31.04]]]}, "properties": {"zone": "red", "hazard_probability": 0.6933, "grid_id": "G-1071"}}, {"type": "Feature", "geometry": {"type": "Polygon", "coordinates": [[[78.8, 31.04], [78.82000000000001, 31.04], [78.82000000000001, 31.060000000000002], [78.8, 31.060000000000002], [78.8, 31.04]]]}, "properties": {"zone": "red", "hazard_probability": 0.687, "grid_id": "G-1072"}}, {"type": "Feature", "geometry": {"type": "Polygon", "coordinates": [[[78.82, 31.04], [78.84, 31.04], [78.84, 31.060000000000002], [78.82, 31.060000000000002], [78.82, 31.04]]]}, "properties": {"zone": "orange", "hazard_probability": 0.6446, "grid_id": "G-1073"}}, {"type": "Feature", "geometry": {"type": "Polygon", "coordinates": [[[78.83999999999999, 31.04], [78.86, 31.04], [78.86, 31.060000000000002], [78.83999999999999, 31.060000000000002], [78.83999999999999, 31.04]]]}, "properties": {"zone": "orange", "hazard_probability": 0.5773, "grid_id": "G-1074"}}, {"type": "Feature", "geometry": {"type": "Polygon", "coordinates": [[[78.86, 31.04], [78.88000000000001, 31.04], [78.88000000000001, 31.060000000000002], [78.86, 31.060000000000002], [78.86, 31.04]]]}, "properties": {"zone": "green", "hazard_probability": 0.4414, "grid_id": "G-1075"}}, {"type": "Feature", "geometry": {"type": "Polygon", "coordinates": [[[78.88, 31.04], [78.9, 31.04], [78.9, 31.060000000000002], [78.88, 31.060000000000002], [78.88, 31.04]]]}, "properties": {"zone": "green", "hazard_probability": 0.4414, "grid_id": "G-1076"}}, {"type": "Feature", "geometry": {"type": "Polygon", "coordinates": [[[78.89999999999999, 31.04], [78.92, 31.04], [78.92, 31.060000000000002], [78.89999999999999, 31.060000000000002], [78.89999999999999, 31.04]]]}, "properties": {"zone": "yellow", "hazard_probability": 0.4808, "grid_id": "G-1077"}}, {"type": "Feature", "geometry": {"type": "Polygon", "coordinates": [[[78.92, 31.04], [78.94000000000001, 31.04], [78.94000000000001, 31.060000000000002], [78.92, 31.060000000000002], [78.92, 31.04]]]}, "properties": {"zone": "yellow", "hazard_probability": 0.4876, "grid_id": "G-1078"}}, {"type": "Feature", "geometry": {"type": "Polygon", "coordinates": [[[78.94, 31.04], [78.96000000000001, 31.04], [78.96000000000001, 31.060000000000002], [78.94, 31.060000000000002], [78.94, 31.04]]]}, "properties": {"zone": "yellow", "hazard_probability": 0.5311, "grid_id": "G-1079"}}, {"type": "Feature", "geometry": {"type": "Polygon", "coordinates": [[[78.96, 31.04], [78.98, 31.04], [78.98, 31.060000000000002], [78.96, 31.060000000000002], [78.96, 31.04]]]}, "properties": {"zone": "green", "hazard_probability": 0.4517, "grid_id": "G-1080"}}, {"type": "Feature", "geometry": {"type": "Polygon", "coordinates": [[[78.97999999999999, 31.04], [79.0, 31.04], [79.0, 31.060000000000002], [78.97999999999999, 31.060000000000002], [78.97999999999999, 31.04]]]}, "properties": {"zone": "green", "hazard_probability": 0.4443, "grid_id": "G-1081"}}, {"type": "Feature", "geometry": {"type": "Polygon", "coordinates": [[[79.0, 31.04], [79.02000000000001, 31.04], [79.02000000000001, 31.060000000000002], [79.0, 31.060000000000002], [79.0, 31.04]]]}, "properties": {"zone": "green", "hazard_probability": 0.4357, "grid_id": "G-1082"}}, {"type": "Feature", "geometry": {"type": "Polygon", "coordinates": [[[79.02, 31.04], [79.04, 31.04], [79.04, 31.060000000000002], [79.02, 31.060000000000002], [79.02, 31.04]]]}, "properties": {"zone": "green", "hazard_probability": 0.3709, "grid_id": "G-1083"}}, {"type": "Feature", "geometry": {"type": "Polygon", "coordinates": [[[79.03999999999999, 31.04], [79.06, 31.04], [79.06, 31.060000000000002], [79.03999999999999, 31.060000000000002], [79.03999999999999, 31.04]]]}, "properties": {"zone": "green", "hazard_probability": 0.3651, "grid_id": "G-1084"}}, {"type": "Feature", "geometry": {"type": "Polygon", "coordinates": [[[77.83999999999999, 31.06], [77.86, 31.06], [77.86, 31.080000000000002], [77.83999999999999, 31.080000000000002], [77.83999999999999, 31.06]]]}, "properties": {"zone": "yellow", "hazard_probability": 0.5155, "grid_id": "G-1085"}}, {"type": "Feature", "geometry": {"type": "Polygon", "coordinates": [[[77.86, 31.06], [77.88000000000001, 31.06], [77.88000000000001, 31.080000000000002], [77.86, 31.080000000000002], [77.86, 31.06]]]}, "properties": {"zone": "yellow", "hazard_probability": 0.5196, "grid_id": "G-1086"}}, {"type": "Feature", "geometry": {"type": "Polygon", "coordinates": [[[77.88, 31.06], [77.9, 31.06], [77.9, 31.080000000000002], [77.88, 31.080000000000002], [77.88, 31.06]]]}, "properties": {"zone": "yellow", "hazard_probability": 0.5196, "grid_id": "G-1087"}}, {"type": "Feature", "geometry": {"type": "Polygon", "coordinates": [[[77.89999999999999, 31.06], [77.92, 31.06], [77.92, 31.080000000000002], [77.89999999999999, 31.080000000000002], [77.89999999999999, 31.06]]]}, "properties": {"zone": "yellow", "hazard_probability": 0.5251, "grid_id": "G-1088"}}, {"type": "Feature", "geometry": {"type": "Polygon", "coordinates": [[[77.92, 31.06], [77.94000000000001, 31.06], [77.94000000000001, 31.080000000000002], [77.92, 31.080000000000002], [77.92, 31.06]]]}, "properties": {"zone": "yellow", "hazard_probability": 0.5196, "grid_id": "G-1089"}}, {"type": "Feature", "geometry": {"type": "Polygon", "coordinates": [[[77.94, 31.06], [77.96000000000001, 31.06], [77.96000000000001, 31.080000000000002], [77.94, 31.080000000000002], [77.94, 31.06]]]}, "properties": {"zone": "green", "hazard_probability": 0.4355, "grid_id": "G-1090"}}, {"type": "Feature", "geometry": {"type": "Polygon", "coordinates": [[[77.96, 31.06], [77.98, 31.06], [77.98, 31.080000000000002], [77.96, 31.080000000000002], [77.96, 31.06]]]}, "properties": {"zone": "green", "hazard_probability": 0.429, "grid_id": "G-1091"}}, {"type": "Feature", "geometry": {"type": "Polygon", "coordinates": [[[77.97999999999999, 31.06], [78.0, 31.06], [78.0, 31.080000000000002], [77.97999999999999, 31.080000000000002], [77.97999999999999, 31.06]]]}, "properties": {"zone": "green", "hazard_probability": 0.3771, "grid_id": "G-1092"}}, {"type": "Feature", "geometry": {"type": "Polygon", "coordinates": [[[78.0, 31.06], [78.02000000000001, 31.06], [78.02000000000001, 31.080000000000002], [78.0, 31.080000000000002], [78.0, 31.06]]]}, "properties": {"zone": "red", "hazard_probability": 0.7568, "grid_id": "G-1093"}}, {"type": "Feature", "geometry": {"type": "Polygon", "coordinates": [[[78.02, 31.06], [78.04, 31.06], [78.04, 31.080000000000002], [78.02, 31.080000000000002], [78.02, 31.06]]]}, "properties": {"zone": "green", "hazard_probability": 0.3144, "grid_id": "G-1094"}}, {"type": "Feature", "geometry": {"type": "Polygon", "coordinates": [[[78.03999999999999, 31.06], [78.06, 31.06], [78.06, 31.080000000000002], [78.03999999999999, 31.080000000000002], [78.03999999999999, 31.06]]]}, "properties": {"zone": "orange", "hazard_probability": 0.5932, "grid_id": "G-1095"}}, {"type": "Feature", "geometry": {"type": "Polygon", "coordinates": [[[78.05999999999999, 31.06], [78.08, 31.06], [78.08, 31.080000000000002], [78.05999999999999, 31.080000000000002], [78.05999999999999, 31.06]]]}, "properties": {"zone": "green", "hazard_probability": 0.4525, "grid_id": "G-1096"}}, {"type": "Feature", "geometry": {"type": "Polygon", "coordinates": [[[78.08, 31.06], [78.10000000000001, 31.06], [78.10000000000001, 31.080000000000002], [78.08, 31.080000000000002], [78.08, 31.06]]]}, "properties": {"zone": "yellow", "hazard_probability": 0.5674, "grid_id": "G-1097"}}, {"type": "Feature", "geometry": {"type": "Polygon", "coordinates": [[[78.1, 31.06], [78.12, 31.06], [78.12, 31.080000000000002], [78.1, 31.080000000000002], [78.1, 31.06]]]}, "properties": {"zone": "yellow", "hazard_probability": 0.4871, "grid_id": "G-1098"}}, {"type": "Feature", "geometry": {"type": "Polygon", "coordinates": [[[78.11999999999999, 31.06], [78.14, 31.06], [78.14, 31.080000000000002], [78.11999999999999, 31.080000000000002], [78.11999999999999, 31.06]]]}, "properties": {"zone": "yellow", "hazard_probability": 0.5138, "grid_id": "G-1099"}}, {"type": "Feature", "geometry": {"type": "Polygon", "coordinates": [[[78.14, 31.06], [78.16000000000001, 31.06], [78.16000000000001, 31.080000000000002], [78.14, 31.080000000000002], [78.14, 31.06]]]}, "properties": {"zone": "yellow", "hazard_probability": 0.5112, "grid_id": "G-1100"}}, {"type": "Feature", "geometry": {"type": "Polygon", "coordinates": [[[78.16, 31.06], [78.18, 31.06], [78.18, 31.080000000000002], [78.16, 31.080000000000002], [78.16, 31.06]]]}, "properties": {"zone": "orange", "hazard_probability": 0.6138, "grid_id": "G-1101"}}, {"type": "Feature", "geometry": {"type": "Polygon", "coordinates": [[[78.17999999999999, 31.06], [78.2, 31.06], [78.2, 31.080000000000002], [78.17999999999999, 31.080000000000002], [78.17999999999999, 31.06]]]}, "properties": {"zone": "orange", "hazard_probability": 0.6098, "grid_id": "G-1102"}}, {"type": "Feature", "geometry": {"type": "Polygon", "coordinates": [[[78.19999999999999, 31.06], [78.22, 31.06], [78.22, 31.080000000000002], [78.19999999999999, 31.080000000000002], [78.19999999999999, 31.06]]]}, "properties": {"zone": "yellow", "hazard_probability": 0.5627, "grid_id": "G-1103"}}, {"type": "Feature", "geometry": {"type": "Polygon", "coordinates": [[[78.22, 31.06], [78.24000000000001, 31.06], [78.24000000000001, 31.080000000000002], [78.22, 31.080000000000002], [78.22, 31.06]]]}, "properties": {"zone": "yellow", "hazard_probability": 0.5644, "grid_id": "G-1104"}}, {"type": "Feature", "geometry": {"type": "Polygon", "coordinates": [[[78.24, 31.06], [78.26, 31.06], [78.26, 31.080000000000002], [78.24, 31.080000000000002], [78.24, 31.06]]]}, "properties": {"zone": "orange", "hazard_probability": 0.6466, "grid_id": "G-1105"}}, {"type": "Feature", "geometry": {"type": "Polygon", "coordinates": [[[78.25999999999999, 31.06], [78.28, 31.06], [78.28, 31.080000000000002], [78.25999999999999, 31.080000000000002], [78.25999999999999, 31.06]]]}, "properties": {"zone": "red", "hazard_probability": 0.6717, "grid_id": "G-1106"}}, {"type": "Feature", "geometry": {"type": "Polygon", "coordinates": [[[78.28, 31.06], [78.30000000000001, 31.06], [78.30000000000001, 31.080000000000002], [78.28, 31.080000000000002], [78.28, 31.06]]]}, "properties": {"zone": "orange", "hazard_probability": 0.5986, "grid_id": "G-1107"}}, {"type": "Feature", "geometry": {"type": "Polygon", "coordinates": [[[78.3, 31.06], [78.32000000000001, 31.06], [78.32000000000001, 31.080000000000002], [78.3, 31.080000000000002], [78.3, 31.06]]]}, "properties": {"zone": "yellow", "hazard_probability": 0.5196, "grid_id": "G-1108"}}, {"type": "Feature", "geometry": {"type": "Polygon", "coordinates": [[[78.32, 31.06], [78.34, 31.06], [78.34, 31.080000000000002], [78.32, 31.080000000000002], [78.32, 31.06]]]}, "properties": {"zone": "yellow", "hazard_probability": 0.4884, "grid_id": "G-1109"}}, {"type": "Feature", "geometry": {"type": "Polygon", "coordinates": [[[78.33999999999999, 31.06], [78.36, 31.06], [78.36, 31.080000000000002], [78.33999999999999, 31.080000000000002], [78.33999999999999, 31.06]]]}, "properties": {"zone": "green", "hazard_probability": 0.4527, "grid_id": "G-1110"}}, {"type": "Feature", "geometry": {"type": "Polygon", "coordinates": [[[78.36, 31.06], [78.38000000000001, 31.06], [78.38000000000001, 31.080000000000002], [78.36, 31.080000000000002], [78.36, 31.06]]]}, "properties": {"zone": "orange", "hazard_probability": 0.6139, "grid_id": "G-1111"}}, {"type": "Feature", "geometry": {"type": "Polygon", "coordinates": [[[78.38, 31.06], [78.4, 31.06], [78.4, 31.080000000000002], [78.38, 31.080000000000002], [78.38, 31.06]]]}, "properties": {"zone": "yellow", "hazard_probability": 0.5147, "grid_id": "G-1112"}}, {"type": "Feature", "geometry": {"type": "Polygon", "coordinates": [[[78.39999999999999, 31.06], [78.42, 31.06], [78.42, 31.080000000000002], [78.39999999999999, 31.080000000000002], [78.39999999999999, 31.06]]]}, "properties": {"zone": "green", "hazard_probability": 0.3468, "grid_id": "G-1113"}}, {"type": "Feature", "geometry": {"type": "Polygon", "coordinates": [[[78.42, 31.06], [78.44000000000001, 31.06], [78.44000000000001, 31.080000000000002], [78.42, 31.080000000000002], [78.42, 31.06]]]}, "properties": {"zone": "orange", "hazard_probability": 0.5827, "grid_id": "G-1114"}}, {"type": "Feature", "geometry": {"type": "Polygon", "coordinates": [[[78.44, 31.06], [78.46000000000001, 31.06], [78.46000000000001, 31.080000000000002], [78.44, 31.080000000000002], [78.44, 31.06]]]}, "properties": {"zone": "green", "hazard_probability": 0.4231, "grid_id": "G-1115"}}, {"type": "Feature", "geometry": {"type": "Polygon", "coordinates": [[[78.46, 31.06], [78.48, 31.06], [78.48, 31.080000000000002], [78.46, 31.080000000000002], [78.46, 31.06]]]}, "properties": {"zone": "orange", "hazard_probability": 0.5983, "grid_id": "G-1116"}}, {"type": "Feature", "geometry": {"type": "Polygon", "coordinates": [[[78.47999999999999, 31.06], [78.5, 31.06], [78.5, 31.080000000000002], [78.47999999999999, 31.080000000000002], [78.47999999999999, 31.06]]]}, "properties": {"zone": "green", "hazard_probability": 0.3416, "grid_id": "G-1117"}}, {"type": "Feature", "geometry": {"type": "Polygon", "coordinates": [[[78.5, 31.06], [78.52000000000001, 31.06], [78.52000000000001, 31.080000000000002], [78.5, 31.080000000000002], [78.5, 31.06]]]}, "properties": {"zone": "green", "hazard_probability": 0.3018, "grid_id": "G-1118"}}, {"type": "Feature", "geometry": {"type": "Polygon", "coordinates": [[[78.52, 31.06], [78.54, 31.06], [78.54, 31.080000000000002], [78.52, 31.080000000000002], [78.52, 31.06]]]}, "properties": {"zone": "green", "hazard_probability": 0.3018, "grid_id": "G-1119"}}, {"type": "Feature", "geometry": {"type": "Polygon", "coordinates": [[[78.53999999999999, 31.06], [78.56, 31.06], [78.56, 31.080000000000002], [78.53999999999999, 31.080000000000002], [78.53999999999999, 31.06]]]}, "properties": {"zone": "yellow", "hazard_probability": 0.4835, "grid_id": "G-1120"}}, {"type": "Feature", "geometry": {"type": "Polygon", "coordinates": [[[78.55999999999999, 31.06], [78.58, 31.06], [78.58, 31.080000000000002], [78.55999999999999, 31.080000000000002], [78.55999999999999, 31.06]]]}, "properties": {"zone": "yellow", "hazard_probability": 0.5235, "grid_id": "G-1121"}}, {"type": "Feature", "geometry": {"type": "Polygon", "coordinates": [[[78.58, 31.06], [78.60000000000001, 31.06], [78.60000000000001, 31.080000000000002], [78.58, 31.080000000000002], [78.58, 31.06]]]}, "properties": {"zone": "yellow", "hazard_probability": 0.5235, "grid_id": "G-1122"}}, {"type": "Feature", "geometry": {"type": "Polygon", "coordinates": [[[78.6, 31.06], [78.62, 31.06], [78.62, 31.080000000000002], [78.6, 31.080000000000002], [78.6, 31.06]]]}, "properties": {"zone": "yellow", "hazard_probability": 0.5191, "grid_id": "G-1123"}}, {"type": "Feature", "geometry": {"type": "Polygon", "coordinates": [[[78.61999999999999, 31.06], [78.64, 31.06], [78.64, 31.080000000000002], [78.61999999999999, 31.080000000000002], [78.61999999999999, 31.06]]]}, "properties": {"zone": "green", "hazard_probability": 0.4428, "grid_id": "G-1124"}}, {"type": "Feature", "geometry": {"type": "Polygon", "coordinates": [[[78.64, 31.06], [78.66000000000001, 31.06], [78.66000000000001, 31.080000000000002], [78.64, 31.080000000000002], [78.64, 31.06]]]}, "properties": {"zone": "green", "hazard_probability": 0.4169, "grid_id": "G-1125"}}, {"type": "Feature", "geometry": {"type": "Polygon", "coordinates": [[[78.66, 31.06], [78.68, 31.06], [78.68, 31.080000000000002], [78.66, 31.080000000000002], [78.66, 31.06]]]}, "properties": {"zone": "yellow", "hazard_probability": 0.5266, "grid_id": "G-1126"}}, {"type": "Feature", "geometry": {"type": "Polygon", "coordinates": [[[78.67999999999999, 31.06], [78.7, 31.06], [78.7, 31.080000000000002], [78.67999999999999, 31.080000000000002], [78.67999999999999, 31.06]]]}, "properties": {"zone": "yellow", "hazard_probability": 0.5752, "grid_id": "G-1127"}}, {"type": "Feature", "geometry": {"type": "Polygon", "coordinates": [[[78.69999999999999, 31.06], [78.72, 31.06], [78.72, 31.080000000000002], [78.69999999999999, 31.080000000000002], [78.69999999999999, 31.06]]]}, "properties": {"zone": "yellow", "hazard_probability": 0.5033, "grid_id": "G-1128"}}, {"type": "Feature", "geometry": {"type": "Polygon", "coordinates": [[[78.72, 31.06], [78.74000000000001, 31.06], [78.74000000000001, 31.080000000000002], [78.72, 31.080000000000002], [78.72, 31.06]]]}, "properties": {"zone": "orange", "hazard_probability": 0.5879, "grid_id": "G-1129"}}, {"type": "Feature", "geometry": {"type": "Polygon", "coordinates": [[[78.74, 31.06], [78.76, 31.06], [78.76, 31.080000000000002], [78.74, 31.080000000000002], [78.74, 31.06]]]}, "properties": {"zone": "orange", "hazard_probability": 0.5933, "grid_id": "G-1130"}}, {"type": "Feature", "geometry": {"type": "Polygon", "coordinates": [[[78.75999999999999, 31.06], [78.78, 31.06], [78.78, 31.080000000000002], [78.75999999999999, 31.080000000000002], [78.75999999999999, 31.06]]]}, "properties": {"zone": "green", "hazard_probability": 0.4706, "grid_id": "G-1131"}}, {"type": "Feature", "geometry": {"type": "Polygon", "coordinates": [[[78.78, 31.06], [78.80000000000001, 31.06], [78.80000000000001, 31.080000000000002], [78.78, 31.080000000000002], [78.78, 31.06]]]}, "properties": {"zone": "yellow", "hazard_probability": 0.5339, "grid_id": "G-1132"}}, {"type": "Feature", "geometry": {"type": "Polygon", "coordinates": [[[78.8, 31.06], [78.82000000000001, 31.06], [78.82000000000001, 31.080000000000002], [78.8, 31.080000000000002], [78.8, 31.06]]]}, "properties": {"zone": "orange", "hazard_probability": 0.6168, "grid_id": "G-1133"}}, {"type": "Feature", "geometry": {"type": "Polygon", "coordinates": [[[78.82, 31.06], [78.84, 31.06], [78.84, 31.080000000000002], [78.82, 31.080000000000002], [78.82, 31.06]]]}, "properties": {"zone": "yellow", "hazard_probability": 0.4831, "grid_id": "G-1134"}}, {"type": "Feature", "geometry": {"type": "Polygon", "coordinates": [[[78.83999999999999, 31.06], [78.86, 31.06], [78.86, 31.080000000000002], [78.83999999999999, 31.080000000000002], [78.83999999999999, 31.06]]]}, "properties": {"zone": "orange", "hazard_probability": 0.5813, "grid_id": "G-1135"}}, {"type": "Feature", "geometry": {"type": "Polygon", "coordinates": [[[78.86, 31.06], [78.88000000000001, 31.06], [78.88000000000001, 31.080000000000002], [78.86, 31.080000000000002], [78.86, 31.06]]]}, "properties": {"zone": "orange", "hazard_probability": 0.5851, "grid_id": "G-1136"}}, {"type": "Feature", "geometry": {"type": "Polygon", "coordinates": [[[78.88, 31.06], [78.9, 31.06], [78.9, 31.080000000000002], [78.88, 31.080000000000002], [78.88, 31.06]]]}, "properties": {"zone": "green", "hazard_probability": 0.4414, "grid_id": "G-1137"}}, {"type": "Feature", "geometry": {"type": "Polygon", "coordinates": [[[78.89999999999999, 31.06], [78.92, 31.06], [78.92, 31.080000000000002], [78.89999999999999, 31.080000000000002], [78.89999999999999, 31.06]]]}, "properties": {"zone": "green", "hazard_probability": 0.4443, "grid_id": "G-1138"}}, {"type": "Feature", "geometry": {"type": "Polygon", "coordinates": [[[78.92, 31.06], [78.94000000000001, 31.06], [78.94000000000001, 31.080000000000002], [78.92, 31.080000000000002], [78.92, 31.06]]]}, "properties": {"zone": "green", "hazard_probability": 0.4517, "grid_id": "G-1139"}}, {"type": "Feature", "geometry": {"type": "Polygon", "coordinates": [[[78.94, 31.06], [78.96000000000001, 31.06], [78.96000000000001, 31.080000000000002], [78.94, 31.080000000000002], [78.94, 31.06]]]}, "properties": {"zone": "green", "hazard_probability": 0.4517, "grid_id": "G-1140"}}, {"type": "Feature", "geometry": {"type": "Polygon", "coordinates": [[[78.96, 31.06], [78.98, 31.06], [78.98, 31.080000000000002], [78.96, 31.080000000000002], [78.96, 31.06]]]}, "properties": {"zone": "green", "hazard_probability": 0.447, "grid_id": "G-1141"}}, {"type": "Feature", "geometry": {"type": "Polygon", "coordinates": [[[78.97999999999999, 31.06], [79.0, 31.06], [79.0, 31.080000000000002], [78.97999999999999, 31.080000000000002], [78.97999999999999, 31.06]]]}, "properties": {"zone": "green", "hazard_probability": 0.4443, "grid_id": "G-1142"}}, {"type": "Feature", "geometry": {"type": "Polygon", "coordinates": [[[79.0, 31.06], [79.02000000000001, 31.06], [79.02000000000001, 31.080000000000002], [79.0, 31.080000000000002], [79.0, 31.06]]]}, "properties": {"zone": "green", "hazard_probability": 0.4118, "grid_id": "G-1143"}}, {"type": "Feature", "geometry": {"type": "Polygon", "coordinates": [[[79.02, 31.06], [79.04, 31.06], [79.04, 31.080000000000002], [79.02, 31.080000000000002], [79.02, 31.06]]]}, "properties": {"zone": "green", "hazard_probability": 0.3767, "grid_id": "G-1144"}}, {"type": "Feature", "geometry": {"type": "Polygon", "coordinates": [[[79.03999999999999, 31.06], [79.06, 31.06], [79.06, 31.080000000000002], [79.03999999999999, 31.080000000000002], [79.03999999999999, 31.06]]]}, "properties": {"zone": "green", "hazard_probability": 0.3767, "grid_id": "G-1145"}}, {"type": "Feature", "geometry": {"type": "Polygon", "coordinates": [[[77.83999999999999, 31.08], [77.86, 31.08], [77.86, 31.1], [77.83999999999999, 31.1], [77.83999999999999, 31.08]]]}, "properties": {"zone": "yellow", "hazard_probability": 0.5251, "grid_id": "G-1146"}}, {"type": "Feature", "geometry": {"type": "Polygon", "coordinates": [[[77.86, 31.08], [77.88000000000001, 31.08], [77.88000000000001, 31.1], [77.86, 31.1], [77.86, 31.08]]]}, "properties": {"zone": "yellow", "hazard_probability": 0.5251, "grid_id": "G-1147"}}, {"type": "Feature", "geometry": {"type": "Polygon", "coordinates": [[[77.88, 31.08], [77.9, 31.08], [77.9, 31.1], [77.88, 31.1], [77.88, 31.08]]]}, "properties": {"zone": "yellow", "hazard_probability": 0.5196, "grid_id": "G-1148"}}, {"type": "Feature", "geometry": {"type": "Polygon", "coordinates": [[[77.89999999999999, 31.08], [77.92, 31.08], [77.92, 31.1], [77.89999999999999, 31.1], [77.89999999999999, 31.08]]]}, "properties": {"zone": "yellow", "hazard_probability": 0.5196, "grid_id": "G-1149"}}, {"type": "Feature", "geometry": {"type": "Polygon", "coordinates": [[[77.92, 31.08], [77.94000000000001, 31.08], [77.94000000000001, 31.1], [77.92, 31.1], [77.92, 31.08]]]}, "properties": {"zone": "yellow", "hazard_probability": 0.5196, "grid_id": "G-1150"}}, {"type": "Feature", "geometry": {"type": "Polygon", "coordinates": [[[77.94, 31.08], [77.96000000000001, 31.08], [77.96000000000001, 31.1], [77.94, 31.1], [77.94, 31.08]]]}, "properties": {"zone": "green", "hazard_probability": 0.429, "grid_id": "G-1151"}}, {"type": "Feature", "geometry": {"type": "Polygon", "coordinates": [[[77.96, 31.08], [77.98, 31.08], [77.98, 31.1], [77.96, 31.1], [77.96, 31.08]]]}, "properties": {"zone": "green", "hazard_probability": 0.4297, "grid_id": "G-1152"}}, {"type": "Feature", "geometry": {"type": "Polygon", "coordinates": [[[77.97999999999999, 31.08], [78.0, 31.08], [78.0, 31.1], [77.97999999999999, 31.1], [77.97999999999999, 31.08]]]}, "properties": {"zone": "green", "hazard_probability": 0.3144, "grid_id": "G-1153"}}, {"type": "Feature", "geometry": {"type": "Polygon", "coordinates": [[[78.0, 31.08], [78.02000000000001, 31.08], [78.02000000000001, 31.1], [78.0, 31.1], [78.0, 31.08]]]}, "properties": {"zone": "orange", "hazard_probability": 0.6302, "grid_id": "G-1154"}}, {"type": "Feature", "geometry": {"type": "Polygon", "coordinates": [[[78.02, 31.08], [78.04, 31.08], [78.04, 31.1], [78.02, 31.1], [78.02, 31.08]]]}, "properties": {"zone": "green", "hazard_probability": 0.3144, "grid_id": "G-1155"}}, {"type": "Feature", "geometry": {"type": "Polygon", "coordinates": [[[78.03999999999999, 31.08], [78.06, 31.08], [78.06, 31.1], [78.03999999999999, 31.1], [78.03999999999999, 31.08]]]}, "properties": {"zone": "green", "hazard_probability": 0.3181, "grid_id": "G-1156"}}, {"type": "Feature", "geometry": {"type": "Polygon", "coordinates": [[[78.05999999999999, 31.08], [78.08, 31.08], [78.08, 31.1], [78.05999999999999, 31.1], [78.05999999999999, 31.08]]]}, "properties": {"zone": "green", "hazard_probability": 0.3181, "grid_id": "G-1157"}}, {"type": "Feature", "geometry": {"type": "Polygon", "coordinates": [[[78.08, 31.08], [78.10000000000001, 31.08], [78.10000000000001, 31.1], [78.08, 31.1], [78.08, 31.08]]]}, "properties": {"zone": "yellow", "hazard_probability": 0.5715, "grid_id": "G-1158"}}, {"type": "Feature", "geometry": {"type": "Polygon", "coordinates": [[[78.1, 31.08], [78.12, 31.08], [78.12, 31.1], [78.1, 31.1], [78.1, 31.08]]]}, "properties": {"zone": "yellow", "hazard_probability": 0.5675, "grid_id": "G-1159"}}, {"type": "Feature", "geometry": {"type": "Polygon", "coordinates": [[[78.11999999999999, 31.08], [78.14, 31.08], [78.14, 31.1], [78.11999999999999, 31.1], [78.11999999999999, 31.08]]]}, "properties": {"zone": "green", "hazard_probability": 0.3796, "grid_id": "G-1160"}}, {"type": "Feature", "geometry": {"type": "Polygon", "coordinates": [[[78.14, 31.08], [78.16000000000001, 31.08], [78.16000000000001, 31.1], [78.14, 31.1], [78.14, 31.08]]]}, "properties": {"zone": "yellow", "hazard_probability": 0.5721, "grid_id": "G-1161"}}, {"type": "Feature", "geometry": {"type": "Polygon", "coordinates": [[[78.16, 31.08], [78.18, 31.08], [78.18, 31.1], [78.16, 31.1], [78.16, 31.08]]]}, "properties": {"zone": "yellow", "hazard_probability": 0.5377, "grid_id": "G-1162"}}, {"type": "Feature", "geometry": {"type": "Polygon", "coordinates": [[[78.17999999999999, 31.08], [78.2, 31.08], [78.2, 31.1], [78.17999999999999, 31.1], [78.17999999999999, 31.08]]]}, "properties": {"zone": "orange", "hazard_probability": 0.6376, "grid_id": "G-1163"}}, {"type": "Feature", "geometry": {"type": "Polygon", "coordinates": [[[78.19999999999999, 31.08], [78.22, 31.08], [78.22, 31.1], [78.19999999999999, 31.1], [78.19999999999999, 31.08]]]}, "properties": {"zone": "red", "hazard_probability": 0.6905, "grid_id": "G-1164"}}, {"type": "Feature", "geometry": {"type": "Polygon", "coordinates": [[[78.22, 31.08], [78.24000000000001, 31.08], [78.24000000000001, 31.1], [78.22, 31.1], [78.22, 31.08]]]}, "properties": {"zone": "red", "hazard_probability": 0.6832, "grid_id": "G-1165"}}, {"type": "Feature", "geometry": {"type": "Polygon", "coordinates": [[[78.24, 31.08], [78.26, 31.08], [78.26, 31.1], [78.24, 31.1], [78.24, 31.08]]]}, "properties": {"zone": "yellow", "hazard_probability": 0.574, "grid_id": "G-1166"}}, {"type": "Feature", "geometry": {"type": "Polygon", "coordinates": [[[78.25999999999999, 31.08], [78.28, 31.08], [78.28, 31.1], [78.25999999999999, 31.1], [78.25999999999999, 31.08]]]}, "properties": {"zone": "red", "hazard_probability": 0.6507, "grid_id": "G-1167"}}, {"type": "Feature", "geometry": {"type": "Polygon", "coordinates": [[[78.28, 31.08], [78.30000000000001, 31.08], [78.30000000000001, 31.1], [78.28, 31.1], [78.28, 31.08]]]}, "properties": {"zone": "orange", "hazard_probability": 0.5999, "grid_id": "G-1168"}}, {"type": "Feature", "geometry": {"type": "Polygon", "coordinates": [[[78.3, 31.08], [78.32000000000001, 31.08], [78.32000000000001, 31.1], [78.3, 31.1], [78.3, 31.08]]]}, "properties": {"zone": "orange", "hazard_probability": 0.6122, "grid_id": "G-1169"}}, {"type": "Feature", "geometry": {"type": "Polygon", "coordinates": [[[78.32, 31.08], [78.34, 31.08], [78.34, 31.1], [78.32, 31.1], [78.32, 31.08]]]}, "properties": {"zone": "orange", "hazard_probability": 0.5798, "grid_id": "G-1170"}}, {"type": "Feature", "geometry": {"type": "Polygon", "coordinates": [[[78.33999999999999, 31.08], [78.36, 31.08], [78.36, 31.1], [78.33999999999999, 31.1], [78.33999999999999, 31.08]]]}, "properties": {"zone": "yellow", "hazard_probability": 0.5732, "grid_id": "G-1171"}}, {"type": "Feature", "geometry": {"type": "Polygon", "coordinates": [[[78.36, 31.08], [78.38000000000001, 31.08], [78.38000000000001, 31.1], [78.36, 31.1], [78.36, 31.08]]]}, "properties": {"zone": "green", "hazard_probability": 0.3434, "grid_id": "G-1172"}}, {"type": "Feature", "geometry": {"type": "Polygon", "coordinates": [[[78.38, 31.08], [78.4, 31.08], [78.4, 31.1], [78.38, 31.1], [78.38, 31.08]]]}, "properties": {"zone": "red", "hazard_probability": 0.7392, "grid_id": "G-1173"}}, {"type": "Feature", "geometry": {"type": "Polygon", "coordinates": [[[78.39999999999999, 31.08], [78.42, 31.08], [78.42, 31.1], [78.39999999999999, 31.1], [78.39999999999999, 31.08]]]}, "properties": {"zone": "green", "hazard_probability": 0.4527, "grid_id": "G-1174"}}, {"type": "Feature", "geometry": {"type": "Polygon", "coordinates": [[[78.42, 31.08], [78.44000000000001, 31.08], [78.44000000000001, 31.1], [78.42, 31.1], [78.42, 31.08]]]}, "properties": {"zone": "yellow", "hazard_probability": 0.5356, "grid_id": "G-1175"}}, {"type": "Feature", "geometry": {"type": "Polygon", "coordinates": [[[78.44, 31.08], [78.46000000000001, 31.08], [78.46000000000001, 31.1], [78.44, 31.1], [78.44, 31.08]]]}, "properties": {"zone": "orange", "hazard_probability": 0.5983, "grid_id": "G-1176"}}, {"type": "Feature", "geometry": {"type": "Polygon", "coordinates": [[[78.46, 31.08], [78.48, 31.08], [78.48, 31.1], [78.46, 31.1], [78.46, 31.08]]]}, "properties": {"zone": "yellow", "hazard_probability": 0.485, "grid_id": "G-1177"}}, {"type": "Feature", "geometry": {"type": "Polygon", "coordinates": [[[78.47999999999999, 31.08], [78.5, 31.08], [78.5, 31.1], [78.47999999999999, 31.1], [78.47999999999999, 31.08]]]}, "properties": {"zone": "green", "hazard_probability": 0.4352, "grid_id": "G-1178"}}, {"type": "Feature", "geometry": {"type": "Polygon", "coordinates": [[[78.5, 31.08], [78.52000000000001, 31.08], [78.52000000000001, 31.1], [78.5, 31.1], [78.5, 31.08]]]}, "properties": {"zone": "yellow", "hazard_probability": 0.4835, "grid_id": "G-1179"}}, {"type": "Feature", "geometry": {"type": "Polygon", "coordinates": [[[78.52, 31.08], [78.54, 31.08], [78.54, 31.1], [78.52, 31.1], [78.52, 31.08]]]}, "properties": {"zone": "yellow", "hazard_probability": 0.5191, "grid_id": "G-1180"}}, {"type": "Feature", "geometry": {"type": "Polygon", "coordinates": [[[78.53999999999999, 31.08], [78.56, 31.08], [78.56, 31.1], [78.53999999999999, 31.1], [78.53999999999999, 31.08]]]}, "properties": {"zone": "green", "hazard_probability": 0.331, "grid_id": "G-1181"}}, {"type": "Feature", "geometry": {"type": "Polygon", "coordinates": [[[78.55999999999999, 31.08], [78.58, 31.08], [78.58, 31.1], [78.55999999999999, 31.1], [78.55999999999999, 31.08]]]}, "properties": {"zone": "green", "hazard_probability": 0.3018, "grid_id": "G-1182"}}, {"type": "Feature", "geometry": {"type": "Polygon", "coordinates": [[[78.58, 31.08], [78.60000000000001, 31.08], [78.60000000000001, 31.1], [78.58, 31.1], [78.58, 31.08]]]}, "properties": {"zone": "red", "hazard_probability": 0.7328, "grid_id": "G-1183"}}, {"type": "Feature", "geometry": {"type": "Polygon", "coordinates": [[[78.6, 31.08], [78.62, 31.08], [78.62, 31.1], [78.6, 31.1], [78.6, 31.08]]]}, "properties": {"zone": "green", "hazard_probability": 0.4231, "grid_id": "G-1184"}}, {"type": "Feature", "geometry": {"type": "Polygon", "coordinates": [[[78.61999999999999, 31.08], [78.64, 31.08], [78.64, 31.1], [78.61999999999999, 31.1], [78.61999999999999, 31.08]]]}, "properties": {"zone": "orange", "hazard_probability": 0.6139, "grid_id": "G-1185"}}, {"type": "Feature", "geometry": {"type": "Polygon", "coordinates": [[[78.64, 31.08], [78.66000000000001, 31.08], [78.66000000000001, 31.1], [78.64, 31.1], [78.64, 31.08]]]}, "properties": {"zone": "orange", "hazard_probability": 0.5803, "grid_id": "G-1186"}}, {"type": "Feature", "geometry": {"type": "Polygon", "coordinates": [[[78.66, 31.08], [78.68, 31.08], [78.68, 31.1], [78.66, 31.1], [78.66, 31.08]]]}, "properties": {"zone": "yellow", "hazard_probability": 0.5338, "grid_id": "G-1187"}}, {"type": "Feature", "geometry": {"type": "Polygon", "coordinates": [[[78.67999999999999, 31.08], [78.7, 31.08], [78.7, 31.1], [78.67999999999999, 31.1], [78.67999999999999, 31.08]]]}, "properties": {"zone": "orange", "hazard_probability": 0.5813, "grid_id": "G-1188"}}, {"type": "Feature", "geometry": {"type": "Polygon", "coordinates": [[[78.69999999999999, 31.08], [78.72, 31.08], [78.72, 31.1], [78.69999999999999, 31.1], [78.69999999999999, 31.08]]]}, "properties": {"zone": "yellow", "hazard_probability": 0.5338, "grid_id": "G-1189"}}, {"type": "Feature", "geometry": {"type": "Polygon", "coordinates": [[[78.72, 31.08], [78.74000000000001, 31.08], [78.74000000000001, 31.1], [78.72, 31.1], [78.72, 31.08]]]}, "properties": {"zone": "yellow", "hazard_probability": 0.5577, "grid_id": "G-1190"}}, {"type": "Feature", "geometry": {"type": "Polygon", "coordinates": [[[78.74, 31.08], [78.76, 31.08], [78.76, 31.1], [78.74, 31.1], [78.74, 31.08]]]}, "properties": {"zone": "yellow", "hazard_probability": 0.5061, "grid_id": "G-1191"}}, {"type": "Feature", "geometry": {"type": "Polygon", "coordinates": [[[78.75999999999999, 31.08], [78.78, 31.08], [78.78, 31.1], [78.75999999999999, 31.1], [78.75999999999999, 31.08]]]}, "properties": {"zone": "yellow", "hazard_probability": 0.5751, "grid_id": "G-1192"}}, {"type": "Feature", "geometry": {"type": "Polygon", "coordinates": [[[78.78, 31.08], [78.80000000000001, 31.08], [78.80000000000001, 31.1], [78.78, 31.1], [78.78, 31.08]]]}, "properties": {"zone": "orange", "hazard_probability": 0.6105, "grid_id": "G-1193"}}, {"type": "Feature", "geometry": {"type": "Polygon", "coordinates": [[[78.8, 31.08], [78.82000000000001, 31.08], [78.82000000000001, 31.1], [78.8, 31.1], [78.8, 31.08]]]}, "properties": {"zone": "yellow", "hazard_probability": 0.4911, "grid_id": "G-1194"}}, {"type": "Feature", "geometry": {"type": "Polygon", "coordinates": [[[78.82, 31.08], [78.84, 31.08], [78.84, 31.1], [78.82, 31.1], [78.82, 31.08]]]}, "properties": {"zone": "yellow", "hazard_probability": 0.4865, "grid_id": "G-1195"}}, {"type": "Feature", "geometry": {"type": "Polygon", "coordinates": [[[78.83999999999999, 31.08], [78.86, 31.08], [78.86, 31.1], [78.83999999999999, 31.1], [78.83999999999999, 31.08]]]}, "properties": {"zone": "red", "hazard_probability": 0.6724, "grid_id": "G-1196"}}, {"type": "Feature", "geometry": {"type": "Polygon", "coordinates": [[[78.86, 31.08], [78.88000000000001, 31.08], [78.88000000000001, 31.1], [78.86, 31.1], [78.86, 31.08]]]}, "properties": {"zone": "red", "hazard_probability": 0.7328, "grid_id": "G-1197"}}, {"type": "Feature", "geometry": {"type": "Polygon", "coordinates": [[[78.88, 31.08], [78.9, 31.08], [78.9, 31.1], [78.88, 31.1], [78.88, 31.08]]]}, "properties": {"zone": "green", "hazard_probability": 0.4283, "grid_id": "G-1198"}}, {"type": "Feature", "geometry": {"type": "Polygon", "coordinates": [[[78.89999999999999, 31.08], [78.92, 31.08], [78.92, 31.1], [78.89999999999999, 31.1], [78.89999999999999, 31.08]]]}, "properties": {"zone": "green", "hazard_probability": 0.418, "grid_id": "G-1199"}}, {"type": "Feature", "geometry": {"type": "Polygon", "coordinates": [[[78.92, 31.08], [78.94000000000001, 31.08], [78.94000000000001, 31.1], [78.92, 31.1], [78.92, 31.08]]]}, "properties": {"zone": "green", "hazard_probability": 0.4211, "grid_id": "G-1200"}}, {"type": "Feature", "geometry": {"type": "Polygon", "coordinates": [[[78.94, 31.08], [78.96000000000001, 31.08], [78.96000000000001, 31.1], [78.94, 31.1], [78.94, 31.08]]]}, "properties": {"zone": "green", "hazard_probability": 0.4261, "grid_id": "G-1201"}}, {"type": "Feature", "geometry": {"type": "Polygon", "coordinates": [[[78.96, 31.08], [78.98, 31.08], [78.98, 31.1], [78.96, 31.1], [78.96, 31.08]]]}, "properties": {"zone": "green", "hazard_probability": 0.4261, "grid_id": "G-1202"}}, {"type": "Feature", "geometry": {"type": "Polygon", "coordinates": [[[78.97999999999999, 31.08], [79.0, 31.08], [79.0, 31.1], [78.97999999999999, 31.1], [78.97999999999999, 31.08]]]}, "properties": {"zone": "green", "hazard_probability": 0.418, "grid_id": "G-1203"}}, {"type": "Feature", "geometry": {"type": "Polygon", "coordinates": [[[79.0, 31.08], [79.02000000000001, 31.08], [79.02000000000001, 31.1], [79.0, 31.1], [79.0, 31.08]]]}, "properties": {"zone": "green", "hazard_probability": 0.2991, "grid_id": "G-1204"}}, {"type": "Feature", "geometry": {"type": "Polygon", "coordinates": [[[79.02, 31.08], [79.04, 31.08], [79.04, 31.1], [79.02, 31.1], [79.02, 31.08]]]}, "properties": {"zone": "green", "hazard_probability": 0.2991, "grid_id": "G-1205"}}, {"type": "Feature", "geometry": {"type": "Polygon", "coordinates": [[[79.03999999999999, 31.08], [79.06, 31.08], [79.06, 31.1], [79.03999999999999, 31.1], [79.03999999999999, 31.08]]]}, "properties": {"zone": "green", "hazard_probability": 0.2991, "grid_id": "G-1206"}}, {"type": "Feature", "geometry": {"type": "Polygon", "coordinates": [[[77.86, 31.099999999999998], [77.88000000000001, 31.099999999999998], [77.88000000000001, 31.12], [77.86, 31.12], [77.86, 31.099999999999998]]]}, "properties": {"zone": "yellow", "hazard_probability": 0.5251, "grid_id": "G-1207"}}, {"type": "Feature", "geometry": {"type": "Polygon", "coordinates": [[[77.88, 31.099999999999998], [77.9, 31.099999999999998], [77.9, 31.12], [77.88, 31.12], [77.88, 31.099999999999998]]]}, "properties": {"zone": "yellow", "hazard_probability": 0.5196, "grid_id": "G-1208"}}, {"type": "Feature", "geometry": {"type": "Polygon", "coordinates": [[[77.89999999999999, 31.099999999999998], [77.92, 31.099999999999998], [77.92, 31.12], [77.89999999999999, 31.12], [77.89999999999999, 31.099999999999998]]]}, "properties": {"zone": "yellow", "hazard_probability": 0.5196, "grid_id": "G-1209"}}, {"type": "Feature", "geometry": {"type": "Polygon", "coordinates": [[[77.92, 31.099999999999998], [77.94000000000001, 31.099999999999998], [77.94000000000001, 31.12], [77.92, 31.12], [77.92, 31.099999999999998]]]}, "properties": {"zone": "yellow", "hazard_probability": 0.5251, "grid_id": "G-1210"}}, {"type": "Feature", "geometry": {"type": "Polygon", "coordinates": [[[77.94, 31.099999999999998], [77.96000000000001, 31.099999999999998], [77.96000000000001, 31.12], [77.94, 31.12], [77.94, 31.099999999999998]]]}, "properties": {"zone": "green", "hazard_probability": 0.429, "grid_id": "G-1211"}}, {"type": "Feature", "geometry": {"type": "Polygon", "coordinates": [[[77.96, 31.099999999999998], [77.98, 31.099999999999998], [77.98, 31.12], [77.96, 31.12], [77.96, 31.099999999999998]]]}, "properties": {"zone": "green", "hazard_probability": 0.3771, "grid_id": "G-1212"}}, {"type": "Feature", "geometry": {"type": "Polygon", "coordinates": [[[77.97999999999999, 31.099999999999998], [78.0, 31.099999999999998], [78.0, 31.12], [77.97999999999999, 31.12], [77.97999999999999, 31.099999999999998]]]}, "properties": {"zone": "green", "hazard_probability": 0.3771, "grid_id": "G-1213"}}, {"type": "Feature", "geometry": {"type": "Polygon", "coordinates": [[[78.0, 31.099999999999998], [78.02000000000001, 31.099999999999998], [78.02000000000001, 31.12], [78.0, 31.12], [78.0, 31.099999999999998]]]}, "properties": {"zone": "red", "hazard_probability": 0.7584, "grid_id": "G-1214"}}, {"type": "Feature", "geometry": {"type": "Polygon", "coordinates": [[[78.02, 31.099999999999998], [78.04, 31.099999999999998], [78.04, 31.12], [78.02, 31.12], [78.02, 31.099999999999998]]]}, "properties": {"zone": "orange", "hazard_probability": 0.6166, "grid_id": "G-1215"}}, {"type": "Feature", "geometry": {"type": "Polygon", "coordinates": [[[78.03999999999999, 31.099999999999998], [78.06, 31.099999999999998], [78.06, 31.12], [78.03999999999999, 31.12], [78.03999999999999, 31.099999999999998]]]}, "properties": {"zone": "yellow", "hazard_probability": 0.5479, "grid_id": "G-1216"}}, {"type": "Feature", "geometry": {"type": "Polygon", "coordinates": [[[78.05999999999999, 31.099999999999998], [78.08, 31.099999999999998], [78.08, 31.12], [78.05999999999999, 31.12], [78.05999999999999, 31.099999999999998]]]}, "properties": {"zone": "green", "hazard_probability": 0.4259, "grid_id": "G-1217"}}, {"type": "Feature", "geometry": {"type": "Polygon", "coordinates": [[[78.08, 31.099999999999998], [78.10000000000001, 31.099999999999998], [78.10000000000001, 31.12], [78.08, 31.12], [78.08, 31.099999999999998]]]}, "properties": {"zone": "yellow", "hazard_probability": 0.5715, "grid_id": "G-1218"}}, {"type": "Feature", "geometry": {"type": "Polygon", "coordinates": [[[78.1, 31.099999999999998], [78.12, 31.099999999999998], [78.12, 31.12], [78.1, 31.12], [78.1, 31.099999999999998]]]}, "properties": {"zone": "orange", "hazard_probability": 0.6291, "grid_id": "G-1219"}}, {"type": "Feature", "geometry": {"type": "Polygon", "coordinates": [[[78.11999999999999, 31.099999999999998], [78.14, 31.099999999999998], [78.14, 31.12], [78.11999999999999, 31.12], [78.11999999999999, 31.099999999999998]]]}, "properties": {"zone": "red", "hazard_probability": 0.6519, "grid_id": "G-1220"}}, {"type": "Feature", "geometry": {"type": "Polygon", "coordinates": [[[78.14, 31.099999999999998], [78.16000000000001, 31.099999999999998], [78.16000000000001, 31.12], [78.14, 31.12], [78.14, 31.099999999999998]]]}, "properties": {"zone": "yellow", "hazard_probability": 0.5466, "grid_id": "G-1221"}}, {"type": "Feature", "geometry": {"type": "Polygon", "coordinates": [[[78.16, 31.099999999999998], [78.18, 31.099999999999998], [78.18, 31.12], [78.16, 31.12], [78.16, 31.099999999999998]]]}, "properties": {"zone": "orange", "hazard_probability": 0.643, "grid_id": "G-1222"}}, {"type": "Feature", "geometry": {"type": "Polygon", "coordinates": [[[78.17999999999999, 31.099999999999998], [78.2, 31.099999999999998], [78.2, 31.12], [78.17999999999999, 31.12], [78.17999999999999, 31.099999999999998]]]}, "properties": {"zone": "red", "hazard_probability": 0.6896, "grid_id": "G-1223"}}, {"type": "Feature", "geometry": {"type": "Polygon", "coordinates": [[[78.19999999999999, 31.099999999999998], [78.22, 31.099999999999998], [78.22, 31.12], [78.19999999999999, 31.12], [78.19999999999999, 31.099999999999998]]]}, "properties": {"zone": "yellow", "hazard_probability": 0.545, "grid_id": "G-1224"}}, {"type": "Feature", "geometry": {"type": "Polygon", "coordinates": [[[78.22, 31.099999999999998], [78.24000000000001, 31.099999999999998], [78.24000000000001, 31.12], [78.22, 31.12], [78.22, 31.099999999999998]]]}, "properties": {"zone": "orange", "hazard_probability": 0.6466, "grid_id": "G-1225"}}, {"type": "Feature", "geometry": {"type": "Polygon", "coordinates": [[[78.24, 31.099999999999998], [78.26, 31.099999999999998], [78.26, 31.12], [78.24, 31.12], [78.24, 31.099999999999998]]]}, "properties": {"zone": "yellow", "hazard_probability": 0.5391, "grid_id": "G-1226"}}, {"type": "Feature", "geometry": {"type": "Polygon", "coordinates": [[[78.25999999999999, 31.099999999999998], [78.28, 31.099999999999998], [78.28, 31.12], [78.25999999999999, 31.12], [78.25999999999999, 31.099999999999998]]]}, "properties": {"zone": "yellow", "hazard_probability": 0.5377, "grid_id": "G-1227"}}, {"type": "Feature", "geometry": {"type": "Polygon", "coordinates": [[[78.28, 31.099999999999998], [78.30000000000001, 31.099999999999998], [78.30000000000001, 31.12], [78.28, 31.12], [78.28, 31.099999999999998]]]}, "properties": {"zone": "orange", "hazard_probability": 0.6313, "grid_id": "G-1228"}}, {"type": "Feature", "geometry": {"type": "Polygon", "coordinates": [[[78.3, 31.099999999999998], [78.32000000000001, 31.099999999999998], [78.32000000000001, 31.12], [78.3, 31.12], [78.3, 31.099999999999998]]]}, "properties": {"zone": "orange", "hazard_probability": 0.6345, "grid_id": "G-1229"}}, {"type": "Feature", "geometry": {"type": "Polygon", "coordinates": [[[78.32, 31.099999999999998], [78.34, 31.099999999999998], [78.34, 31.12], [78.32, 31.12], [78.32, 31.099999999999998]]]}, "properties": {"zone": "orange", "hazard_probability": 0.6239, "grid_id": "G-1230"}}, {"type": "Feature", "geometry": {"type": "Polygon", "coordinates": [[[78.33999999999999, 31.099999999999998], [78.36, 31.099999999999998], [78.36, 31.12], [78.33999999999999, 31.12], [78.33999999999999, 31.099999999999998]]]}, "properties": {"zone": "orange", "hazard_probability": 0.6166, "grid_id": "G-1231"}}, {"type": "Feature", "geometry": {"type": "Polygon", "coordinates": [[[78.36, 31.099999999999998], [78.38000000000001, 31.099999999999998], [78.38000000000001, 31.12], [78.36, 31.12], [78.36, 31.099999999999998]]]}, "properties": {"zone": "yellow", "hazard_probability": 0.5315, "grid_id": "G-1232"}}, {"type": "Feature", "geometry": {"type": "Polygon", "coordinates": [[[78.38, 31.099999999999998], [78.4, 31.099999999999998], [78.4, 31.12], [78.38, 31.12], [78.38, 31.099999999999998]]]}, "properties": {"zone": "yellow", "hazard_probability": 0.5315, "grid_id": "G-1233"}}, {"type": "Feature", "geometry": {"type": "Polygon", "coordinates": [[[78.39999999999999, 31.099999999999998], [78.42, 31.099999999999998], [78.42, 31.12], [78.39999999999999, 31.12], [78.39999999999999, 31.099999999999998]]]}, "properties": {"zone": "yellow", "hazard_probability": 0.5743, "grid_id": "G-1234"}}, {"type": "Feature", "geometry": {"type": "Polygon", "coordinates": [[[78.42, 31.099999999999998], [78.44000000000001, 31.099999999999998], [78.44000000000001, 31.12], [78.42, 31.12], [78.42, 31.099999999999998]]]}, "properties": {"zone": "green", "hazard_probability": 0.4047, "grid_id": "G-1235"}}, {"type": "Feature", "geometry": {"type": "Polygon", "coordinates": [[[78.44, 31.099999999999998], [78.46000000000001, 31.099999999999998], [78.46000000000001, 31.12], [78.44, 31.12], [78.44, 31.099999999999998]]]}, "properties": {"zone": "green", "hazard_probability": 0.3018, "grid_id": "G-1236"}}, {"type": "Feature", "geometry": {"type": "Polygon", "coordinates": [[[78.46, 31.099999999999998], [78.48, 31.099999999999998], [78.48, 31.12], [78.46, 31.12], [78.46, 31.099999999999998]]]}, "properties": {"zone": "green", "hazard_probability": 0.2991, "grid_id": "G-1237"}}, {"type": "Feature", "geometry": {"type": "Polygon", "coordinates": [[[78.47999999999999, 31.099999999999998], [78.5, 31.099999999999998], [78.5, 31.12], [78.47999999999999, 31.12], [78.47999999999999, 31.099999999999998]]]}, "properties": {"zone": "yellow", "hazard_probability": 0.5191, "grid_id": "G-1238"}}, {"type": "Feature", "geometry": {"type": "Polygon", "coordinates": [[[78.5, 31.099999999999998], [78.52000000000001, 31.099999999999998], [78.52000000000001, 31.12], [78.5, 31.12], [78.5, 31.099999999999998]]]}, "properties": {"zone": "orange", "hazard_probability": 0.5788, "grid_id": "G-1239"}}, {"type": "Feature", "geometry": {"type": "Polygon", "coordinates": [[[78.52, 31.099999999999998], [78.54, 31.099999999999998], [78.54, 31.12], [78.52, 31.12], [78.52, 31.099999999999998]]]}, "properties": {"zone": "yellow", "hazard_probability": 0.495, "grid_id": "G-1240"}}, {"type": "Feature", "geometry": {"type": "Polygon", "coordinates": [[[78.53999999999999, 31.099999999999998], [78.56, 31.099999999999998], [78.56, 31.12], [78.53999999999999, 31.12], [78.53999999999999, 31.099999999999998]]]}, "properties": {"zone": "green", "hazard_probability": 0.4231, "grid_id": "G-1241"}}, {"type": "Feature", "geometry": {"type": "Polygon", "coordinates": [[[78.55999999999999, 31.099999999999998], [78.58, 31.099999999999998], [78.58, 31.12], [78.55999999999999, 31.12], [78.55999999999999, 31.099999999999998]]]}, "properties": {"zone": "green", "hazard_probability": 0.408, "grid_id": "G-1242"}}, {"type": "Feature", "geometry": {"type": "Polygon", "coordinates": [[[78.58, 31.099999999999998], [78.60000000000001, 31.099999999999998], [78.60000000000001, 31.12], [78.58, 31.12], [78.58, 31.099999999999998]]]}, "properties": {"zone": "green", "hazard_probability": 0.3399, "grid_id": "G-1243"}}, {"type": "Feature", "geometry": {"type": "Polygon", "coordinates": [[[78.6, 31.099999999999998], [78.62, 31.099999999999998], [78.62, 31.12], [78.6, 31.12], [78.6, 31.099999999999998]]]}, "properties": {"zone": "yellow", "hazard_probability": 0.5191, "grid_id": "G-1244"}}, {"type": "Feature", "geometry": {"type": "Polygon", "coordinates": [[[78.61999999999999, 31.099999999999998], [78.64, 31.099999999999998], [78.64, 31.12], [78.61999999999999, 31.12], [78.61999999999999, 31.099999999999998]]]}, "properties": {"zone": "orange", "hazard_probability": 0.6139, "grid_id": "G-1245"}}, {"type": "Feature", "geometry": {"type": "Polygon", "coordinates": [[[78.64, 31.099999999999998], [78.66000000000001, 31.099999999999998], [78.66000000000001, 31.12], [78.64, 31.12], [78.64, 31.099999999999998]]]}, "properties": {"zone": "red", "hazard_probability": 0.7328, "grid_id": "G-1246"}}, {"type": "Feature", "geometry": {"type": "Polygon", "coordinates": [[[78.66, 31.099999999999998], [78.68, 31.099999999999998], [78.68, 31.12], [78.66, 31.12], [78.66, 31.099999999999998]]]}, "properties": {"zone": "green", "hazard_probability": 0.331, "grid_id": "G-1247"}}, {"type": "Feature", "geometry": {"type": "Polygon", "coordinates": [[[78.67999999999999, 31.099999999999998], [78.7, 31.099999999999998], [78.7, 31.12], [78.67999999999999, 31.12], [78.67999999999999, 31.099999999999998]]]}, "properties": {"zone": "orange", "hazard_probability": 0.6105, "grid_id": "G-1248"}}, {"type": "Feature", "geometry": {"type": "Polygon", "coordinates": [[[78.69999999999999, 31.099999999999998], [78.72, 31.099999999999998], [78.72, 31.12], [78.69999999999999, 31.12], [78.69999999999999, 31.099999999999998]]]}, "properties": {"zone": "orange", "hazard_probability": 0.5813, "grid_id": "G-1249"}}, {"type": "Feature", "geometry": {"type": "Polygon", "coordinates": [[[78.72, 31.099999999999998], [78.74000000000001, 31.099999999999998], [78.74000000000001, 31.12], [78.72, 31.12], [78.72, 31.099999999999998]]]}, "properties": {"zone": "yellow", "hazard_probability": 0.5187, "grid_id": "G-1250"}}, {"type": "Feature", "geometry": {"type": "Polygon", "coordinates": [[[78.74, 31.099999999999998], [78.76, 31.099999999999998], [78.76, 31.12], [78.74, 31.12], [78.74, 31.099999999999998]]]}, "properties": {"zone": "green", "hazard_probability": 0.3217, "grid_id": "G-1251"}}, {"type": "Feature", "geometry": {"type": "Polygon", "coordinates": [[[78.75999999999999, 31.099999999999998], [78.78, 31.099999999999998], [78.78, 31.12], [78.75999999999999, 31.12], [78.75999999999999, 31.099999999999998]]]}, "properties": {"zone": "yellow", "hazard_probability": 0.5219, "grid_id": "G-1252"}}, {"type": "Feature", "geometry": {"type": "Polygon", "coordinates": [[[78.78, 31.099999999999998], [78.80000000000001, 31.099999999999998], [78.80000000000001, 31.12], [78.78, 31.12], [78.78, 31.099999999999998]]]}, "properties": {"zone": "orange", "hazard_probability": 0.5813, "grid_id": "G-1253"}}, {"type": "Feature", "geometry": {"type": "Polygon", "coordinates": [[[78.8, 31.099999999999998], [78.82000000000001, 31.099999999999998], [78.82000000000001, 31.12], [78.8, 31.12], [78.8, 31.099999999999998]]]}, "properties": {"zone": "green", "hazard_probability": 0.4414, "grid_id": "G-1254"}}, {"type": "Feature", "geometry": {"type": "Polygon", "coordinates": [[[78.82, 31.099999999999998], [78.84, 31.099999999999998], [78.84, 31.12], [78.82, 31.12], [78.82, 31.099999999999998]]]}, "properties": {"zone": "green", "hazard_probability": 0.4352, "grid_id": "G-1255"}}, {"type": "Feature", "geometry": {"type": "Polygon", "coordinates": [[[78.83999999999999, 31.099999999999998], [78.86, 31.099999999999998], [78.86, 31.12], [78.83999999999999, 31.12], [78.83999999999999, 31.099999999999998]]]}, "properties": {"zone": "green", "hazard_probability": 0.4352, "grid_id": "G-1256"}}, {"type": "Feature", "geometry": {"type": "Polygon", "coordinates": [[[78.89999999999999, 31.099999999999998], [78.92, 31.099999999999998], [78.92, 31.12], [78.89999999999999, 31.12], [78.89999999999999, 31.099999999999998]]]}, "properties": {"zone": "green", "hazard_probability": 0.2991, "grid_id": "G-1257"}}, {"type": "Feature", "geometry": {"type": "Polygon", "coordinates": [[[78.96, 31.099999999999998], [78.98, 31.099999999999998], [78.98, 31.12], [78.96, 31.12], [78.96, 31.099999999999998]]]}, "properties": {"zone": "green", "hazard_probability": 0.4283, "grid_id": "G-1258"}}, {"type": "Feature", "geometry": {"type": "Polygon", "coordinates": [[[78.97999999999999, 31.099999999999998], [79.0, 31.099999999999998], [79.0, 31.12], [78.97999999999999, 31.12], [78.97999999999999, 31.099999999999998]]]}, "properties": {"zone": "green", "hazard_probability": 0.4231, "grid_id": "G-1259"}}, {"type": "Feature", "geometry": {"type": "Polygon", "coordinates": [[[79.0, 31.099999999999998], [79.02000000000001, 31.099999999999998], [79.02000000000001, 31.12], [79.0, 31.12], [79.0, 31.099999999999998]]]}, "properties": {"zone": "green", "hazard_probability": 0.3153, "grid_id": "G-1260"}}, {"type": "Feature", "geometry": {"type": "Polygon", "coordinates": [[[79.02, 31.099999999999998], [79.04, 31.099999999999998], [79.04, 31.12], [79.02, 31.12], [79.02, 31.099999999999998]]]}, "properties": {"zone": "green", "hazard_probability": 0.3062, "grid_id": "G-1261"}}, {"type": "Feature", "geometry": {"type": "Polygon", "coordinates": [[[79.03999999999999, 31.099999999999998], [79.06, 31.099999999999998], [79.06, 31.12], [79.03999999999999, 31.12], [79.03999999999999, 31.099999999999998]]]}, "properties": {"zone": "green", "hazard_probability": 0.3103, "grid_id": "G-1262"}}, {"type": "Feature", "geometry": {"type": "Polygon", "coordinates": [[[77.88, 31.119999999999997], [77.9, 31.119999999999997], [77.9, 31.14], [77.88, 31.14], [77.88, 31.119999999999997]]]}, "properties": {"zone": "yellow", "hazard_probability": 0.5196, "grid_id": "G-1263"}}, {"type": "Feature", "geometry": {"type": "Polygon", "coordinates": [[[77.89999999999999, 31.119999999999997], [77.92, 31.119999999999997], [77.92, 31.14], [77.89999999999999, 31.14], [77.89999999999999, 31.119999999999997]]]}, "properties": {"zone": "yellow", "hazard_probability": 0.5196, "grid_id": "G-1264"}}, {"type": "Feature", "geometry": {"type": "Polygon", "coordinates": [[[77.92, 31.119999999999997], [77.94000000000001, 31.119999999999997], [77.94000000000001, 31.14], [77.92, 31.14], [77.92, 31.119999999999997]]]}, "properties": {"zone": "yellow", "hazard_probability": 0.5196, "grid_id": "G-1265"}}, {"type": "Feature", "geometry": {"type": "Polygon", "coordinates": [[[77.94, 31.119999999999997], [77.96000000000001, 31.119999999999997], [77.96000000000001, 31.14], [77.94, 31.14], [77.94, 31.119999999999997]]]}, "properties": {"zone": "green", "hazard_probability": 0.4229, "grid_id": "G-1266"}}, {"type": "Feature", "geometry": {"type": "Polygon", "coordinates": [[[77.96, 31.119999999999997], [77.98, 31.119999999999997], [77.98, 31.14], [77.96, 31.14], [77.96, 31.119999999999997]]]}, "properties": {"zone": "green", "hazard_probability": 0.4355, "grid_id": "G-1267"}}, {"type": "Feature", "geometry": {"type": "Polygon", "coordinates": [[[77.97999999999999, 31.119999999999997], [78.0, 31.119999999999997], [78.0, 31.14], [77.97999999999999, 31.14], [77.97999999999999, 31.119999999999997]]]}, "properties": {"zone": "green", "hazard_probability": 0.4355, "grid_id": "G-1268"}}, {"type": "Feature", "geometry": {"type": "Polygon", "coordinates": [[[78.0, 31.119999999999997], [78.02000000000001, 31.119999999999997], [78.02000000000001, 31.14], [78.0, 31.14], [78.0, 31.119999999999997]]]}, "properties": {"zone": "yellow", "hazard_probability": 0.5396, "grid_id": "G-1269"}}, {"type": "Feature", "geometry": {"type": "Polygon", "coordinates": [[[78.02, 31.119999999999997], [78.04, 31.119999999999997], [78.04, 31.14], [78.02, 31.14], [78.02, 31.119999999999997]]]}, "properties": {"zone": "red", "hazard_probability": 0.6698, "grid_id": "G-1270"}}, {"type": "Feature", "geometry": {"type": "Polygon", "coordinates": [[[78.03999999999999, 31.119999999999997], [78.06, 31.119999999999997], [78.06, 31.14], [78.03999999999999, 31.14], [78.03999999999999, 31.119999999999997]]]}, "properties": {"zone": "green", "hazard_probability": 0.4598, "grid_id": "G-1271"}}, {"type": "Feature", "geometry": {"type": "Polygon", "coordinates": [[[78.05999999999999, 31.119999999999997], [78.08, 31.119999999999997], [78.08, 31.14], [78.05999999999999, 31.14], [78.05999999999999, 31.119999999999997]]]}, "properties": {"zone": "orange", "hazard_probability": 0.6298, "grid_id": "G-1272"}}, {"type": "Feature", "geometry": {"type": "Polygon", "coordinates": [[[78.08, 31.119999999999997], [78.10000000000001, 31.119999999999997], [78.10000000000001, 31.14], [78.08, 31.14], [78.08, 31.119999999999997]]]}, "properties": {"zone": "orange", "hazard_probability": 0.599, "grid_id": "G-1273"}}, {"type": "Feature", "geometry": {"type": "Polygon", "coordinates": [[[78.1, 31.119999999999997], [78.12, 31.119999999999997], [78.12, 31.14], [78.1, 31.14], [78.1, 31.119999999999997]]]}, "properties": {"zone": "orange", "hazard_probability": 0.6058, "grid_id": "G-1274"}}, {"type": "Feature", "geometry": {"type": "Polygon", "coordinates": [[[78.11999999999999, 31.119999999999997], [78.14, 31.119999999999997], [78.14, 31.14], [78.11999999999999, 31.14], [78.11999999999999, 31.119999999999997]]]}, "properties": {"zone": "orange", "hazard_probability": 0.5938, "grid_id": "G-1275"}}, {"type": "Feature", "geometry": {"type": "Polygon", "coordinates": [[[78.14, 31.119999999999997], [78.16000000000001, 31.119999999999997], [78.16000000000001, 31.14], [78.14, 31.14], [78.14, 31.119999999999997]]]}, "properties": {"zone": "green", "hazard_probability": 0.4478, "grid_id": "G-1276"}}, {"type": "Feature", "geometry": {"type": "Polygon", "coordinates": [[[78.16, 31.119999999999997], [78.18, 31.119999999999997], [78.18, 31.14], [78.16, 31.14], [78.16, 31.119999999999997]]]}, "properties": {"zone": "red", "hazard_probability": 0.6741, "grid_id": "G-1277"}}, {"type": "Feature", "geometry": {"type": "Polygon", "coordinates": [[[78.17999999999999, 31.119999999999997], [78.2, 31.119999999999997], [78.2, 31.14], [78.17999999999999, 31.14], [78.17999999999999, 31.119999999999997]]]}, "properties": {"zone": "red", "hazard_probability": 0.6608, "grid_id": "G-1278"}}, {"type": "Feature", "geometry": {"type": "Polygon", "coordinates": [[[78.19999999999999, 31.119999999999997], [78.22, 31.119999999999997], [78.22, 31.14], [78.19999999999999, 31.14], [78.19999999999999, 31.119999999999997]]]}, "properties": {"zone": "orange", "hazard_probability": 0.5788, "grid_id": "G-1279"}}, {"type": "Feature", "geometry": {"type": "Polygon", "coordinates": [[[78.22, 31.119999999999997], [78.24000000000001, 31.119999999999997], [78.24000000000001, 31.14], [78.22, 31.14], [78.22, 31.119999999999997]]]}, "properties": {"zone": "orange", "hazard_probability": 0.597, "grid_id": "G-1280"}}, {"type": "Feature", "geometry": {"type": "Polygon", "coordinates": [[[78.24, 31.119999999999997], [78.26, 31.119999999999997], [78.26, 31.14], [78.24, 31.14], [78.24, 31.119999999999997]]]}, "properties": {"zone": "yellow", "hazard_probability": 0.5377, "grid_id": "G-1281"}}, {"type": "Feature", "geometry": {"type": "Polygon", "coordinates": [[[78.25999999999999, 31.119999999999997], [78.28, 31.119999999999997], [78.28, 31.14], [78.25999999999999, 31.14], [78.25999999999999, 31.119999999999997]]]}, "properties": {"zone": "yellow", "hazard_probability": 0.5569, "grid_id": "G-1282"}}, {"type": "Feature", "geometry": {"type": "Polygon", "coordinates": [[[78.28, 31.119999999999997], [78.30000000000001, 31.119999999999997], [78.30000000000001, 31.14], [78.28, 31.14], [78.28, 31.119999999999997]]]}, "properties": {"zone": "orange", "hazard_probability": 0.5803, "grid_id": "G-1283"}}, {"type": "Feature", "geometry": {"type": "Polygon", "coordinates": [[[78.3, 31.119999999999997], [78.32000000000001, 31.119999999999997], [78.32000000000001, 31.14], [78.3, 31.14], [78.3, 31.119999999999997]]]}, "properties": {"zone": "green", "hazard_probability": 0.4527, "grid_id": "G-1284"}}, {"type": "Feature", "geometry": {"type": "Polygon", "coordinates": [[[78.32, 31.119999999999997], [78.34, 31.119999999999997], [78.34, 31.14], [78.32, 31.14], [78.32, 31.119999999999997]]]}, "properties": {"zone": "yellow", "hazard_probability": 0.4929, "grid_id": "G-1285"}}, {"type": "Feature", "geometry": {"type": "Polygon", "coordinates": [[[78.33999999999999, 31.119999999999997], [78.36, 31.119999999999997], [78.36, 31.14], [78.33999999999999, 31.14], [78.33999999999999, 31.119999999999997]]]}, "properties": {"zone": "yellow", "hazard_probability": 0.521, "grid_id": "G-1286"}}, {"type": "Feature", "geometry": {"type": "Polygon", "coordinates": [[[78.36, 31.119999999999997], [78.38000000000001, 31.119999999999997], [78.38000000000001, 31.14], [78.36, 31.14], [78.36, 31.119999999999997]]]}, "properties": {"zone": "orange", "hazard_probability": 0.6279, "grid_id": "G-1287"}}, {"type": "Feature", "geometry": {"type": "Polygon", "coordinates": [[[78.38, 31.119999999999997], [78.4, 31.119999999999997], [78.4, 31.14], [78.38, 31.14], [78.38, 31.119999999999997]]]}, "properties": {"zone": "red", "hazard_probability": 0.7469, "grid_id": "G-1288"}}, {"type": "Feature", "geometry": {"type": "Polygon", "coordinates": [[[78.39999999999999, 31.119999999999997], [78.42, 31.119999999999997], [78.42, 31.14], [78.39999999999999, 31.14], [78.39999999999999, 31.119999999999997]]]}, "properties": {"zone": "green", "hazard_probability": 0.3651, "grid_id": "G-1289"}}, {"type": "Feature", "geometry": {"type": "Polygon", "coordinates": [[[78.42, 31.119999999999997], [78.44000000000001, 31.119999999999997], [78.44000000000001, 31.14], [78.42, 31.14], [78.42, 31.119999999999997]]]}, "properties": {"zone": "orange", "hazard_probability": 0.6082, "grid_id": "G-1290"}}, {"type": "Feature", "geometry": {"type": "Polygon", "coordinates": [[[78.44, 31.119999999999997], [78.46000000000001, 31.119999999999997], [78.46000000000001, 31.14], [78.44, 31.14], [78.44, 31.119999999999997]]]}, "properties": {"zone": "yellow", "hazard_probability": 0.5725, "grid_id": "G-1291"}}, {"type": "Feature", "geometry": {"type": "Polygon", "coordinates": [[[78.46, 31.119999999999997], [78.48, 31.119999999999997], [78.48, 31.14], [78.46, 31.14], [78.46, 31.119999999999997]]]}, "properties": {"zone": "green", "hazard_probability": 0.3079, "grid_id": "G-1292"}}, {"type": "Feature", "geometry": {"type": "Polygon", "coordinates": [[[78.47999999999999, 31.119999999999997], [78.5, 31.119999999999997], [78.5, 31.14], [78.47999999999999, 31.14], [78.47999999999999, 31.119999999999997]]]}, "properties": {"zone": "green", "hazard_probability": 0.3444, "grid_id": "G-1293"}}, {"type": "Feature", "geometry": {"type": "Polygon", "coordinates": [[[78.5, 31.119999999999997], [78.52000000000001, 31.119999999999997], [78.52000000000001, 31.14], [78.5, 31.14], [78.5, 31.119999999999997]]]}, "properties": {"zone": "green", "hazard_probability": 0.3483, "grid_id": "G-1294"}}, {"type": "Feature", "geometry": {"type": "Polygon", "coordinates": [[[78.52, 31.119999999999997], [78.54, 31.119999999999997], [78.54, 31.14], [78.52, 31.14], [78.52, 31.119999999999997]]]}, "properties": {"zone": "green", "hazard_probability": 0.4283, "grid_id": "G-1295"}}, {"type": "Feature", "geometry": {"type": "Polygon", "coordinates": [[[78.53999999999999, 31.119999999999997], [78.56, 31.119999999999997], [78.56, 31.14], [78.53999999999999, 31.14], [78.53999999999999, 31.119999999999997]]]}, "properties": {"zone": "green", "hazard_probability": 0.3935, "grid_id": "G-1296"}}, {"type": "Feature", "geometry": {"type": "Polygon", "coordinates": [[[78.55999999999999, 31.119999999999997], [78.58, 31.119999999999997], [78.58, 31.14], [78.55999999999999, 31.14], [78.55999999999999, 31.119999999999997]]]}, "properties": {"zone": "green", "hazard_probability": 0.4231, "grid_id": "G-1297"}}, {"type": "Feature", "geometry": {"type": "Polygon", "coordinates": [[[78.58, 31.119999999999997], [78.60000000000001, 31.119999999999997], [78.60000000000001, 31.14], [78.58, 31.14], [78.58, 31.119999999999997]]]}, "properties": {"zone": "green", "hazard_probability": 0.312, "grid_id": "G-1298"}}, {"type": "Feature", "geometry": {"type": "Polygon", "coordinates": [[[78.6, 31.119999999999997], [78.62, 31.119999999999997], [78.62, 31.14], [78.6, 31.14], [78.6, 31.119999999999997]]]}, "properties": {"zone": "green", "hazard_probability": 0.418, "grid_id": "G-1299"}}, {"type": "Feature", "geometry": {"type": "Polygon", "coordinates": [[[78.61999999999999, 31.119999999999997], [78.64, 31.119999999999997], [78.64, 31.14], [78.61999999999999, 31.14], [78.61999999999999, 31.119999999999997]]]}, "properties": {"zone": "yellow", "hazard_probability": 0.5725, "grid_id": "G-1300"}}, {"type": "Feature", "geometry": {"type": "Polygon", "coordinates": [[[78.64, 31.119999999999997], [78.66000000000001, 31.119999999999997], [78.66000000000001, 31.14], [78.64, 31.14], [78.64, 31.119999999999997]]]}, "properties": {"zone": "yellow", "hazard_probability": 0.5725, "grid_id": "G-1301"}}, {"type": "Feature", "geometry": {"type": "Polygon", "coordinates": [[[78.66, 31.119999999999997], [78.68, 31.119999999999997], [78.68, 31.14], [78.66, 31.14], [78.66, 31.119999999999997]]]}, "properties": {"zone": "red", "hazard_probability": 0.7328, "grid_id": "G-1302"}}, {"type": "Feature", "geometry": {"type": "Polygon", "coordinates": [[[78.67999999999999, 31.119999999999997], [78.7, 31.119999999999997], [78.7, 31.14], [78.67999999999999, 31.14], [78.67999999999999, 31.119999999999997]]]}, "properties": {"zone": "green", "hazard_probability": 0.3018, "grid_id": "G-1303"}}, {"type": "Feature", "geometry": {"type": "Polygon", "coordinates": [[[78.69999999999999, 31.119999999999997], [78.72, 31.119999999999997], [78.72, 31.14], [78.69999999999999, 31.14], [78.69999999999999, 31.119999999999997]]]}, "properties": {"zone": "yellow", "hazard_probability": 0.4821, "grid_id": "G-1304"}}, {"type": "Feature", "geometry": {"type": "Polygon", "coordinates": [[[78.72, 31.119999999999997], [78.74000000000001, 31.119999999999997], [78.74000000000001, 31.14], [78.72, 31.14], [78.72, 31.119999999999997]]]}, "properties": {"zone": "yellow", "hazard_probability": 0.495, "grid_id": "G-1305"}}, {"type": "Feature", "geometry": {"type": "Polygon", "coordinates": [[[78.74, 31.119999999999997], [78.76, 31.119999999999997], [78.76, 31.14], [78.74, 31.14], [78.74, 31.119999999999997]]]}, "properties": {"zone": "green", "hazard_probability": 0.3399, "grid_id": "G-1306"}}, {"type": "Feature", "geometry": {"type": "Polygon", "coordinates": [[[78.75999999999999, 31.119999999999997], [78.78, 31.119999999999997], [78.78, 31.14], [78.75999999999999, 31.14], [78.75999999999999, 31.119999999999997]]]}, "properties": {"zone": "green", "hazard_probability": 0.3399, "grid_id": "G-1307"}}, {"type": "Feature", "geometry": {"type": "Polygon", "coordinates": [[[78.78, 31.119999999999997], [78.80000000000001, 31.119999999999997], [78.80000000000001, 31.14], [78.78, 31.14], [78.78, 31.119999999999997]]]}, "properties": {"zone": "green", "hazard_probability": 0.4231, "grid_id": "G-1308"}}, {"type": "Feature", "geometry": {"type": "Polygon", "coordinates": [[[78.8, 31.119999999999997], [78.82000000000001, 31.119999999999997], [78.82000000000001, 31.14], [78.8, 31.14], [78.8, 31.119999999999997]]]}, "properties": {"zone": "yellow", "hazard_probability": 0.4958, "grid_id": "G-1309"}}, {"type": "Feature", "geometry": {"type": "Polygon", "coordinates": [[[78.82, 31.119999999999997], [78.84, 31.119999999999997], [78.84, 31.14], [78.82, 31.14], [78.82, 31.119999999999997]]]}, "properties": {"zone": "green", "hazard_probability": 0.4283, "grid_id": "G-1310"}}, {"type": "Feature", "geometry": {"type": "Polygon", "coordinates": [[[78.97999999999999, 31.119999999999997], [79.0, 31.119999999999997], [79.0, 31.14], [78.97999999999999, 31.14], [78.97999999999999, 31.119999999999997]]]}, "properties": {"zone": "orange", "hazard_probability": 0.6139, "grid_id": "G-1311"}}, {"type": "Feature", "geometry": {"type": "Polygon", "coordinates": [[[79.0, 31.119999999999997], [79.02000000000001, 31.119999999999997], [79.02000000000001, 31.14], [79.0, 31.14], [79.0, 31.119999999999997]]]}, "properties": {"zone": "green", "hazard_probability": 0.3062, "grid_id": "G-1312"}}, {"type": "Feature", "geometry": {"type": "Polygon", "coordinates": [[[79.02, 31.119999999999997], [79.04, 31.119999999999997], [79.04, 31.14], [79.02, 31.14], [79.02, 31.119999999999997]]]}, "properties": {"zone": "green", "hazard_probability": 0.3103, "grid_id": "G-1313"}}, {"type": "Feature", "geometry": {"type": "Polygon", "coordinates": [[[79.03999999999999, 31.119999999999997], [79.06, 31.119999999999997], [79.06, 31.14], [79.03999999999999, 31.14], [79.03999999999999, 31.119999999999997]]]}, "properties": {"zone": "green", "hazard_probability": 0.3103, "grid_id": "G-1314"}}, {"type": "Feature", "geometry": {"type": "Polygon", "coordinates": [[[77.88, 31.139999999999997], [77.9, 31.139999999999997], [77.9, 31.16], [77.88, 31.16], [77.88, 31.139999999999997]]]}, "properties": {"zone": "yellow", "hazard_probability": 0.5251, "grid_id": "G-1315"}}, {"type": "Feature", "geometry": {"type": "Polygon", "coordinates": [[[77.89999999999999, 31.139999999999997], [77.92, 31.139999999999997], [77.92, 31.16], [77.89999999999999, 31.16], [77.89999999999999, 31.139999999999997]]]}, "properties": {"zone": "yellow", "hazard_probability": 0.5145, "grid_id": "G-1316"}}, {"type": "Feature", "geometry": {"type": "Polygon", "coordinates": [[[77.92, 31.139999999999997], [77.94000000000001, 31.139999999999997], [77.94000000000001, 31.16], [77.92, 31.16], [77.92, 31.139999999999997]]]}, "properties": {"zone": "green", "hazard_probability": 0.4687, "grid_id": "G-1317"}}, {"type": "Feature", "geometry": {"type": "Polygon", "coordinates": [[[77.94, 31.139999999999997], [77.96000000000001, 31.139999999999997], [77.96000000000001, 31.16], [77.94, 31.16], [77.94, 31.139999999999997]]]}, "properties": {"zone": "yellow", "hazard_probability": 0.5196, "grid_id": "G-1318"}}, {"type": "Feature", "geometry": {"type": "Polygon", "coordinates": [[[77.96, 31.139999999999997], [77.98, 31.139999999999997], [77.98, 31.16], [77.96, 31.16], [77.96, 31.139999999999997]]]}, "properties": {"zone": "yellow", "hazard_probability": 0.5196, "grid_id": "G-1319"}}, {"type": "Feature", "geometry": {"type": "Polygon", "coordinates": [[[77.97999999999999, 31.139999999999997], [78.0, 31.139999999999997], [78.0, 31.16], [77.97999999999999, 31.16], [77.97999999999999, 31.139999999999997]]]}, "properties": {"zone": "green", "hazard_probability": 0.4355, "grid_id": "G-1320"}}, {"type": "Feature", "geometry": {"type": "Polygon", "coordinates": [[[78.0, 31.139999999999997], [78.02000000000001, 31.139999999999997], [78.02000000000001, 31.16], [78.0, 31.16], [78.0, 31.139999999999997]]]}, "properties": {"zone": "green", "hazard_probability": 0.4355, "grid_id": "G-1321"}}, {"type": "Feature", "geometry": {"type": "Polygon", "coordinates": [[[78.02, 31.139999999999997], [78.04, 31.139999999999997], [78.04, 31.16], [78.02, 31.16], [78.02, 31.139999999999997]]]}, "properties": {"zone": "yellow", "hazard_probability": 0.502, "grid_id": "G-1322"}}, {"type": "Feature", "geometry": {"type": "Polygon", "coordinates": [[[78.03999999999999, 31.139999999999997], [78.06, 31.139999999999997], [78.06, 31.16], [78.03999999999999, 31.16], [78.03999999999999, 31.139999999999997]]]}, "properties": {"zone": "yellow", "hazard_probability": 0.4927, "grid_id": "G-1323"}}, {"type": "Feature", "geometry": {"type": "Polygon", "coordinates": [[[78.05999999999999, 31.139999999999997], [78.08, 31.139999999999997], [78.08, 31.16], [78.05999999999999, 31.16], [78.05999999999999, 31.139999999999997]]]}, "properties": {"zone": "orange", "hazard_probability": 0.6345, "grid_id": "G-1324"}}, {"type": "Feature", "geometry": {"type": "Polygon", "coordinates": [[[78.08, 31.139999999999997], [78.10000000000001, 31.139999999999997], [78.10000000000001, 31.16], [78.08, 31.16], [78.08, 31.139999999999997]]]}, "properties": {"zone": "green", "hazard_probability": 0.4404, "grid_id": "G-1325"}}, {"type": "Feature", "geometry": {"type": "Polygon", "coordinates": [[[78.1, 31.139999999999997], [78.12, 31.139999999999997], [78.12, 31.16], [78.1, 31.16], [78.1, 31.139999999999997]]]}, "properties": {"zone": "yellow", "hazard_probability": 0.5365, "grid_id": "G-1326"}}, {"type": "Feature", "geometry": {"type": "Polygon", "coordinates": [[[78.11999999999999, 31.139999999999997], [78.14, 31.139999999999997], [78.14, 31.16], [78.11999999999999, 31.16], [78.11999999999999, 31.139999999999997]]]}, "properties": {"zone": "orange", "hazard_probability": 0.6098, "grid_id": "G-1327"}}, {"type": "Feature", "geometry": {"type": "Polygon", "coordinates": [[[78.14, 31.139999999999997], [78.16000000000001, 31.139999999999997], [78.16000000000001, 31.16], [78.14, 31.16], [78.14, 31.139999999999997]]]}, "properties": {"zone": "orange", "hazard_probability": 0.6031, "grid_id": "G-1328"}}, {"type": "Feature", "geometry": {"type": "Polygon", "coordinates": [[[78.16, 31.139999999999997], [78.18, 31.139999999999997], [78.18, 31.16], [78.16, 31.16], [78.16, 31.139999999999997]]]}, "properties": {"zone": "green", "hazard_probability": 0.4558, "grid_id": "G-1329"}}, {"type": "Feature", "geometry": {"type": "Polygon", "coordinates": [[[78.17999999999999, 31.139999999999997], [78.2, 31.139999999999997], [78.2, 31.16], [78.17999999999999, 31.16], [78.17999999999999, 31.139999999999997]]]}, "properties": {"zone": "orange", "hazard_probability": 0.5999, "grid_id": "G-1330"}}, {"type": "Feature", "geometry": {"type": "Polygon", "coordinates": [[[78.19999999999999, 31.139999999999997], [78.22, 31.139999999999997], [78.22, 31.16], [78.19999999999999, 31.16], [78.19999999999999, 31.139999999999997]]]}, "properties": {"zone": "orange", "hazard_probability": 0.5959, "grid_id": "G-1331"}}, {"type": "Feature", "geometry": {"type": "Polygon", "coordinates": [[[78.22, 31.139999999999997], [78.24000000000001, 31.139999999999997], [78.24000000000001, 31.16], [78.22, 31.16], [78.22, 31.139999999999997]]]}, "properties": {"zone": "yellow", "hazard_probability": 0.5576, "grid_id": "G-1332"}}, {"type": "Feature", "geometry": {"type": "Polygon", "coordinates": [[[78.24, 31.139999999999997], [78.26, 31.139999999999997], [78.26, 31.16], [78.24, 31.16], [78.24, 31.139999999999997]]]}, "properties": {"zone": "orange", "hazard_probability": 0.6366, "grid_id": "G-1333"}}, {"type": "Feature", "geometry": {"type": "Polygon", "coordinates": [[[78.25999999999999, 31.139999999999997], [78.28, 31.139999999999997], [78.28, 31.16], [78.25999999999999, 31.16], [78.25999999999999, 31.139999999999997]]]}, "properties": {"zone": "yellow", "hazard_probability": 0.5251, "grid_id": "G-1334"}}, {"type": "Feature", "geometry": {"type": "Polygon", "coordinates": [[[78.28, 31.139999999999997], [78.30000000000001, 31.139999999999997], [78.30000000000001, 31.16], [78.28, 31.16], [78.28, 31.139999999999997]]]}, "properties": {"zone": "yellow", "hazard_probability": 0.5315, "grid_id": "G-1335"}}, {"type": "Feature", "geometry": {"type": "Polygon", "coordinates": [[[78.3, 31.139999999999997], [78.32000000000001, 31.139999999999997], [78.32000000000001, 31.16], [78.3, 31.16], [78.3, 31.139999999999997]]]}, "properties": {"zone": "orange", "hazard_probability": 0.5827, "grid_id": "G-1336"}}, {"type": "Feature", "geometry": {"type": "Polygon", "coordinates": [[[78.32, 31.139999999999997], [78.34, 31.139999999999997], [78.34, 31.16], [78.32, 31.16], [78.32, 31.139999999999997]]]}, "properties": {"zone": "yellow", "hazard_probability": 0.5262, "grid_id": "G-1337"}}, {"type": "Feature", "geometry": {"type": "Polygon", "coordinates": [[[78.33999999999999, 31.139999999999997], [78.36, 31.139999999999997], [78.36, 31.16], [78.33999999999999, 31.16], [78.33999999999999, 31.139999999999997]]]}, "properties": {"zone": "yellow", "hazard_probability": 0.495, "grid_id": "G-1338"}}, {"type": "Feature", "geometry": {"type": "Polygon", "coordinates": [[[78.36, 31.139999999999997], [78.38000000000001, 31.139999999999997], [78.38000000000001, 31.16], [78.36, 31.16], [78.36, 31.139999999999997]]]}, "properties": {"zone": "green", "hazard_probability": 0.2926, "grid_id": "G-1339"}}, {"type": "Feature", "geometry": {"type": "Polygon", "coordinates": [[[78.38, 31.139999999999997], [78.4, 31.139999999999997], [78.4, 31.16], [78.38, 31.16], [78.38, 31.139999999999997]]]}, "properties": {"zone": "yellow", "hazard_probability": 0.5725, "grid_id": "G-1340"}}, {"type": "Feature", "geometry": {"type": "Polygon", "coordinates": [[[78.39999999999999, 31.139999999999997], [78.42, 31.139999999999997], [78.42, 31.16], [78.39999999999999, 31.16], [78.39999999999999, 31.139999999999997]]]}, "properties": {"zone": "green", "hazard_probability": 0.3767, "grid_id": "G-1341"}}, {"type": "Feature", "geometry": {"type": "Polygon", "coordinates": [[[78.42, 31.139999999999997], [78.44000000000001, 31.139999999999997], [78.44000000000001, 31.16], [78.42, 31.16], [78.42, 31.139999999999997]]]}, "properties": {"zone": "green", "hazard_probability": 0.4443, "grid_id": "G-1342"}}, {"type": "Feature", "geometry": {"type": "Polygon", "coordinates": [[[78.44, 31.139999999999997], [78.46000000000001, 31.139999999999997], [78.46000000000001, 31.16], [78.44, 31.16], [78.44, 31.139999999999997]]]}, "properties": {"zone": "yellow", "hazard_probability": 0.4835, "grid_id": "G-1343"}}, {"type": "Feature", "geometry": {"type": "Polygon", "coordinates": [[[78.46, 31.139999999999997], [78.48, 31.139999999999997], [78.48, 31.16], [78.46, 31.16], [78.46, 31.139999999999997]]]}, "properties": {"zone": "green", "hazard_probability": 0.2926, "grid_id": "G-1344"}}, {"type": "Feature", "geometry": {"type": "Polygon", "coordinates": [[[78.47999999999999, 31.139999999999997], [78.5, 31.139999999999997], [78.5, 31.16], [78.47999999999999, 31.16], [78.47999999999999, 31.139999999999997]]]}, "properties": {"zone": "green", "hazard_probability": 0.4231, "grid_id": "G-1345"}}, {"type": "Feature", "geometry": {"type": "Polygon", "coordinates": [[[78.5, 31.139999999999997], [78.52000000000001, 31.139999999999997], [78.52000000000001, 31.16], [78.5, 31.16], [78.5, 31.139999999999997]]]}, "properties": {"zone": "green", "hazard_probability": 0.3103, "grid_id": "G-1346"}}, {"type": "Feature", "geometry": {"type": "Polygon", "coordinates": [[[78.52, 31.139999999999997], [78.54, 31.139999999999997], [78.54, 31.16], [78.52, 31.16], [78.52, 31.139999999999997]]]}, "properties": {"zone": "green", "hazard_probability": 0.3194, "grid_id": "G-1347"}}, {"type": "Feature", "geometry": {"type": "Polygon", "coordinates": [[[78.53999999999999, 31.139999999999997], [78.56, 31.139999999999997], [78.56, 31.16], [78.53999999999999, 31.16], [78.53999999999999, 31.139999999999997]]]}, "properties": {"zone": "green", "hazard_probability": 0.4283, "grid_id": "G-1348"}}, {"type": "Feature", "geometry": {"type": "Polygon", "coordinates": [[[78.55999999999999, 31.139999999999997], [78.58, 31.139999999999997], [78.58, 31.16], [78.55999999999999, 31.16], [78.55999999999999, 31.139999999999997]]]}, "properties": {"zone": "green", "hazard_probability": 0.4283, "grid_id": "G-1349"}}, {"type": "Feature", "geometry": {"type": "Polygon", "coordinates": [[[78.58, 31.139999999999997], [78.60000000000001, 31.139999999999997], [78.60000000000001, 31.16], [78.58, 31.16], [78.58, 31.139999999999997]]]}, "properties": {"zone": "green", "hazard_probability": 0.3477, "grid_id": "G-1350"}}, {"type": "Feature", "geometry": {"type": "Polygon", "coordinates": [[[78.6, 31.139999999999997], [78.62, 31.139999999999997], [78.62, 31.16], [78.6, 31.16], [78.6, 31.139999999999997]]]}, "properties": {"zone": "green", "hazard_probability": 0.4231, "grid_id": "G-1351"}}, {"type": "Feature", "geometry": {"type": "Polygon", "coordinates": [[[78.61999999999999, 31.139999999999997], [78.64, 31.139999999999997], [78.64, 31.16], [78.61999999999999, 31.16], [78.61999999999999, 31.139999999999997]]]}, "properties": {"zone": "red", "hazard_probability": 0.7328, "grid_id": "G-1352"}}, {"type": "Feature", "geometry": {"type": "Polygon", "coordinates": [[[78.64, 31.139999999999997], [78.66000000000001, 31.139999999999997], [78.66000000000001, 31.16], [78.64, 31.16], [78.64, 31.139999999999997]]]}, "properties": {"zone": "green", "hazard_probability": 0.331, "grid_id": "G-1353"}}, {"type": "Feature", "geometry": {"type": "Polygon", "coordinates": [[[78.66, 31.139999999999997], [78.68, 31.139999999999997], [78.68, 31.16], [78.66, 31.16], [78.66, 31.139999999999997]]]}, "properties": {"zone": "yellow", "hazard_probability": 0.5725, "grid_id": "G-1354"}}, {"type": "Feature", "geometry": {"type": "Polygon", "coordinates": [[[78.67999999999999, 31.139999999999997], [78.7, 31.139999999999997], [78.7, 31.16], [78.67999999999999, 31.16], [78.67999999999999, 31.139999999999997]]]}, "properties": {"zone": "green", "hazard_probability": 0.3439, "grid_id": "G-1355"}}, {"type": "Feature", "geometry": {"type": "Polygon", "coordinates": [[[78.69999999999999, 31.139999999999997], [78.72, 31.139999999999997], [78.72, 31.16], [78.69999999999999, 31.16], [78.69999999999999, 31.139999999999997]]]}, "properties": {"zone": "yellow", "hazard_probability": 0.4835, "grid_id": "G-1356"}}, {"type": "Feature", "geometry": {"type": "Polygon", "coordinates": [[[78.72, 31.139999999999997], [78.74000000000001, 31.139999999999997], [78.74000000000001, 31.16], [78.72, 31.16], [78.72, 31.139999999999997]]]}, "properties": {"zone": "yellow", "hazard_probability": 0.5235, "grid_id": "G-1357"}}, {"type": "Feature", "geometry": {"type": "Polygon", "coordinates": [[[78.74, 31.139999999999997], [78.76, 31.139999999999997], [78.76, 31.16], [78.74, 31.16], [78.74, 31.139999999999997]]]}, "properties": {"zone": "yellow", "hazard_probability": 0.5306, "grid_id": "G-1358"}}, {"type": "Feature", "geometry": {"type": "Polygon", "coordinates": [[[78.75999999999999, 31.139999999999997], [78.78, 31.139999999999997], [78.78, 31.16], [78.75999999999999, 31.16], [78.75999999999999, 31.139999999999997]]]}, "properties": {"zone": "yellow", "hazard_probability": 0.5262, "grid_id": "G-1359"}}, {"type": "Feature", "geometry": {"type": "Polygon", "coordinates": [[[78.78, 31.139999999999997], [78.80000000000001, 31.139999999999997], [78.80000000000001, 31.16], [78.78, 31.16], [78.78, 31.139999999999997]]]}, "properties": {"zone": "yellow", "hazard_probability": 0.4958, "grid_id": "G-1360"}}, {"type": "Feature", "geometry": {"type": "Polygon", "coordinates": [[[78.8, 31.139999999999997], [78.82000000000001, 31.139999999999997], [78.82000000000001, 31.16], [78.8, 31.16], [78.8, 31.139999999999997]]]}, "properties": {"zone": "orange", "hazard_probability": 0.6175, "grid_id": "G-1361"}}, {"type": "Feature", "geometry": {"type": "Polygon", "coordinates": [[[78.97999999999999, 31.139999999999997], [79.0, 31.139999999999997], [79.0, 31.16], [78.97999999999999, 31.16], [78.97999999999999, 31.139999999999997]]]}, "properties": {"zone": "green", "hazard_probability": 0.3103, "grid_id": "G-1362"}}, {"type": "Feature", "geometry": {"type": "Polygon", "coordinates": [[[79.0, 31.139999999999997], [79.02000000000001, 31.139999999999997], [79.02000000000001, 31.16], [79.0, 31.16], [79.0, 31.139999999999997]]]}, "properties": {"zone": "green", "hazard_probability": 0.3103, "grid_id": "G-1363"}}, {"type": "Feature", "geometry": {"type": "Polygon", "coordinates": [[[79.02, 31.139999999999997], [79.04, 31.139999999999997], [79.04, 31.16], [79.02, 31.16], [79.02, 31.139999999999997]]]}, "properties": {"zone": "green", "hazard_probability": 0.3062, "grid_id": "G-1364"}}, {"type": "Feature", "geometry": {"type": "Polygon", "coordinates": [[[79.03999999999999, 31.139999999999997], [79.06, 31.139999999999997], [79.06, 31.16], [79.03999999999999, 31.16], [79.03999999999999, 31.139999999999997]]]}, "properties": {"zone": "green", "hazard_probability": 0.3103, "grid_id": "G-1365"}}, {"type": "Feature", "geometry": {"type": "Polygon", "coordinates": [[[77.94, 31.16], [77.96000000000001, 31.16], [77.96000000000001, 31.180000000000003], [77.94, 31.180000000000003], [77.94, 31.16]]]}, "properties": {"zone": "yellow", "hazard_probability": 0.5251, "grid_id": "G-1366"}}, {"type": "Feature", "geometry": {"type": "Polygon", "coordinates": [[[78.02, 31.16], [78.04, 31.16], [78.04, 31.180000000000003], [78.02, 31.180000000000003], [78.02, 31.16]]]}, "properties": {"zone": "orange", "hazard_probability": 0.582, "grid_id": "G-1367"}}, {"type": "Feature", "geometry": {"type": "Polygon", "coordinates": [[[78.03999999999999, 31.16], [78.06, 31.16], [78.06, 31.180000000000003], [78.03999999999999, 31.180000000000003], [78.03999999999999, 31.16]]]}, "properties": {"zone": "orange", "hazard_probability": 0.5973, "grid_id": "G-1368"}}, {"type": "Feature", "geometry": {"type": "Polygon", "coordinates": [[[78.05999999999999, 31.16], [78.08, 31.16], [78.08, 31.180000000000003], [78.05999999999999, 31.180000000000003], [78.05999999999999, 31.16]]]}, "properties": {"zone": "orange", "hazard_probability": 0.6345, "grid_id": "G-1369"}}, {"type": "Feature", "geometry": {"type": "Polygon", "coordinates": [[[78.08, 31.16], [78.10000000000001, 31.16], [78.10000000000001, 31.180000000000003], [78.08, 31.180000000000003], [78.08, 31.16]]]}, "properties": {"zone": "yellow", "hazard_probability": 0.569, "grid_id": "G-1370"}}, {"type": "Feature", "geometry": {"type": "Polygon", "coordinates": [[[78.1, 31.16], [78.12, 31.16], [78.12, 31.180000000000003], [78.1, 31.180000000000003], [78.1, 31.16]]]}, "properties": {"zone": "orange", "hazard_probability": 0.6302, "grid_id": "G-1371"}}, {"type": "Feature", "geometry": {"type": "Polygon", "coordinates": [[[78.11999999999999, 31.16], [78.14, 31.16], [78.14, 31.180000000000003], [78.11999999999999, 31.180000000000003], [78.11999999999999, 31.16]]]}, "properties": {"zone": "yellow", "hazard_probability": 0.5365, "grid_id": "G-1372"}}, {"type": "Feature", "geometry": {"type": "Polygon", "coordinates": [[[78.14, 31.16], [78.16000000000001, 31.16], [78.16000000000001, 31.180000000000003], [78.14, 31.180000000000003], [78.14, 31.16]]]}, "properties": {"zone": "red", "hazard_probability": 0.6676, "grid_id": "G-1373"}}, {"type": "Feature", "geometry": {"type": "Polygon", "coordinates": [[[78.16, 31.16], [78.18, 31.16], [78.18, 31.180000000000003], [78.16, 31.180000000000003], [78.16, 31.16]]]}, "properties": {"zone": "yellow", "hazard_probability": 0.5627, "grid_id": "G-1374"}}, {"type": "Feature", "geometry": {"type": "Polygon", "coordinates": [[[78.17999999999999, 31.16], [78.2, 31.16], [78.2, 31.180000000000003], [78.17999999999999, 31.180000000000003], [78.17999999999999, 31.16]]]}, "properties": {"zone": "yellow", "hazard_probability": 0.5405, "grid_id": "G-1375"}}, {"type": "Feature", "geometry": {"type": "Polygon", "coordinates": [[[78.19999999999999, 31.16], [78.22, 31.16], [78.22, 31.180000000000003], [78.19999999999999, 31.180000000000003], [78.19999999999999, 31.16]]]}, "properties": {"zone": "orange", "hazard_probability": 0.6313, "grid_id": "G-1376"}}, {"type": "Feature", "geometry": {"type": "Polygon", "coordinates": [[[78.22, 31.16], [78.24000000000001, 31.16], [78.24000000000001, 31.180000000000003], [78.22, 31.180000000000003], [78.22, 31.16]]]}, "properties": {"zone": "orange", "hazard_probability": 0.5932, "grid_id": "G-1377"}}, {"type": "Feature", "geometry": {"type": "Polygon", "coordinates": [[[78.24, 31.16], [78.26, 31.16], [78.26, 31.180000000000003], [78.24, 31.180000000000003], [78.24, 31.16]]]}, "properties": {"zone": "yellow", "hazard_probability": 0.548, "grid_id": "G-1378"}}, {"type": "Feature", "geometry": {"type": "Polygon", "coordinates": [[[78.25999999999999, 31.16], [78.28, 31.16], [78.28, 31.180000000000003], [78.25999999999999, 31.180000000000003], [78.25999999999999, 31.16]]]}, "properties": {"zone": "yellow", "hazard_probability": 0.548, "grid_id": "G-1379"}}, {"type": "Feature", "geometry": {"type": "Polygon", "coordinates": [[[78.28, 31.16], [78.30000000000001, 31.16], [78.30000000000001, 31.180000000000003], [78.28, 31.180000000000003], [78.28, 31.16]]]}, "properties": {"zone": "yellow", "hazard_probability": 0.521, "grid_id": "G-1380"}}, {"type": "Feature", "geometry": {"type": "Polygon", "coordinates": [[[78.3, 31.16], [78.32000000000001, 31.16], [78.32000000000001, 31.180000000000003], [78.3, 31.180000000000003], [78.3, 31.16]]]}, "properties": {"zone": "green", "hazard_probability": 0.4231, "grid_id": "G-1381"}}, {"type": "Feature", "geometry": {"type": "Polygon", "coordinates": [[[78.32, 31.16], [78.34, 31.16], [78.34, 31.180000000000003], [78.32, 31.180000000000003], [78.32, 31.16]]]}, "properties": {"zone": "green", "hazard_probability": 0.4138, "grid_id": "G-1382"}}, {"type": "Feature", "geometry": {"type": "Polygon", "coordinates": [[[78.33999999999999, 31.16], [78.36, 31.16], [78.36, 31.180000000000003], [78.33999999999999, 31.180000000000003], [78.33999999999999, 31.16]]]}, "properties": {"zone": "green", "hazard_probability": 0.3399, "grid_id": "G-1383"}}, {"type": "Feature", "geometry": {"type": "Polygon", "coordinates": [[[78.36, 31.16], [78.38000000000001, 31.16], [78.38000000000001, 31.180000000000003], [78.36, 31.180000000000003], [78.36, 31.16]]]}, "properties": {"zone": "red", "hazard_probability": 0.7328, "grid_id": "G-1384"}}, {"type": "Feature", "geometry": {"type": "Polygon", "coordinates": [[[78.38, 31.16], [78.4, 31.16], [78.4, 31.180000000000003], [78.38, 31.180000000000003], [78.38, 31.16]]]}, "properties": {"zone": "green", "hazard_probability": 0.3018, "grid_id": "G-1385"}}, {"type": "Feature", "geometry": {"type": "Polygon", "coordinates": [[[78.39999999999999, 31.16], [78.42, 31.16], [78.42, 31.180000000000003], [78.39999999999999, 31.180000000000003], [78.39999999999999, 31.16]]]}, "properties": {"zone": "yellow", "hazard_probability": 0.4835, "grid_id": "G-1386"}}, {"type": "Feature", "geometry": {"type": "Polygon", "coordinates": [[[78.42, 31.16], [78.44000000000001, 31.16], [78.44000000000001, 31.180000000000003], [78.42, 31.180000000000003], [78.42, 31.16]]]}, "properties": {"zone": "yellow", "hazard_probability": 0.4805, "grid_id": "G-1387"}}, {"type": "Feature", "geometry": {"type": "Polygon", "coordinates": [[[78.44, 31.16], [78.46000000000001, 31.16], [78.46000000000001, 31.180000000000003], [78.44, 31.180000000000003], [78.44, 31.16]]]}, "properties": {"zone": "green", "hazard_probability": 0.3439, "grid_id": "G-1388"}}, {"type": "Feature", "geometry": {"type": "Polygon", "coordinates": [[[78.46, 31.16], [78.48, 31.16], [78.48, 31.180000000000003], [78.46, 31.180000000000003], [78.46, 31.16]]]}, "properties": {"zone": "green", "hazard_probability": 0.3399, "grid_id": "G-1389"}}, {"type": "Feature", "geometry": {"type": "Polygon", "coordinates": [[[78.47999999999999, 31.16], [78.5, 31.16], [78.5, 31.180000000000003], [78.47999999999999, 31.180000000000003], [78.47999999999999, 31.16]]]}, "properties": {"zone": "green", "hazard_probability": 0.408, "grid_id": "G-1390"}}, {"type": "Feature", "geometry": {"type": "Polygon", "coordinates": [[[78.5, 31.16], [78.52000000000001, 31.16], [78.52000000000001, 31.180000000000003], [78.5, 31.180000000000003], [78.5, 31.16]]]}, "properties": {"zone": "green", "hazard_probability": 0.3125, "grid_id": "G-1391"}}, {"type": "Feature", "geometry": {"type": "Polygon", "coordinates": [[[78.52, 31.16], [78.54, 31.16], [78.54, 31.180000000000003], [78.52, 31.180000000000003], [78.52, 31.16]]]}, "properties": {"zone": "green", "hazard_probability": 0.3062, "grid_id": "G-1392"}}, {"type": "Feature", "geometry": {"type": "Polygon", "coordinates": [[[78.53999999999999, 31.16], [78.56, 31.16], [78.56, 31.180000000000003], [78.53999999999999, 31.180000000000003], [78.53999999999999, 31.16]]]}, "properties": {"zone": "green", "hazard_probability": 0.3103, "grid_id": "G-1393"}}, {"type": "Feature", "geometry": {"type": "Polygon", "coordinates": [[[78.55999999999999, 31.16], [78.58, 31.16], [78.58, 31.180000000000003], [78.55999999999999, 31.180000000000003], [78.55999999999999, 31.16]]]}, "properties": {"zone": "green", "hazard_probability": 0.3062, "grid_id": "G-1394"}}, {"type": "Feature", "geometry": {"type": "Polygon", "coordinates": [[[78.58, 31.16], [78.60000000000001, 31.16], [78.60000000000001, 31.180000000000003], [78.58, 31.180000000000003], [78.58, 31.16]]]}, "properties": {"zone": "yellow", "hazard_probability": 0.5235, "grid_id": "G-1395"}}, {"type": "Feature", "geometry": {"type": "Polygon", "coordinates": [[[78.6, 31.16], [78.62, 31.16], [78.62, 31.180000000000003], [78.6, 31.180000000000003], [78.6, 31.16]]]}, "properties": {"zone": "green", "hazard_probability": 0.331, "grid_id": "G-1396"}}, {"type": "Feature", "geometry": {"type": "Polygon", "coordinates": [[[78.61999999999999, 31.16], [78.64, 31.16], [78.64, 31.180000000000003], [78.61999999999999, 31.180000000000003], [78.61999999999999, 31.16]]]}, "properties": {"zone": "green", "hazard_probability": 0.331, "grid_id": "G-1397"}}, {"type": "Feature", "geometry": {"type": "Polygon", "coordinates": [[[78.64, 31.16], [78.66000000000001, 31.16], [78.66000000000001, 31.180000000000003], [78.64, 31.180000000000003], [78.64, 31.16]]]}, "properties": {"zone": "green", "hazard_probability": 0.3018, "grid_id": "G-1398"}}, {"type": "Feature", "geometry": {"type": "Polygon", "coordinates": [[[78.66, 31.16], [78.68, 31.16], [78.68, 31.180000000000003], [78.66, 31.180000000000003], [78.66, 31.16]]]}, "properties": {"zone": "yellow", "hazard_probability": 0.4774, "grid_id": "G-1399"}}, {"type": "Feature", "geometry": {"type": "Polygon", "coordinates": [[[78.67999999999999, 31.16], [78.7, 31.16], [78.7, 31.180000000000003], [78.67999999999999, 31.180000000000003], [78.67999999999999, 31.16]]]}, "properties": {"zone": "yellow", "hazard_probability": 0.4835, "grid_id": "G-1400"}}, {"type": "Feature", "geometry": {"type": "Polygon", "coordinates": [[[78.69999999999999, 31.16], [78.72, 31.16], [78.72, 31.180000000000003], [78.69999999999999, 31.180000000000003], [78.69999999999999, 31.16]]]}, "properties": {"zone": "green", "hazard_probability": 0.3999, "grid_id": "G-1401"}}, {"type": "Feature", "geometry": {"type": "Polygon", "coordinates": [[[78.72, 31.16], [78.74000000000001, 31.16], [78.74000000000001, 31.180000000000003], [78.72, 31.180000000000003], [78.72, 31.16]]]}, "properties": {"zone": "yellow", "hazard_probability": 0.5235, "grid_id": "G-1402"}}, {"type": "Feature", "geometry": {"type": "Polygon", "coordinates": [[[78.74, 31.16], [78.76, 31.16], [78.76, 31.180000000000003], [78.74, 31.180000000000003], [78.74, 31.16]]]}, "properties": {"zone": "green", "hazard_probability": 0.408, "grid_id": "G-1403"}}, {"type": "Feature", "geometry": {"type": "Polygon", "coordinates": [[[78.75999999999999, 31.16], [78.78, 31.16], [78.78, 31.180000000000003], [78.75999999999999, 31.180000000000003], [78.75999999999999, 31.16]]]}, "properties": {"zone": "green", "hazard_probability": 0.3125, "grid_id": "G-1404"}}, {"type": "Feature", "geometry": {"type": "Polygon", "coordinates": [[[78.78, 31.16], [78.80000000000001, 31.16], [78.80000000000001, 31.180000000000003], [78.78, 31.180000000000003], [78.78, 31.16]]]}, "properties": {"zone": "orange", "hazard_probability": 0.6175, "grid_id": "G-1405"}}, {"type": "Feature", "geometry": {"type": "Polygon", "coordinates": [[[78.8, 31.16], [78.82000000000001, 31.16], [78.82000000000001, 31.180000000000003], [78.8, 31.180000000000003], [78.8, 31.16]]]}, "properties": {"zone": "green", "hazard_probability": 0.4283, "grid_id": "G-1406"}}, {"type": "Feature", "geometry": {"type": "Polygon", "coordinates": [[[78.96, 31.16], [78.98, 31.16], [78.98, 31.180000000000003], [78.96, 31.180000000000003], [78.96, 31.16]]]}, "properties": {"zone": "green", "hazard_probability": 0.2926, "grid_id": "G-1407"}}, {"type": "Feature", "geometry": {"type": "Polygon", "coordinates": [[[78.97999999999999, 31.16], [79.0, 31.16], [79.0, 31.180000000000003], [78.97999999999999, 31.180000000000003], [78.97999999999999, 31.16]]]}, "properties": {"zone": "green", "hazard_probability": 0.3034, "grid_id": "G-1408"}}, {"type": "Feature", "geometry": {"type": "Polygon", "coordinates": [[[79.0, 31.16], [79.02000000000001, 31.16], [79.02000000000001, 31.180000000000003], [79.0, 31.180000000000003], [79.0, 31.16]]]}, "properties": {"zone": "green", "hazard_probability": 0.3153, "grid_id": "G-1409"}}, {"type": "Feature", "geometry": {"type": "Polygon", "coordinates": [[[79.02, 31.16], [79.04, 31.16], [79.04, 31.180000000000003], [79.02, 31.180000000000003], [79.02, 31.16]]]}, "properties": {"zone": "green", "hazard_probability": 0.3103, "grid_id": "G-1410"}}, {"type": "Feature", "geometry": {"type": "Polygon", "coordinates": [[[79.03999999999999, 31.16], [79.06, 31.16], [79.06, 31.180000000000003], [79.03999999999999, 31.180000000000003], [79.03999999999999, 31.16]]]}, "properties": {"zone": "green", "hazard_probability": 0.3103, "grid_id": "G-1411"}}, {"type": "Feature", "geometry": {"type": "Polygon", "coordinates": [[[78.03999999999999, 31.18], [78.06, 31.18], [78.06, 31.200000000000003], [78.03999999999999, 31.200000000000003], [78.03999999999999, 31.18]]]}, "properties": {"zone": "orange", "hazard_probability": 0.589, "grid_id": "G-1412"}}, {"type": "Feature", "geometry": {"type": "Polygon", "coordinates": [[[78.05999999999999, 31.18], [78.08, 31.18], [78.08, 31.200000000000003], [78.05999999999999, 31.200000000000003], [78.05999999999999, 31.18]]]}, "properties": {"zone": "yellow", "hazard_probability": 0.5352, "grid_id": "G-1413"}}, {"type": "Feature", "geometry": {"type": "Polygon", "coordinates": [[[78.08, 31.18], [78.10000000000001, 31.18], [78.10000000000001, 31.200000000000003], [78.08, 31.200000000000003], [78.08, 31.18]]]}, "properties": {"zone": "orange", "hazard_probability": 0.5798, "grid_id": "G-1414"}}, {"type": "Feature", "geometry": {"type": "Polygon", "coordinates": [[[78.1, 31.18], [78.12, 31.18], [78.12, 31.200000000000003], [78.1, 31.200000000000003], [78.1, 31.18]]]}, "properties": {"zone": "yellow", "hazard_probability": 0.506, "grid_id": "G-1415"}}, {"type": "Feature", "geometry": {"type": "Polygon", "coordinates": [[[78.11999999999999, 31.18], [78.14, 31.18], [78.14, 31.200000000000003], [78.11999999999999, 31.200000000000003], [78.11999999999999, 31.18]]]}, "properties": {"zone": "orange", "hazard_probability": 0.6122, "grid_id": "G-1416"}}, {"type": "Feature", "geometry": {"type": "Polygon", "coordinates": [[[78.14, 31.18], [78.16000000000001, 31.18], [78.16000000000001, 31.200000000000003], [78.14, 31.200000000000003], [78.14, 31.18]]]}, "properties": {"zone": "green", "hazard_probability": 0.4297, "grid_id": "G-1417"}}, {"type": "Feature", "geometry": {"type": "Polygon", "coordinates": [[[78.16, 31.18], [78.18, 31.18], [78.18, 31.200000000000003], [78.16, 31.200000000000003], [78.16, 31.18]]]}, "properties": {"zone": "yellow", "hazard_probability": 0.5455, "grid_id": "G-1418"}}, {"type": "Feature", "geometry": {"type": "Polygon", "coordinates": [[[78.17999999999999, 31.18], [78.2, 31.18], [78.2, 31.200000000000003], [78.17999999999999, 31.200000000000003], [78.17999999999999, 31.18]]]}, "properties": {"zone": "yellow", "hazard_probability": 0.4877, "grid_id": "G-1419"}}, {"type": "Feature", "geometry": {"type": "Polygon", "coordinates": [[[78.19999999999999, 31.18], [78.22, 31.18], [78.22, 31.200000000000003], [78.19999999999999, 31.200000000000003], [78.19999999999999, 31.18]]]}, "properties": {"zone": "yellow", "hazard_probability": 0.5251, "grid_id": "G-1420"}}, {"type": "Feature", "geometry": {"type": "Polygon", "coordinates": [[[78.22, 31.18], [78.24000000000001, 31.18], [78.24000000000001, 31.200000000000003], [78.22, 31.200000000000003], [78.22, 31.18]]]}, "properties": {"zone": "yellow", "hazard_probability": 0.5196, "grid_id": "G-1421"}}, {"type": "Feature", "geometry": {"type": "Polygon", "coordinates": [[[78.24, 31.18], [78.26, 31.18], [78.26, 31.200000000000003], [78.24, 31.200000000000003], [78.24, 31.18]]]}, "properties": {"zone": "yellow", "hazard_probability": 0.506, "grid_id": "G-1422"}}, {"type": "Feature", "geometry": {"type": "Polygon", "coordinates": [[[78.25999999999999, 31.18], [78.28, 31.18], [78.28, 31.200000000000003], [78.25999999999999, 31.200000000000003], [78.25999999999999, 31.18]]]}, "properties": {"zone": "green", "hazard_probability": 0.3468, "grid_id": "G-1423"}}, {"type": "Feature", "geometry": {"type": "Polygon", "coordinates": [[[78.28, 31.18], [78.30000000000001, 31.18], [78.30000000000001, 31.200000000000003], [78.28, 31.200000000000003], [78.28, 31.18]]]}, "properties": {"zone": "red", "hazard_probability": 0.7392, "grid_id": "G-1424"}}, {"type": "Feature", "geometry": {"type": "Polygon", "coordinates": [[[78.3, 31.18], [78.32000000000001, 31.18], [78.32000000000001, 31.200000000000003], [78.3, 31.200000000000003], [78.3, 31.18]]]}, "properties": {"zone": "orange", "hazard_probability": 0.5827, "grid_id": "G-1425"}}, {"type": "Feature", "geometry": {"type": "Polygon", "coordinates": [[[78.32, 31.18], [78.34, 31.18], [78.34, 31.200000000000003], [78.32, 31.200000000000003], [78.32, 31.18]]]}, "properties": {"zone": "green", "hazard_probability": 0.4231, "grid_id": "G-1426"}}, {"type": "Feature", "geometry": {"type": "Polygon", "coordinates": [[[78.33999999999999, 31.18], [78.36, 31.18], [78.36, 31.200000000000003], [78.33999999999999, 31.200000000000003], [78.33999999999999, 31.18]]]}, "properties": {"zone": "orange", "hazard_probability": 0.6381, "grid_id": "G-1427"}}, {"type": "Feature", "geometry": {"type": "Polygon", "coordinates": [[[78.36, 31.18], [78.38000000000001, 31.18], [78.38000000000001, 31.200000000000003], [78.36, 31.200000000000003], [78.36, 31.18]]]}, "properties": {"zone": "green", "hazard_probability": 0.3399, "grid_id": "G-1428"}}, {"type": "Feature", "geometry": {"type": "Polygon", "coordinates": [[[78.38, 31.18], [78.4, 31.18], [78.4, 31.200000000000003], [78.38, 31.200000000000003], [78.38, 31.18]]]}, "properties": {"zone": "green", "hazard_probability": 0.3999, "grid_id": "G-1429"}}, {"type": "Feature", "geometry": {"type": "Polygon", "coordinates": [[[78.39999999999999, 31.18], [78.42, 31.18], [78.42, 31.200000000000003], [78.39999999999999, 31.200000000000003], [78.39999999999999, 31.18]]]}, "properties": {"zone": "green", "hazard_probability": 0.3018, "grid_id": "G-1430"}}, {"type": "Feature", "geometry": {"type": "Polygon", "coordinates": [[[78.42, 31.18], [78.44000000000001, 31.18], [78.44000000000001, 31.200000000000003], [78.42, 31.200000000000003], [78.42, 31.18]]]}, "properties": {"zone": "green", "hazard_probability": 0.3999, "grid_id": "G-1431"}}, {"type": "Feature", "geometry": {"type": "Polygon", "coordinates": [[[78.44, 31.18], [78.46000000000001, 31.18], [78.46000000000001, 31.200000000000003], [78.44, 31.200000000000003], [78.44, 31.18]]]}, "properties": {"zone": "green", "hazard_probability": 0.412, "grid_id": "G-1432"}}, {"type": "Feature", "geometry": {"type": "Polygon", "coordinates": [[[78.46, 31.18], [78.48, 31.18], [78.48, 31.200000000000003], [78.46, 31.200000000000003], [78.46, 31.18]]]}, "properties": {"zone": "green", "hazard_probability": 0.3034, "grid_id": "G-1433"}}, {"type": "Feature", "geometry": {"type": "Polygon", "coordinates": [[[78.47999999999999, 31.18], [78.5, 31.18], [78.5, 31.200000000000003], [78.47999999999999, 31.200000000000003], [78.47999999999999, 31.18]]]}, "properties": {"zone": "green", "hazard_probability": 0.3062, "grid_id": "G-1434"}}, {"type": "Feature", "geometry": {"type": "Polygon", "coordinates": [[[78.5, 31.18], [78.52000000000001, 31.18], [78.52000000000001, 31.200000000000003], [78.5, 31.200000000000003], [78.5, 31.18]]]}, "properties": {"zone": "green", "hazard_probability": 0.4283, "grid_id": "G-1435"}}, {"type": "Feature", "geometry": {"type": "Polygon", "coordinates": [[[78.52, 31.18], [78.54, 31.18], [78.54, 31.200000000000003], [78.52, 31.200000000000003], [78.52, 31.18]]]}, "properties": {"zone": "green", "hazard_probability": 0.312, "grid_id": "G-1436"}}, {"type": "Feature", "geometry": {"type": "Polygon", "coordinates": [[[78.53999999999999, 31.18], [78.56, 31.18], [78.56, 31.200000000000003], [78.53999999999999, 31.200000000000003], [78.53999999999999, 31.18]]]}, "properties": {"zone": "green", "hazard_probability": 0.3365, "grid_id": "G-1437"}}, {"type": "Feature", "geometry": {"type": "Polygon", "coordinates": [[[78.55999999999999, 31.18], [78.58, 31.18], [78.58, 31.200000000000003], [78.55999999999999, 31.200000000000003], [78.55999999999999, 31.18]]]}, "properties": {"zone": "green", "hazard_probability": 0.4283, "grid_id": "G-1438"}}, {"type": "Feature", "geometry": {"type": "Polygon", "coordinates": [[[78.58, 31.18], [78.60000000000001, 31.18], [78.60000000000001, 31.200000000000003], [78.58, 31.200000000000003], [78.58, 31.18]]]}, "properties": {"zone": "green", "hazard_probability": 0.3062, "grid_id": "G-1439"}}, {"type": "Feature", "geometry": {"type": "Polygon", "coordinates": [[[78.6, 31.18], [78.62, 31.18], [78.62, 31.200000000000003], [78.6, 31.200000000000003], [78.6, 31.18]]]}, "properties": {"zone": "orange", "hazard_probability": 0.6082, "grid_id": "G-1440"}}, {"type": "Feature", "geometry": {"type": "Polygon", "coordinates": [[[78.61999999999999, 31.18], [78.64, 31.18], [78.64, 31.200000000000003], [78.61999999999999, 31.200000000000003], [78.61999999999999, 31.18]]]}, "properties": {"zone": "green", "hazard_probability": 0.3999, "grid_id": "G-1441"}}, {"type": "Feature", "geometry": {"type": "Polygon", "coordinates": [[[78.64, 31.18], [78.66000000000001, 31.18], [78.66000000000001, 31.200000000000003], [78.64, 31.200000000000003], [78.64, 31.18]]]}, "properties": {"zone": "orange", "hazard_probability": 0.6082, "grid_id": "G-1442"}}, {"type": "Feature", "geometry": {"type": "Polygon", "coordinates": [[[78.66, 31.18], [78.68, 31.18], [78.68, 31.200000000000003], [78.66, 31.200000000000003], [78.66, 31.18]]]}, "properties": {"zone": "red", "hazard_probability": 0.7328, "grid_id": "G-1443"}}, {"type": "Feature", "geometry": {"type": "Polygon", "coordinates": [[[78.67999999999999, 31.18], [78.7, 31.18], [78.7, 31.200000000000003], [78.67999999999999, 31.200000000000003], [78.67999999999999, 31.18]]]}, "properties": {"zone": "yellow", "hazard_probability": 0.5235, "grid_id": "G-1444"}}, {"type": "Feature", "geometry": {"type": "Polygon", "coordinates": [[[78.69999999999999, 31.18], [78.72, 31.18], [78.72, 31.200000000000003], [78.69999999999999, 31.200000000000003], [78.69999999999999, 31.18]]]}, "properties": {"zone": "green", "hazard_probability": 0.4118, "grid_id": "G-1445"}}, {"type": "Feature", "geometry": {"type": "Polygon", "coordinates": [[[78.72, 31.18], [78.74000000000001, 31.18], [78.74000000000001, 31.200000000000003], [78.72, 31.200000000000003], [78.72, 31.18]]]}, "properties": {"zone": "green", "hazard_probability": 0.4283, "grid_id": "G-1446"}}, {"type": "Feature", "geometry": {"type": "Polygon", "coordinates": [[[78.74, 31.18], [78.76, 31.18], [78.76, 31.200000000000003], [78.74, 31.200000000000003], [78.74, 31.18]]]}, "properties": {"zone": "green", "hazard_probability": 0.3062, "grid_id": "G-1447"}}, {"type": "Feature", "geometry": {"type": "Polygon", "coordinates": [[[78.75999999999999, 31.18], [78.78, 31.18], [78.78, 31.200000000000003], [78.75999999999999, 31.200000000000003], [78.75999999999999, 31.18]]]}, "properties": {"zone": "red", "hazard_probability": 0.7328, "grid_id": "G-1448"}}, {"type": "Feature", "geometry": {"type": "Polygon", "coordinates": [[[78.78, 31.18], [78.80000000000001, 31.18], [78.80000000000001, 31.200000000000003], [78.78, 31.200000000000003], [78.78, 31.18]]]}, "properties": {"zone": "green", "hazard_probability": 0.408, "grid_id": "G-1449"}}, {"type": "Feature", "geometry": {"type": "Polygon", "coordinates": [[[78.94, 31.18], [78.96000000000001, 31.18], [78.96000000000001, 31.200000000000003], [78.94, 31.200000000000003], [78.94, 31.18]]]}, "properties": {"zone": "green", "hazard_probability": 0.3019, "grid_id": "G-1450"}}, {"type": "Feature", "geometry": {"type": "Polygon", "coordinates": [[[78.96, 31.18], [78.98, 31.18], [78.98, 31.200000000000003], [78.96, 31.200000000000003], [78.96, 31.18]]]}, "properties": {"zone": "green", "hazard_probability": 0.3018, "grid_id": "G-1451"}}, {"type": "Feature", "geometry": {"type": "Polygon", "coordinates": [[[78.97999999999999, 31.18], [79.0, 31.18], [79.0, 31.200000000000003], [78.97999999999999, 31.200000000000003], [78.97999999999999, 31.18]]]}, "properties": {"zone": "green", "hazard_probability": 0.412, "grid_id": "G-1452"}}, {"type": "Feature", "geometry": {"type": "Polygon", "coordinates": [[[79.0, 31.18], [79.02000000000001, 31.18], [79.02000000000001, 31.200000000000003], [79.0, 31.200000000000003], [79.0, 31.18]]]}, "properties": {"zone": "green", "hazard_probability": 0.3125, "grid_id": "G-1453"}}, {"type": "Feature", "geometry": {"type": "Polygon", "coordinates": [[[79.02, 31.18], [79.04, 31.18], [79.04, 31.200000000000003], [79.02, 31.200000000000003], [79.02, 31.18]]]}, "properties": {"zone": "green", "hazard_probability": 0.3125, "grid_id": "G-1454"}}, {"type": "Feature", "geometry": {"type": "Polygon", "coordinates": [[[79.03999999999999, 31.18], [79.06, 31.18], [79.06, 31.200000000000003], [79.03999999999999, 31.200000000000003], [79.03999999999999, 31.18]]]}, "properties": {"zone": "green", "hazard_probability": 0.3034, "grid_id": "G-1455"}}, {"type": "Feature", "geometry": {"type": "Polygon", "coordinates": [[[78.11999999999999, 31.2], [78.14, 31.2], [78.14, 31.220000000000002], [78.11999999999999, 31.220000000000002], [78.11999999999999, 31.2]]]}, "properties": {"zone": "green", "hazard_probability": 0.429, "grid_id": "G-1456"}}, {"type": "Feature", "geometry": {"type": "Polygon", "coordinates": [[[78.14, 31.2], [78.16000000000001, 31.2], [78.16000000000001, 31.220000000000002], [78.14, 31.220000000000002], [78.14, 31.2]]]}, "properties": {"zone": "yellow", "hazard_probability": 0.5251, "grid_id": "G-1457"}}, {"type": "Feature", "geometry": {"type": "Polygon", "coordinates": [[[78.16, 31.2], [78.18, 31.2], [78.18, 31.220000000000002], [78.16, 31.220000000000002], [78.16, 31.2]]]}, "properties": {"zone": "yellow", "hazard_probability": 0.5251, "grid_id": "G-1458"}}, {"type": "Feature", "geometry": {"type": "Polygon", "coordinates": [[[78.17999999999999, 31.2], [78.2, 31.2], [78.2, 31.220000000000002], [78.17999999999999, 31.220000000000002], [78.17999999999999, 31.2]]]}, "properties": {"zone": "orange", "hazard_probability": 0.5803, "grid_id": "G-1459"}}, {"type": "Feature", "geometry": {"type": "Polygon", "coordinates": [[[78.19999999999999, 31.2], [78.22, 31.2], [78.22, 31.220000000000002], [78.19999999999999, 31.220000000000002], [78.19999999999999, 31.2]]]}, "properties": {"zone": "yellow", "hazard_probability": 0.521, "grid_id": "G-1460"}}, {"type": "Feature", "geometry": {"type": "Polygon", "coordinates": [[[78.22, 31.2], [78.24000000000001, 31.2], [78.24000000000001, 31.220000000000002], [78.22, 31.220000000000002], [78.22, 31.2]]]}, "properties": {"zone": "green", "hazard_probability": 0.2991, "grid_id": "G-1461"}}, {"type": "Feature", "geometry": {"type": "Polygon", "coordinates": [[[78.24, 31.2], [78.26, 31.2], [78.26, 31.220000000000002], [78.24, 31.220000000000002], [78.24, 31.2]]]}, "properties": {"zone": "orange", "hazard_probability": 0.5853, "grid_id": "G-1462"}}, {"type": "Feature", "geometry": {"type": "Polygon", "coordinates": [[[78.25999999999999, 31.2], [78.28, 31.2], [78.28, 31.220000000000002], [78.25999999999999, 31.220000000000002], [78.25999999999999, 31.2]]]}, "properties": {"zone": "green", "hazard_probability": 0.4527, "grid_id": "G-1463"}}, {"type": "Feature", "geometry": {"type": "Polygon", "coordinates": [[[78.28, 31.2], [78.30000000000001, 31.2], [78.30000000000001, 31.220000000000002], [78.28, 31.220000000000002], [78.28, 31.2]]]}, "properties": {"zone": "yellow", "hazard_probability": 0.4882, "grid_id": "G-1464"}}, {"type": "Feature", "geometry": {"type": "Polygon", "coordinates": [[[78.3, 31.2], [78.32000000000001, 31.2], [78.32000000000001, 31.220000000000002], [78.3, 31.220000000000002], [78.3, 31.2]]]}, "properties": {"zone": "green", "hazard_probability": 0.408, "grid_id": "G-1465"}}, {"type": "Feature", "geometry": {"type": "Polygon", "coordinates": [[[78.32, 31.2], [78.34, 31.2], [78.34, 31.220000000000002], [78.32, 31.220000000000002], [78.32, 31.2]]]}, "properties": {"zone": "yellow", "hazard_probability": 0.4835, "grid_id": "G-1466"}}, {"type": "Feature", "geometry": {"type": "Polygon", "coordinates": [[[78.33999999999999, 31.2], [78.36, 31.2], [78.36, 31.220000000000002], [78.33999999999999, 31.220000000000002], [78.33999999999999, 31.2]]]}, "properties": {"zone": "red", "hazard_probability": 0.7328, "grid_id": "G-1467"}}, {"type": "Feature", "geometry": {"type": "Polygon", "coordinates": [[[78.36, 31.2], [78.38000000000001, 31.2], [78.38000000000001, 31.220000000000002], [78.36, 31.220000000000002], [78.36, 31.2]]]}, "properties": {"zone": "green", "hazard_probability": 0.4283, "grid_id": "G-1468"}}, {"type": "Feature", "geometry": {"type": "Polygon", "coordinates": [[[78.38, 31.2], [78.4, 31.2], [78.4, 31.220000000000002], [78.38, 31.220000000000002], [78.38, 31.2]]]}, "properties": {"zone": "green", "hazard_probability": 0.4207, "grid_id": "G-1469"}}, {"type": "Feature", "geometry": {"type": "Polygon", "coordinates": [[[78.39999999999999, 31.2], [78.42, 31.2], [78.42, 31.220000000000002], [78.39999999999999, 31.220000000000002], [78.39999999999999, 31.2]]]}, "properties": {"zone": "green", "hazard_probability": 0.312, "grid_id": "G-1470"}}, {"type": "Feature", "geometry": {"type": "Polygon", "coordinates": [[[78.42, 31.2], [78.44000000000001, 31.2], [78.44000000000001, 31.220000000000002], [78.42, 31.220000000000002], [78.42, 31.2]]]}, "properties": {"zone": "green", "hazard_probability": 0.331, "grid_id": "G-1471"}}, {"type": "Feature", "geometry": {"type": "Polygon", "coordinates": [[[78.44, 31.2], [78.46000000000001, 31.2], [78.46000000000001, 31.220000000000002], [78.44, 31.220000000000002], [78.44, 31.2]]]}, "properties": {"zone": "green", "hazard_probability": 0.3399, "grid_id": "G-1472"}}, {"type": "Feature", "geometry": {"type": "Polygon", "coordinates": [[[78.53999999999999, 31.2], [78.56, 31.2], [78.56, 31.220000000000002], [78.53999999999999, 31.220000000000002], [78.53999999999999, 31.2]]]}, "properties": {"zone": "green", "hazard_probability": 0.3018, "grid_id": "G-1473"}}, {"type": "Feature", "geometry": {"type": "Polygon", "coordinates": [[[78.55999999999999, 31.2], [78.58, 31.2], [78.58, 31.220000000000002], [78.55999999999999, 31.220000000000002], [78.55999999999999, 31.2]]]}, "properties": {"zone": "green", "hazard_probability": 0.3019, "grid_id": "G-1474"}}, {"type": "Feature", "geometry": {"type": "Polygon", "coordinates": [[[78.58, 31.2], [78.60000000000001, 31.2], [78.60000000000001, 31.220000000000002], [78.58, 31.220000000000002], [78.58, 31.2]]]}, "properties": {"zone": "green", "hazard_probability": 0.331, "grid_id": "G-1475"}}, {"type": "Feature", "geometry": {"type": "Polygon", "coordinates": [[[78.6, 31.2], [78.62, 31.2], [78.62, 31.220000000000002], [78.6, 31.220000000000002], [78.6, 31.2]]]}, "properties": {"zone": "yellow", "hazard_probability": 0.5235, "grid_id": "G-1476"}}, {"type": "Feature", "geometry": {"type": "Polygon", "coordinates": [[[78.61999999999999, 31.2], [78.64, 31.2], [78.64, 31.220000000000002], [78.61999999999999, 31.220000000000002], [78.61999999999999, 31.2]]]}, "properties": {"zone": "green", "hazard_probability": 0.412, "grid_id": "G-1477"}}, {"type": "Feature", "geometry": {"type": "Polygon", "coordinates": [[[78.92, 31.2], [78.94000000000001, 31.2], [78.94000000000001, 31.220000000000002], [78.92, 31.220000000000002], [78.92, 31.2]]]}, "properties": {"zone": "orange", "hazard_probability": 0.6082, "grid_id": "G-1478"}}, {"type": "Feature", "geometry": {"type": "Polygon", "coordinates": [[[78.94, 31.2], [78.96000000000001, 31.2], [78.96000000000001, 31.220000000000002], [78.94, 31.220000000000002], [78.94, 31.2]]]}, "properties": {"zone": "red", "hazard_probability": 0.6705, "grid_id": "G-1479"}}, {"type": "Feature", "geometry": {"type": "Polygon", "coordinates": [[[78.96, 31.2], [78.98, 31.2], [78.98, 31.220000000000002], [78.96, 31.220000000000002], [78.96, 31.2]]]}, "properties": {"zone": "yellow", "hazard_probability": 0.5191, "grid_id": "G-1480"}}, {"type": "Feature", "geometry": {"type": "Polygon", "coordinates": [[[78.97999999999999, 31.2], [79.0, 31.2], [79.0, 31.220000000000002], [78.97999999999999, 31.220000000000002], [78.97999999999999, 31.2]]]}, "properties": {"zone": "green", "hazard_probability": 0.3019, "grid_id": "G-1481"}}, {"type": "Feature", "geometry": {"type": "Polygon", "coordinates": [[[79.0, 31.2], [79.02000000000001, 31.2], [79.02000000000001, 31.220000000000002], [79.0, 31.220000000000002], [79.0, 31.2]]]}, "properties": {"zone": "green", "hazard_probability": 0.3019, "grid_id": "G-1482"}}, {"type": "Feature", "geometry": {"type": "Polygon", "coordinates": [[[79.02, 31.2], [79.04, 31.2], [79.04, 31.220000000000002], [79.02, 31.220000000000002], [79.02, 31.2]]]}, "properties": {"zone": "green", "hazard_probability": 0.2926, "grid_id": "G-1483"}}, {"type": "Feature", "geometry": {"type": "Polygon", "coordinates": [[[79.03999999999999, 31.2], [79.06, 31.2], [79.06, 31.220000000000002], [79.03999999999999, 31.220000000000002], [79.03999999999999, 31.2]]]}, "properties": {"zone": "green", "hazard_probability": 0.2926, "grid_id": "G-1484"}}, {"type": "Feature", "geometry": {"type": "Polygon", "coordinates": [[[78.14, 31.22], [78.16000000000001, 31.22], [78.16000000000001, 31.240000000000002], [78.14, 31.240000000000002], [78.14, 31.22]]]}, "properties": {"zone": "orange", "hazard_probability": 0.5803, "grid_id": "G-1485"}}, {"type": "Feature", "geometry": {"type": "Polygon", "coordinates": [[[78.16, 31.22], [78.18, 31.22], [78.18, 31.240000000000002], [78.16, 31.240000000000002], [78.16, 31.22]]]}, "properties": {"zone": "yellow", "hazard_probability": 0.5196, "grid_id": "G-1486"}}, {"type": "Feature", "geometry": {"type": "Polygon", "coordinates": [[[78.19999999999999, 31.22], [78.22, 31.22], [78.22, 31.240000000000002], [78.19999999999999, 31.240000000000002], [78.19999999999999, 31.22]]]}, "properties": {"zone": "green", "hazard_probability": 0.4207, "grid_id": "G-1487"}}, {"type": "Feature", "geometry": {"type": "Polygon", "coordinates": [[[78.22, 31.22], [78.24000000000001, 31.22], [78.24000000000001, 31.240000000000002], [78.22, 31.240000000000002], [78.22, 31.22]]]}, "properties": {"zone": "yellow", "hazard_probability": 0.4911, "grid_id": "G-1488"}}, {"type": "Feature", "geometry": {"type": "Polygon", "coordinates": [[[78.24, 31.22], [78.26, 31.22], [78.26, 31.240000000000002], [78.24, 31.240000000000002], [78.24, 31.22]]]}, "properties": {"zone": "yellow", "hazard_probability": 0.4835, "grid_id": "G-1489"}}, {"type": "Feature", "geometry": {"type": "Polygon", "coordinates": [[[78.25999999999999, 31.22], [78.28, 31.22], [78.28, 31.240000000000002], [78.25999999999999, 31.240000000000002], [78.25999999999999, 31.22]]]}, "properties": {"zone": "red", "hazard_probability": 0.7469, "grid_id": "G-1490"}}, {"type": "Feature", "geometry": {"type": "Polygon", "coordinates": [[[78.28, 31.22], [78.30000000000001, 31.22], [78.30000000000001, 31.240000000000002], [78.28, 31.240000000000002], [78.28, 31.22]]]}, "properties": {"zone": "yellow", "hazard_probability": 0.5374, "grid_id": "G-1491"}}, {"type": "Feature", "geometry": {"type": "Polygon", "coordinates": [[[78.3, 31.22], [78.32000000000001, 31.22], [78.32000000000001, 31.240000000000002], [78.3, 31.240000000000002], [78.3, 31.22]]]}, "properties": {"zone": "red", "hazard_probability": 0.6705, "grid_id": "G-1492"}}, {"type": "Feature", "geometry": {"type": "Polygon", "coordinates": [[[78.32, 31.22], [78.34, 31.22], [78.34, 31.240000000000002], [78.32, 31.240000000000002], [78.32, 31.22]]]}, "properties": {"zone": "yellow", "hazard_probability": 0.4835, "grid_id": "G-1493"}}, {"type": "Feature", "geometry": {"type": "Polygon", "coordinates": [[[78.33999999999999, 31.22], [78.36, 31.22], [78.36, 31.240000000000002], [78.33999999999999, 31.240000000000002], [78.33999999999999, 31.22]]]}, "properties": {"zone": "yellow", "hazard_probability": 0.5725, "grid_id": "G-1494"}}, {"type": "Feature", "geometry": {"type": "Polygon", "coordinates": [[[78.36, 31.22], [78.38000000000001, 31.22], [78.38000000000001, 31.240000000000002], [78.36, 31.240000000000002], [78.36, 31.22]]]}, "properties": {"zone": "green", "hazard_probability": 0.312, "grid_id": "G-1495"}}, {"type": "Feature", "geometry": {"type": "Polygon", "coordinates": [[[78.38, 31.22], [78.4, 31.22], [78.4, 31.240000000000002], [78.38, 31.240000000000002], [78.38, 31.22]]]}, "properties": {"zone": "green", "hazard_probability": 0.3573, "grid_id": "G-1496"}}, {"type": "Feature", "geometry": {"type": "Polygon", "coordinates": [[[78.39999999999999, 31.22], [78.42, 31.22], [78.42, 31.240000000000002], [78.39999999999999, 31.240000000000002], [78.39999999999999, 31.22]]]}, "properties": {"zone": "green", "hazard_probability": 0.408, "grid_id": "G-1497"}}, {"type": "Feature", "geometry": {"type": "Polygon", "coordinates": [[[78.42, 31.22], [78.44000000000001, 31.22], [78.44000000000001, 31.240000000000002], [78.42, 31.240000000000002], [78.42, 31.22]]]}, "properties": {"zone": "green", "hazard_probability": 0.3573, "grid_id": "G-1498"}}, {"type": "Feature", "geometry": {"type": "Polygon", "coordinates": [[[78.44, 31.22], [78.46000000000001, 31.22], [78.46000000000001, 31.240000000000002], [78.44, 31.240000000000002], [78.44, 31.22]]]}, "properties": {"zone": "yellow", "hazard_probability": 0.5262, "grid_id": "G-1499"}}, {"type": "Feature", "geometry": {"type": "Polygon", "coordinates": [[[78.55999999999999, 31.22], [78.58, 31.22], [78.58, 31.240000000000002], [78.55999999999999, 31.240000000000002], [78.55999999999999, 31.22]]]}, "properties": {"zone": "green", "hazard_probability": 0.3018, "grid_id": "G-1500"}}, {"type": "Feature", "geometry": {"type": "Polygon", "coordinates": [[[78.58, 31.22], [78.60000000000001, 31.22], [78.60000000000001, 31.240000000000002], [78.58, 31.240000000000002], [78.58, 31.22]]]}, "properties": {"zone": "green", "hazard_probability": 0.3018, "grid_id": "G-1501"}}, {"type": "Feature", "geometry": {"type": "Polygon", "coordinates": [[[78.6, 31.22], [78.62, 31.22], [78.62, 31.240000000000002], [78.6, 31.240000000000002], [78.6, 31.22]]]}, "properties": {"zone": "green", "hazard_probability": 0.3125, "grid_id": "G-1502"}}, {"type": "Feature", "geometry": {"type": "Polygon", "coordinates": [[[78.92, 31.22], [78.94000000000001, 31.22], [78.94000000000001, 31.240000000000002], [78.92, 31.240000000000002], [78.92, 31.22]]]}, "properties": {"zone": "green", "hazard_probability": 0.3573, "grid_id": "G-1503"}}, {"type": "Feature", "geometry": {"type": "Polygon", "coordinates": [[[78.94, 31.22], [78.96000000000001, 31.22], [78.96000000000001, 31.240000000000002], [78.94, 31.240000000000002], [78.94, 31.22]]]}, "properties": {"zone": "green", "hazard_probability": 0.3103, "grid_id": "G-1504"}}, {"type": "Feature", "geometry": {"type": "Polygon", "coordinates": [[[78.96, 31.22], [78.98, 31.22], [78.98, 31.240000000000002], [78.96, 31.240000000000002], [78.96, 31.22]]]}, "properties": {"zone": "green", "hazard_probability": 0.3018, "grid_id": "G-1505"}}, {"type": "Feature", "geometry": {"type": "Polygon", "coordinates": [[[78.97999999999999, 31.22], [79.0, 31.22], [79.0, 31.240000000000002], [78.97999999999999, 31.240000000000002], [78.97999999999999, 31.22]]]}, "properties": {"zone": "yellow", "hazard_probability": 0.4882, "grid_id": "G-1506"}}, {"type": "Feature", "geometry": {"type": "Polygon", "coordinates": [[[79.0, 31.22], [79.02000000000001, 31.22], [79.02000000000001, 31.240000000000002], [79.0, 31.240000000000002], [79.0, 31.22]]]}, "properties": {"zone": "green", "hazard_probability": 0.2926, "grid_id": "G-1507"}}, {"type": "Feature", "geometry": {"type": "Polygon", "coordinates": [[[79.02, 31.22], [79.04, 31.22], [79.04, 31.240000000000002], [79.02, 31.240000000000002], [79.02, 31.22]]]}, "properties": {"zone": "green", "hazard_probability": 0.3019, "grid_id": "G-1508"}}, {"type": "Feature", "geometry": {"type": "Polygon", "coordinates": [[[79.03999999999999, 31.22], [79.06, 31.22], [79.06, 31.240000000000002], [79.03999999999999, 31.240000000000002], [79.03999999999999, 31.22]]]}, "properties": {"zone": "green", "hazard_probability": 0.2926, "grid_id": "G-1509"}}, {"type": "Feature", "geometry": {"type": "Polygon", "coordinates": [[[78.24, 31.24], [78.26, 31.24], [78.26, 31.26], [78.24, 31.26], [78.24, 31.24]]]}, "properties": {"zone": "green", "hazard_probability": 0.3365, "grid_id": "G-1510"}}, {"type": "Feature", "geometry": {"type": "Polygon", "coordinates": [[[78.25999999999999, 31.24], [78.28, 31.24], [78.28, 31.26], [78.25999999999999, 31.26], [78.25999999999999, 31.24]]]}, "properties": {"zone": "red", "hazard_probability": 0.7328, "grid_id": "G-1511"}}, {"type": "Feature", "geometry": {"type": "Polygon", "coordinates": [[[78.28, 31.24], [78.30000000000001, 31.24], [78.30000000000001, 31.26], [78.28, 31.26], [78.28, 31.24]]]}, "properties": {"zone": "yellow", "hazard_probability": 0.5725, "grid_id": "G-1512"}}, {"type": "Feature", "geometry": {"type": "Polygon", "coordinates": [[[78.3, 31.24], [78.32000000000001, 31.24], [78.32000000000001, 31.26], [78.3, 31.26], [78.3, 31.24]]]}, "properties": {"zone": "yellow", "hazard_probability": 0.5725, "grid_id": "G-1513"}}, {"type": "Feature", "geometry": {"type": "Polygon", "coordinates": [[[78.32, 31.24], [78.34, 31.24], [78.34, 31.26], [78.32, 31.26], [78.32, 31.24]]]}, "properties": {"zone": "yellow", "hazard_probability": 0.4882, "grid_id": "G-1514"}}, {"type": "Feature", "geometry": {"type": "Polygon", "coordinates": [[[78.33999999999999, 31.24], [78.36, 31.24], [78.36, 31.26], [78.33999999999999, 31.26], [78.33999999999999, 31.24]]]}, "properties": {"zone": "green", "hazard_probability": 0.4428, "grid_id": "G-1515"}}, {"type": "Feature", "geometry": {"type": "Polygon", "coordinates": [[[78.36, 31.24], [78.38000000000001, 31.24], [78.38000000000001, 31.26], [78.36, 31.26], [78.36, 31.24]]]}, "properties": {"zone": "orange", "hazard_probability": 0.5788, "grid_id": "G-1516"}}, {"type": "Feature", "geometry": {"type": "Polygon", "coordinates": [[[78.38, 31.24], [78.4, 31.24], [78.4, 31.26], [78.38, 31.26], [78.38, 31.24]]]}, "properties": {"zone": "yellow", "hazard_probability": 0.49, "grid_id": "G-1517"}}, {"type": "Feature", "geometry": {"type": "Polygon", "coordinates": [[[78.39999999999999, 31.24], [78.42, 31.24], [78.42, 31.26], [78.39999999999999, 31.26], [78.39999999999999, 31.24]]]}, "properties": {"zone": "yellow", "hazard_probability": 0.5299, "grid_id": "G-1518"}}, {"type": "Feature", "geometry": {"type": "Polygon", "coordinates": [[[78.42, 31.24], [78.44000000000001, 31.24], [78.44000000000001, 31.26], [78.42, 31.26], [78.42, 31.24]]]}, "properties": {"zone": "green", "hazard_probability": 0.3062, "grid_id": "G-1519"}}, {"type": "Feature", "geometry": {"type": "Polygon", "coordinates": [[[78.89999999999999, 31.24], [78.92, 31.24], [78.92, 31.26], [78.89999999999999, 31.26], [78.89999999999999, 31.24]]]}, "properties": {"zone": "orange", "hazard_probability": 0.5827, "grid_id": "G-1520"}}, {"type": "Feature", "geometry": {"type": "Polygon", "coordinates": [[[78.92, 31.24], [78.94000000000001, 31.24], [78.94000000000001, 31.26], [78.92, 31.26], [78.92, 31.24]]]}, "properties": {"zone": "green", "hazard_probability": 0.3935, "grid_id": "G-1521"}}, {"type": "Feature", "geometry": {"type": "Polygon", "coordinates": [[[78.94, 31.24], [78.96000000000001, 31.24], [78.96000000000001, 31.26], [78.94, 31.26], [78.94, 31.24]]]}, "properties": {"zone": "green", "hazard_probability": 0.3034, "grid_id": "G-1522"}}, {"type": "Feature", "geometry": {"type": "Polygon", "coordinates": [[[78.96, 31.24], [78.98, 31.24], [78.98, 31.26], [78.96, 31.26], [78.96, 31.24]]]}, "properties": {"zone": "green", "hazard_probability": 0.3125, "grid_id": "G-1523"}}, {"type": "Feature", "geometry": {"type": "Polygon", "coordinates": [[[78.97999999999999, 31.24], [79.0, 31.24], [79.0, 31.26], [78.97999999999999, 31.26], [78.97999999999999, 31.24]]]}, "properties": {"zone": "orange", "hazard_probability": 0.6082, "grid_id": "G-1524"}}, {"type": "Feature", "geometry": {"type": "Polygon", "coordinates": [[[79.0, 31.24], [79.02000000000001, 31.24], [79.02000000000001, 31.26], [79.0, 31.26], [79.0, 31.24]]]}, "properties": {"zone": "green", "hazard_probability": 0.3019, "grid_id": "G-1525"}}, {"type": "Feature", "geometry": {"type": "Polygon", "coordinates": [[[79.02, 31.24], [79.04, 31.24], [79.04, 31.26], [79.02, 31.26], [79.02, 31.24]]]}, "properties": {"zone": "green", "hazard_probability": 0.2926, "grid_id": "G-1526"}}, {"type": "Feature", "geometry": {"type": "Polygon", "coordinates": [[[79.03999999999999, 31.24], [79.06, 31.24], [79.06, 31.26], [79.03999999999999, 31.26], [79.03999999999999, 31.24]]]}, "properties": {"zone": "green", "hazard_probability": 0.3019, "grid_id": "G-1527"}}, {"type": "Feature", "geometry": {"type": "Polygon", "coordinates": [[[78.25999999999999, 31.259999999999998], [78.28, 31.259999999999998], [78.28, 31.28], [78.25999999999999, 31.28], [78.25999999999999, 31.259999999999998]]]}, "properties": {"zone": "green", "hazard_probability": 0.3018, "grid_id": "G-1528"}}, {"type": "Feature", "geometry": {"type": "Polygon", "coordinates": [[[78.3, 31.259999999999998], [78.32000000000001, 31.259999999999998], [78.32000000000001, 31.28], [78.3, 31.28], [78.3, 31.259999999999998]]]}, "properties": {"zone": "green", "hazard_probability": 0.331, "grid_id": "G-1529"}}, {"type": "Feature", "geometry": {"type": "Polygon", "coordinates": [[[78.32, 31.259999999999998], [78.34, 31.259999999999998], [78.34, 31.28], [78.32, 31.28], [78.32, 31.259999999999998]]]}, "properties": {"zone": "yellow", "hazard_probability": 0.4882, "grid_id": "G-1530"}}, {"type": "Feature", "geometry": {"type": "Polygon", "coordinates": [[[78.33999999999999, 31.259999999999998], [78.36, 31.259999999999998], [78.36, 31.28], [78.33999999999999, 31.28], [78.33999999999999, 31.259999999999998]]]}, "properties": {"zone": "yellow", "hazard_probability": 0.5235, "grid_id": "G-1531"}}, {"type": "Feature", "geometry": {"type": "Polygon", "coordinates": [[[78.36, 31.259999999999998], [78.38000000000001, 31.259999999999998], [78.38000000000001, 31.28], [78.36, 31.28], [78.36, 31.259999999999998]]]}, "properties": {"zone": "yellow", "hazard_probability": 0.5299, "grid_id": "G-1532"}}, {"type": "Feature", "geometry": {"type": "Polygon", "coordinates": [[[78.92, 31.259999999999998], [78.94000000000001, 31.259999999999998], [78.94000000000001, 31.28], [78.92, 31.28], [78.92, 31.259999999999998]]]}, "properties": {"zone": "orange", "hazard_probability": 0.6175, "grid_id": "G-1533"}}, {"type": "Feature", "geometry": {"type": "Polygon", "coordinates": [[[78.94, 31.259999999999998], [78.96000000000001, 31.259999999999998], [78.96000000000001, 31.28], [78.94, 31.28], [78.94, 31.259999999999998]]]}, "properties": {"zone": "yellow", "hazard_probability": 0.495, "grid_id": "G-1534"}}, {"type": "Feature", "geometry": {"type": "Polygon", "coordinates": [[[78.96, 31.259999999999998], [78.98, 31.259999999999998], [78.98, 31.28], [78.96, 31.28], [78.96, 31.259999999999998]]]}, "properties": {"zone": "yellow", "hazard_probability": 0.5235, "grid_id": "G-1535"}}, {"type": "Feature", "geometry": {"type": "Polygon", "coordinates": [[[78.97999999999999, 31.259999999999998], [79.0, 31.259999999999998], [79.0, 31.28], [78.97999999999999, 31.28], [78.97999999999999, 31.259999999999998]]]}, "properties": {"zone": "yellow", "hazard_probability": 0.4835, "grid_id": "G-1536"}}, {"type": "Feature", "geometry": {"type": "Polygon", "coordinates": [[[79.0, 31.259999999999998], [79.02000000000001, 31.259999999999998], [79.02000000000001, 31.28], [79.0, 31.28], [79.0, 31.259999999999998]]]}, "properties": {"zone": "green", "hazard_probability": 0.2926, "grid_id": "G-1537"}}, {"type": "Feature", "geometry": {"type": "Polygon", "coordinates": [[[79.02, 31.259999999999998], [79.04, 31.259999999999998], [79.04, 31.28], [79.02, 31.28], [79.02, 31.259999999999998]]]}, "properties": {"zone": "green", "hazard_probability": 0.2926, "grid_id": "G-1538"}}, {"type": "Feature", "geometry": {"type": "Polygon", "coordinates": [[[79.03999999999999, 31.259999999999998], [79.06, 31.259999999999998], [79.06, 31.28], [79.03999999999999, 31.28], [79.03999999999999, 31.259999999999998]]]}, "properties": {"zone": "green", "hazard_probability": 0.2926, "grid_id": "G-1539"}}, {"type": "Feature", "geometry": {"type": "Polygon", "coordinates": [[[78.92, 31.279999999999998], [78.94000000000001, 31.279999999999998], [78.94000000000001, 31.3], [78.92, 31.3], [78.92, 31.279999999999998]]]}, "properties": {"zone": "green", "hazard_probability": 0.4207, "grid_id": "G-1540"}}, {"type": "Feature", "geometry": {"type": "Polygon", "coordinates": [[[78.94, 31.279999999999998], [78.96000000000001, 31.279999999999998], [78.96000000000001, 31.3], [78.94, 31.3], [78.94, 31.279999999999998]]]}, "properties": {"zone": "green", "hazard_probability": 0.3125, "grid_id": "G-1541"}}, {"type": "Feature", "geometry": {"type": "Polygon", "coordinates": [[[78.96, 31.279999999999998], [78.98, 31.279999999999998], [78.98, 31.3], [78.96, 31.3], [78.96, 31.279999999999998]]]}, "properties": {"zone": "green", "hazard_probability": 0.3999, "grid_id": "G-1542"}}, {"type": "Feature", "geometry": {"type": "Polygon", "coordinates": [[[78.97999999999999, 31.279999999999998], [79.0, 31.279999999999998], [79.0, 31.3], [78.97999999999999, 31.3], [78.97999999999999, 31.279999999999998]]]}, "properties": {"zone": "green", "hazard_probability": 0.3019, "grid_id": "G-1543"}}, {"type": "Feature", "geometry": {"type": "Polygon", "coordinates": [[[79.0, 31.279999999999998], [79.02000000000001, 31.279999999999998], [79.02000000000001, 31.3], [79.0, 31.3], [79.0, 31.279999999999998]]]}, "properties": {"zone": "green", "hazard_probability": 0.2926, "grid_id": "G-1544"}}, {"type": "Feature", "geometry": {"type": "Polygon", "coordinates": [[[79.02, 31.279999999999998], [79.04, 31.279999999999998], [79.04, 31.3], [79.02, 31.3], [79.02, 31.279999999999998]]]}, "properties": {"zone": "green", "hazard_probability": 0.2926, "grid_id": "G-1545"}}, {"type": "Feature", "geometry": {"type": "Polygon", "coordinates": [[[79.03999999999999, 31.279999999999998], [79.06, 31.279999999999998], [79.06, 31.3], [79.03999999999999, 31.3], [79.03999999999999, 31.279999999999998]]]}, "properties": {"zone": "green", "hazard_probability": 0.3019, "grid_id": "G-1546"}}, {"type": "Feature", "geometry": {"type": "Polygon", "coordinates": [[[78.92, 31.299999999999997], [78.94000000000001, 31.299999999999997], [78.94000000000001, 31.32], [78.92, 31.32], [78.92, 31.299999999999997]]]}, "properties": {"zone": "red", "hazard_probability": 0.7328, "grid_id": "G-1547"}}, {"type": "Feature", "geometry": {"type": "Polygon", "coordinates": [[[78.94, 31.299999999999997], [78.96000000000001, 31.299999999999997], [78.96000000000001, 31.32], [78.94, 31.32], [78.94, 31.299999999999997]]]}, "properties": {"zone": "yellow", "hazard_probability": 0.5191, "grid_id": "G-1548"}}, {"type": "Feature", "geometry": {"type": "Polygon", "coordinates": [[[78.96, 31.299999999999997], [78.98, 31.299999999999997], [78.98, 31.32], [78.96, 31.32], [78.96, 31.299999999999997]]]}, "properties": {"zone": "yellow", "hazard_probability": 0.5191, "grid_id": "G-1549"}}, {"type": "Feature", "geometry": {"type": "Polygon", "coordinates": [[[78.97999999999999, 31.299999999999997], [79.0, 31.299999999999997], [79.0, 31.32], [78.97999999999999, 31.32], [78.97999999999999, 31.299999999999997]]]}, "properties": {"zone": "yellow", "hazard_probability": 0.5191, "grid_id": "G-1550"}}, {"type": "Feature", "geometry": {"type": "Polygon", "coordinates": [[[79.0, 31.299999999999997], [79.02000000000001, 31.299999999999997], [79.02000000000001, 31.32], [79.0, 31.32], [79.0, 31.299999999999997]]]}, "properties": {"zone": "green", "hazard_probability": 0.2926, "grid_id": "G-1551"}}, {"type": "Feature", "geometry": {"type": "Polygon", "coordinates": [[[79.02, 31.299999999999997], [79.04, 31.299999999999997], [79.04, 31.32], [79.02, 31.32], [79.02, 31.299999999999997]]]}, "properties": {"zone": "green", "hazard_probability": 0.3019, "grid_id": "G-1552"}}, {"type": "Feature", "geometry": {"type": "Polygon", "coordinates": [[[79.03999999999999, 31.299999999999997], [79.06, 31.299999999999997], [79.06, 31.32], [79.03999999999999, 31.32], [79.03999999999999, 31.299999999999997]]]}, "properties": {"zone": "green", "hazard_probability": 0.3019, "grid_id": "G-1553"}}, {"type": "Feature", "geometry": {"type": "Polygon", "coordinates": [[[78.92, 31.319999999999997], [78.94000000000001, 31.319999999999997], [78.94000000000001, 31.34], [78.92, 31.34], [78.92, 31.319999999999997]]]}, "properties": {"zone": "yellow", "hazard_probability": 0.5235, "grid_id": "G-1554"}}, {"type": "Feature", "geometry": {"type": "Polygon", "coordinates": [[[78.94, 31.319999999999997], [78.96000000000001, 31.319999999999997], [78.96000000000001, 31.34], [78.94, 31.34], [78.94, 31.319999999999997]]]}, "properties": {"zone": "yellow", "hazard_probability": 0.5135, "grid_id": "G-1555"}}, {"type": "Feature", "geometry": {"type": "Polygon", "coordinates": [[[78.96, 31.319999999999997], [78.98, 31.319999999999997], [78.98, 31.34], [78.96, 31.34], [78.96, 31.319999999999997]]]}, "properties": {"zone": "green", "hazard_probability": 0.331, "grid_id": "G-1556"}}, {"type": "Feature", "geometry": {"type": "Polygon", "coordinates": [[[78.97999999999999, 31.319999999999997], [79.0, 31.319999999999997], [79.0, 31.34], [78.97999999999999, 31.34], [78.97999999999999, 31.319999999999997]]]}, "properties": {"zone": "green", "hazard_probability": 0.4352, "grid_id": "G-1557"}}, {"type": "Feature", "geometry": {"type": "Polygon", "coordinates": [[[79.0, 31.319999999999997], [79.02000000000001, 31.319999999999997], [79.02000000000001, 31.34], [79.0, 31.34], [79.0, 31.319999999999997]]]}, "properties": {"zone": "green", "hazard_probability": 0.3019, "grid_id": "G-1558"}}, {"type": "Feature", "geometry": {"type": "Polygon", "coordinates": [[[79.02, 31.319999999999997], [79.04, 31.319999999999997], [79.04, 31.34], [79.02, 31.34], [79.02, 31.319999999999997]]]}, "properties": {"zone": "green", "hazard_probability": 0.3125, "grid_id": "G-1559"}}, {"type": "Feature", "geometry": {"type": "Polygon", "coordinates": [[[79.03999999999999, 31.319999999999997], [79.06, 31.319999999999997], [79.06, 31.34], [79.03999999999999, 31.34], [79.03999999999999, 31.319999999999997]]]}, "properties": {"zone": "green", "hazard_probability": 0.3019, "grid_id": "G-1560"}}, {"type": "Feature", "geometry": {"type": "Polygon", "coordinates": [[[78.96, 31.34], [78.98, 31.34], [78.98, 31.360000000000003], [78.96, 31.360000000000003], [78.96, 31.34]]]}, "properties": {"zone": "green", "hazard_probability": 0.331, "grid_id": "G-1561"}}, {"type": "Feature", "geometry": {"type": "Polygon", "coordinates": [[[78.97999999999999, 31.34], [79.0, 31.34], [79.0, 31.360000000000003], [78.97999999999999, 31.360000000000003], [78.97999999999999, 31.34]]]}, "properties": {"zone": "yellow", "hazard_probability": 0.5135, "grid_id": "G-1562"}}, {"type": "Feature", "geometry": {"type": "Polygon", "coordinates": [[[79.0, 31.34], [79.02000000000001, 31.34], [79.02000000000001, 31.360000000000003], [79.0, 31.360000000000003], [79.0, 31.34]]]}, "properties": {"zone": "green", "hazard_probability": 0.3125, "grid_id": "G-1563"}}, {"type": "Feature", "geometry": {"type": "Polygon", "coordinates": [[[79.02, 31.34], [79.04, 31.34], [79.04, 31.360000000000003], [79.02, 31.360000000000003], [79.02, 31.34]]]}, "properties": {"zone": "green", "hazard_probability": 0.3125, "grid_id": "G-1564"}}, {"type": "Feature", "geometry": {"type": "Polygon", "coordinates": [[[79.03999999999999, 31.34], [79.06, 31.34], [79.06, 31.360000000000003], [79.03999999999999, 31.360000000000003], [79.03999999999999, 31.34]]]}, "properties": {"zone": "green", "hazard_probability": 0.3034, "grid_id": "G-1565"}}, {"type": "Feature", "geometry": {"type": "Polygon", "coordinates": [[[79.0, 31.36], [79.02000000000001, 31.36], [79.02000000000001, 31.380000000000003], [79.0, 31.380000000000003], [79.0, 31.36]]]}, "properties": {"zone": "green", "hazard_probability": 0.3034, "grid_id": "G-1566"}}, {"type": "Feature", "geometry": {"type": "Polygon", "coordinates": [[[79.02, 31.36], [79.04, 31.36], [79.04, 31.380000000000003], [79.02, 31.380000000000003], [79.02, 31.36]]]}, "properties": {"zone": "green", "hazard_probability": 0.3103, "grid_id": "G-1567"}}, {"type": "Feature", "geometry": {"type": "Polygon", "coordinates": [[[79.03999999999999, 31.36], [79.06, 31.36], [79.06, 31.380000000000003], [79.03999999999999, 31.380000000000003], [79.03999999999999, 31.36]]]}, "properties": {"zone": "green", "hazard_probability": 0.3194, "grid_id": "G-1568"}}, {"type": "Feature", "geometry": {"type": "Polygon", "coordinates": [[[79.0, 31.38], [79.02000000000001, 31.38], [79.02000000000001, 31.400000000000002], [79.0, 31.400000000000002], [79.0, 31.38]]]}, "properties": {"zone": "green", "hazard_probability": 0.3125, "grid_id": "G-1569"}}, {"type": "Feature", "geometry": {"type": "Polygon", "coordinates": [[[79.02, 31.38], [79.04, 31.38], [79.04, 31.400000000000002], [79.02, 31.400000000000002], [79.02, 31.38]]]}, "properties": {"zone": "green", "hazard_probability": 0.3103, "grid_id": "G-1570"}}, {"type": "Feature", "geometry": {"type": "Polygon", "coordinates": [[[79.03999999999999, 31.38], [79.06, 31.38], [79.06, 31.400000000000002], [79.03999999999999, 31.400000000000002], [79.03999999999999, 31.38]]]}, "properties": {"zone": "green", "hazard_probability": 0.3125, "grid_id": "G-1571"}}, {"type": "Feature", "geometry": {"type": "Polygon", "coordinates": [[[79.02, 31.4], [79.04, 31.4], [79.04, 31.42], [79.02, 31.42], [79.02, 31.4]]]}, "properties": {"zone": "green", "hazard_probability": 0.3019, "grid_id": "G-1572"}}, {"type": "Feature", "geometry": {"type": "Polygon", "coordinates": [[[79.03999999999999, 31.4], [79.06, 31.4], [79.06, 31.42], [79.03999999999999, 31.42], [79.03999999999999, 31.4]]]}, "properties": {"zone": "green", "hazard_probability": 0.3019, "grid_id": "G-1573"}}, {"type": "Feature", "geometry": {"type": "Polygon", "coordinates": [[[79.03999999999999, 31.419999999999998], [79.06, 31.419999999999998], [79.06, 31.44], [79.03999999999999, 31.44], [79.03999999999999, 31.419999999999998]]]}, "properties": {"zone": "green", "hazard_probability": 0.3019, "grid_id": "G-1574"}}, {"type": "Feature", "geometry": {"type": "Polygon", "coordinates": [[[79.03999999999999, 31.439999999999998], [79.06, 31.439999999999998], [79.06, 31.46], [79.03999999999999, 31.46], [79.03999999999999, 31.439999999999998]]]}, "properties": {"zone": "green", "hazard_probability": 0.3019, "grid_id": "G-1575"}}]}