cell_id,latitude,longitude,slope,elevation,aspect,curvature,twi,ndvi,dist_river_km,dist_road_km,rainfall_intensity,antecedent_saturation,seismic_kh,dist_disaster_km,rainfall_mm_annual_proxy,target_hazard_score,thrive_hazard_score,zone,zone_code,dim_landslide,dim_flood,dim_cloudburst,dim_vulnerability,dim_recurrence
1,30.45,77.85,20.0,1073.8,180.0,0.0,8.0,0.586,38.4,37.86,46.2,59.4,0.05,50.35,132.0,0.3056,0.2786,green,0,0.18,0.18,0.2,0.29,0.0087
2,30.45,77.87,20.0,850.0,180.0,0.0,8.0,0.547,36.52,36.0,44.59,57.33,0.05,49.49,127.4,0.3019,0.2462,green,0,0.18,0.14,0.15,0.29,0.0092
3,30.45,77.89,20.0,982.5,180.0,0.0,8.0,0.64,34.65,34.15,48.41,62.24,0.05,48.68,138.3,0.3106,0.2786,green,0,0.18,0.18,0.2,0.29,0.0097
4,30.45,77.91,20.0,1084.0,180.0,0.0,8.0,0.632,32.77,32.3,50.75,65.25,0.05,47.17,145.0,0.316,0.2786,green,0,0.18,0.18,0.2,0.29,0.0108
5,30.45,77.93,20.0,895.3,180.0,0.0,8.0,0.59,30.9,30.46,47.11,60.57,0.05,45.42,134.6,0.3077,0.2786,green,0,0.18,0.18,0.2,0.29,0.0121
6,30.45,77.95,20.0,991.4,180.0,0.0,8.0,0.565,29.04,28.62,47.25,60.75,0.05,43.67,135.0,0.308,0.2786,green,0,0.18,0.18,0.2,0.29,0.0136
7,30.45,77.97,20.0,1325.2,180.0,0.0,8.0,0.688,27.17,26.8,50.75,65.25,0.05,41.95,145.0,0.316,0.3144,yellow,1,0.17,0.14,0.25,0.29,0.0153
8,30.45,77.99,20.0,1247.5,180.0,0.0,8.0,0.616,25.32,24.99,47.21,60.71,0.05,40.23,134.9,0.3079,0.3221,yellow,1,0.21,0.14,0.25,0.29,0.0171
9,30.45,78.01,22.44,1248.0,244.4,0.6086,13.31,0.638,23.47,23.19,45.43,58.41,0.05,38.54,129.8,0.3282,0.3529,yellow,1,0.27,0.26,0.16,0.29,0.0192
10,30.45,78.03,11.94,1998.0,332.7,-1.5,13.98,0.722,21.62,21.41,57.12,73.44,0.05,36.86,163.2,0.25,0.4009,yellow,1,0.31,0.29,0.21,0.29,0.0214
11,30.45,78.05,29.95,1772.0,284.2,0.4869,12.98,0.647,19.79,19.65,53.48,68.76,0.05,35.21,152.8,0.4217,0.4203,yellow,1,0.35,0.22,0.18,0.29,0.0239
12,30.45,78.07,31.42,1666.0,216.2,-0.8521,12.92,0.636,17.98,17.92,52.92,68.04,0.05,33.58,151.2,0.4352,0.5236,orange,2,0.45,0.22,0.29,0.29,0.0266
13,30.45,78.09,31.08,1910.0,76.9,0.2435,12.94,0.649,16.18,16.23,58.97,75.83,0.05,31.98,168.5,0.4456,0.4577,orange,2,0.38,0.18,0.29,0.29,0.0296
14,30.45,78.11,40.46,1983.0,326.3,-0.4869,12.59,0.644,14.41,14.59,62.44,80.28,0.05,30.42,178.4,0.5473,0.6033,orange,2,0.54,0.18,0.34,0.22,0.0329
15,30.45,78.13,37.34,2096.0,249.1,-0.2435,12.7,0.645,12.68,13.02,66.29,85.23,0.05,28.9,189.4,0.5249,0.5763,orange,2,0.5,0.22,0.37,0.22,0.0364
16,30.45,78.15,28.43,1910.0,342.6,1.0955,13.04,0.61,11.0,11.55,64.4,82.8,0.05,27.43,184.0,0.4315,0.4918,orange,2,0.4,0.3,0.3,0.22,0.0402
17,30.45,78.17,18.71,2079.0,97.2,-0.2435,13.51,0.612,9.41,10.23,67.38,86.62,0.05,26.01,192.5,0.3411,0.4056,yellow,1,0.3,0.3,0.29,0.22,0.0441
18,30.45,78.19,43.7,2489.0,27.8,-1.339,12.47,0.584,7.96,9.11,73.32,94.28,0.05,24.65,209.5,0.6046,0.6676,red,3,0.6,0.22,0.44,0.22,0.0483
19,30.45,78.21,32.87,1965.0,118.7,1.5,12.87,0.604,6.73,8.28,62.76,80.69,0.05,23.38,179.3,0.4721,0.5041,orange,2,0.42,0.18,0.37,0.22,0.0526
20,30.45,78.23,30.21,2024.0,14.5,0.3652,12.97,0.604,5.87,7.83,61.53,79.11,0.05,22.19,175.8,0.4427,0.4653,orange,2,0.38,0.18,0.34,0.14,0.057
21,30.45,78.25,24.49,1741.0,246.3,1.5,13.22,0.69,5.55,7.83,54.67,70.29,0.05,21.1,156.2,0.3699,0.3856,yellow,1,0.25,0.3,0.21,0.14,0.0612
22,30.45,78.27,33.6,2337.0,330.4,-1.5,12.84,0.663,5.87,8.28,63.21,81.27,0.05,20.14,180.6,0.4805,0.5512,orange,2,0.46,0.22,0.44,0.14,0.0653
23,30.45,78.29,30.49,1779.0,311.5,-1.0955,12.96,0.614,6.73,9.11,53.38,68.62,0.05,19.32,152.5,0.4269,0.5323,orange,2,0.47,0.22,0.22,0.14,0.069
24,30.45,78.31,15.09,1822.0,16.6,1.5,13.74,0.682,7.96,10.23,54.7,70.34,0.05,18.65,156.3,0.2759,0.3522,yellow,1,0.26,0.26,0.21,0.14,0.0721
25,30.45,78.33,29.95,1514.0,104.2,-0.4869,12.98,0.623,9.41,11.26,51.13,65.75,0.05,18.16,146.1,0.4164,0.4956,orange,2,0.43,0.22,0.21,0.22,0.0745
26,30.45,78.35,29.5,1421.0,126.7,1.5,13.0,0.726,11.0,11.73,51.73,66.51,0.05,17.86,147.8,0.4132,0.4309,yellow,1,0.35,0.22,0.25,0.22,0.076
27,30.45,78.37,18.42,1659.0,193.4,0.4869,13.53,0.655,12.68,12.48,57.92,74.48,0.05,17.76,165.5,0.3166,0.3919,yellow,1,0.25,0.3,0.25,0.22,0.0765
28,30.45,78.39,16.37,1103.0,119.7,0.6086,13.65,0.597,14.01,13.45,50.26,64.62,0.05,17.86,143.6,0.2786,0.4056,yellow,1,0.24,0.34,0.12,0.22,0.076
29,30.45,78.41,33.47,996.0,345.1,1.0955,12.84,0.574,15.25,14.61,49.24,63.31,0.05,18.16,140.7,0.4473,0.4164,yellow,1,0.34,0.26,0.17,0.22,0.0745
30,30.45,78.43,30.7,741.0,69.1,0.7304,12.95,0.554,16.61,15.91,44.62,57.38,0.05,18.65,127.5,0.409,0.384,yellow,1,0.32,0.22,0.12,0.29,0.0721
31,30.45,78.45,21.99,1190.0,171.3,-0.1217,13.34,0.614,17.93,17.32,50.82,65.34,0.05,19.32,145.2,0.3361,0.4266,yellow,1,0.26,0.34,0.24,0.29,0.069
32,30.45,78.47,28.76,1575.0,218.8,0.4869,13.03,0.645,18.72,18.72,55.23,71.01,0.05,20.14,157.8,0.4138,0.4769,orange,2,0.39,0.3,0.25,0.29,0.0653
33,30.45,78.49,30.79,2023.0,217.2,-0.3652,12.95,0.671,19.66,19.66,60.55,77.85,0.05,21.1,173.0,0.4463,0.5267,orange,2,0.44,0.18,0.41,0.29,0.0612
34,30.45,78.51,35.9,2197.0,130.5,-1.339,12.75,0.61,20.73,20.73,61.56,79.16,0.05,22.19,175.9,0.4997,0.6788,red,3,0.62,0.18,0.41,0.29,0.057
35,30.45,78.53,38.98,2400.0,320.5,0.7304,12.64,0.585,21.92,21.92,63.94,82.22,0.05,23.38,182.7,0.536,0.5679,orange,2,0.48,0.22,0.44,0.29,0.0526
36,30.45,78.55,34.12,1747.0,43.9,-0.9738,12.82,0.674,23.2,22.2,52.95,68.09,0.05,24.65,151.3,0.4622,0.444,yellow,1,0.37,0.22,0.22,0.29,0.0483
37,30.45,78.57,20.51,1647.0,296.1,0.2435,13.41,0.655,24.56,22.28,52.36,67.32,0.05,26.01,149.6,0.3248,0.374,yellow,1,0.21,0.3,0.18,0.29,0.0441
38,30.45,78.59,29.42,1843.0,160.3,-0.9738,13.0,0.594,25.99,22.52,57.54,73.98,0.05,27.43,164.4,0.4257,0.5541,orange,2,0.48,0.18,0.36,0.29,0.0402
39,30.45,78.61,38.58,1511.0,47.4,1.0955,12.66,0.569,27.47,22.92,54.21,69.7,0.05,28.9,154.9,0.5097,0.5323,orange,2,0.47,0.22,0.22,0.29,0.0364
40,30.45,78.63,28.88,1134.0,15.8,-1.5,13.02,0.588,29.0,23.46,49.91,64.17,0.05,30.21,142.6,0.4029,0.5115,orange,2,0.44,0.34,0.13,0.29,0.0334
41,30.45,78.65,23.99,1199.0,69.6,0.0,13.24,0.653,30.58,24.15,52.32,67.28,0.05,31.27,149.5,0.3595,0.3967,yellow,1,0.18,0.34,0.13,0.29,0.0311
42,30.45,78.67,22.32,1182.0,190.2,1.0955,13.32,0.666,32.19,24.96,52.36,67.32,0.05,32.4,149.6,0.3429,0.4236,yellow,1,0.24,0.34,0.24,0.29,0.0288
43,30.45,78.69,20.55,1058.0,334.4,0.8521,13.41,0.604,33.83,25.88,49.49,63.63,0.05,33.6,141.4,0.3186,0.4036,yellow,1,0.22,0.34,0.13,0.29,0.0266
44,30.45,78.71,31.1,1295.0,279.4,-0.1217,12.93,0.615,35.5,26.91,51.77,66.56,0.05,34.87,147.9,0.4293,0.4264,yellow,1,0.35,0.22,0.22,0.29,0.0245
45,30.45,78.73,28.61,1418.0,241.2,-0.1217,13.04,0.672,37.19,28.02,51.62,66.38,0.05,36.19,147.5,0.4041,0.4198,yellow,1,0.33,0.3,0.21,0.29,0.0224
46,30.45,78.75,22.53,1971.0,200.0,-1.2173,13.31,0.7,38.89,29.22,58.77,75.56,0.05,37.56,167.9,0.3596,0.4948,orange,2,0.4,0.26,0.36,0.29,0.0204
47,30.45,78.77,21.95,1824.0,319.2,0.0,13.34,0.654,40.62,30.49,54.74,70.38,0.05,38.98,156.4,0.3446,0.3555,yellow,1,0.24,0.26,0.25,0.29,0.0186
48,30.45,78.79,26.74,2287.0,108.5,1.5,13.11,0.688,42.36,31.82,61.88,79.56,0.05,40.42,176.8,0.4088,0.5225,orange,2,0.38,0.26,0.43,0.29,0.0169
49,30.45,78.81,36.31,2106.0,317.3,-0.6086,12.74,0.655,43.81,33.21,59.36,76.32,0.05,41.87,169.6,0.4988,0.5627,orange,2,0.5,0.18,0.29,0.29,0.0153
50,30.45,78.83,30.73,2317.0,163.0,0.9738,12.95,0.583,44.95,34.65,64.36,82.76,0.05,43.35,183.9,0.4544,0.6239,orange,2,0.42,0.22,0.55,0.29,0.0139
51,30.45,78.85,17.84,2634.0,255.6,0.0,13.56,0.682,46.14,36.13,68.84,88.52,0.05,44.87,196.7,0.3358,0.4782,orange,2,0.26,0.3,0.39,0.33,0.0126
52,30.45,78.87,37.26,2473.0,310.4,1.5,12.7,0.635,47.38,37.64,71.29,91.66,0.05,46.41,203.7,0.5356,0.5845,orange,2,0.5,0.22,0.44,0.29,0.0113
53,30.45,78.89,18.71,2340.0,13.8,-0.7304,13.51,0.662,48.65,39.19,70.88,91.12,0.05,47.98,202.5,0.3491,0.4579,orange,2,0.3,0.3,0.36,0.29,0.0102
54,30.45,78.91,13.69,1921.0,349.5,0.2435,13.84,0.646,49.92,40.77,64.75,83.25,0.05,49.54,185.0,0.2849,0.4165,yellow,1,0.23,0.33,0.26,0.29,0.0092
55,30.45,78.93,27.73,1545.0,200.3,1.2173,13.07,0.652,51.14,42.38,58.24,74.88,0.05,50.38,166.4,0.4104,0.4651,orange,2,0.37,0.3,0.29,0.29,0.0087
56,30.45,78.95,31.47,2407.0,240.1,0.0,12.92,0.591,52.39,44.01,71.5,91.94,0.05,51.28,204.3,0.4781,0.5546,orange,2,0.4,0.22,0.47,0.29,0.0082
57,30.45,78.97,21.56,2305.0,322.8,-1.0955,13.36,0.646,53.68,45.66,67.79,87.16,0.05,52.24,193.7,0.3706,0.5044,orange,2,0.4,0.3,0.4,0.29,0.0077
58,30.45,78.99,24.55,2275.0,284.9,-0.6086,13.21,0.641,54.91,47.33,65.06,83.66,0.05,53.25,185.9,0.3942,0.4968,orange,2,0.34,0.3,0.4,0.29,0.0072
59,30.45,79.01,20.0,2451.0,180.0,0.0,8.0,0.701,56.04,49.02,66.04,84.91,0.05,54.3,188.7,0.351,0.5196,orange,2,0.2,0.14,0.47,0.29,0.0067
60,30.45,79.03,20.0,2498.5,180.0,0.0,8.0,0.693,57.22,50.72,65.66,84.42,0.05,55.4,187.6,0.3501,0.5196,orange,2,0.2,0.14,0.47,0.29,0.0062
61,30.45,79.05,20.0,2311.8,180.0,0.0,8.0,0.632,58.44,52.43,62.41,80.24,0.05,56.54,178.3,0.3426,0.5202,orange,2,0.24,0.1,0.47,0.29,0.0058
62,30.47,77.85,20.0,1150.5,180.0,0.0,8.0,0.63,38.15,37.46,47.36,60.89,0.05,48.41,135.3,0.3082,0.2786,green,0,0.18,0.18,0.2,0.29,0.0099
63,30.47,77.87,20.0,1214.8,180.0,0.0,8.0,0.611,36.25,35.59,48.79,62.73,0.05,47.5,139.4,0.3115,0.3221,yellow,1,0.21,0.14,0.25,0.29,0.0105
64,30.47,77.89,20.0,988.5,180.0,0.0,8.0,0.639,34.36,33.71,45.22,58.14,0.05,46.66,129.2,0.3034,0.2462,green,0,0.18,0.14,0.15,0.29,0.0111
65,30.47,77.91,20.0,850.0,180.0,0.0,8.0,0.607,32.47,31.84,43.02,55.31,0.05,45.88,122.9,0.2983,0.2462,green,0,0.18,0.14,0.15,0.29,0.0117
66,30.47,77.93,20.0,853.4,180.0,0.0,8.0,0.551,30.58,29.97,42.98,55.26,0.05,44.6,122.8,0.2982,0.2462,green,0,0.18,0.14,0.15,0.29,0.0128
67,30.47,77.95,20.0,1345.9,180.0,0.0,8.0,0.683,28.69,28.1,51.03,65.61,0.05,42.82,145.8,0.3166,0.3144,yellow,1,0.17,0.14,0.25,0.29,0.0144
68,30.47,77.97,20.0,1408.0,180.0,0.0,8.0,0.692,26.81,26.24,51.73,66.51,0.05,41.05,147.8,0.3182,0.3144,yellow,1,0.17,0.14,0.25,0.29,0.0162
69,30.47,77.99,20.0,1318.2,180.0,0.0,8.0,0.629,24.92,24.39,49.88,64.12,0.05,39.3,142.5,0.314,0.3221,yellow,1,0.21,0.14,0.25,0.29,0.0182
70,30.47,78.01,40.28,1955.0,59.3,-1.5,12.59,0.637,23.04,22.54,60.27,77.49,0.05,37.57,172.2,0.5406,0.6551,red,3,0.6,0.18,0.34,0.29,0.0204
71,30.47,78.03,16.3,1753.0,320.4,-0.3653,13.66,0.668,21.16,20.71,56.73,72.94,0.05,35.84,162.1,0.2927,0.3782,yellow,1,0.27,0.3,0.14,0.29,0.0229
72,30.47,78.05,26.7,1938.0,146.2,-0.6088,13.12,0.669,19.29,18.88,59.88,77.0,0.05,34.14,171.1,0.4039,0.5297,orange,2,0.44,0.26,0.37,0.29,0.0257
73,30.47,78.07,15.18,1650.0,100.0,1.5,13.73,0.669,17.42,17.08,55.23,71.01,0.05,32.46,157.8,0.278,0.3793,yellow,1,0.25,0.3,0.17,0.29,0.0287
74,30.47,78.09,5.02,2058.0,204.5,-1.3393,14.86,0.639,15.56,15.29,62.41,80.24,0.05,30.81,178.3,0.1928,0.4804,orange,2,0.37,0.34,0.37,0.29,0.0321
75,30.47,78.11,31.21,1618.0,141.6,0.1218,12.93,0.613,13.71,13.54,55.37,71.19,0.05,29.18,158.2,0.4387,0.4717,orange,2,0.39,0.22,0.29,0.22,0.0357
76,30.47,78.13,32.88,1716.0,287.8,1.2175,12.87,0.579,11.88,11.83,57.33,73.71,0.05,27.59,163.8,0.4598,0.444,yellow,1,0.37,0.22,0.22,0.22,0.0397
77,30.47,78.15,29.72,1930.0,308.7,1.2175,12.99,0.677,10.07,10.19,61.11,78.57,0.05,26.04,174.6,0.4369,0.4418,yellow,1,0.36,0.18,0.3,0.22,0.044
78,30.47,78.17,43.39,1778.0,208.4,-1.5,12.49,0.641,8.3,8.66,58.59,75.33,0.05,24.55,167.4,0.5678,0.6659,red,3,0.61,0.22,0.33,0.22,0.0487
79,30.47,78.19,20.47,1926.0,144.9,1.2175,13.41,0.688,6.6,7.31,60.93,78.34,0.05,23.11,174.1,0.344,0.4611,orange,2,0.3,0.26,0.37,0.14,0.0536
80,30.47,78.21,26.81,1793.0,338.4,0.6088,13.11,0.621,5.05,6.24,58.41,75.11,0.05,21.74,166.9,0.4016,0.4331,yellow,1,0.35,0.3,0.18,0.14,0.0587
81,30.47,78.23,27.69,1410.0,222.8,-1.5,13.07,0.638,3.83,5.63,51.62,66.38,0.05,20.45,147.5,0.3949,0.582,orange,2,0.51,0.32,0.25,0.14,0.0639
82,30.47,78.25,15.98,1943.0,159.3,-1.5,13.68,0.702,3.33,5.63,60.23,77.44,0.05,19.27,172.1,0.2975,0.4984,orange,2,0.4,0.28,0.37,0.14,0.0692
83,30.47,78.27,7.69,2454.0,228.6,-1.2175,14.43,0.728,3.83,6.24,68.56,88.16,0.05,18.21,195.9,0.2336,0.5302,orange,2,0.31,0.4,0.43,0.14,0.0742
84,30.47,78.29,36.89,1876.0,322.1,-1.5,12.72,0.577,5.05,7.31,58.8,75.6,0.05,17.3,168.0,0.5033,0.6501,red,3,0.6,0.18,0.29,0.14,0.0789
85,30.47,78.31,34.05,1371.0,33.5,1.0958,12.82,0.673,6.6,8.66,50.4,64.8,0.05,16.55,144.0,0.4557,0.4087,yellow,1,0.33,0.22,0.22,0.14,0.0829
86,30.47,78.33,42.83,1220.0,312.8,-1.5,12.51,0.601,8.3,9.08,48.12,61.88,0.05,16.0,137.5,0.5383,0.6205,orange,2,0.57,0.22,0.22,0.14,0.0861
87,30.47,78.35,24.08,1123.0,85.2,0.1218,13.23,0.651,10.07,9.66,46.83,60.21,0.05,15.66,133.8,0.3478,0.3967,yellow,1,0.18,0.34,0.13,0.22,0.088
88,30.47,78.37,18.43,1263.0,323.5,-1.461,13.53,0.679,11.09,10.55,49.56,63.72,0.05,15.54,141.6,0.2976,0.41,yellow,1,0.33,0.3,0.14,0.22,0.0887
89,30.47,78.39,41.42,1131.0,324.0,0.7305,12.55,0.589,12.33,11.69,47.6,61.2,0.05,15.66,136.0,0.523,0.4871,orange,2,0.42,0.26,0.17,0.22,0.088
90,30.47,78.41,11.49,688.0,208.6,1.5,14.02,0.535,13.71,13.0,40.28,51.8,0.05,16.0,115.1,0.207,0.3994,yellow,1,0.23,0.33,0.15,0.22,0.0861
91,30.47,78.43,31.43,960.0,203.8,-0.7305,12.92,0.597,15.19,14.45,44.8,57.6,0.05,16.55,128.0,0.4167,0.4895,orange,2,0.42,0.22,0.23,0.22,0.0829
92,30.47,78.45,30.96,1113.0,76.4,-0.2435,12.94,0.599,15.89,15.89,47.14,60.61,0.05,17.3,134.7,0.4174,0.3987,yellow,1,0.32,0.26,0.17,0.22,0.0789
93,30.47,78.47,33.68,1881.0,94.9,0.0,12.83,0.662,16.77,16.77,59.71,76.77,0.05,18.21,170.6,0.4733,0.4598,orange,2,0.36,0.18,0.37,0.22,0.0742
94,30.47,78.49,18.02,1413.0,119.4,-0.6088,13.55,0.675,17.82,17.82,51.52,66.24,0.05,19.27,147.2,0.298,0.3862,yellow,1,0.29,0.3,0.17,0.29,0.0692
95,30.47,78.51,37.73,1499.0,196.4,-1.3393,12.69,0.671,18.99,18.99,52.64,67.68,0.05,20.45,150.4,0.4976,0.6316,orange,2,0.57,0.22,0.33,0.29,0.0639
96,30.47,78.53,13.58,2129.0,166.4,0.0,13.85,0.674,20.28,20.07,63.07,81.09,0.05,21.74,180.2,0.28,0.4615,orange,2,0.23,0.33,0.37,0.29,0.0587
97,30.47,78.55,27.87,2401.0,340.3,-0.8523,13.07,0.661,21.66,19.98,67.62,86.94,0.05,23.11,193.2,0.4333,0.5044,orange,2,0.4,0.3,0.4,0.29,0.0536
98,30.47,78.57,36.79,2081.0,211.3,-0.2435,12.72,0.588,23.11,20.07,62.44,80.28,0.05,24.55,178.4,0.5106,0.5943,orange,2,0.52,0.18,0.41,0.29,0.0487
99,30.47,78.59,10.74,1718.0,144.8,-0.1218,14.09,0.657,24.62,20.34,56.63,72.81,0.05,26.04,161.8,0.2368,0.404,yellow,1,0.2,0.33,0.21,0.29,0.044
100,30.47,78.61,12.36,1318.0,19.4,1.5,13.95,0.713,26.18,20.78,50.26,64.62,0.05,27.32,143.6,0.2385,0.3893,yellow,1,0.18,0.33,0.14,0.29,0.0405
101,30.47,78.63,17.47,1009.0,323.7,-1.5,13.59,0.617,27.79,21.38,45.39,58.36,0.05,28.36,129.7,0.2785,0.4049,yellow,1,0.34,0.3,0.04,0.29,0.0377
102,30.47,78.65,39.9,1250.0,86.1,1.5,12.61,0.644,29.43,22.12,49.66,63.86,0.05,29.48,141.9,0.5125,0.5323,orange,2,0.47,0.22,0.22,0.29,0.035
103,30.47,78.67,33.94,1944.0,147.6,0.0,12.83,0.626,31.1,23.0,61.39,78.93,0.05,30.68,175.4,0.4797,0.5098,orange,2,0.42,0.18,0.41,0.29,0.0323
104,30.47,78.69,14.19,1834.0,316.5,0.487,13.8,0.631,32.8,24.0,59.39,76.36,0.05,31.95,169.7,0.2777,0.3734,yellow,1,0.23,0.29,0.21,0.29,0.0297
105,30.47,78.71,31.05,1274.0,232.5,-1.5,12.94,0.627,34.51,25.1,49.73,63.95,0.05,33.28,142.1,0.4242,0.5583,orange,2,0.49,0.22,0.29,0.29,0.0272
106,30.47,78.73,24.98,2039.0,143.8,0.0,13.19,0.628,36.25,26.3,62.23,80.01,0.05,34.66,177.8,0.392,0.4639,orange,2,0.32,0.26,0.37,0.29,0.0248
107,30.47,78.75,13.99,2442.0,253.6,-0.2435,13.82,0.678,38.0,27.57,68.67,88.29,0.05,36.09,196.2,0.2969,0.4761,orange,2,0.21,0.33,0.39,0.29,0.0225
108,30.47,78.77,27.78,2453.0,253.9,-0.2435,13.07,0.611,39.76,28.91,68.6,88.2,0.05,37.53,196.0,0.4346,0.5292,orange,2,0.4,0.3,0.43,0.29,0.0205
109,30.47,78.79,17.73,2304.0,282.7,-1.0958,13.57,0.633,40.9,30.32,65.97,84.83,0.05,38.99,188.5,0.3281,0.4994,orange,2,0.4,0.3,0.36,0.29,0.0186
110,30.47,78.81,30.0,2527.0,133.8,1.5,12.98,0.59,42.03,31.77,69.23,89.01,0.05,40.49,197.8,0.4582,0.5571,orange,2,0.42,0.22,0.47,0.33,0.0168
111,30.47,78.83,21.29,2512.0,289.0,-0.7305,13.37,0.666,43.22,33.27,69.54,89.41,0.05,42.02,198.7,0.3719,0.4918,orange,2,0.3,0.3,0.4,0.33,0.0152
112,30.47,78.85,19.35,2625.0,43.8,-0.2435,13.48,0.63,44.45,34.81,69.27,89.06,0.05,43.58,197.9,0.3518,0.4552,orange,2,0.28,0.3,0.36,0.33,0.0137
113,30.47,78.87,22.69,2203.0,0.6,0.0,13.3,0.69,45.74,36.38,65.27,83.92,0.05,45.17,186.5,0.3761,0.4842,orange,2,0.24,0.3,0.4,0.29,0.0123
114,30.47,78.89,13.9,1861.0,291.1,-0.487,13.83,0.705,47.0,37.98,59.81,76.91,0.05,46.7,170.9,0.2757,0.3848,yellow,1,0.25,0.29,0.26,0.29,0.0111
115,30.47,78.91,20.5,1874.0,338.4,1.461,13.41,0.612,48.21,39.61,60.2,77.4,0.05,47.54,172.0,0.3426,0.4012,yellow,1,0.3,0.26,0.3,0.29,0.0105
116,30.47,78.93,30.49,2045.0,196.8,0.7305,12.96,0.606,49.47,41.26,63.03,81.05,0.05,48.42,180.1,0.449,0.5404,orange,2,0.42,0.22,0.45,0.29,0.0099
117,30.47,78.95,13.29,2508.0,5.9,-0.6088,13.87,0.687,50.77,42.93,70.45,90.59,0.05,49.36,201.3,0.2939,0.4555,orange,2,0.25,0.33,0.36,0.33,0.0093
118,30.47,78.97,26.03,2097.0,109.1,-1.5,13.15,0.614,51.99,44.62,63.38,81.5,0.05,50.35,181.1,0.4052,0.5965,orange,2,0.52,0.3,0.33,0.29,0.0087
119,30.47,78.99,38.21,2213.0,115.8,0.8523,12.67,0.578,53.13,46.33,64.99,83.56,0.05,51.39,185.7,0.5307,0.588,orange,2,0.5,0.22,0.47,0.29,0.0081
120,30.47,79.01,20.0,2357.5,180.0,0.0,8.0,0.699,54.3,48.05,67.09,86.27,0.05,52.49,191.7,0.3534,0.5196,orange,2,0.2,0.14,0.47,0.29,0.0076
121,30.47,79.03,20.0,2052.8,180.0,0.0,8.0,0.663,55.52,49.79,61.81,79.47,0.05,53.62,176.6,0.3413,0.4229,yellow,1,0.2,0.1,0.37,0.29,0.007
122,30.47,79.05,20.0,2366.3,180.0,0.0,8.0,0.653,56.77,51.53,67.06,86.22,0.05,54.8,191.6,0.3533,0.5196,orange,2,0.2,0.14,0.47,0.29,0.0065
123,30.49,77.85,20.0,1381.6,180.0,0.0,8.0,0.705,38.02,37.2,51.1,65.7,0.05,46.49,146.0,0.3168,0.3144,yellow,1,0.17,0.14,0.25,0.29,0.0113
124,30.49,77.87,20.0,1201.3,180.0,0.0,8.0,0.671,36.12,35.31,46.48,59.76,0.05,45.54,132.8,0.3062,0.3144,yellow,1,0.17,0.14,0.25,0.29,0.012
125,30.49,77.89,20.0,850.0,180.0,0.0,8.0,0.539,34.22,33.42,39.41,50.67,0.05,44.66,112.6,0.2901,0.2462,green,0,0.18,0.14,0.15,0.29,0.0127
126,30.49,77.91,20.0,963.9,180.0,0.0,8.0,0.552,32.32,31.53,40.84,52.52,0.05,43.85,116.7,0.2934,0.2462,green,0,0.18,0.14,0.15,0.29,0.0134
127,30.49,77.93,20.0,1185.6,180.0,0.0,8.0,0.63,30.42,29.64,44.94,57.78,0.05,43.1,128.4,0.3027,0.2462,green,0,0.18,0.14,0.15,0.29,0.0141
128,30.49,77.95,20.0,1137.6,180.0,0.0,8.0,0.62,28.52,27.75,45.22,58.14,0.05,42.06,129.2,0.3034,0.2462,green,0,0.18,0.14,0.15,0.29,0.0151
129,30.49,77.97,20.0,1278.7,180.0,0.0,8.0,0.652,26.62,25.87,49.11,63.14,0.05,40.27,140.3,0.3122,0.3144,yellow,1,0.17,0.14,0.25,0.29,0.0171
130,30.49,77.99,20.0,1533.5,180.0,0.0,8.0,0.678,24.72,23.98,55.02,70.74,0.05,38.48,157.2,0.3258,0.3144,yellow,1,0.17,0.14,0.25,0.29,0.0192
131,30.49,78.01,24.54,1774.0,34.6,0.1218,13.21,0.663,22.83,22.1,60.41,77.67,0.05,36.7,172.6,0.3835,0.3823,yellow,1,0.21,0.3,0.23,0.29,0.0216
132,30.49,78.03,39.56,1417.0,54.9,-1.5,12.62,0.732,20.93,20.23,55.09,70.83,0.05,34.94,157.4,0.5215,0.5852,orange,2,0.53,0.22,0.22,0.29,0.0243
133,30.49,78.05,27.32,1319.0,53.1,1.3395,13.09,0.624,19.03,18.35,53.34,68.58,0.05,33.19,152.4,0.3951,0.4505,orange,2,0.37,0.3,0.18,0.29,0.0274
134,30.49,78.07,33.04,1153.0,50.0,-1.4613,12.86,0.621,17.14,16.49,49.63,63.81,0.05,31.46,141.8,0.4438,0.5048,orange,2,0.44,0.26,0.17,0.29,0.0307
135,30.49,78.09,62.8,1100.0,121.4,1.5,11.76,0.604,15.24,14.63,47.32,60.84,0.05,29.75,135.2,0.5582,0.557,orange,2,0.49,0.26,0.24,0.22,0.0344
136,30.49,78.11,20.92,1381.0,136.5,-0.6089,13.39,0.712,13.35,12.79,50.37,64.76,0.05,28.06,143.9,0.3243,0.4083,yellow,1,0.31,0.3,0.25,0.22,0.0385
137,30.49,78.13,30.94,1307.0,150.5,1.2178,12.94,0.636,11.45,10.97,47.67,61.29,0.05,26.41,136.2,0.4184,0.4945,orange,2,0.41,0.22,0.33,0.22,0.043
138,30.49,78.15,30.07,1460.0,54.2,0.6089,12.98,0.661,9.56,9.18,49.35,63.45,0.05,24.78,141.0,0.4135,0.3911,yellow,1,0.31,0.22,0.22,0.22,0.0479
139,30.49,78.17,34.96,1321.0,79.9,-0.8524,12.79,0.659,7.68,7.44,46.9,60.3,0.05,23.2,134.0,0.4568,0.444,yellow,1,0.37,0.22,0.22,0.14,0.0532
140,30.49,78.19,16.51,1213.0,242.6,1.5,13.65,0.635,5.81,5.8,45.78,58.86,0.05,21.68,130.8,0.2697,0.3862,yellow,1,0.29,0.3,0.17,0.14,0.0589
141,30.49,78.21,36.94,1567.0,180.0,-0.9742,12.71,0.596,3.96,4.38,53.06,68.22,0.05,20.21,151.6,0.4907,0.6163,orange,2,0.55,0.24,0.33,0.14,0.065
142,30.49,78.23,35.44,1457.0,205.3,0.6089,12.77,0.666,2.2,3.46,52.85,67.95,0.05,18.82,151.0,0.4752,0.5439,orange,2,0.46,0.28,0.33,0.09,0.0713
143,30.49,78.25,25.06,1618.0,126.4,1.5,13.19,0.687,1.11,3.46,57.08,73.39,0.05,17.53,163.1,0.3811,0.5395,orange,2,0.39,0.45,0.25,0.17,0.0777
144,30.49,78.27,4.42,2039.0,148.4,-0.1218,14.99,0.684,2.2,4.38,65.24,83.88,0.05,16.36,186.4,0.1933,0.5802,orange,2,0.22,0.51,0.33,0.09,0.084
145,30.49,78.29,15.8,2318.0,4.9,-1.5,13.69,0.701,3.96,5.8,70.28,90.36,0.05,15.34,200.8,0.3186,0.4684,orange,2,0.36,0.32,0.36,0.09,0.0899
146,30.49,78.31,36.66,1761.0,84.6,1.4613,12.72,0.624,5.81,6.66,60.44,77.72,0.05,14.49,172.7,0.5048,0.5385,orange,2,0.47,0.22,0.27,0.14,0.0952
147,30.49,78.33,17.41,1389.0,343.5,-0.1218,13.59,0.633,7.24,6.93,53.02,68.17,0.05,13.85,151.5,0.2953,0.3746,yellow,1,0.25,0.3,0.14,0.14,0.0993
148,30.49,78.35,21.13,1520.0,310.1,0.2436,13.38,0.703,8.18,7.67,53.66,68.99,0.05,13.45,153.3,0.3339,0.374,yellow,1,0.21,0.3,0.18,0.14,0.1019
149,30.49,78.37,27.68,1195.0,292.1,-0.3653,13.07,0.673,9.41,8.77,46.58,59.89,0.05,13.32,133.1,0.3833,0.4243,yellow,1,0.34,0.34,0.13,0.22,0.1029
150,30.49,78.39,22.09,937.0,266.0,-0.6089,13.33,0.634,10.84,10.11,40.98,52.7,0.05,13.45,117.1,0.3146,0.3792,yellow,1,0.3,0.3,0.11,0.22,0.1019
151,30.49,78.41,43.0,1087.0,171.0,-1.3395,12.5,0.66,12.39,11.6,42.95,55.22,0.05,13.85,122.7,0.5282,0.5951,orange,2,0.54,0.22,0.23,0.22,0.0993
152,30.49,78.43,21.47,1028.0,307.5,0.7307,13.36,0.64,13.1,13.1,42.21,54.27,0.05,14.49,120.6,0.3112,0.3593,yellow,1,0.22,0.3,0.08,0.22,0.0952
153,30.49,78.45,25.65,1730.0,224.4,0.3653,13.16,0.61,13.9,13.9,54.98,70.69,0.05,15.34,157.1,0.3822,0.4769,orange,2,0.39,0.3,0.25,0.22,0.0899
154,30.49,78.47,21.41,1465.0,71.8,-1.3395,13.37,0.692,14.91,14.91,52.04,66.91,0.05,16.36,148.7,0.3331,0.4156,yellow,1,0.33,0.3,0.18,0.22,0.084
155,30.49,78.49,39.38,1212.0,140.1,-1.5,12.63,0.614,16.07,16.07,49.42,63.54,0.05,17.53,141.2,0.5068,0.6622,red,3,0.61,0.22,0.29,0.22,0.0777
156,30.49,78.51,35.76,1854.0,162.3,0.3653,12.76,0.611,17.37,17.37,61.6,79.2,0.05,18.82,176.0,0.4984,0.5991,orange,2,0.52,0.18,0.45,0.29,0.0713
157,30.49,78.53,36.14,2199.0,236.8,-1.2178,12.74,0.576,18.77,17.86,68.18,87.66,0.05,20.21,194.8,0.5172,0.6815,red,3,0.62,0.22,0.41,0.29,0.065
158,30.49,78.55,25.02,2040.0,86.0,-0.1218,13.19,0.632,20.25,17.76,65.48,84.19,0.05,21.68,187.1,0.3999,0.4749,orange,2,0.38,0.3,0.3,0.29,0.0589
159,30.49,78.57,30.11,2237.0,273.3,0.3653,12.97,0.682,21.79,17.86,68.0,87.44,0.05,23.2,194.3,0.4565,0.5215,orange,2,0.34,0.22,0.44,0.29,0.0532
160,30.49,78.59,42.93,1993.0,77.2,-1.2178,12.5,0.581,23.39,18.16,62.51,80.37,0.05,24.44,178.6,0.5722,0.6551,red,3,0.6,0.18,0.34,0.29,0.049
161,30.49,78.61,34.83,1268.0,319.8,0.4871,12.79,0.682,25.03,18.65,48.68,62.59,0.05,25.45,139.1,0.4596,0.3911,yellow,1,0.31,0.22,0.22,0.29,0.0458
162,30.49,78.63,42.51,1126.0,61.5,-1.096,12.52,0.621,26.7,19.32,44.8,57.6,0.05,26.56,128.0,0.5275,0.5833,orange,2,0.54,0.22,0.12,0.29,0.0425
163,30.49,78.65,22.35,1895.0,230.2,0.4871,13.32,0.643,28.41,20.14,56.73,72.94,0.05,27.76,162.1,0.3532,0.4183,yellow,1,0.3,0.26,0.32,0.29,0.0393
164,30.49,78.67,28.87,2207.0,250.1,-0.6089,13.02,0.682,30.13,21.1,61.77,79.42,0.05,29.03,176.5,0.4299,0.5276,orange,2,0.42,0.26,0.43,0.29,0.0361
165,30.49,78.69,33.97,1676.0,347.5,0.3653,12.82,0.674,31.88,22.19,53.44,68.72,0.05,30.37,152.7,0.4619,0.3911,yellow,1,0.31,0.22,0.22,0.29,0.033
166,30.49,78.71,5.98,1365.0,234.3,0.8524,14.69,0.679,33.64,23.38,49.45,63.59,0.05,31.76,141.3,0.1728,0.4426,yellow,1,0.16,0.38,0.21,0.29,0.0301
167,30.49,78.73,43.06,1743.0,110.6,0.4871,12.5,0.626,35.42,24.65,57.43,73.84,0.05,33.21,164.1,0.5619,0.536,orange,2,0.47,0.22,0.25,0.29,0.0273
168,30.49,78.75,38.42,2175.0,122.6,1.5,12.66,0.58,36.93,26.01,66.25,85.19,0.05,34.65,189.3,0.5356,0.5977,orange,2,0.52,0.22,0.41,0.29,0.0248
169,30.49,78.77,37.11,2250.0,359.1,-1.2178,12.71,0.597,37.99,27.43,68.67,88.29,0.05,36.13,196.2,0.5281,0.6676,red,3,0.6,0.22,0.44,0.29,0.0225
170,30.49,78.79,32.64,2329.0,243.9,1.5,12.87,0.674,39.12,28.9,70.45,90.59,0.05,37.64,201.3,0.4874,0.5521,orange,2,0.38,0.22,0.47,0.29,0.0203
171,30.49,78.81,27.09,2740.0,114.4,-0.8524,13.1,0.648,40.3,30.42,71.72,92.2,0.05,39.19,204.9,0.4348,0.5574,orange,2,0.46,0.3,0.43,0.33,0.0183
172,30.49,78.83,37.69,2610.0,172.5,-0.9742,12.69,0.62,41.53,31.98,71.29,91.66,0.05,40.77,203.7,0.5399,0.6618,red,3,0.58,0.22,0.55,0.33,0.0165
173,30.49,78.85,14.78,2887.0,230.1,-0.9742,13.76,0.692,42.82,33.58,68.28,87.8,0.05,42.38,195.1,0.3039,0.5139,orange,2,0.24,0.33,0.43,0.33,0.0148
174,30.49,78.87,32.43,2397.0,235.3,1.5,12.88,0.584,44.08,35.21,66.95,86.09,0.05,43.78,191.3,0.4773,0.5905,orange,2,0.42,0.22,0.51,0.29,0.0135
175,30.49,78.89,11.16,2534.0,74.8,0.1218,14.05,0.684,45.29,36.86,67.2,86.4,0.05,44.71,192.0,0.2652,0.4478,yellow,1,0.19,0.33,0.36,0.33,0.0127
176,30.49,78.91,9.22,2004.0,86.7,0.1218,14.25,0.68,46.55,38.54,58.38,75.06,0.05,45.57,166.8,0.2256,0.4113,yellow,1,0.19,0.34,0.21,0.29,0.012
177,30.49,78.93,2.68,1946.0,25.6,-1.096,15.49,0.729,47.85,40.23,57.54,73.98,0.05,46.48,164.4,0.1583,0.4877,orange,2,0.29,0.41,0.21,0.29,0.0113
178,30.49,78.95,3.75,2479.0,261.7,-0.4871,15.16,0.657,49.08,41.95,67.41,86.67,0.05,47.46,192.6,0.1916,0.5395,orange,2,0.25,0.45,0.39,0.29,0.0106
179,30.49,78.97,25.8,1915.0,334.7,-1.3395,13.16,0.689,50.21,43.67,59.36,76.32,0.05,48.49,169.6,0.3937,0.5321,orange,2,0.46,0.26,0.25,0.29,0.0099
180,30.49,78.99,54.31,1850.0,221.8,1.5,12.1,0.537,51.38,45.42,59.92,77.04,0.05,49.57,171.2,0.587,0.6704,red,3,0.61,0.18,0.41,0.29,0.0092
181,30.49,79.01,20.0,2262.9,180.0,0.0,8.0,0.624,52.6,47.17,68.32,87.84,0.05,50.7,195.2,0.3562,0.5251,orange,2,0.24,0.14,0.47,0.29,0.0085
182,30.49,79.03,20.0,2442.8,180.0,0.0,8.0,0.665,53.85,48.94,72.2,92.84,0.05,51.88,206.3,0.365,0.5196,orange,2,0.2,0.14,0.47,0.29,0.0079
183,30.49,79.05,20.0,2623.8,180.0,0.0,8.0,0.673,55.14,50.71,72.62,93.38,0.05,53.1,207.5,0.366,0.5196,orange,2,0.2,0.14,0.47,0.33,0.0073
184,30.51,77.85,20.0,985.8,180.0,0.0,8.0,0.571,38.02,37.07,44.34,57.02,0.05,44.59,126.7,0.3014,0.2462,green,0,0.18,0.14,0.15,0.29,0.0128
185,30.51,77.87,20.0,954.0,180.0,0.0,8.0,0.553,36.12,35.17,40.84,52.52,0.05,43.61,116.7,0.2934,0.2462,green,0,0.18,0.14,0.15,0.29,0.0137
186,30.51,77.89,20.0,1329.0,180.0,0.0,8.0,0.705,34.22,33.27,44.97,57.83,0.05,42.69,128.5,0.3028,0.2607,green,0,0.17,0.1,0.2,0.29,0.0145
187,30.51,77.91,20.0,1452.1,180.0,0.0,8.0,0.665,32.32,31.37,46.16,59.36,0.05,41.83,131.9,0.3055,0.3144,yellow,1,0.17,0.14,0.25,0.29,0.0154
188,30.51,77.93,20.0,1183.6,180.0,0.0,8.0,0.646,30.42,29.47,42.31,54.41,0.05,41.05,120.9,0.2967,0.2462,green,0,0.18,0.14,0.15,0.29,0.0162
189,30.51,77.95,20.0,1170.4,180.0,0.0,8.0,0.646,28.52,27.57,44.1,56.7,0.05,40.34,126.0,0.3008,0.2462,green,0,0.18,0.14,0.15,0.29,0.017
190,30.51,77.97,20.0,1315.2,180.0,0.0,8.0,0.655,26.62,25.67,49.42,63.54,0.05,39.59,141.2,0.313,0.3144,yellow,1,0.17,0.14,0.25,0.29,0.0179
191,30.51,77.99,20.0,1145.2,180.0,0.0,8.0,0.637,24.72,23.78,49.63,63.81,0.05,37.77,141.8,0.3134,0.2786,green,0,0.18,0.18,0.2,0.29,0.0202
192,30.51,78.01,31.46,857.0,87.8,-0.3654,12.92,0.574,22.83,21.88,47.25,60.75,0.05,35.96,135.0,0.4226,0.4518,orange,2,0.38,0.26,0.17,0.29,0.0227
193,30.51,78.03,32.98,957.0,107.3,-0.7308,12.86,0.635,20.93,19.98,50.19,64.53,0.05,34.15,143.4,0.4445,0.4734,orange,2,0.4,0.26,0.2,0.29,0.0256
194,30.51,78.05,19.27,987.0,292.1,-0.3654,13.48,0.568,19.03,18.08,50.51,64.94,0.05,32.36,144.3,0.3081,0.4083,yellow,1,0.28,0.34,0.09,0.29,0.0289
195,30.51,78.07,18.76,1323.0,327.6,0.8526,13.51,0.686,17.14,16.19,54.46,70.02,0.05,30.59,155.6,0.3121,0.3673,yellow,1,0.21,0.3,0.14,0.29,0.0325
196,30.51,78.09,38.89,1499.0,40.7,1.5,12.64,0.674,15.24,14.29,54.74,70.38,0.05,28.82,156.4,0.514,0.497,orange,2,0.43,0.22,0.22,0.22,0.0366
197,30.51,78.11,18.56,1555.0,173.8,1.5,13.52,0.648,13.35,12.4,52.57,67.59,0.05,27.08,150.2,0.3058,0.4083,yellow,1,0.31,0.3,0.25,0.22,0.0411
198,30.51,78.13,30.5,1389.0,311.5,1.0962,12.96,0.695,11.45,10.51,47.07,60.52,0.05,25.36,134.5,0.4126,0.4087,yellow,1,0.33,0.22,0.22,0.22,0.0461
199,30.51,78.15,29.02,1664.0,234.8,0.1218,13.02,0.616,9.56,8.62,50.05,64.35,0.05,23.66,143.0,0.4046,0.4598,orange,2,0.37,0.3,0.25,0.22,0.0516
200,30.51,78.17,28.67,1393.0,127.6,-0.9744,13.03,0.66,7.68,6.74,45.29,58.23,0.05,22.0,129.4,0.3902,0.4647,orange,2,0.39,0.26,0.2,0.14,0.0577
201,30.51,78.19,36.66,1867.0,176.3,-1.5,12.72,0.644,5.81,4.88,54.53,70.11,0.05,20.39,155.8,0.4912,0.6949,red,3,0.64,0.18,0.4,0.14,0.0642
202,30.51,78.21,30.43,1994.0,321.6,-1.5,12.96,0.59,3.96,3.06,59.11,76.01,0.05,18.82,168.9,0.4394,0.5648,orange,2,0.5,0.2,0.29,0.09,0.0713
203,30.51,78.23,25.61,2158.0,199.7,-1.5,13.16,0.639,2.2,1.46,64.92,83.48,0.05,17.32,185.5,0.4045,0.634,orange,2,0.55,0.36,0.41,0.05,0.0788
204,30.51,78.25,31.31,1865.0,279.8,0.3654,12.93,0.68,1.11,1.46,62.89,80.86,0.05,15.91,179.7,0.4569,0.4838,orange,2,0.38,0.33,0.34,0.13,0.0865
205,30.51,78.27,31.39,1859.0,305.3,1.5,12.92,0.68,2.2,3.06,64.82,83.34,0.05,14.61,185.2,0.4621,0.4692,orange,2,0.37,0.28,0.34,0.05,0.0944
206,30.51,78.29,37.56,2063.0,32.5,0.8526,12.69,0.574,3.96,4.83,68.88,88.56,0.05,13.45,196.8,0.533,0.5578,orange,2,0.48,0.24,0.34,0.05,0.102
207,30.51,78.31,29.14,1659.0,322.4,0.1218,13.01,0.607,4.54,4.44,61.21,78.7,0.05,12.48,174.9,0.4313,0.4429,yellow,1,0.35,0.32,0.23,0.09,0.1088
208,30.51,78.33,40.69,1248.0,336.7,-0.2436,12.58,0.626,5.28,4.83,52.12,67.01,0.05,11.73,148.9,0.5338,0.5146,orange,2,0.45,0.22,0.22,0.14,0.1144
209,30.51,78.35,31.63,1302.0,178.1,-1.218,12.91,0.704,6.5,5.84,50.08,64.39,0.05,11.26,143.1,0.4523,0.5459,orange,2,0.47,0.22,0.33,0.14,0.118
210,30.51,78.37,30.99,918.0,82.4,-0.3654,12.94,0.622,8.0,7.23,40.63,52.24,0.05,11.1,116.1,0.429,0.4383,yellow,1,0.38,0.22,0.12,0.14,0.1193
211,30.51,78.39,44.94,826.0,209.4,-1.5,12.43,0.603,9.63,8.8,36.75,47.25,0.05,11.26,105.0,0.5549,0.6303,orange,2,0.58,0.22,0.23,0.22,0.118
212,30.51,78.41,36.24,1281.0,315.9,-1.5,12.74,0.643,10.39,10.39,43.33,55.71,0.05,11.73,123.8,0.4692,0.6112,orange,2,0.57,0.18,0.17,0.22,0.1144
213,30.51,78.43,47.33,1572.0,351.0,1.0962,12.35,0.561,11.06,11.06,48.65,62.55,0.05,12.48,139.0,0.5612,0.594,orange,2,0.54,0.22,0.22,0.22,0.1088
214,30.51,78.45,36.96,1919.0,219.8,-0.3654,12.71,0.651,12.0,12.0,56.35,72.45,0.05,13.45,161.0,0.4984,0.6056,orange,2,0.54,0.18,0.36,0.22,0.102
215,30.51,78.47,25.42,1673.0,223.0,0.2436,13.17,0.664,13.15,13.15,55.02,70.74,0.05,14.61,157.2,0.38,0.4426,yellow,1,0.35,0.3,0.25,0.22,0.0944
216,30.51,78.49,21.39,1207.0,339.4,-0.2436,13.37,0.653,14.46,14.46,50.26,64.62,0.05,15.91,143.6,0.3288,0.374,yellow,1,0.21,0.3,0.18,0.22,0.0865
217,30.51,78.51,15.84,1780.0,223.2,0.8526,13.69,0.714,15.88,15.88,62.47,80.33,0.05,17.32,178.5,0.3012,0.3934,yellow,1,0.25,0.3,0.26,0.22,0.0788
218,30.51,78.53,21.04,1576.0,206.9,-1.0962,13.38,0.669,17.4,15.66,60.52,77.81,0.05,18.82,172.9,0.3487,0.4717,orange,2,0.37,0.3,0.34,0.22,0.0713
219,30.51,78.55,26.85,2275.0,269.5,-0.9744,13.11,0.591,18.99,15.54,72.24,92.88,0.05,20.39,206.4,0.4336,0.5574,orange,2,0.46,0.3,0.43,0.29,0.0642
220,30.51,78.57,29.3,1805.0,76.9,0.0,13.01,0.667,20.63,15.66,62.86,80.82,0.05,21.57,179.6,0.4367,0.4354,yellow,1,0.34,0.26,0.3,0.29,0.0593
221,30.51,78.59,28.97,1425.0,70.7,-1.5,13.02,0.665,22.31,16.0,53.87,69.26,0.05,22.55,153.9,0.4128,0.5028,orange,2,0.43,0.3,0.18,0.29,0.0556
222,30.51,78.61,46.69,1531.0,202.2,-0.1218,12.37,0.613,24.03,16.55,52.57,67.59,0.05,23.65,150.2,0.5702,0.623,orange,2,0.56,0.22,0.33,0.29,0.0517
223,30.51,78.63,33.38,1145.0,177.2,-1.4616,12.85,0.673,25.77,17.3,43.3,55.66,0.05,24.84,123.7,0.4328,0.5071,orange,2,0.44,0.22,0.23,0.29,0.0477
224,30.51,78.65,31.16,1342.0,244.7,1.218,12.93,0.632,27.53,18.21,44.77,57.56,0.05,26.11,127.9,0.4139,0.453,orange,2,0.39,0.18,0.2,0.29,0.0438
225,30.51,78.67,26.51,2007.0,135.7,-0.2436,13.12,0.603,29.31,19.27,55.54,71.41,0.05,27.46,158.7,0.3921,0.5064,orange,2,0.42,0.26,0.32,0.29,0.0401
226,30.51,78.69,18.6,2460.0,341.8,-1.5,13.52,0.619,31.1,20.45,64.22,82.58,0.05,28.87,183.5,0.3328,0.4994,orange,2,0.4,0.3,0.36,0.29,0.0365
227,30.51,78.71,21.66,1852.0,284.4,0.0,13.35,0.657,32.9,21.74,56.35,72.45,0.05,30.32,161.0,0.3454,0.3555,yellow,1,0.24,0.26,0.25,0.29,0.0331
228,30.51,78.73,10.14,1720.0,182.6,-0.1218,14.15,0.655,34.04,23.11,57.16,73.49,0.05,31.77,163.3,0.232,0.4104,yellow,1,0.2,0.33,0.25,0.29,0.0301
229,30.51,78.75,38.9,1451.0,125.6,1.5,12.64,0.701,35.08,24.55,55.58,71.46,0.05,33.27,158.8,0.516,0.5236,orange,2,0.45,0.22,0.29,0.29,0.0272
230,30.51,78.77,28.86,1943.0,188.4,-1.5,13.02,0.658,36.2,26.04,66.01,84.87,0.05,34.81,188.6,0.4395,0.588,orange,2,0.5,0.3,0.41,0.29,0.0246
231,30.51,78.79,33.6,2240.0,106.9,0.2436,12.84,0.596,37.38,27.59,71.86,92.39,0.05,36.38,205.3,0.5002,0.5546,orange,2,0.4,0.22,0.47,0.29,0.0221
232,30.51,78.81,34.82,2111.0,180.0,0.9744,12.79,0.636,38.61,29.18,69.02,88.74,0.05,37.98,197.2,0.506,0.5404,orange,2,0.42,0.22,0.45,0.29,0.0199
233,30.51,78.83,13.9,2198.0,236.6,-0.3654,13.83,0.646,39.9,30.81,68.42,87.98,0.05,39.61,195.5,0.2954,0.4381,yellow,1,0.31,0.33,0.33,0.29,0.0178
234,30.51,78.85,25.67,2436.0,243.3,-0.1218,13.16,0.642,41.16,32.46,69.54,89.41,0.05,40.87,198.7,0.4157,0.5292,orange,2,0.4,0.3,0.43,0.29,0.0164
235,30.51,78.87,22.62,2938.0,324.3,-0.3654,13.3,0.69,42.37,34.14,65.27,83.92,0.05,41.89,186.5,0.3754,0.488,orange,2,0.27,0.3,0.4,0.33,0.0153
236,30.51,78.89,33.18,2671.0,253.7,-1.5,12.85,0.661,43.63,35.84,64.22,82.58,0.05,42.72,183.5,0.4786,0.5715,orange,2,0.48,0.22,0.47,0.33,0.0145
237,30.51,78.91,32.5,1991.0,338.4,-0.3654,12.88,0.587,44.93,37.57,55.3,71.1,0.05,43.62,158.0,0.4514,0.5102,orange,2,0.44,0.18,0.29,0.29,0.0136
238,30.51,78.93,20.03,2681.0,187.0,0.609,13.44,0.648,46.17,39.3,63.17,81.23,0.05,44.57,180.5,0.3447,0.587,orange,2,0.32,0.3,0.51,0.33,0.0128
239,30.51,78.95,44.29,2384.0,304.3,0.4872,12.45,0.579,47.29,41.05,63.84,82.08,0.05,45.59,182.4,0.5888,0.5679,orange,2,0.48,0.22,0.44,0.29,0.012
240,30.51,78.97,29.95,1807.0,287.1,1.3398,12.98,0.584,48.46,42.82,56.87,73.12,0.05,46.66,162.5,0.4295,0.4693,orange,2,0.4,0.18,0.25,0.29,0.0111
241,30.51,78.99,30.53,2508.0,174.9,1.5,12.96,0.659,49.67,44.6,71.54,91.98,0.05,47.79,204.4,0.4688,0.6218,orange,2,0.4,0.22,0.55,0.33,0.0103
242,30.51,79.01,20.0,2814.9,180.0,0.0,8.0,0.669,50.93,46.38,72.62,93.38,0.05,48.96,207.5,0.366,0.5155,orange,2,0.17,0.14,0.47,0.33,0.0096
243,30.51,79.03,20.0,2856.4,180.0,0.0,8.0,0.632,52.23,48.18,74.06,95.22,0.05,50.18,211.6,0.3693,0.521,orange,2,0.21,0.14,0.47,0.33,0.0088
244,30.51,79.05,20.0,2587.4,180.0,0.0,8.0,0.68,53.56,49.98,75.67,97.29,0.05,51.43,216.2,0.373,0.5196,orange,2,0.2,0.14,0.47,0.33,0.0081
245,30.53,77.85,20.0,850.0,180.0,0.0,8.0,0.575,38.15,37.07,42.03,54.05,0.05,42.73,120.1,0.2961,0.2462,green,0,0.18,0.14,0.15,0.29,0.0145
246,30.53,77.87,20.0,1237.8,180.0,0.0,8.0,0.64,36.25,35.17,45.26,58.19,0.05,41.7,129.3,0.3034,0.2764,green,0,0.21,0.1,0.2,0.29,0.0155
247,30.53,77.89,20.0,1477.8,180.0,0.0,8.0,0.647,34.36,33.27,46.87,60.26,0.05,40.74,133.9,0.3071,0.3221,yellow,1,0.21,0.14,0.25,0.29,0.0165
248,30.53,77.91,20.0,1418.0,180.0,0.0,8.0,0.641,32.47,31.37,44.87,57.69,0.05,39.84,128.2,0.3026,0.2764,green,0,0.21,0.1,0.2,0.29,0.0176
249,30.53,77.93,20.0,1501.8,180.0,0.0,8.0,0.694,30.58,29.47,47.01,60.44,0.05,39.02,134.3,0.3074,0.3144,yellow,1,0.17,0.14,0.25,0.29,0.0185
250,30.53,77.95,20.0,1410.2,180.0,0.0,8.0,0.722,28.69,27.57,47.74,61.38,0.05,38.27,136.4,0.3091,0.3144,yellow,1,0.17,0.14,0.25,0.29,0.0195
251,30.53,77.97,20.0,978.2,180.0,0.0,8.0,0.6,26.81,25.67,43.68,56.16,0.05,37.61,124.8,0.2998,0.2462,green,0,0.18,0.14,0.15,0.29,0.0204
252,30.53,77.99,20.0,937.4,180.0,0.0,8.0,0.621,24.92,23.78,46.41,59.67,0.05,37.03,132.6,0.3061,0.2786,green,0,0.18,0.18,0.2,0.29,0.0212
253,30.53,78.01,30.45,1405.0,324.6,1.5,12.96,0.689,23.04,21.88,57.02,73.31,0.05,35.33,162.9,0.4348,0.4087,yellow,1,0.33,0.22,0.22,0.29,0.0237
254,30.53,78.03,36.65,1452.0,302.5,-0.6091,12.72,0.655,21.16,19.98,59.22,76.14,0.05,33.5,169.2,0.5019,0.5323,orange,2,0.47,0.22,0.22,0.29,0.0268
255,30.53,78.05,39.99,1772.0,235.1,1.5,12.6,0.574,19.29,18.08,64.36,82.76,0.05,31.67,183.9,0.547,0.5683,orange,2,0.49,0.26,0.34,0.29,0.0303
256,30.53,78.07,25.75,1858.0,202.2,0.9746,13.16,0.624,17.42,16.19,63.94,82.22,0.05,29.85,182.7,0.4037,0.5221,orange,2,0.42,0.3,0.41,0.29,0.0342
257,30.53,78.09,31.37,2301.0,205.6,-0.9746,12.92,0.67,15.56,14.29,68.39,87.93,0.05,28.04,195.4,0.47,0.626,orange,2,0.44,0.22,0.55,0.22,0.0385
258,30.53,78.11,36.05,1688.0,21.5,0.731,12.75,0.65,13.71,12.4,54.63,70.25,0.05,26.25,156.1,0.4854,0.5146,orange,2,0.45,0.22,0.22,0.22,0.0435
259,30.53,78.13,20.59,2092.0,292.0,-0.4873,13.41,0.69,11.88,10.51,58.41,75.11,0.05,24.47,166.9,0.3394,0.3934,yellow,1,0.3,0.26,0.25,0.22,0.0489
260,30.53,78.15,18.7,1750.0,65.4,-0.4873,13.51,0.698,10.07,8.62,50.82,65.34,0.05,22.71,145.2,0.3032,0.3782,yellow,1,0.27,0.3,0.14,0.22,0.055
261,30.53,78.17,29.8,1345.0,140.5,0.6091,12.99,0.64,8.3,6.74,43.75,56.25,0.05,20.97,125.0,0.398,0.453,orange,2,0.39,0.18,0.2,0.14,0.0618
262,30.53,78.19,39.1,1811.0,126.2,1.5,12.64,0.588,6.6,4.88,53.02,68.17,0.05,19.27,151.5,0.5122,0.5884,orange,2,0.52,0.18,0.36,0.14,0.0692
263,30.53,78.21,27.84,2446.0,298.1,-1.5,13.07,0.598,5.05,3.06,66.43,85.41,0.05,17.6,189.8,0.4302,0.587,orange,2,0.5,0.3,0.4,0.09,0.0773
264,30.53,78.23,32.38,2423.0,186.6,0.6091,12.88,0.656,3.83,1.46,69.47,89.33,0.05,15.99,198.5,0.4826,0.6214,orange,2,0.38,0.24,0.55,0.05,0.0861
265,30.53,78.25,33.21,2227.0,210.5,1.2183,12.85,0.665,3.33,1.46,69.37,89.19,0.05,14.45,198.2,0.4907,0.59,orange,2,0.4,0.24,0.51,0.05,0.0954
266,30.53,78.27,33.8,2063.0,119.4,0.8528,12.83,0.616,3.61,3.06,68.88,88.56,0.05,13.0,196.8,0.4954,0.4938,orange,2,0.4,0.24,0.37,0.05,0.1051
267,30.53,78.29,24.68,1776.0,329.3,-0.6091,13.21,0.657,2.41,2.92,64.78,83.3,0.05,11.69,185.1,0.404,0.4802,orange,2,0.28,0.4,0.23,0.05,0.1147
268,30.53,78.31,23.04,1887.0,90.6,-1.5,13.28,0.614,2.41,2.22,65.66,84.42,0.05,10.55,187.6,0.4227,0.5277,orange,2,0.43,0.36,0.33,0.09,0.1237
269,30.53,78.33,42.23,1388.0,17.7,-1.5,12.53,0.721,3.61,2.92,54.84,70.52,0.05,9.66,156.7,0.6159,0.5896,orange,2,0.53,0.24,0.24,0.09,0.1313
270,30.53,78.35,9.57,838.0,12.5,-0.3655,14.21,0.604,5.24,4.4,42.31,54.41,0.05,9.08,120.9,0.2776,0.4314,yellow,1,0.23,0.38,0.06,0.14,0.1365
271,30.53,78.37,21.07,979.0,249.3,0.1218,13.38,0.643,7.01,6.12,41.33,53.14,0.05,8.88,118.1,0.3962,0.3711,yellow,1,0.24,0.3,0.13,0.14,0.1383
272,30.53,78.39,34.89,1584.0,245.7,1.4619,12.79,0.654,7.83,7.83,48.89,62.86,0.05,9.08,139.7,0.5458,0.434,yellow,1,0.35,0.22,0.27,0.14,0.1365
273,30.53,78.41,34.09,1824.0,67.1,-0.731,12.82,0.662,8.28,8.28,51.73,66.51,0.05,9.66,147.8,0.5274,0.4782,orange,2,0.4,0.18,0.31,0.14,0.1313
274,30.53,78.43,34.48,2124.0,262.1,0.731,12.81,0.576,9.11,9.11,57.26,73.62,0.05,10.55,163.6,0.5179,0.4796,orange,2,0.4,0.18,0.32,0.14,0.1237
275,30.53,78.45,36.87,2411.0,249.1,-1.5,12.72,0.642,10.23,10.23,64.16,82.49,0.05,11.69,183.3,0.5244,0.6869,red,3,0.62,0.22,0.47,0.22,0.1147
276,30.53,78.47,35.76,1814.0,95.6,0.4873,12.76,0.604,11.55,11.55,57.26,73.62,0.05,13.0,163.6,0.4885,0.5664,orange,2,0.5,0.18,0.32,0.22,0.1051
277,30.53,78.49,12.73,1586.0,288.2,-1.5,13.92,0.715,13.02,13.02,56.87,73.12,0.05,14.45,162.5,0.2573,0.4065,yellow,1,0.28,0.33,0.14,0.22,0.0954
278,30.53,78.51,39.56,1437.0,147.4,1.3401,12.62,0.718,14.59,13.85,57.26,73.62,0.05,15.99,163.6,0.5265,0.5409,orange,2,0.47,0.22,0.29,0.22,0.0861
279,30.53,78.53,30.2,2145.0,207.3,-0.731,12.97,0.669,16.23,13.45,70.77,90.99,0.05,17.6,202.2,0.4638,0.5429,orange,2,0.44,0.22,0.45,0.22,0.0773
280,30.53,78.55,42.02,2374.0,223.1,0.0,12.53,0.638,17.92,13.32,74.62,95.94,0.05,18.72,213.2,0.5908,0.609,orange,2,0.52,0.22,0.51,0.22,0.0718
281,30.53,78.57,18.99,1841.0,269.2,-1.2183,13.5,0.634,19.65,13.45,63.98,82.26,0.05,19.66,182.8,0.3361,0.5075,orange,2,0.42,0.3,0.29,0.22,0.0674
282,30.53,78.59,24.09,1815.0,194.7,-0.3655,13.23,0.675,21.41,13.85,60.66,77.99,0.05,20.73,173.3,0.3795,0.5006,orange,2,0.34,0.26,0.41,0.22,0.0628
283,30.53,78.61,34.62,1352.0,26.9,-1.5,12.8,0.631,23.19,14.49,49.45,63.59,0.05,21.92,141.3,0.4592,0.5323,orange,2,0.47,0.22,0.22,0.22,0.058
284,30.53,78.63,29.22,1961.0,335.2,0.3655,13.01,0.672,24.99,15.34,56.56,72.72,0.05,23.2,161.6,0.4215,0.4281,yellow,1,0.34,0.26,0.25,0.29,0.0533
285,30.53,78.65,44.97,1195.0,188.9,0.731,12.43,0.675,26.8,16.36,41.65,53.55,0.05,24.56,119.0,0.5449,0.4895,orange,2,0.42,0.22,0.23,0.29,0.0486
286,30.53,78.67,18.65,1773.0,130.9,-0.1218,13.52,0.631,28.62,17.53,50.89,65.43,0.05,25.99,145.4,0.3028,0.3889,yellow,1,0.27,0.3,0.21,0.29,0.0442
287,30.53,78.69,8.89,2244.0,79.6,0.8528,14.28,0.712,30.21,18.82,60.02,77.17,0.05,27.43,171.5,0.2261,0.4494,yellow,1,0.19,0.34,0.36,0.29,0.0402
288,30.53,78.71,26.33,2417.0,273.3,0.4873,13.13,0.638,31.15,20.21,65.52,84.24,0.05,28.9,187.2,0.4131,0.5019,orange,2,0.38,0.3,0.4,0.29,0.0364
289,30.53,78.73,29.29,1834.0,234.7,0.9746,13.01,0.615,32.18,21.68,59.11,76.01,0.05,30.42,168.9,0.428,0.4894,orange,2,0.4,0.26,0.32,0.29,0.0329
290,30.53,78.75,30.39,1833.0,6.3,-0.3655,12.96,0.662,33.28,23.2,62.37,80.19,0.05,31.98,178.2,0.4465,0.4826,orange,2,0.4,0.18,0.34,0.29,0.0296
291,30.53,78.77,42.25,1783.0,240.9,1.5,12.53,0.579,34.45,24.78,63.94,82.22,0.05,33.58,182.7,0.5687,0.5637,orange,2,0.49,0.26,0.3,0.29,0.0266
292,30.53,78.79,9.01,1542.0,289.0,0.8528,14.27,0.632,35.69,26.41,60.83,78.21,0.05,35.21,173.8,0.2291,0.4455,yellow,1,0.2,0.38,0.19,0.29,0.0239
293,30.53,78.81,4.04,1830.0,113.5,-1.5,15.08,0.66,36.98,28.06,64.92,83.48,0.05,36.81,185.5,0.1888,0.5342,orange,2,0.31,0.45,0.29,0.29,0.0215
294,30.53,78.83,33.55,2138.0,227.1,0.0,12.84,0.608,38.24,29.75,67.83,87.21,0.05,37.95,193.8,0.4905,0.5042,orange,2,0.4,0.22,0.41,0.29,0.0199
295,30.53,78.85,27.29,2536.0,154.4,0.0,13.09,0.676,39.45,31.46,70.49,90.63,0.05,39.09,201.4,0.434,0.5932,orange,2,0.38,0.3,0.51,0.33,0.0185
296,30.53,78.87,12.74,2916.0,26.6,0.1218,13.92,0.718,40.71,33.19,65.1,83.7,0.05,39.89,186.0,0.2762,0.4439,yellow,1,0.16,0.33,0.36,0.33,0.0175
297,30.53,78.89,29.38,2679.0,105.5,-1.2183,13.0,0.613,42.02,34.94,63.63,81.81,0.05,40.76,181.8,0.4392,0.6,orange,2,0.52,0.22,0.43,0.33,0.0165
298,30.53,78.91,21.1,2062.0,357.6,0.9746,13.38,0.667,43.26,36.7,55.79,71.73,0.05,41.69,159.4,0.3385,0.3555,yellow,1,0.24,0.26,0.25,0.29,0.0155
299,30.53,78.93,27.22,2825.0,88.4,0.6091,13.09,0.629,44.38,38.48,61.74,79.38,0.05,42.69,176.4,0.4133,0.4934,orange,2,0.35,0.26,0.4,0.33,0.0145
300,30.53,78.95,11.79,2816.0,50.9,-1.5,14.0,0.722,45.54,40.27,63.66,81.86,0.05,43.75,181.9,0.2634,0.4594,orange,2,0.28,0.33,0.36,0.33,0.0135
301,30.53,78.97,28.53,2147.0,27.0,-0.2437,13.04,0.64,46.75,42.06,62.41,80.24,0.05,44.87,178.3,0.4279,0.4697,orange,2,0.38,0.26,0.3,0.29,0.0126
302,30.53,78.99,12.13,2671.0,132.7,0.0,13.97,0.717,48.01,43.87,70.88,91.12,0.05,46.04,202.5,0.2833,0.5105,orange,2,0.21,0.33,0.43,0.33,0.0116
303,30.53,79.01,20.0,2907.7,180.0,0.0,8.0,0.617,49.31,45.68,72.62,93.38,0.05,47.25,207.5,0.366,0.521,orange,2,0.21,0.14,0.47,0.33,0.0107
304,30.53,79.03,20.0,2852.7,180.0,0.0,8.0,0.703,50.64,47.51,74.76,96.12,0.05,48.51,213.6,0.3709,0.5155,orange,2,0.17,0.14,0.47,0.33,0.0098
305,30.53,79.05,20.0,2947.8,180.0,0.0,8.0,0.623,52.02,49.33,74.48,95.76,0.05,49.81,212.8,0.3702,0.521,orange,2,0.21,0.14,0.47,0.33,0.009
306,30.55,77.85,20.0,1247.5,180.0,0.0,8.0,0.696,38.4,37.2,48.79,62.73,0.05,40.9,139.4,0.3115,0.3144,yellow,1,0.17,0.14,0.25,0.29,0.0164
307,30.55,77.87,20.0,1220.9,180.0,0.0,8.0,0.621,36.52,35.31,45.85,58.95,0.05,39.83,131.0,0.3048,0.3221,yellow,1,0.21,0.14,0.25,0.29,0.0176
308,30.55,77.89,20.0,1218.0,180.0,0.0,8.0,0.604,34.65,33.42,43.96,56.52,0.05,38.82,125.6,0.3005,0.2764,green,0,0.21,0.1,0.2,0.29,0.0188
309,30.55,77.91,20.0,1533.6,180.0,0.0,8.0,0.649,32.77,31.53,48.54,62.41,0.05,37.88,138.7,0.311,0.3221,yellow,1,0.21,0.14,0.25,0.29,0.02
310,30.55,77.93,20.0,1568.6,180.0,0.0,8.0,0.678,30.9,29.64,49.66,63.86,0.05,37.01,141.9,0.3135,0.3144,yellow,1,0.17,0.14,0.25,0.29,0.0212
311,30.55,77.95,20.0,1215.2,180.0,0.0,8.0,0.624,29.04,27.75,45.43,58.41,0.05,36.22,129.8,0.3038,0.2764,green,0,0.21,0.1,0.2,0.29,0.0223
312,30.55,77.97,20.0,1185.7,180.0,0.0,8.0,0.648,27.17,25.87,47.36,60.89,0.05,35.52,135.3,0.3082,0.2786,green,0,0.18,0.18,0.2,0.29,0.0234
313,30.55,77.99,20.0,1405.4,180.0,0.0,8.0,0.682,25.32,23.98,53.62,68.94,0.05,34.9,153.2,0.3226,0.3144,yellow,1,0.17,0.14,0.25,0.29,0.0244
314,30.55,78.01,31.91,1393.0,74.2,0.853,12.9,0.667,23.47,22.1,55.47,71.33,0.05,34.38,158.5,0.4459,0.3911,yellow,1,0.31,0.22,0.22,0.29,0.0253
315,30.55,78.03,29.97,1524.0,156.0,0.4874,12.98,0.641,21.62,20.23,58.77,75.56,0.05,32.98,167.9,0.434,0.4717,orange,2,0.39,0.22,0.29,0.29,0.0277
316,30.55,78.05,35.14,1773.0,79.6,-0.2437,12.78,0.597,19.79,18.35,62.76,80.69,0.05,31.12,179.3,0.4948,0.521,orange,2,0.45,0.22,0.27,0.29,0.0314
317,30.55,78.07,41.49,1890.0,2.1,0.9748,12.55,0.629,17.98,16.49,63.31,81.41,0.05,29.27,180.9,0.5596,0.5557,orange,2,0.48,0.22,0.34,0.29,0.0355
318,30.55,78.09,35.67,2139.0,141.2,0.4874,12.76,0.571,16.18,14.63,65.24,83.88,0.05,27.42,186.4,0.5058,0.5977,orange,2,0.52,0.22,0.41,0.22,0.0402
319,30.55,78.11,27.42,2058.0,355.5,1.5,13.09,0.682,14.41,12.79,61.28,78.8,0.05,25.58,175.1,0.4143,0.4525,orange,2,0.36,0.26,0.3,0.22,0.0454
320,30.55,78.13,37.27,2202.0,156.1,0.0,12.7,0.621,12.68,10.97,61.42,78.98,0.05,23.75,175.5,0.5131,0.6319,orange,2,0.52,0.18,0.55,0.22,0.0513
321,30.55,78.15,14.79,1736.0,246.9,-0.853,13.76,0.689,11.0,9.18,52.18,67.09,0.05,21.94,149.1,0.2672,0.4042,yellow,1,0.24,0.33,0.17,0.22,0.0579
322,30.55,78.17,34.52,1809.0,41.2,1.5,12.8,0.647,9.41,7.44,53.23,68.44,0.05,20.13,152.1,0.4669,0.4752,orange,2,0.4,0.18,0.29,0.14,0.0653
323,30.55,78.19,28.38,1797.0,309.5,-0.3656,13.05,0.654,7.96,5.8,54.11,69.57,0.05,18.35,154.6,0.4075,0.4505,orange,2,0.37,0.3,0.18,0.14,0.0736
324,30.55,78.21,26.49,1997.0,247.8,0.1219,13.13,0.628,6.73,4.38,59.53,76.55,0.05,16.6,170.1,0.401,0.4908,orange,2,0.4,0.26,0.33,0.14,0.0827
325,30.55,78.23,28.15,2176.0,338.7,-0.7311,13.05,0.594,5.87,3.46,65.13,83.75,0.05,14.87,186.1,0.4304,0.5257,orange,2,0.44,0.3,0.3,0.09,0.0927
326,30.55,78.25,23.63,2453.0,290.8,-0.2437,13.26,0.664,4.75,3.46,72.2,92.84,0.05,13.2,206.3,0.4013,0.487,orange,2,0.24,0.32,0.4,0.09,0.1037
327,30.55,78.27,30.82,1542.0,333.0,-0.9748,12.95,0.615,2.85,3.8,58.59,75.33,0.05,11.6,167.4,0.4537,0.4963,orange,2,0.42,0.28,0.22,0.09,0.1154
328,30.55,78.29,36.47,1255.0,121.9,1.2185,12.73,0.632,0.95,1.9,54.32,69.84,0.05,10.11,155.2,0.5441,0.6079,orange,2,0.53,0.37,0.29,0.13,0.1275
329,30.55,78.31,19.59,1005.0,59.9,1.5,13.46,0.636,0.95,0.0,49.38,63.49,0.05,8.77,141.1,0.4031,0.545,orange,2,0.28,0.49,0.11,0.13,0.1394
330,30.55,78.33,25.27,1153.0,297.9,-0.4874,13.18,0.653,2.85,1.9,50.02,64.31,0.05,7.67,142.9,0.4934,0.4805,orange,2,0.35,0.4,0.15,0.05,0.008
331,30.55,78.35,32.57,902.0,205.1,1.4622,12.88,0.56,4.75,3.8,43.33,55.71,0.05,6.93,123.8,0.5727,0.46,orange,2,0.38,0.24,0.25,0.09,0.0097
332,30.55,78.37,29.8,1044.0,315.6,1.3404,12.99,0.59,5.63,5.63,43.19,55.53,0.05,6.66,123.4,0.5525,0.399,yellow,1,0.34,0.22,0.1,0.14,0.0104
333,30.55,78.39,49.82,1477.0,344.7,-1.5,12.26,0.686,5.63,5.63,48.51,62.37,0.05,6.93,138.6,0.7089,0.6489,orange,2,0.6,0.22,0.24,0.14,0.0097
334,30.55,78.41,23.84,1775.0,311.3,-0.6093,13.25,0.637,6.24,6.24,52.61,67.64,0.05,7.67,150.3,0.485,0.4011,yellow,1,0.31,0.3,0.2,0.14,0.008
335,30.55,78.43,34.95,1926.0,256.8,-0.7311,12.79,0.602,7.31,7.31,55.51,71.37,0.05,8.77,158.6,0.5707,0.5343,orange,2,0.46,0.18,0.34,0.14,0.1394
336,30.55,78.45,37.81,2444.0,178.5,-0.1219,12.68,0.579,8.66,8.66,65.8,84.6,0.05,10.11,188.0,0.5838,0.6345,orange,2,0.52,0.22,0.55,0.14,0.1275
337,30.55,78.47,44.3,1987.0,89.7,-1.0967,12.45,0.594,10.19,10.19,60.48,77.76,0.05,11.6,172.8,0.5928,0.6551,red,3,0.6,0.18,0.34,0.14,0.1154
338,30.55,78.49,9.03,1305.0,214.1,0.6093,14.27,0.705,11.83,11.83,51.59,66.33,0.05,13.2,147.4,0.2082,0.4484,yellow,1,0.2,0.38,0.21,0.22,0.1037
339,30.55,78.51,25.9,1743.0,165.5,-0.4874,13.15,0.66,13.54,11.73,61.14,78.61,0.05,14.87,174.7,0.3988,0.5052,orange,2,0.41,0.3,0.34,0.22,0.0927
340,30.55,78.53,23.21,2019.0,297.4,0.6093,13.28,0.689,15.29,11.26,66.99,86.13,0.05,15.89,191.4,0.3852,0.3983,yellow,1,0.24,0.3,0.3,0.22,0.0867
341,30.55,78.55,33.39,2225.0,286.6,-0.9748,12.85,0.637,17.08,11.1,70.45,90.59,0.05,16.77,201.3,0.4949,0.5346,orange,2,0.44,0.22,0.44,0.22,0.0817
342,30.55,78.57,28.64,2028.0,49.8,-0.4874,13.03,0.616,18.88,11.26,65.87,84.69,0.05,17.82,188.2,0.437,0.5257,orange,2,0.44,0.3,0.3,0.22,0.0762
343,30.55,78.59,32.58,1603.0,46.2,1.4622,12.88,0.632,20.71,11.73,56.56,72.72,0.05,18.99,161.6,0.4551,0.444,yellow,1,0.37,0.22,0.22,0.22,0.0705
344,30.55,78.61,26.57,1756.0,222.8,-0.4874,13.12,0.591,22.54,12.48,56.56,72.72,0.05,20.28,161.6,0.395,0.5284,orange,2,0.45,0.3,0.25,0.22,0.0647
345,30.55,78.63,28.93,1964.0,128.4,-0.7311,13.02,0.614,24.39,13.45,57.68,74.16,0.05,21.66,164.8,0.4211,0.5405,orange,2,0.46,0.26,0.32,0.22,0.059
346,30.55,78.65,16.76,1316.0,217.2,-1.2185,13.63,0.656,26.18,14.61,45.26,58.19,0.05,23.11,129.3,0.271,0.4415,yellow,1,0.37,0.26,0.16,0.22,0.0536
347,30.55,78.67,27.33,1618.0,256.3,-0.2437,13.09,0.647,27.37,15.91,49.98,64.26,0.05,24.55,142.8,0.3875,0.4545,orange,2,0.37,0.3,0.21,0.29,0.0487
348,30.55,78.69,20.71,2070.0,85.0,-0.4874,13.4,0.669,28.27,17.32,58.48,75.19,0.05,26.04,167.1,0.3408,0.3934,yellow,1,0.3,0.26,0.25,0.29,0.044
349,30.55,78.71,21.74,2439.0,148.1,-0.4874,13.35,0.648,29.28,18.82,66.67,85.73,0.05,27.59,190.5,0.3698,0.56,orange,2,0.38,0.3,0.47,0.29,0.0397
350,30.55,78.73,28.26,2517.0,247.9,-0.853,13.05,0.631,30.37,20.39,70.14,90.18,0.05,29.18,200.4,0.4429,0.5574,orange,2,0.46,0.3,0.43,0.33,0.0357
351,30.55,78.75,29.6,2109.0,17.8,-1.4622,12.99,0.606,31.53,22.0,66.15,85.05,0.05,30.81,189.0,0.4472,0.5681,orange,2,0.5,0.22,0.3,0.29,0.0321
352,30.55,78.77,31.28,2285.0,228.3,0.9748,12.93,0.628,32.77,23.66,70.91,91.17,0.05,32.46,202.6,0.4749,0.5882,orange,2,0.4,0.22,0.51,0.29,0.0287
353,30.55,78.79,8.75,2305.0,12.2,-0.7311,14.3,0.721,34.06,25.36,71.96,92.52,0.05,33.9,205.6,0.252,0.4767,orange,2,0.25,0.38,0.36,0.29,0.0261
354,30.55,78.81,16.3,1907.0,158.9,-1.5,13.66,0.693,35.32,27.08,64.72,83.2,0.05,35.03,184.9,0.3109,0.5006,orange,2,0.4,0.3,0.37,0.29,0.0242
355,30.55,78.83,29.53,2411.0,126.1,1.2185,13.0,0.601,36.53,28.82,71.47,91.89,0.05,36.22,204.2,0.4587,0.5571,orange,2,0.42,0.22,0.47,0.29,0.0224
356,30.55,78.85,38.16,2960.0,218.9,1.3404,12.67,0.574,37.79,30.59,68.11,87.57,0.05,37.07,194.6,0.5373,0.6008,orange,2,0.51,0.22,0.51,0.33,0.0211
357,30.55,78.87,21.44,3075.0,49.7,-0.3656,13.36,0.655,39.1,32.36,64.92,83.48,0.05,37.9,185.5,0.3628,0.4814,orange,2,0.27,0.25,0.4,0.37,0.02
358,30.55,78.89,32.35,2708.0,5.9,-0.853,12.89,0.641,40.36,34.15,64.82,83.34,0.05,38.82,185.2,0.4717,0.5346,orange,2,0.44,0.22,0.44,0.33,0.0188
359,30.55,78.91,36.41,2285.0,256.4,0.3656,12.73,0.603,41.46,35.96,61.21,78.7,0.05,39.8,174.9,0.504,0.5848,orange,2,0.5,0.18,0.47,0.29,0.0176
360,30.55,78.93,7.34,2829.0,204.1,-1.0967,14.48,0.716,42.62,37.77,63.31,81.41,0.05,40.85,180.9,0.2181,0.56,orange,2,0.3,0.38,0.47,0.33,0.0164
361,30.55,78.95,7.48,2889.0,38.1,-0.4874,14.46,0.708,43.83,39.59,64.43,82.84,0.05,41.95,184.1,0.2221,0.4708,orange,2,0.2,0.38,0.36,0.33,0.0152
362,30.55,78.97,12.17,2275.0,282.6,1.5,13.96,0.69,45.09,41.42,64.96,83.52,0.05,43.12,185.6,0.2702,0.4504,orange,2,0.21,0.33,0.36,0.29,0.0141
363,30.55,78.99,30.17,2681.0,75.5,1.5,12.97,0.605,46.39,43.25,70.38,90.5,0.05,44.33,201.1,0.4626,0.5294,orange,2,0.4,0.22,0.44,0.33,0.013
364,30.55,79.01,20.0,2685.7,180.0,0.0,8.0,0.625,47.73,45.09,72.62,93.38,0.05,45.59,207.5,0.366,0.5251,orange,2,0.24,0.14,0.47,0.33,0.012
365,30.55,79.03,20.0,3007.2,180.0,0.0,8.0,0.648,49.11,46.93,72.31,92.97,0.05,46.9,206.6,0.3653,0.5147,orange,2,0.21,0.09,0.47,0.37,0.011
366,30.55,79.05,20.0,2959.1,180.0,0.0,8.0,0.63,50.53,48.78,72.73,93.51,0.05,48.24,207.8,0.3662,0.521,orange,2,0.21,0.14,0.47,0.33,0.01
367,30.57,77.85,20.0,1402.5,180.0,0.0,8.0,0.678,37.99,37.46,51.52,66.24,0.05,39.12,147.2,0.3178,0.3144,yellow,1,0.17,0.14,0.25,0.29,0.0184
368,30.57,77.87,20.0,1239.7,180.0,0.0,8.0,0.683,36.93,35.59,47.95,61.65,0.05,37.99,137.0,0.3096,0.3144,yellow,1,0.17,0.14,0.25,0.29,0.0199
369,30.57,77.89,20.0,1360.6,180.0,0.0,8.0,0.629,35.07,33.71,49.38,63.49,0.05,36.93,141.1,0.3129,0.3221,yellow,1,0.21,0.14,0.25,0.29,0.0213
370,30.57,77.91,20.0,1268.5,180.0,0.0,8.0,0.645,33.22,31.84,47.6,61.2,0.05,35.94,136.0,0.3088,0.3221,yellow,1,0.21,0.14,0.25,0.29,0.0228
371,30.57,77.93,20.0,1120.9,180.0,0.0,8.0,0.637,31.38,29.97,45.32,58.27,0.05,35.03,129.5,0.3036,0.2462,green,0,0.18,0.14,0.15,0.29,0.0242
372,30.57,77.95,20.0,1442.3,180.0,0.0,8.0,0.658,29.54,28.1,51.27,65.92,0.05,34.19,146.5,0.3172,0.3144,yellow,1,0.17,0.14,0.25,0.29,0.0256
373,30.57,77.97,20.0,1762.0,180.0,0.0,8.0,0.675,27.71,26.24,57.43,73.84,0.05,33.44,164.1,0.3313,0.3144,yellow,1,0.17,0.14,0.25,0.29,0.0269
374,30.57,77.99,20.0,1558.1,180.0,0.0,8.0,0.655,25.89,24.39,54.81,70.47,0.05,32.79,156.6,0.3253,0.3144,yellow,1,0.17,0.14,0.25,0.29,0.0281
375,30.57,78.01,1.52,930.0,152.7,-0.3656,16.06,0.56,24.09,22.54,44.94,57.78,0.05,32.23,128.4,0.1179,0.5098,orange,2,0.25,0.45,0.15,0.29,0.0292
376,30.57,78.03,16.15,988.0,135.6,-0.975,13.67,0.613,22.3,20.71,46.27,59.49,0.05,31.78,132.2,0.2673,0.4249,yellow,1,0.32,0.34,0.16,0.29,0.03
377,30.57,78.05,15.01,1168.0,180.9,1.4625,13.75,0.584,20.53,18.88,49.24,63.31,0.05,30.72,140.7,0.2627,0.424,yellow,1,0.28,0.34,0.2,0.29,0.0322
378,30.57,78.07,24.57,1471.0,205.2,0.2438,13.21,0.719,18.78,17.08,53.87,69.26,0.05,28.84,153.9,0.3688,0.3982,yellow,1,0.25,0.3,0.29,0.29,0.0365
379,30.57,78.09,33.9,1566.0,73.3,-0.1219,12.83,0.652,17.07,15.29,54.74,70.38,0.05,26.97,156.4,0.4641,0.3911,yellow,1,0.31,0.22,0.22,0.29,0.0414
380,30.57,78.11,29.76,2113.0,86.7,0.3656,12.99,0.595,15.4,13.54,63.07,81.09,0.05,25.1,180.2,0.4418,0.4644,orange,2,0.38,0.22,0.3,0.22,0.0469
381,30.57,78.13,30.5,2449.0,79.4,-1.5,12.96,0.625,13.8,11.83,67.97,87.39,0.05,23.23,194.2,0.4604,0.5845,orange,2,0.5,0.22,0.44,0.22,0.0531
382,30.57,78.15,36.61,2695.0,221.7,0.6094,12.73,0.586,12.27,10.19,67.38,86.62,0.05,21.37,192.5,0.5201,0.609,orange,2,0.52,0.22,0.51,0.26,0.0602
383,30.57,78.17,29.57,2249.0,31.4,-1.5,13.0,0.68,10.87,8.66,64.12,82.44,0.05,19.51,183.2,0.4423,0.5462,orange,2,0.46,0.22,0.4,0.22,0.0681
384,30.57,78.19,22.53,2098.0,264.8,-1.4625,13.31,0.652,9.64,7.31,61.91,79.61,0.05,17.67,176.9,0.3668,0.4738,orange,2,0.38,0.26,0.33,0.14,0.077
385,30.57,78.21,42.66,2469.0,46.8,1.5,12.51,0.56,8.65,6.24,68.84,88.52,0.05,15.84,196.7,0.584,0.5845,orange,2,0.5,0.22,0.44,0.14,0.087
386,30.57,78.23,23.3,1833.0,346.4,1.5,13.27,0.623,7.01,5.63,58.97,75.83,0.05,14.02,168.5,0.3678,0.3934,yellow,1,0.3,0.26,0.25,0.14,0.0982
387,30.57,78.25,29.69,1807.0,119.1,0.7313,12.99,0.669,5.24,5.63,59.32,76.28,0.05,12.23,169.5,0.4325,0.4386,yellow,1,0.36,0.18,0.28,0.14,0.1106
388,30.57,78.27,26.33,1701.0,18.1,-1.4625,13.13,0.637,3.61,4.4,58.1,74.7,0.05,10.49,166.0,0.4402,0.5403,orange,2,0.47,0.32,0.18,0.14,0.1243
389,30.57,78.29,25.92,1050.0,77.1,0.1219,13.15,0.64,2.41,2.92,47.32,60.84,0.05,8.8,135.2,0.4606,0.4775,orange,2,0.33,0.4,0.15,0.09,0.139
390,30.57,78.31,23.64,1403.0,60.4,-1.2188,13.26,0.697,2.41,2.22,53.02,68.17,0.05,7.23,151.5,0.4969,0.4506,orange,2,0.34,0.36,0.2,0.09,0.009
391,30.57,78.33,7.14,799.0,119.2,-0.7313,14.51,0.609,3.61,2.92,42.28,54.36,0.05,5.84,120.8,0.3476,0.4594,orange,2,0.23,0.4,0.13,0.09,0.0132
392,30.57,78.35,27.89,1204.0,105.5,1.5,13.07,0.65,4.38,4.38,48.3,62.1,0.05,4.83,138.0,0.5984,0.4822,orange,2,0.39,0.32,0.27,0.14,0.0185
393,30.57,78.37,28.82,2082.0,303.7,-1.0969,13.03,0.681,3.46,3.46,62.23,80.01,0.05,4.44,177.8,0.6509,0.5474,orange,2,0.46,0.28,0.36,0.09,0.0213
394,30.57,78.39,45.83,1903.0,202.7,-1.5,12.4,0.637,3.46,3.46,58.55,75.29,0.05,4.83,167.3,0.793,0.7594,red,3,0.71,0.2,0.46,0.09,0.0185
395,30.57,78.41,32.11,2055.0,241.3,-1.5,12.9,0.64,4.38,4.38,60.83,78.21,0.05,5.84,173.8,0.6397,0.5983,orange,2,0.52,0.2,0.43,0.09,0.0132
396,30.57,78.43,35.73,2534.0,144.2,0.8531,12.76,0.643,5.8,5.8,68.25,87.75,0.05,7.23,195.0,0.6526,0.6182,orange,2,0.52,0.22,0.53,0.13,0.009
397,30.57,78.45,22.23,2224.0,30.3,-0.975,13.32,0.651,7.44,7.44,64.29,82.66,0.05,8.8,183.7,0.4625,0.5087,orange,2,0.3,0.3,0.42,0.14,0.139
398,30.57,78.47,26.5,1727.0,267.3,-0.7313,13.13,0.674,9.18,9.18,56.73,72.94,0.05,10.49,162.1,0.4388,0.4718,orange,2,0.39,0.3,0.21,0.14,0.1243
399,30.57,78.49,21.78,1745.0,314.0,-0.2438,13.35,0.656,10.97,10.55,57.85,74.39,0.05,12.23,165.3,0.35,0.374,yellow,1,0.21,0.3,0.18,0.14,0.1106
400,30.57,78.51,24.4,1727.0,208.2,-0.7313,13.22,0.685,12.79,9.66,58.27,74.92,0.05,13.1,166.5,0.3772,0.4141,yellow,1,0.31,0.3,0.29,0.14,0.1044
401,30.57,78.53,34.4,1988.0,80.9,0.3656,12.81,0.648,14.63,9.08,63.03,81.05,0.05,13.9,180.1,0.4881,0.4702,orange,2,0.38,0.22,0.34,0.22,0.0989
402,30.57,78.55,32.82,2487.0,2.5,1.5,12.87,0.625,16.49,8.88,71.43,91.84,0.05,14.91,204.1,0.4915,0.5294,orange,2,0.4,0.22,0.44,0.22,0.0925
403,30.57,78.57,26.26,2229.0,344.3,-0.1219,13.14,0.618,18.35,9.08,66.67,85.73,0.05,16.07,190.5,0.415,0.5019,orange,2,0.38,0.3,0.4,0.22,0.0856
404,30.57,78.59,37.94,2088.0,190.5,-1.5,12.68,0.59,20.23,9.66,63.59,81.77,0.05,17.37,181.7,0.5248,0.7017,red,3,0.64,0.22,0.45,0.22,0.0785
405,30.57,78.61,40.34,2272.0,103.4,1.5,12.59,0.624,21.79,10.55,65.87,84.69,0.05,18.77,188.2,0.554,0.6045,orange,2,0.52,0.22,0.47,0.22,0.0716
406,30.57,78.63,33.86,1625.0,61.1,1.5,12.83,0.651,23.39,11.69,54.21,69.7,0.05,20.21,154.9,0.4625,0.4087,yellow,1,0.33,0.22,0.22,0.22,0.065
407,30.57,78.65,27.31,1588.0,106.9,-0.6094,13.09,0.641,24.54,13.0,53.09,68.27,0.05,21.68,151.7,0.3945,0.5064,orange,2,0.43,0.3,0.21,0.22,0.0589
408,30.57,78.67,14.29,1875.0,191.9,0.3656,13.8,0.681,25.4,14.45,57.82,74.34,0.05,23.2,165.2,0.2751,0.4125,yellow,1,0.23,0.29,0.32,0.22,0.0532
409,30.57,78.69,16.8,2343.0,258.3,0.4875,13.63,0.64,26.38,15.99,65.97,84.83,0.05,24.78,188.5,0.3188,0.4833,orange,2,0.3,0.3,0.39,0.29,0.0479
410,30.57,78.71,18.09,2293.0,44.0,1.4625,13.55,0.618,27.45,17.6,65.77,84.56,0.05,26.41,187.9,0.3312,0.4579,orange,2,0.3,0.3,0.36,0.29,0.043
411,30.57,78.73,12.45,2505.0,144.1,-0.4875,13.94,0.651,28.61,19.27,70.03,90.05,0.05,28.06,200.1,0.2846,0.5197,orange,2,0.29,0.33,0.43,0.33,0.0385
412,30.57,78.75,35.73,2583.0,199.7,-0.3656,12.76,0.598,29.85,20.97,70.45,90.59,0.05,29.75,201.3,0.5183,0.6618,red,3,0.58,0.22,0.55,0.33,0.0344
413,30.57,78.77,38.51,2478.0,177.4,-1.5,12.66,0.596,31.15,22.71,71.08,91.39,0.05,30.99,203.1,0.5476,0.7101,red,3,0.64,0.22,0.55,0.29,0.0317
414,30.57,78.79,16.37,2361.0,60.3,-0.4875,13.65,0.668,32.4,24.47,69.37,89.19,0.05,32.11,198.2,0.3223,0.4579,orange,2,0.3,0.3,0.36,0.29,0.0294
415,30.57,78.81,33.92,2108.0,287.9,-0.7313,12.83,0.588,33.6,26.25,64.92,83.48,0.05,33.3,185.5,0.4876,0.5215,orange,2,0.44,0.22,0.34,0.29,0.0272
416,30.57,78.83,30.4,2331.0,96.4,-0.1219,12.96,0.606,34.87,28.04,68.11,87.57,0.05,34.26,194.6,0.4597,0.5546,orange,2,0.4,0.22,0.47,0.29,0.0255
417,30.57,78.85,21.91,2818.0,123.3,-0.975,13.34,0.671,36.19,29.85,68.49,88.06,0.05,35.06,195.7,0.3757,0.55,orange,2,0.29,0.3,0.47,0.33,0.0241
418,30.57,78.87,7.35,3226.0,313.8,-0.6094,14.48,0.579,37.45,31.67,65.52,84.24,0.05,35.95,187.2,0.2233,0.418,yellow,1,0.24,0.33,0.26,0.37,0.0228
419,30.57,78.89,41.27,2751.0,229.2,1.5,12.56,0.565,38.55,33.5,67.34,86.58,0.05,36.91,192.4,0.5666,0.609,orange,2,0.52,0.22,0.51,0.33,0.0213
420,30.57,78.91,26.94,2931.0,322.7,-0.975,13.11,0.631,39.7,35.33,66.08,84.96,0.05,37.94,188.8,0.4204,0.5127,orange,2,0.41,0.3,0.4,0.33,0.0199
421,30.57,78.93,20.98,2772.0,123.5,0.8531,13.39,0.658,40.91,37.18,66.95,86.09,0.05,39.04,191.3,0.3628,0.5466,orange,2,0.26,0.3,0.47,0.33,0.0185
422,30.57,78.95,20.67,3183.0,339.3,0.975,13.4,0.577,42.17,39.02,65.27,83.92,0.05,40.2,186.5,0.3559,0.4788,orange,2,0.25,0.25,0.4,0.37,0.0171
423,30.57,78.97,45.2,2954.0,308.7,-1.5,12.42,0.57,43.48,40.88,67.2,86.4,0.05,41.41,192.0,0.6036,0.7008,red,3,0.64,0.22,0.44,0.33,0.0158
424,30.57,78.99,27.77,2406.0,330.0,-0.8531,13.07,0.63,44.82,42.73,68.84,88.52,0.05,42.67,196.7,0.4351,0.5374,orange,2,0.44,0.3,0.4,0.29,0.0145
425,30.57,79.01,20.0,2803.3,180.0,0.0,8.0,0.696,46.21,44.59,69.58,89.46,0.05,43.98,198.8,0.359,0.5155,orange,2,0.17,0.14,0.47,0.33,0.0133
426,30.57,79.03,20.0,2665.9,180.0,0.0,8.0,0.664,47.64,46.41,70.73,90.94,0.05,45.33,202.1,0.3617,0.5196,orange,2,0.2,0.14,0.47,0.33,0.0122
427,30.57,79.05,20.0,2571.0,180.0,0.0,8.0,0.675,49.09,47.98,71.29,91.66,0.05,46.72,203.7,0.363,0.5196,orange,2,0.2,0.14,0.47,0.33,0.0111
428,30.59,77.85,20.0,1559.8,180.0,0.0,8.0,0.691,36.2,37.38,54.28,69.8,0.05,37.38,155.1,0.3241,0.3144,yellow,1,0.17,0.14,0.25,0.29,0.0207
429,30.59,77.87,20.0,1619.7,180.0,0.0,8.0,0.682,35.08,36.0,56.45,72.59,0.05,36.2,161.3,0.329,0.3144,yellow,1,0.17,0.14,0.25,0.29,0.0224
430,30.59,77.89,20.0,1239.1,180.0,0.0,8.0,0.636,34.04,34.15,50.89,65.43,0.05,35.08,145.4,0.3163,0.3221,yellow,1,0.21,0.14,0.25,0.29,0.0241
431,30.59,77.91,20.0,951.8,180.0,0.0,8.0,0.541,33.07,32.3,46.41,59.67,0.05,34.04,132.6,0.3061,0.2786,green,0,0.18,0.18,0.2,0.29,0.0258
432,30.59,77.93,20.0,1294.1,180.0,0.0,8.0,0.644,32.0,30.46,51.91,66.74,0.05,33.07,148.3,0.3186,0.3221,yellow,1,0.21,0.14,0.25,0.29,0.0276
433,30.59,77.95,20.0,1663.9,180.0,0.0,8.0,0.681,30.2,28.62,57.33,73.71,0.05,32.19,163.8,0.331,0.3144,yellow,1,0.17,0.14,0.25,0.29,0.0292
434,30.59,77.97,20.0,1666.0,180.0,0.0,8.0,0.691,28.41,26.8,56.24,72.31,0.05,31.39,160.7,0.3286,0.3144,yellow,1,0.17,0.14,0.25,0.29,0.0308
435,30.59,77.99,20.0,1741.6,180.0,0.0,8.0,0.701,26.64,24.99,56.31,72.41,0.05,30.69,160.9,0.3287,0.3144,yellow,1,0.17,0.14,0.25,0.29,0.0323
436,30.59,78.01,11.97,806.0,140.9,0.0,13.98,0.553,24.89,23.19,39.65,50.98,0.05,30.1,113.3,0.2103,0.3897,yellow,1,0.21,0.33,0.11,0.29,0.0336
437,30.59,78.03,29.27,1614.0,315.5,-0.7314,13.01,0.66,23.16,21.41,52.71,67.77,0.05,29.62,150.6,0.4132,0.4505,orange,2,0.37,0.3,0.18,0.29,0.0347
438,30.59,78.05,22.25,1483.0,302.7,-0.2438,13.32,0.701,21.47,19.65,50.61,65.07,0.05,29.25,144.6,0.3382,0.374,yellow,1,0.21,0.3,0.18,0.29,0.0356
439,30.59,78.07,25.17,1509.0,209.4,-1.0971,13.18,0.654,19.8,17.92,51.69,66.47,0.05,28.59,147.7,0.3699,0.55,orange,2,0.47,0.3,0.29,0.29,0.0372
440,30.59,78.09,30.71,1475.0,171.8,1.5,12.95,0.667,18.19,16.23,52.18,67.09,0.05,26.69,149.1,0.4264,0.4602,orange,2,0.37,0.22,0.33,0.29,0.0422
441,30.59,78.11,21.74,1971.0,29.2,0.9752,13.35,0.624,16.63,14.59,61.7,79.34,0.05,24.8,176.3,0.3584,0.3981,yellow,1,0.28,0.26,0.3,0.22,0.0479
442,30.59,78.13,25.19,2578.0,207.1,-0.8533,13.18,0.638,15.16,13.02,71.26,91.62,0.05,22.91,203.6,0.4148,0.6035,orange,2,0.48,0.3,0.51,0.26,0.0543
443,30.59,78.15,22.34,2915.0,113.6,0.1219,13.32,0.603,13.79,11.55,70.14,90.18,0.05,21.02,200.4,0.3837,0.5136,orange,2,0.27,0.3,0.43,0.26,0.0616
444,30.59,78.17,36.01,2717.0,97.4,0.8533,12.75,0.604,12.55,10.23,71.26,91.62,0.05,19.13,203.6,0.523,0.588,orange,2,0.5,0.22,0.47,0.26,0.0698
445,30.59,78.19,27.59,2439.0,177.8,-0.1219,13.08,0.657,11.35,9.11,70.88,91.12,0.05,17.24,202.5,0.4379,0.5932,orange,2,0.38,0.3,0.51,0.22,0.0792
446,30.59,78.21,30.99,1984.0,77.8,-0.3657,12.94,0.622,9.63,8.28,62.27,80.06,0.05,15.36,177.9,0.4522,0.5171,orange,2,0.44,0.18,0.34,0.22,0.0898
447,30.59,78.23,24.25,1788.0,69.2,1.5,13.23,0.613,8.0,7.83,57.78,74.3,0.05,13.48,165.1,0.3746,0.3843,yellow,1,0.27,0.3,0.18,0.14,0.1018
448,30.59,78.25,11.49,1214.0,275.3,-0.4876,14.02,0.64,6.5,7.23,47.01,60.44,0.05,11.61,134.3,0.2336,0.4031,yellow,1,0.26,0.33,0.14,0.14,0.1153
449,30.59,78.27,32.45,1353.0,255.4,-1.0971,12.88,0.633,5.28,5.84,48.54,62.41,0.05,9.76,138.7,0.5009,0.5559,orange,2,0.49,0.22,0.27,0.14,0.1305
450,30.59,78.29,33.96,1564.0,80.4,-1.5,12.82,0.637,4.54,4.83,51.83,66.64,0.05,7.92,148.1,0.5771,0.5372,orange,2,0.47,0.24,0.24,0.14,0.0076
451,30.59,78.31,12.7,1058.0,23.3,-0.4876,13.92,0.564,4.54,4.44,43.68,56.16,0.05,6.12,124.8,0.3984,0.4039,yellow,1,0.23,0.35,0.06,0.14,0.0122
452,30.59,78.33,40.17,929.0,209.0,-1.5,12.6,0.575,4.88,3.57,42.38,54.49,0.05,4.4,121.1,0.7202,0.638,orange,2,0.58,0.24,0.29,0.09,0.0216
453,30.59,78.35,23.94,1574.0,174.8,0.8533,13.24,0.653,3.06,2.71,54.36,69.89,0.05,2.92,155.3,0.6284,0.4967,orange,2,0.25,0.32,0.41,0.09,0.0403
454,30.59,78.37,26.77,2029.0,208.8,1.5,13.11,0.593,1.46,1.46,63.17,81.23,0.05,2.22,180.5,0.6974,0.6307,orange,2,0.48,0.45,0.53,0.13,0.0566
455,30.59,78.39,34.77,2147.0,152.6,-0.3657,12.79,0.637,1.46,1.46,66.08,84.96,0.05,2.92,188.8,0.7635,0.66,red,3,0.52,0.37,0.57,0.13,0.0403
456,30.59,78.41,25.31,2691.0,132.6,-1.219,13.18,0.607,3.06,3.06,71.4,91.8,0.05,4.4,204.0,0.6379,0.625,orange,2,0.52,0.32,0.53,0.09,0.0216
457,30.59,78.43,21.82,2665.0,234.0,1.5,13.34,0.648,4.88,4.88,71.36,91.76,0.05,6.12,203.9,0.5529,0.5723,orange,2,0.32,0.32,0.49,0.13,0.0122
458,30.59,78.45,11.95,2328.0,327.6,-0.2438,13.98,0.628,6.74,6.74,68.63,88.25,0.05,7.92,196.1,0.3954,0.47,orange,2,0.23,0.33,0.38,0.14,0.0076
459,30.59,78.47,20.0,1845.0,30.0,-0.4876,13.44,0.643,8.62,8.62,59.43,76.41,0.05,9.76,169.8,0.4013,0.4252,yellow,1,0.34,0.26,0.23,0.14,0.1305
460,30.59,78.49,24.88,1678.0,13.1,-1.5,13.2,0.616,10.51,8.77,55.41,71.24,0.05,10.39,158.3,0.4224,0.4505,orange,2,0.37,0.3,0.18,0.14,0.1251
461,30.59,78.51,41.32,1471.0,127.6,1.5,12.56,0.677,12.4,7.67,50.92,65.48,0.05,11.06,145.5,0.557,0.5236,orange,2,0.45,0.22,0.29,0.14,0.1196
462,30.59,78.53,27.88,1974.0,189.2,-0.4876,13.07,0.664,14.29,6.93,58.8,75.6,0.05,12.0,168.0,0.4132,0.5284,orange,2,0.44,0.26,0.36,0.14,0.1123
463,30.59,78.55,24.95,2436.0,244.9,-0.7314,13.19,0.632,15.88,6.66,66.57,85.59,0.05,13.15,190.2,0.4017,0.5244,orange,2,0.36,0.3,0.43,0.14,0.104
464,30.59,78.57,11.58,2416.0,336.7,0.7314,14.01,0.699,17.4,6.93,66.81,85.91,0.05,14.46,190.9,0.2685,0.4478,yellow,1,0.19,0.33,0.36,0.14,0.0954
465,30.59,78.59,26.34,2555.0,244.1,-0.1219,13.13,0.675,18.99,7.67,68.95,88.65,0.05,15.88,197.0,0.421,0.5244,orange,2,0.36,0.3,0.43,0.18,0.0867
466,30.59,78.61,23.88,1765.0,39.1,1.219,13.24,0.622,20.63,8.77,58.1,74.7,0.05,17.32,166.0,0.3716,0.3843,yellow,1,0.27,0.3,0.18,0.22,0.0788
467,30.59,78.63,29.07,2093.0,213.1,0.1219,13.02,0.594,21.73,10.11,64.72,83.2,0.05,18.82,184.9,0.4386,0.5173,orange,2,0.42,0.3,0.37,0.22,0.0713
468,30.59,78.65,20.9,1631.0,170.2,-1.5,13.39,0.605,22.55,11.6,57.64,74.11,0.05,20.39,164.7,0.3408,0.499,orange,2,0.41,0.3,0.29,0.22,0.0642
469,30.59,78.67,37.44,1611.0,284.6,-1.5,12.7,0.621,23.49,13.2,57.47,73.89,0.05,22.0,164.2,0.5058,0.6205,orange,2,0.57,0.22,0.22,0.22,0.0577
470,30.59,78.69,31.01,1637.0,221.3,-0.6095,12.94,0.681,24.54,14.87,57.51,73.94,0.05,23.66,164.3,0.4415,0.489,orange,2,0.41,0.22,0.29,0.22,0.0516
471,30.59,78.71,27.46,2091.0,85.8,0.3657,13.08,0.624,25.69,16.6,64.19,82.53,0.05,25.36,183.4,0.4213,0.4749,orange,2,0.38,0.3,0.3,0.29,0.0461
472,30.59,78.73,25.04,2256.0,74.2,0.6095,13.19,0.659,26.93,18.35,65.8,84.6,0.05,27.08,188.0,0.4008,0.4968,orange,2,0.34,0.3,0.4,0.29,0.0411
473,30.59,78.75,33.32,2565.0,128.0,0.2438,12.85,0.654,28.23,20.13,68.39,87.93,0.05,28.09,195.4,0.4895,0.5836,orange,2,0.36,0.22,0.51,0.33,0.0384
474,30.59,78.77,4.96,3203.0,122.8,0.4876,14.87,0.588,29.48,21.94,64.22,82.58,0.05,29.19,183.5,0.1964,0.4835,orange,2,0.2,0.4,0.33,0.37,0.0357
475,30.59,78.79,17.12,3020.0,80.3,-1.5,13.61,0.713,30.68,23.75,64.86,83.39,0.05,30.37,185.3,0.3194,0.4555,orange,2,0.33,0.25,0.36,0.37,0.033
476,30.59,78.81,12.73,2452.0,343.3,1.5,13.92,0.717,31.95,25.58,67.02,86.17,0.05,31.48,191.5,0.2805,0.4504,orange,2,0.21,0.33,0.36,0.29,0.0307
477,30.59,78.83,41.84,2051.0,341.0,-1.4628,12.54,0.577,33.28,27.42,61.07,78.53,0.05,32.24,174.5,0.558,0.6551,red,3,0.6,0.18,0.34,0.29,0.0291
478,30.59,78.85,36.12,2442.0,87.0,-0.8533,12.74,0.572,34.55,29.27,68.77,88.42,0.05,33.09,196.5,0.5184,0.6177,orange,2,0.54,0.22,0.44,0.29,0.0275
479,30.59,78.87,7.7,2670.0,225.9,1.5,14.43,0.648,35.63,31.12,70.07,90.09,0.05,34.03,200.2,0.2372,0.5215,orange,2,0.25,0.38,0.43,0.33,0.0259
480,30.59,78.89,8.29,3446.0,270.0,-1.5,14.35,0.384,36.78,32.98,66.95,86.09,0.05,35.04,191.3,0.2359,0.4299,yellow,1,0.32,0.33,0.26,0.37,0.0242
481,30.59,78.91,10.16,2705.0,76.3,1.5,14.15,0.694,37.99,34.84,71.33,91.71,0.05,36.13,203.8,0.2646,0.4504,orange,2,0.21,0.33,0.36,0.33,0.0225
482,30.59,78.93,33.22,2747.0,304.1,-0.3657,12.85,0.633,39.25,36.71,71.02,91.31,0.05,37.28,202.9,0.4945,0.5346,orange,2,0.44,0.22,0.44,0.33,0.0208
483,30.59,78.95,25.27,3258.0,58.1,0.3657,13.18,0.511,40.56,38.58,67.66,86.99,0.05,38.49,193.3,0.4073,0.4426,yellow,1,0.35,0.25,0.3,0.37,0.0192
484,30.59,78.97,15.86,3114.0,155.6,-0.3657,13.69,0.649,41.92,40.45,67.34,86.58,0.05,39.75,192.4,0.3125,0.5515,orange,2,0.35,0.25,0.47,0.37,0.0177
485,30.59,78.99,23.93,2544.0,99.8,0.7314,13.24,0.674,43.32,42.02,69.16,88.92,0.05,41.06,197.6,0.3974,0.5124,orange,2,0.26,0.3,0.43,0.33,0.0162
486,30.59,79.01,20.0,2600.1,180.0,0.0,8.0,0.622,44.75,43.58,67.79,87.16,0.05,42.42,193.7,0.355,0.5251,orange,2,0.24,0.14,0.47,0.33,0.0148
487,30.59,79.03,20.0,2400.0,180.0,0.0,8.0,0.666,46.22,45.17,66.01,84.87,0.05,43.82,188.6,0.3509,0.5196,orange,2,0.2,0.14,0.47,0.29,0.0135
488,30.59,79.05,20.0,2802.9,180.0,0.0,8.0,0.68,47.72,46.15,66.01,84.87,0.05,45.25,188.6,0.3509,0.5155,orange,2,0.17,0.14,0.47,0.33,0.0122
489,30.61,77.85,20.0,1667.7,180.0,0.0,8.0,0.617,34.45,35.69,56.21,72.27,0.05,35.69,160.6,0.3285,0.3221,yellow,1,0.21,0.14,0.25,0.29,0.0232
490,30.61,77.87,20.0,1419.0,180.0,0.0,8.0,0.716,33.28,34.45,54.74,70.38,0.05,34.45,156.4,0.3251,0.3144,yellow,1,0.17,0.14,0.25,0.29,0.0251
491,30.61,77.89,20.0,1258.9,180.0,0.0,8.0,0.698,32.18,33.28,54.07,69.53,0.05,33.28,154.5,0.3236,0.3144,yellow,1,0.17,0.14,0.25,0.29,0.0272
492,30.61,77.91,20.0,1485.9,180.0,0.0,8.0,0.658,31.15,32.18,58.66,75.42,0.05,32.18,167.6,0.3341,0.3144,yellow,1,0.17,0.14,0.25,0.29,0.0293
493,30.61,77.93,20.0,1527.1,180.0,0.0,8.0,0.608,30.21,31.1,58.77,75.56,0.05,31.15,167.9,0.3343,0.3221,yellow,1,0.21,0.14,0.25,0.29,0.0313
494,30.61,77.95,20.0,1403.8,180.0,0.0,8.0,0.662,29.36,29.31,54.84,70.52,0.05,30.21,156.7,0.3254,0.3144,yellow,1,0.17,0.14,0.25,0.29,0.0334
495,30.61,77.97,20.0,1634.3,180.0,0.0,8.0,0.673,28.62,27.53,56.07,72.09,0.05,29.36,160.2,0.3282,0.3144,yellow,1,0.17,0.14,0.25,0.29,0.0353
496,30.61,77.99,20.0,1846.2,180.0,0.0,8.0,0.701,27.55,25.77,56.84,73.08,0.05,28.62,162.4,0.3299,0.3771,yellow,1,0.2,0.1,0.32,0.29,0.0371
497,30.61,78.01,52.38,871.0,80.4,1.5,12.17,0.564,25.86,24.03,38.18,49.09,0.05,27.98,109.1,0.5373,0.5561,orange,2,0.51,0.22,0.12,0.29,0.0387
498,30.61,78.03,15.05,1425.0,175.7,-0.8535,13.74,0.707,24.21,22.31,46.3,59.54,0.05,27.46,132.3,0.2563,0.4083,yellow,1,0.31,0.3,0.25,0.29,0.0401
499,30.61,78.05,29.13,1480.0,119.3,-1.5,13.01,0.654,22.59,20.63,47.42,60.98,0.05,27.06,135.5,0.3997,0.5238,orange,2,0.45,0.3,0.21,0.29,0.0412
500,30.61,78.07,25.09,1928.0,120.2,-0.3658,13.19,0.663,21.01,18.99,56.49,72.63,0.05,26.79,161.4,0.38,0.5064,orange,2,0.42,0.26,0.32,0.29,0.0419
501,30.61,78.09,17.4,1518.0,52.0,1.0973,13.59,0.674,19.5,17.4,52.08,66.96,0.05,26.6,148.8,0.293,0.3709,yellow,1,0.23,0.3,0.14,0.29,0.0424
502,30.61,78.11,26.72,1758.0,130.2,-0.9754,13.12,0.601,18.05,15.88,58.94,75.78,0.05,24.7,168.4,0.4019,0.5112,orange,2,0.43,0.3,0.25,0.29,0.0482
503,30.61,78.13,35.91,2026.0,107.0,-0.7316,12.75,0.647,16.7,14.46,65.94,84.78,0.05,22.8,188.4,0.5098,0.6271,orange,2,0.56,0.22,0.37,0.22,0.0547
504,30.61,78.15,38.5,2174.0,43.8,-0.3658,12.66,0.649,15.47,13.15,69.93,89.91,0.05,20.9,199.8,0.5448,0.607,orange,2,0.54,0.22,0.34,0.22,0.0621
505,30.61,78.17,32.99,2343.0,56.1,0.4877,12.86,0.637,14.03,12.0,72.97,93.83,0.05,19.0,208.5,0.4967,0.5268,orange,2,0.38,0.22,0.44,0.22,0.0704
506,30.61,78.19,24.21,1892.0,59.8,1.5,13.23,0.608,12.39,11.06,64.22,82.58,0.05,17.1,183.5,0.3889,0.4071,yellow,1,0.3,0.3,0.3,0.22,0.08
507,30.61,78.21,37.47,1840.0,339.9,0.3658,12.7,0.665,10.84,10.39,61.07,78.53,0.05,15.2,174.5,0.5143,0.5171,orange,2,0.44,0.18,0.34,0.22,0.0908
508,30.61,78.23,21.32,1482.0,221.6,-0.4877,13.37,0.725,9.41,10.04,52.29,67.23,0.05,13.3,149.4,0.3327,0.4083,yellow,1,0.31,0.3,0.25,0.22,0.103
509,30.61,78.25,31.28,1991.0,221.3,1.5,12.93,0.615,8.18,8.77,58.17,74.79,0.05,11.4,166.2,0.4633,0.5198,orange,2,0.44,0.18,0.36,0.22,0.1169
510,30.61,78.27,30.55,1706.0,95.9,-0.1219,12.96,0.625,7.24,7.67,51.55,66.29,0.05,9.5,147.3,0.4963,0.4514,orange,2,0.37,0.22,0.27,0.14,0.1327
511,30.61,78.29,28.2,1449.0,172.6,-0.3658,13.05,0.677,6.73,6.19,46.62,59.94,0.05,7.6,133.2,0.5169,0.5015,orange,2,0.41,0.3,0.31,0.14,0.0082
512,30.61,78.31,41.26,1107.0,304.3,0.2439,12.56,0.622,6.73,4.3,41.68,53.59,0.05,5.7,119.1,0.6916,0.4827,orange,2,0.42,0.22,0.18,0.14,0.0138
513,30.61,78.33,35.95,1387.0,218.3,0.1219,12.75,0.662,4.88,2.42,48.41,62.24,0.05,3.8,138.3,0.7093,0.5335,orange,2,0.45,0.24,0.35,0.09,0.0274
514,30.61,78.35,12.33,1911.0,90.0,-1.0973,13.95,0.708,3.06,0.65,59.92,77.04,0.05,1.9,171.2,0.5548,0.4774,orange,2,0.31,0.31,0.38,0.05,0.0664
515,30.61,78.37,20.24,1425.0,190.8,1.5,13.43,0.717,1.46,1.46,54.49,70.06,0.05,0.0,155.7,0.677,0.5478,orange,2,0.31,0.45,0.41,0.13,0.1263
516,30.61,78.39,11.54,2238.0,236.4,-0.2439,14.02,0.635,1.46,1.46,70.31,90.41,0.05,1.9,200.9,0.5707,0.6352,orange,2,0.29,0.48,0.55,0.13,0.0664
517,30.61,78.41,16.94,2309.0,85.6,1.2193,13.62,0.708,3.06,3.06,72.48,93.19,0.05,3.8,207.1,0.5742,0.5064,orange,2,0.26,0.32,0.42,0.09,0.0274
518,30.61,78.43,34.29,2160.0,13.4,0.1219,12.81,0.637,4.88,4.88,69.54,89.41,0.05,5.7,198.7,0.6856,0.4952,orange,2,0.38,0.24,0.4,0.09,0.0138
519,30.61,78.45,18.53,2398.0,319.3,-0.6096,13.52,0.692,6.74,6.24,71.86,92.39,0.05,7.6,205.3,0.4779,0.4749,orange,2,0.3,0.3,0.38,0.14,0.0184
520,30.61,78.47,26.69,2400.0,237.8,0.0,13.12,0.661,8.62,7.31,69.3,89.1,0.05,7.83,198.0,0.547,0.5745,orange,2,0.36,0.3,0.49,0.09,0.0102
521,30.61,78.49,16.77,1951.0,327.5,-0.3658,13.63,0.656,10.23,7.23,58.94,75.78,0.05,8.28,168.4,0.411,0.3903,yellow,1,0.3,0.26,0.23,0.09,0.144
522,30.61,78.51,32.06,1626.0,18.9,0.0,12.9,0.652,11.55,5.84,51.13,65.75,0.05,9.11,146.1,0.5219,0.3943,yellow,1,0.31,0.22,0.24,0.09,0.1362
523,30.61,78.53,32.87,1650.0,153.6,0.4877,12.87,0.674,13.02,4.83,50.19,64.53,0.05,10.23,143.4,0.4951,0.4431,yellow,1,0.35,0.22,0.33,0.14,0.1264
524,30.61,78.55,40.6,2227.0,80.8,-0.6096,12.58,0.587,14.59,4.44,59.88,77.0,0.05,11.55,171.1,0.5559,0.6146,orange,2,0.54,0.18,0.44,0.14,0.1157
525,30.61,78.57,22.5,2567.0,56.2,-0.8535,13.31,0.681,16.23,4.83,65.48,84.19,0.05,13.0,187.1,0.3747,0.4918,orange,2,0.3,0.3,0.4,0.18,0.1051
526,30.61,78.59,42.64,2175.0,49.9,-0.9754,12.51,0.609,17.92,5.84,62.76,80.69,0.05,14.45,179.3,0.5698,0.6033,orange,2,0.54,0.18,0.34,0.14,0.0954
527,30.61,78.61,25.38,2239.0,248.5,-0.7316,13.17,0.642,18.96,7.23,66.67,85.73,0.05,15.99,190.5,0.4062,0.5574,orange,2,0.46,0.3,0.43,0.14,0.0861
528,30.61,78.63,28.14,1842.0,46.0,-1.5,13.05,0.631,19.71,8.8,62.54,80.41,0.05,17.6,178.7,0.4244,0.5723,orange,2,0.5,0.26,0.3,0.22,0.0773
529,30.61,78.65,17.02,1953.0,177.7,0.1219,13.61,0.685,20.61,10.49,66.11,85.01,0.05,19.27,188.9,0.3213,0.4637,orange,2,0.28,0.3,0.37,0.22,0.0692
530,30.61,78.67,22.41,2129.0,306.4,0.0,13.31,0.627,21.63,12.23,69.44,89.28,0.05,20.97,198.4,0.3828,0.4042,yellow,1,0.28,0.3,0.3,0.22,0.0618
531,30.61,78.69,30.04,2126.0,163.7,-0.6096,12.98,0.668,22.77,14.02,68.39,87.93,0.05,22.71,195.4,0.4567,0.5429,orange,2,0.44,0.22,0.45,0.22,0.055
532,30.61,78.71,20.04,2133.0,248.8,-1.0973,13.44,0.689,24.01,15.84,66.36,85.32,0.05,24.2,189.6,0.3521,0.4788,orange,2,0.38,0.3,0.33,0.29,0.0498
533,30.61,78.73,7.69,1905.0,308.8,0.3658,14.43,0.642,25.32,17.67,59.78,76.86,0.05,25.19,170.8,0.2135,0.4222,yellow,1,0.21,0.34,0.26,0.29,0.0466
534,30.61,78.75,15.0,2479.0,114.9,0.6096,13.75,0.705,26.56,19.51,66.71,85.77,0.05,26.28,190.6,0.3025,0.4718,orange,2,0.21,0.3,0.39,0.29,0.0434
535,30.61,78.77,38.26,2959.0,305.8,-0.1219,12.67,0.589,27.76,21.37,62.65,80.55,0.05,27.45,179.0,0.5258,0.5392,orange,2,0.45,0.18,0.44,0.33,0.0401
536,30.61,78.79,12.62,3315.0,152.0,0.2439,13.93,0.5,29.03,23.23,60.02,77.17,0.05,28.71,171.5,0.2634,0.4498,yellow,1,0.24,0.24,0.37,0.37,0.0369
537,30.61,78.81,23.63,3105.0,101.2,1.0973,13.26,0.645,30.37,25.1,61.74,79.38,0.05,29.43,176.4,0.3774,0.5051,orange,2,0.29,0.21,0.43,0.37,0.0351
538,30.61,78.83,46.81,2548.0,186.3,1.5,12.37,0.584,31.66,26.97,66.53,85.55,0.05,30.24,190.1,0.6021,0.6859,red,3,0.61,0.22,0.55,0.33,0.0333
539,30.61,78.85,29.2,2266.0,160.5,-1.2193,13.01,0.588,32.72,28.84,65.48,84.19,0.05,31.15,187.1,0.4417,0.6307,orange,2,0.54,0.3,0.51,0.29,0.0313
540,30.61,78.87,23.94,2644.0,136.1,1.5,13.24,0.682,33.86,30.72,71.47,91.89,0.05,32.14,204.2,0.4028,0.5511,orange,2,0.3,0.3,0.47,0.33,0.0293
541,30.61,78.89,29.84,3384.0,125.0,0.9754,12.98,0.428,35.06,32.6,69.82,89.78,0.05,33.21,199.5,0.458,0.4602,orange,2,0.37,0.17,0.37,0.37,0.0273
542,30.61,78.91,40.6,3030.0,332.1,0.1219,12.58,0.652,36.33,34.49,72.83,93.64,0.05,34.36,208.1,0.5725,0.5257,orange,2,0.41,0.17,0.44,0.37,0.0253
543,30.61,78.93,17.32,3651.0,164.9,-0.8535,13.59,0.323,37.65,36.13,69.37,89.19,0.05,35.56,198.2,0.3318,0.4626,orange,2,0.32,0.25,0.37,0.37,0.0233
544,30.61,78.95,29.2,2926.0,312.3,-1.5,13.01,0.619,39.01,37.64,71.61,92.07,0.05,36.83,204.6,0.4557,0.5622,orange,2,0.47,0.3,0.4,0.33,0.0215
545,30.61,78.97,20.38,2235.0,108.5,1.5,13.42,0.693,40.42,39.19,66.92,86.04,0.05,38.15,191.2,0.3568,0.5148,orange,2,0.28,0.3,0.43,0.29,0.0197
546,30.61,78.99,27.13,2336.0,84.7,-0.6096,13.1,0.66,41.87,40.77,65.77,84.56,0.05,39.52,187.9,0.4216,0.5044,orange,2,0.4,0.3,0.4,0.29,0.0179
547,30.61,79.01,20.0,2710.9,180.0,0.0,8.0,0.633,43.35,42.38,64.96,83.52,0.05,40.93,185.6,0.3485,0.5251,orange,2,0.24,0.14,0.47,0.33,0.0163
548,30.61,79.03,20.0,2950.5,180.0,0.0,8.0,0.607,44.87,43.58,62.19,79.97,0.05,42.37,177.7,0.3422,0.516,orange,2,0.21,0.1,0.47,0.33,0.0148
549,30.61,79.05,20.0,2937.3,180.0,0.0,8.0,0.7,46.41,43.99,62.09,79.83,0.05,43.86,177.4,0.3419,0.5102,orange,2,0.17,0.1,0.47,0.33,0.0134
550,30.63,77.85,20.0,1158.5,180.0,0.0,8.0,0.59,32.77,34.06,47.7,61.34,0.05,34.06,136.3,0.309,0.2786,green,0,0.18,0.18,0.2,0.29,0.0258
551,30.63,77.87,20.0,1329.3,180.0,0.0,8.0,0.688,31.53,32.77,53.9,69.3,0.05,32.77,154.0,0.3232,0.3144,yellow,1,0.17,0.14,0.25,0.29,0.0281
552,30.63,77.89,20.0,1786.7,180.0,0.0,8.0,0.654,30.37,31.53,64.02,82.31,0.05,31.53,182.9,0.3463,0.3671,yellow,1,0.17,0.18,0.3,0.29,0.0305
553,30.63,77.91,20.0,1791.6,180.0,0.0,8.0,0.681,29.28,30.37,65.1,83.7,0.05,30.37,186.0,0.3488,0.3671,yellow,1,0.17,0.18,0.3,0.29,0.033
554,30.63,77.93,20.0,1555.4,180.0,0.0,8.0,0.675,28.27,29.28,60.41,77.67,0.05,29.28,172.6,0.3381,0.3601,yellow,1,0.17,0.14,0.3,0.29,0.0355
555,30.63,77.95,20.0,1599.7,180.0,0.0,8.0,0.67,27.37,28.27,58.87,75.69,0.05,28.27,168.2,0.3346,0.3144,yellow,1,0.17,0.14,0.25,0.29,0.038
556,30.63,77.97,20.0,1567.9,180.0,0.0,8.0,0.655,26.56,27.37,55.09,70.83,0.05,27.37,157.4,0.3259,0.3144,yellow,1,0.17,0.14,0.25,0.29,0.0403
557,30.63,77.99,20.0,1335.5,180.0,0.0,8.0,0.696,25.87,26.56,47.77,61.43,0.05,26.56,136.5,0.3092,0.3144,yellow,1,0.17,0.14,0.25,0.29,0.0425
558,30.63,78.01,45.1,1068.0,339.7,1.5,12.43,0.573,25.31,25.03,40.49,52.07,0.05,25.87,115.7,0.5426,0.5561,orange,2,0.51,0.22,0.12,0.29,0.0445
559,30.63,78.03,26.53,1627.0,70.2,-0.8537,13.12,0.613,24.88,23.39,48.44,62.28,0.05,25.31,138.4,0.376,0.4854,orange,2,0.41,0.3,0.18,0.29,0.0463
560,30.63,78.05,33.09,1958.0,46.1,-1.3415,12.86,0.646,23.86,21.79,54.25,69.75,0.05,24.88,155.0,0.4549,0.5627,orange,2,0.5,0.18,0.29,0.29,0.0476
561,30.63,78.07,26.53,1980.0,250.2,-1.0976,13.12,0.622,22.37,20.25,56.49,72.63,0.05,24.59,161.4,0.3944,0.5873,orange,2,0.52,0.26,0.28,0.29,0.0485
562,30.63,78.09,26.45,2043.0,312.2,-0.6098,13.13,0.649,20.96,18.77,60.58,77.89,0.05,24.44,173.1,0.403,0.521,orange,2,0.44,0.26,0.3,0.29,0.049
563,30.63,78.11,24.77,1896.0,291.5,0.3659,13.2,0.642,19.62,17.37,61.6,79.2,0.05,24.44,176.0,0.3885,0.3981,yellow,1,0.28,0.26,0.3,0.29,0.049
564,30.63,78.13,24.3,1863.0,264.6,-0.7317,13.22,0.649,18.39,16.07,64.08,82.39,0.05,22.91,183.1,0.3895,0.462,orange,2,0.36,0.3,0.33,0.29,0.0543
565,30.63,78.15,43.04,2277.0,231.3,1.5,12.5,0.597,16.79,14.91,72.91,93.74,0.05,21.02,208.3,0.597,0.609,orange,2,0.52,0.22,0.51,0.22,0.0616
566,30.63,78.17,29.44,2019.0,85.7,-1.3415,13.0,0.659,15.21,13.9,68.81,88.47,0.05,19.13,196.6,0.4517,0.5335,orange,2,0.46,0.22,0.3,0.22,0.0698
567,30.63,78.19,29.64,1677.0,60.2,1.4634,12.99,0.617,13.71,13.1,61.63,79.25,0.05,17.24,176.1,0.4373,0.4455,yellow,1,0.37,0.22,0.23,0.22,0.0792
568,30.63,78.21,39.18,1667.0,273.0,-0.2439,12.63,0.633,12.33,12.54,58.66,75.42,0.05,15.36,167.6,0.5259,0.5146,orange,2,0.45,0.22,0.22,0.22,0.0898
569,30.63,78.23,29.76,1548.0,82.4,1.5,12.99,0.611,11.09,11.69,53.23,68.44,0.05,13.48,152.1,0.4193,0.4381,yellow,1,0.37,0.22,0.18,0.22,0.1018
570,30.63,78.25,23.42,1470.0,22.5,1.5,13.27,0.669,10.07,10.13,48.68,62.59,0.05,11.61,139.1,0.3567,0.3774,yellow,1,0.23,0.3,0.18,0.22,0.1153
571,30.63,78.27,22.47,1334.0,78.2,0.8537,13.31,0.629,9.33,8.27,44.13,56.74,0.05,9.76,126.1,0.391,0.3405,yellow,1,0.25,0.26,0.15,0.22,0.1305
572,30.63,78.29,20.97,1649.0,111.6,0.8537,13.39,0.623,8.93,6.43,48.72,62.64,0.05,7.92,139.2,0.4401,0.392,yellow,1,0.27,0.3,0.23,0.14,0.0076
573,30.63,78.31,15.29,952.0,348.9,-1.5,13.73,0.552,7.44,4.63,37.97,48.83,0.05,6.12,108.5,0.4113,0.4077,yellow,1,0.34,0.3,0.06,0.14,0.0122
574,30.63,78.33,31.41,958.0,11.9,1.5,12.92,0.595,5.8,2.97,40.53,52.11,0.05,4.4,115.8,0.6284,0.4114,yellow,1,0.34,0.22,0.18,0.09,0.0216
575,30.63,78.35,30.87,1478.0,192.5,-0.9756,12.94,0.722,4.38,1.84,52.61,67.64,0.05,2.92,150.3,0.6937,0.541,orange,2,0.41,0.24,0.45,0.05,0.0403
576,30.63,78.37,25.47,1924.0,236.4,-1.0976,13.17,0.612,3.46,2.28,63.49,81.63,0.05,2.22,181.4,0.6851,0.6141,orange,2,0.52,0.32,0.49,0.05,0.0566
577,30.63,78.39,30.34,2006.0,54.1,1.5,12.97,0.604,3.46,3.46,67.44,86.72,0.05,2.92,192.7,0.7223,0.5481,orange,2,0.4,0.24,0.46,0.05,0.0403
578,30.63,78.41,24.55,1613.0,104.9,0.4878,13.21,0.644,4.38,3.46,62.05,79.79,0.05,4.4,177.3,0.609,0.4227,yellow,1,0.27,0.32,0.32,0.05,0.0332
579,30.63,78.43,38.14,2296.0,68.2,-1.4634,12.67,0.638,5.63,3.46,73.04,93.91,0.05,6.12,208.7,0.7199,0.6695,red,3,0.6,0.22,0.46,0.09,0.0447
580,30.63,78.45,32.25,1825.0,60.0,-1.5,12.89,0.676,6.24,4.38,63.03,81.05,0.05,5.63,180.1,0.6524,0.5462,orange,2,0.46,0.22,0.4,0.09,0.0468
581,30.63,78.47,33.55,2265.0,170.5,1.3415,12.84,0.628,7.31,5.8,67.27,86.49,0.05,5.63,192.2,0.675,0.6759,red,3,0.44,0.22,0.61,0.09,0.0408
582,30.63,78.49,19.03,1995.0,54.1,1.5,13.49,0.636,8.66,5.28,59.29,76.23,0.05,6.24,169.4,0.4938,0.3903,yellow,1,0.3,0.26,0.23,0.05,0.0361
583,30.63,78.51,27.25,2308.0,157.3,-1.2195,13.09,0.599,10.19,4.4,61.63,79.25,0.05,7.31,176.1,0.5503,0.63,orange,2,0.54,0.26,0.53,0.09,0.0286
584,30.63,78.53,11.24,1873.0,319.3,0.9756,14.05,0.644,11.83,2.92,52.67,67.73,0.05,8.66,150.5,0.3302,0.3767,yellow,1,0.23,0.29,0.23,0.09,0.1403
585,30.63,78.55,27.78,1831.0,286.1,0.122,13.07,0.611,13.54,2.22,51.97,66.83,0.05,10.11,148.5,0.4519,0.4628,orange,2,0.38,0.26,0.25,0.09,0.1275
586,30.63,78.57,31.38,1944.0,234.1,1.3415,12.92,0.598,15.29,2.92,55.54,71.41,0.05,11.6,158.7,0.4524,0.5027,orange,2,0.42,0.18,0.36,0.09,0.1154
587,30.63,78.59,28.04,2502.0,176.9,-0.122,13.06,0.589,16.25,4.4,67.83,87.21,0.05,13.2,193.8,0.4354,0.5973,orange,2,0.42,0.3,0.51,0.18,0.1037
588,30.63,78.61,23.49,2675.0,192.9,-0.122,13.26,0.651,16.9,6.12,70.35,90.45,0.05,14.87,201.0,0.3957,0.5829,orange,2,0.28,0.3,0.51,0.18,0.0927
589,30.63,78.63,38.15,1937.0,342.3,-1.5,12.67,0.593,17.74,7.92,64.96,83.52,0.05,16.6,185.6,0.53,0.6582,red,3,0.6,0.22,0.34,0.14,0.0827
590,30.63,78.65,16.91,2289.0,92.7,0.6098,13.62,0.71,18.73,9.76,72.94,93.78,0.05,18.35,208.4,0.3358,0.4782,orange,2,0.26,0.3,0.39,0.22,0.0736
591,30.63,78.67,12.29,2803.0,147.4,-0.8537,13.95,0.678,19.85,11.61,75.36,96.89,0.05,20.12,215.3,0.2951,0.5162,orange,2,0.26,0.33,0.43,0.26,0.0654
592,30.63,78.69,47.33,2951.0,221.4,1.0976,12.35,0.615,21.08,13.48,73.36,94.32,0.05,21.34,209.6,0.6177,0.6578,red,3,0.58,0.22,0.51,0.26,0.0603
593,30.63,78.71,23.08,2799.0,115.5,1.5,13.28,0.611,22.41,15.36,71.54,91.98,0.05,22.3,204.4,0.3943,0.5196,orange,2,0.32,0.3,0.43,0.33,0.0565
594,30.63,78.73,24.6,2503.0,4.6,-0.8537,13.21,0.682,23.65,17.24,69.68,89.59,0.05,23.36,199.1,0.4053,0.4918,orange,2,0.3,0.3,0.4,0.33,0.0527
595,30.63,78.75,32.49,2393.0,120.2,0.9756,12.88,0.627,24.84,19.13,64.58,83.03,0.05,24.53,184.5,0.4725,0.5882,orange,2,0.4,0.22,0.51,0.29,0.0487
596,30.63,78.77,28.52,2663.0,196.0,-1.5,13.04,0.674,26.11,21.02,63.1,81.14,0.05,25.79,180.3,0.4294,0.6056,orange,2,0.5,0.3,0.51,0.33,0.0448
597,30.63,78.79,28.49,2966.0,205.6,1.0976,13.04,0.644,27.46,22.91,60.55,77.85,0.05,26.65,173.0,0.4233,0.5928,orange,2,0.41,0.26,0.51,0.33,0.0423
598,30.63,78.81,12.56,3466.0,56.7,-0.122,13.93,0.406,28.76,24.8,58.69,75.47,0.05,27.41,167.7,0.2598,0.3239,yellow,1,0.2,0.24,0.21,0.37,0.0402
599,30.63,78.83,35.45,3025.0,195.2,0.6098,12.77,0.678,29.81,26.69,63.28,81.36,0.05,28.28,180.8,0.4991,0.6234,orange,2,0.45,0.17,0.55,0.37,0.0379
600,30.63,78.85,30.3,2730.0,3.2,-0.7317,12.97,0.601,30.94,28.59,68.11,87.57,0.05,29.25,194.6,0.4587,0.5346,orange,2,0.44,0.22,0.44,0.33,0.0356
601,30.63,78.87,49.43,2574.0,282.1,-0.122,12.27,0.545,32.14,30.32,72.34,93.02,0.05,30.3,206.7,0.6154,0.626,orange,2,0.55,0.22,0.44,0.33,0.0332
602,30.63,78.89,44.33,3081.0,245.2,0.3659,12.45,0.693,33.41,31.77,72.45,93.15,0.05,31.44,207.0,0.6089,0.5538,orange,2,0.43,0.17,0.47,0.37,0.0307
603,30.63,78.91,15.93,3703.0,74.7,-0.8537,13.68,0.258,34.73,33.27,70.59,90.77,0.05,32.64,201.7,0.3207,0.4281,yellow,1,0.34,0.25,0.26,0.37,0.0284
604,30.63,78.93,26.07,3138.0,83.4,-0.7317,13.14,0.646,36.11,34.81,73.25,94.19,0.05,33.91,209.3,0.4281,0.5073,orange,2,0.41,0.25,0.4,0.37,0.0261
605,30.63,78.95,25.72,2740.0,55.5,-1.5,13.16,0.633,37.53,36.38,73.47,94.45,0.05,35.24,209.9,0.4251,0.587,orange,2,0.5,0.3,0.4,0.33,0.0239
606,30.63,78.97,23.44,2488.0,24.3,-0.122,13.26,0.605,38.99,37.98,71.47,91.89,0.05,36.61,204.2,0.3978,0.4893,orange,2,0.28,0.3,0.4,0.29,0.0218
607,30.63,78.99,34.28,2078.0,30.3,-0.3659,12.81,0.637,40.49,39.61,61.11,78.57,0.05,38.04,174.6,0.4825,0.5171,orange,2,0.44,0.18,0.34,0.29,0.0198
608,30.63,79.01,20.0,3259.3,180.0,0.0,8.0,0.493,42.02,41.06,61.18,78.66,0.05,39.5,174.8,0.3398,0.4172,yellow,1,0.21,0.05,0.37,0.37,0.018
609,30.63,79.03,20.0,3186.1,180.0,0.0,8.0,0.549,43.58,41.41,59.74,76.81,0.05,41.0,170.7,0.3366,0.5097,orange,2,0.21,0.05,0.47,0.37,0.0163
610,30.63,79.05,20.0,2976.9,180.0,0.0,8.0,0.662,45.17,41.84,60.62,77.94,0.05,41.84,173.2,0.3386,0.5102,orange,2,0.17,0.1,0.47,0.33,0.0154
611,30.65,77.85,20.0,1196.4,180.0,0.0,8.0,0.62,31.15,32.51,48.3,62.1,0.05,32.51,138.0,0.3104,0.2786,green,0,0.18,0.18,0.2,0.29,0.0286
612,30.65,77.87,20.0,1617.9,180.0,0.0,8.0,0.705,29.85,31.15,58.13,74.75,0.05,31.15,166.1,0.3329,0.3144,yellow,1,0.17,0.14,0.25,0.29,0.0313
613,30.65,77.89,20.0,1714.7,180.0,0.0,8.0,0.617,28.61,29.85,61.81,79.47,0.05,29.85,176.6,0.3413,0.3673,yellow,1,0.21,0.14,0.3,0.29,0.0342
614,30.65,77.91,20.0,1760.3,180.0,0.0,8.0,0.682,27.45,28.61,63.42,81.54,0.05,28.61,181.2,0.345,0.3671,yellow,1,0.17,0.18,0.3,0.29,0.0371
615,30.65,77.93,20.0,1930.1,180.0,0.0,8.0,0.666,26.38,27.45,65.66,84.42,0.05,27.45,187.6,0.3501,0.429,yellow,1,0.2,0.14,0.37,0.29,0.0401
616,30.65,77.95,20.0,1701.0,180.0,0.0,8.0,0.685,25.4,26.38,59.92,77.04,0.05,26.38,171.2,0.337,0.3601,yellow,1,0.17,0.14,0.3,0.29,0.0431
617,30.65,77.97,20.0,1263.6,180.0,0.0,8.0,0.625,24.54,25.4,49.88,64.12,0.05,25.4,142.5,0.314,0.3221,yellow,1,0.21,0.14,0.25,0.29,0.046
618,30.65,77.99,20.0,1385.8,180.0,0.0,8.0,0.679,23.79,24.54,49.03,63.05,0.05,24.54,140.1,0.3121,0.3144,yellow,1,0.17,0.14,0.25,0.29,0.0487
619,30.65,78.01,0.84,829.0,344.0,0.4879,16.48,0.561,23.17,23.79,37.38,48.06,0.05,23.79,106.8,0.0938,0.4804,orange,2,0.15,0.45,0.04,0.29,0.0512
620,30.65,78.03,28.92,1092.0,175.4,0.6099,13.02,0.613,22.7,23.17,40.6,52.2,0.05,23.17,116.0,0.382,0.4431,yellow,1,0.36,0.3,0.19,0.29,0.0533
621,30.65,78.05,19.37,1232.0,54.9,0.9758,13.47,0.682,22.38,22.7,43.15,55.48,0.05,22.7,123.3,0.2923,0.3224,yellow,1,0.21,0.26,0.09,0.29,0.055
622,30.65,78.07,27.09,1677.0,173.6,1.5,13.1,0.689,22.22,21.66,52.18,67.09,0.05,22.38,149.1,0.3902,0.4651,orange,2,0.37,0.3,0.29,0.29,0.0562
623,30.65,78.09,20.18,1618.0,9.5,0.3659,13.43,0.636,22.22,20.28,53.72,69.08,0.05,22.22,153.5,0.3246,0.3809,yellow,1,0.25,0.3,0.18,0.29,0.0568
624,30.65,78.11,28.67,1687.0,47.2,1.2198,13.03,0.648,21.19,18.99,57.78,74.3,0.05,22.22,165.1,0.4188,0.4505,orange,2,0.37,0.3,0.18,0.29,0.0568
625,30.65,78.13,19.46,1711.0,66.4,1.5,13.47,0.668,19.6,17.82,60.72,78.08,0.05,22.38,173.5,0.3334,0.379,yellow,1,0.23,0.3,0.19,0.22,0.0562
626,30.65,78.15,37.01,2029.0,205.1,-1.5,12.71,0.642,18.06,16.77,67.62,86.94,0.05,21.37,193.2,0.5247,0.7017,red,3,0.64,0.22,0.45,0.22,0.0602
627,30.65,78.17,27.01,2164.0,36.6,-1.5,13.1,0.685,16.61,15.89,70.11,90.14,0.05,19.51,200.3,0.4303,0.5426,orange,2,0.46,0.3,0.3,0.22,0.0681
628,30.65,78.19,8.27,2011.0,243.0,-0.9758,14.36,0.652,15.25,15.19,66.33,85.28,0.05,17.67,189.5,0.2343,0.4696,orange,2,0.27,0.38,0.29,0.22,0.077
629,30.65,78.21,24.84,1626.0,81.2,-0.3659,13.2,0.616,14.01,14.34,57.54,73.98,0.05,15.84,164.4,0.3799,0.3982,yellow,1,0.31,0.3,0.18,0.22,0.087
630,30.65,78.23,16.29,1257.0,64.2,1.5,13.66,0.667,12.94,12.53,48.47,62.33,0.05,14.02,138.5,0.2737,0.3709,yellow,1,0.23,0.3,0.14,0.22,0.0982
631,30.65,78.25,25.59,1408.0,143.7,-1.2198,13.17,0.647,12.07,10.75,48.3,62.1,0.05,12.23,138.0,0.3663,0.5798,orange,2,0.51,0.3,0.25,0.22,0.1106
632,30.65,78.27,30.56,1470.0,217.1,1.3417,12.96,0.661,11.46,9.01,47.46,61.02,0.05,10.49,135.6,0.4582,0.4543,orange,2,0.37,0.22,0.29,0.22,0.1243
633,30.65,78.29,31.95,1324.0,304.5,-1.2198,12.9,0.622,10.19,7.36,44.41,57.11,0.05,8.8,126.9,0.5143,0.5234,orange,2,0.47,0.18,0.19,0.14,0.139
634,30.65,78.31,29.52,1380.0,256.5,0.122,13.0,0.626,8.66,5.85,46.16,59.36,0.05,7.23,131.9,0.54,0.4455,yellow,1,0.37,0.22,0.23,0.14,0.009
635,30.65,78.33,28.86,1048.0,236.9,1.5,13.02,0.605,7.31,4.65,42.63,54.81,0.05,5.84,121.8,0.5656,0.4458,yellow,1,0.36,0.3,0.21,0.14,0.0132
636,30.65,78.35,31.49,1687.0,197.7,1.5,12.92,0.639,6.24,4.02,56.14,72.18,0.05,4.83,160.4,0.6524,0.5028,orange,2,0.41,0.22,0.39,0.14,0.0185
637,30.65,78.37,40.01,1687.0,77.0,1.5,12.6,0.59,5.63,4.24,58.97,75.83,0.05,4.44,168.5,0.7554,0.5397,orange,2,0.47,0.22,0.28,0.09,0.0213
638,30.65,78.39,27.05,1292.0,58.9,-1.3417,13.1,0.632,4.38,3.06,54.49,70.06,0.05,4.83,155.7,0.6042,0.5468,orange,2,0.47,0.32,0.24,0.09,0.0297
639,30.65,78.41,32.2,1328.0,94.7,0.244,12.89,0.686,3.46,1.46,56.1,72.14,0.05,5.8,160.3,0.631,0.4256,yellow,1,0.33,0.24,0.31,0.05,0.05
640,30.65,78.43,22.83,1406.0,236.8,-0.122,13.29,0.701,3.46,1.46,57.02,73.31,0.05,4.38,162.9,0.5808,0.4156,yellow,1,0.23,0.32,0.31,0.05,0.0657
641,30.65,78.45,31.38,2003.0,72.9,-1.4637,12.92,0.626,4.38,3.06,65.31,83.97,0.05,3.46,186.6,0.7121,0.5816,orange,2,0.5,0.24,0.4,0.09,0.0961
642,30.65,78.47,35.14,2234.0,76.5,-1.2198,12.78,0.641,5.8,4.88,66.53,85.55,0.05,3.46,190.1,0.7525,0.6732,red,3,0.6,0.22,0.5,0.09,0.1198
643,30.65,78.49,35.49,2279.0,83.6,1.0978,12.77,0.664,7.44,3.61,64.43,82.84,0.05,4.38,184.1,0.7243,0.5868,orange,2,0.46,0.22,0.5,0.05,0.1009
644,30.65,78.51,33.97,2633.0,236.0,1.4637,12.82,0.653,9.18,2.41,64.99,83.56,0.05,5.8,185.7,0.6691,0.6366,orange,2,0.38,0.22,0.57,0.13,0.0611
645,30.65,78.53,40.14,2526.0,281.6,0.0,12.6,0.623,10.97,1.9,64.19,82.53,0.05,7.23,183.4,0.6874,0.5703,orange,2,0.48,0.22,0.46,0.09,0.0302
646,30.65,78.55,26.15,2127.0,58.2,0.4879,13.14,0.658,12.79,0.0,58.1,74.7,0.05,8.8,166.0,0.4876,0.431,yellow,1,0.34,0.26,0.27,0.05,0.139
647,30.65,78.57,7.84,2030.0,256.1,-0.8538,14.41,0.726,13.62,1.9,57.85,74.39,0.05,10.49,165.3,0.2548,0.4251,yellow,1,0.25,0.34,0.24,0.05,0.1243
648,30.65,78.59,37.31,2669.0,289.9,0.7319,12.7,0.61,14.14,3.8,67.3,86.54,0.05,12.23,192.3,0.5269,0.5679,orange,2,0.48,0.22,0.44,0.13,0.1106
649,30.65,78.61,24.64,2193.0,33.8,0.6099,13.21,0.65,14.89,5.7,65.91,84.74,0.05,14.02,188.3,0.397,0.4042,yellow,1,0.28,0.3,0.3,0.14,0.0982
650,30.65,78.63,22.84,2631.0,186.1,0.8538,13.29,0.664,15.83,7.6,73.01,93.87,0.05,15.73,208.6,0.3953,0.5829,orange,2,0.28,0.3,0.51,0.18,0.0876
651,30.65,78.65,26.86,2312.0,14.8,0.122,13.11,0.681,16.93,9.5,72.24,92.88,0.05,17.38,206.4,0.4337,0.4968,orange,2,0.34,0.3,0.4,0.22,0.0785
652,30.65,78.67,34.62,2240.0,111.2,0.122,12.8,0.656,18.16,11.4,71.43,91.84,0.05,18.5,204.1,0.5095,0.5496,orange,2,0.36,0.22,0.47,0.22,0.0728
653,30.65,78.69,33.74,2574.0,147.8,-0.9758,12.83,0.582,19.51,13.3,74.38,95.62,0.05,19.41,212.5,0.5074,0.5974,orange,2,0.48,0.22,0.51,0.26,0.0685
654,30.65,78.71,26.43,3038.0,110.5,0.8538,13.13,0.643,20.73,15.2,69.75,89.69,0.05,20.45,199.3,0.4237,0.5202,orange,2,0.37,0.25,0.43,0.37,0.0639
655,30.65,78.73,35.89,2729.0,245.8,-1.0978,12.75,0.601,21.92,17.1,68.56,88.16,0.05,21.61,195.9,0.5156,0.6869,red,3,0.62,0.22,0.47,0.33,0.0592
656,30.65,78.75,21.46,2507.0,50.6,-0.244,13.36,0.677,23.2,19.0,66.95,86.09,0.05,22.87,191.3,0.3676,0.4842,orange,2,0.24,0.3,0.4,0.33,0.0544
657,30.65,78.77,18.32,3165.0,111.7,0.122,13.53,0.604,24.56,20.9,61.46,79.02,0.05,23.9,175.6,0.3237,0.4675,orange,2,0.27,0.21,0.39,0.37,0.0508
658,30.65,78.79,32.56,3094.0,221.3,1.2198,12.88,0.62,25.88,22.8,61.04,78.48,0.05,24.6,174.4,0.4651,0.5815,orange,2,0.41,0.13,0.51,0.37,0.0485
659,30.65,78.81,27.42,3577.0,30.5,0.4879,13.09,0.302,26.91,24.65,59.15,76.05,0.05,25.43,169.0,0.4094,0.4031,yellow,1,0.32,0.21,0.25,0.37,0.0459
660,30.65,78.83,31.0,3183.0,112.6,-0.244,12.94,0.604,28.02,26.01,63.1,81.14,0.05,26.36,180.3,0.4542,0.5459,orange,2,0.37,0.17,0.47,0.37,0.0431
661,30.65,78.85,35.59,2497.0,322.7,-1.2198,12.76,0.641,29.22,27.43,69.37,89.19,0.05,27.39,198.2,0.5145,0.6676,red,3,0.6,0.22,0.44,0.29,0.0403
662,30.65,78.87,48.3,2866.0,316.2,-0.7319,12.31,0.637,30.49,28.9,70.35,90.45,0.05,28.52,201.0,0.6108,0.651,red,3,0.58,0.22,0.44,0.33,0.0373
663,30.65,78.89,30.0,3135.0,227.4,-0.3659,12.98,0.616,31.82,30.42,71.26,91.62,0.05,29.72,203.6,0.4629,0.5538,orange,2,0.43,0.17,0.47,0.37,0.0345
664,30.65,78.91,29.25,3551.0,335.2,-0.3659,13.01,0.355,33.21,31.98,70.24,90.31,0.05,30.99,200.7,0.4531,0.4683,orange,2,0.38,0.25,0.3,0.37,0.0317
665,30.65,78.93,48.6,3029.0,286.9,1.5,12.3,0.64,34.65,33.58,72.73,93.51,0.05,32.33,207.8,0.6162,0.6139,orange,2,0.54,0.17,0.44,0.37,0.029
666,30.65,78.95,15.22,2637.0,63.3,1.4637,13.73,0.62,36.13,35.21,73.22,94.14,0.05,33.72,209.2,0.3196,0.4579,orange,2,0.3,0.3,0.36,0.33,0.0264
667,30.65,78.97,15.86,2105.0,79.5,0.244,13.69,0.658,37.64,36.86,64.75,83.25,0.05,35.15,185.0,0.3066,0.3919,yellow,1,0.24,0.3,0.26,0.29,0.024
668,30.65,78.99,38.59,2010.0,148.1,-1.2198,12.65,0.596,39.19,38.54,60.27,77.49,0.05,36.63,172.2,0.5237,0.6957,red,3,0.64,0.18,0.41,0.29,0.0217
669,30.65,79.01,20.0,3143.9,180.0,0.0,8.0,0.585,40.77,38.87,62.61,80.51,0.05,38.15,178.9,0.3431,0.5097,orange,2,0.21,0.05,0.47,0.37,0.0197
670,30.65,79.03,20.0,3220.9,180.0,0.0,8.0,0.521,42.38,39.24,60.66,77.99,0.05,39.24,173.3,0.3386,0.4172,yellow,1,0.21,0.05,0.37,0.37,0.0183
671,30.65,79.05,20.0,3365.0,180.0,0.0,8.0,0.518,44.01,39.7,59.71,76.77,0.05,39.7,170.6,0.3365,0.4172,yellow,1,0.21,0.05,0.37,0.37,0.0177
672,30.67,77.85,20.0,1673.0,180.0,0.0,8.0,0.689,29.61,31.04,56.21,72.27,0.05,31.04,160.6,0.3285,0.3144,yellow,1,0.17,0.14,0.25,0.29,0.0316
673,30.67,77.87,20.0,1496.4,180.0,0.0,8.0,0.707,28.23,29.61,54.49,70.06,0.05,29.61,155.7,0.3246,0.3144,yellow,1,0.17,0.14,0.25,0.29,0.0347
674,30.67,77.89,20.0,1556.7,180.0,0.0,8.0,0.701,26.93,28.23,56.42,72.54,0.05,28.23,161.2,0.329,0.3144,yellow,1,0.17,0.14,0.25,0.29,0.0381
675,30.67,77.91,20.0,1855.0,180.0,0.0,8.0,0.706,25.69,26.93,61.81,79.47,0.05,26.93,176.6,0.3413,0.4229,yellow,1,0.2,0.1,0.37,0.29,0.0415
676,30.67,77.93,20.0,1765.2,180.0,0.0,8.0,0.673,24.54,25.69,60.02,77.17,0.05,25.69,171.5,0.3372,0.3601,yellow,1,0.17,0.14,0.3,0.29,0.0451
677,30.67,77.95,20.0,1538.0,180.0,0.0,8.0,0.633,23.49,24.54,55.33,71.14,0.05,24.54,158.1,0.3265,0.3221,yellow,1,0.21,0.14,0.25,0.29,0.0487
678,30.67,77.97,20.0,1699.4,180.0,0.0,8.0,0.61,22.55,23.49,56.84,73.08,0.05,23.49,162.4,0.3299,0.3221,yellow,1,0.21,0.14,0.25,0.29,0.0522
679,30.67,77.99,20.0,1818.9,180.0,0.0,8.0,0.681,21.73,22.55,57.54,73.98,0.05,22.55,164.4,0.3315,0.3771,yellow,1,0.2,0.1,0.32,0.29,0.0556
680,30.67,78.01,18.45,1539.0,317.2,-0.366,13.53,0.656,21.06,21.73,51.8,66.6,0.05,21.73,148.0,0.3029,0.3782,yellow,1,0.27,0.3,0.14,0.29,0.0587
681,30.67,78.03,27.41,1668.0,218.7,-1.5,13.09,0.654,20.54,21.06,53.41,68.67,0.05,21.06,152.6,0.3962,0.5455,orange,2,0.47,0.3,0.25,0.29,0.0614
682,30.67,78.05,34.2,1408.0,244.1,-0.61,12.82,0.723,20.18,20.54,49.14,63.18,0.05,20.54,140.4,0.4543,0.4659,orange,2,0.39,0.22,0.25,0.29,0.0636
683,30.67,78.07,37.17,1214.0,181.5,-0.854,12.71,0.611,20.0,20.18,46.58,59.89,0.05,20.18,133.1,0.4782,0.6144,orange,2,0.55,0.22,0.33,0.29,0.0651
684,30.67,78.09,25.0,1228.0,81.9,-0.366,13.19,0.654,20.0,20.0,47.98,61.7,0.05,20.0,137.1,0.3597,0.3843,yellow,1,0.27,0.3,0.18,0.29,0.0659
685,30.67,78.11,37.66,1288.0,238.8,-1.342,12.69,0.671,20.18,20.0,50.29,64.66,0.05,20.0,143.7,0.4916,0.6102,orange,2,0.55,0.22,0.29,0.22,0.0659
686,30.67,78.13,23.0,1637.0,225.7,1.342,13.29,0.648,20.07,19.66,57.29,73.66,0.05,20.18,163.7,0.361,0.3982,yellow,1,0.29,0.3,0.25,0.22,0.0651
687,30.67,78.15,30.93,1851.0,317.0,0.0,12.94,0.59,19.51,18.72,61.6,79.2,0.05,20.54,176.0,0.4501,0.4653,orange,2,0.38,0.18,0.34,0.22,0.0636
688,30.67,78.17,26.09,2319.0,325.8,-0.366,13.14,0.627,18.16,17.93,69.54,89.41,0.05,20.13,198.7,0.4199,0.5374,orange,2,0.44,0.3,0.4,0.22,0.0653
689,30.67,78.19,13.02,1615.0,266.5,1.5,13.89,0.654,16.93,16.86,57.19,73.53,0.05,18.35,163.4,0.2609,0.3975,yellow,1,0.2,0.33,0.17,0.22,0.0736
690,30.67,78.21,12.59,1373.0,294.9,0.488,13.93,0.692,15.83,15.11,52.08,66.96,0.05,16.6,148.8,0.2449,0.3858,yellow,1,0.16,0.33,0.14,0.22,0.0827
691,30.67,78.23,18.6,1482.0,200.4,-1.098,13.52,0.732,14.89,13.4,52.61,67.64,0.05,14.87,150.3,0.3062,0.4598,orange,2,0.37,0.3,0.25,0.22,0.0927
692,30.67,78.25,26.15,1760.0,266.2,-0.244,13.14,0.625,14.14,11.75,56.07,72.09,0.05,13.2,160.2,0.3897,0.4545,orange,2,0.37,0.3,0.21,0.22,0.1037
693,30.67,78.27,17.53,2028.0,221.8,-0.244,13.58,0.68,13.02,10.19,59.71,76.77,0.05,11.6,170.6,0.3234,0.4239,yellow,1,0.28,0.26,0.33,0.22,0.1154
694,30.67,78.29,20.84,1451.0,328.6,-1.5,13.4,0.669,11.55,8.76,49.73,63.95,0.05,10.11,142.1,0.3773,0.4156,yellow,1,0.33,0.3,0.18,0.22,0.1275
695,30.67,78.31,29.79,1505.0,191.8,1.098,12.99,0.678,10.23,7.54,51.03,65.61,0.05,8.77,145.8,0.5089,0.4573,orange,2,0.37,0.22,0.31,0.14,0.1394
696,30.67,78.33,33.04,1670.0,341.5,1.5,12.86,0.658,8.62,6.65,54.7,70.34,0.05,7.67,156.3,0.5818,0.4118,yellow,1,0.33,0.22,0.24,0.14,0.008
697,30.67,78.35,8.82,1063.0,160.2,0.244,14.29,0.618,6.74,6.23,45.78,58.86,0.05,6.93,130.8,0.3408,0.4868,orange,2,0.21,0.42,0.22,0.14,0.0097
698,30.67,78.37,33.59,1152.0,215.4,-0.976,12.84,0.626,4.88,4.88,48.54,62.41,0.05,6.66,138.7,0.6026,0.5013,orange,2,0.42,0.28,0.26,0.14,0.0104
699,30.67,78.39,38.22,1582.0,314.4,-1.5,12.67,0.597,3.06,3.06,56.73,72.94,0.05,6.74,162.1,0.6652,0.6245,orange,2,0.57,0.24,0.24,0.09,0.0392
700,30.67,78.41,31.66,1995.0,216.7,1.5,12.91,0.612,1.46,1.46,64.16,82.49,0.05,4.88,183.3,0.671,0.5839,orange,2,0.48,0.37,0.47,0.13,0.0906
701,30.67,78.43,13.31,1921.0,276.9,-1.342,13.87,0.717,1.46,1.46,62.72,80.64,0.05,3.06,179.2,0.5373,0.5337,orange,2,0.35,0.44,0.32,0.13,0.1554
702,30.67,78.45,26.32,1652.0,246.4,-1.5,13.13,0.632,3.06,3.06,57.4,73.8,0.05,1.46,164.0,0.7018,0.5733,orange,2,0.49,0.32,0.33,0.05,0.2687
703,30.67,78.47,30.22,1962.0,201.6,1.5,12.97,0.634,4.88,4.38,61.42,78.98,0.05,1.46,175.5,0.75,0.6412,orange,2,0.44,0.2,0.57,0.05,0.313
704,30.67,78.49,20.16,2414.0,116.7,0.244,13.43,0.704,6.74,2.85,67.72,87.08,0.05,2.92,193.5,0.6212,0.6151,orange,2,0.26,0.3,0.55,0.09,0.2087
705,30.67,78.51,19.94,2194.0,358.1,-0.61,13.44,0.671,8.62,0.95,62.93,80.91,0.05,4.4,179.8,0.5649,0.4183,yellow,1,0.3,0.26,0.32,0.05,0.1205
706,30.67,78.53,10.88,2358.0,108.6,0.244,14.08,0.68,10.11,0.95,65.06,83.66,0.05,6.12,185.9,0.4291,0.4933,orange,2,0.21,0.33,0.41,0.05,0.0756
707,30.67,78.55,22.64,2481.0,343.6,0.122,13.3,0.641,11.14,2.22,67.13,86.31,0.05,7.92,191.8,0.4989,0.5063,orange,2,0.28,0.3,0.42,0.09,0.0288
708,30.67,78.57,23.17,2508.0,302.6,1.5,13.28,0.617,11.46,2.92,68.04,87.48,0.05,9.63,194.4,0.4562,0.5087,orange,2,0.3,0.3,0.42,0.13,0.1315
709,30.67,78.59,22.7,2663.0,225.8,-0.61,13.3,0.636,12.07,4.4,68.32,87.84,0.05,11.35,195.2,0.402,0.5578,orange,2,0.36,0.3,0.47,0.18,0.1173
710,30.67,78.61,22.74,2518.0,264.2,0.122,13.3,0.675,12.94,6.12,70.38,90.5,0.05,13.12,201.1,0.3883,0.5124,orange,2,0.26,0.3,0.43,0.18,0.1042
711,30.67,78.63,15.02,2917.0,179.1,0.244,13.74,0.679,14.01,7.92,69.47,89.33,0.05,14.47,198.5,0.309,0.5455,orange,2,0.25,0.3,0.47,0.18,0.0953
712,30.67,78.65,25.04,2446.0,307.9,-0.122,13.19,0.67,15.25,9.76,71.54,91.98,0.05,15.63,204.4,0.4139,0.4968,orange,2,0.34,0.3,0.4,0.22,0.0882
713,30.67,78.67,26.47,2791.0,336.5,1.5,13.13,0.612,16.61,11.61,71.08,91.39,0.05,16.54,203.1,0.4272,0.5044,orange,2,0.4,0.3,0.4,0.26,0.083
714,30.67,78.69,27.0,2246.0,171.3,1.5,13.1,0.645,17.82,13.48,67.9,87.3,0.05,17.54,194.0,0.4252,0.5994,orange,2,0.44,0.3,0.51,0.22,0.0776
715,30.67,78.71,43.96,2878.0,267.8,0.366,12.47,0.645,18.99,15.36,69.19,88.97,0.05,18.69,197.7,0.5978,0.5633,orange,2,0.47,0.22,0.47,0.33,0.0719
716,30.67,78.73,32.82,3027.0,132.2,1.5,12.87,0.677,20.28,17.24,67.13,86.31,0.05,19.95,191.8,0.4816,0.5777,orange,2,0.35,0.17,0.51,0.37,0.0661
717,30.67,78.75,17.41,2926.0,12.7,-0.61,13.59,0.681,21.66,19.13,66.39,85.36,0.05,21.2,189.7,0.3259,0.4539,orange,2,0.27,0.3,0.36,0.33,0.0608
718,30.67,78.77,42.36,2899.0,283.4,0.976,12.52,0.568,23.0,20.45,65.62,84.38,0.05,21.82,187.5,0.5736,0.5429,orange,2,0.45,0.22,0.44,0.33,0.0584
719,30.67,78.79,42.24,3287.0,172.1,-1.5,12.53,0.568,24.0,21.74,63.24,81.31,0.05,22.59,180.7,0.567,0.6736,red,3,0.61,0.17,0.45,0.37,0.0555
720,30.67,78.81,37.5,3767.0,199.1,0.244,12.69,0.232,25.1,23.11,61.01,78.44,0.05,23.48,174.3,0.5144,0.5951,orange,2,0.52,0.13,0.45,0.37,0.0522
721,30.67,78.83,30.9,3289.0,55.0,0.122,12.94,0.493,26.3,24.55,64.36,82.76,0.05,24.49,183.9,0.4561,0.4382,yellow,1,0.35,0.17,0.34,0.37,0.0489
722,30.67,78.85,31.34,2664.0,336.9,-0.122,12.93,0.596,27.57,26.04,68.88,88.56,0.05,25.6,196.8,0.4708,0.5268,orange,2,0.38,0.22,0.44,0.33,0.0454
723,30.67,78.87,47.68,3174.0,234.9,1.5,12.34,0.596,28.91,27.59,67.48,86.76,0.05,26.8,192.8,0.6042,0.6383,orange,2,0.56,0.17,0.51,0.37,0.0419
724,30.67,78.89,24.94,3697.0,241.6,-1.5,13.19,0.27,30.32,29.18,65.8,84.6,0.05,28.07,188.0,0.3998,0.5066,orange,2,0.42,0.25,0.33,0.37,0.0385
725,30.67,78.91,17.4,3877.0,308.0,-1.5,13.59,0.155,31.77,30.81,65.38,84.06,0.05,29.42,186.8,0.3234,0.4598,orange,2,0.4,0.25,0.11,0.37,0.0352
726,30.67,78.93,32.94,2943.0,244.2,0.854,12.86,0.676,33.27,32.46,70.17,90.23,0.05,30.82,200.5,0.4898,0.5459,orange,2,0.33,0.22,0.47,0.33,0.032
727,30.67,78.95,29.12,3170.0,84.7,-0.854,13.01,0.635,34.81,34.14,68.25,87.75,0.05,32.27,195.0,0.4472,0.5073,orange,2,0.41,0.25,0.4,0.37,0.0291
728,30.67,78.97,42.76,2438.0,339.5,-0.488,12.51,0.601,36.38,35.84,69.58,89.46,0.05,33.77,198.8,0.5866,0.6177,orange,2,0.54,0.22,0.44,0.29,0.0263
729,30.67,78.99,30.07,2599.0,359.6,-0.122,12.98,0.595,37.98,36.39,68.81,88.47,0.05,35.31,196.6,0.458,0.5268,orange,2,0.38,0.22,0.44,0.33,0.0237
730,30.67,79.01,20.0,3035.7,180.0,0.0,8.0,0.711,39.61,36.68,65.38,84.06,0.05,36.68,186.8,0.3494,0.5089,orange,2,0.17,0.09,0.47,0.37,0.0217
731,30.67,79.03,20.0,3307.9,180.0,0.0,8.0,0.507,41.26,37.07,63.24,81.31,0.05,37.07,180.7,0.3446,0.4231,yellow,1,0.21,0.09,0.37,0.37,0.0211
732,30.67,79.05,20.0,3153.8,180.0,0.0,8.0,0.626,42.93,37.56,63.98,82.26,0.05,37.56,182.8,0.3462,0.5147,orange,2,0.21,0.09,0.47,0.37,0.0204
733,30.69,77.85,20.0,1737.2,180.0,0.0,8.0,0.656,28.16,29.66,57.12,73.44,0.05,29.66,163.2,0.3306,0.3144,yellow,1,0.17,0.14,0.25,0.29,0.0346
734,30.69,77.87,20.0,1683.6,180.0,0.0,8.0,0.633,26.71,28.16,55.54,71.41,0.05,28.16,158.7,0.327,0.3221,yellow,1,0.21,0.14,0.25,0.29,0.0383
735,30.69,77.89,20.0,1703.0,180.0,0.0,8.0,0.689,25.32,26.71,55.33,71.14,0.05,26.71,158.1,0.3265,0.3144,yellow,1,0.17,0.14,0.25,0.29,0.0421
736,30.69,77.91,20.0,1440.6,180.0,0.0,8.0,0.736,24.01,25.32,50.71,65.2,0.05,25.32,144.9,0.3159,0.3144,yellow,1,0.17,0.14,0.25,0.29,0.0462
737,30.69,77.93,20.0,1422.5,180.0,0.0,8.0,0.659,22.77,24.01,50.57,65.03,0.05,24.01,144.5,0.3156,0.3144,yellow,1,0.17,0.14,0.25,0.29,0.0505
738,30.69,77.95,20.0,1860.6,180.0,0.0,8.0,0.661,21.63,22.77,58.41,75.11,0.05,22.77,166.9,0.3335,0.3771,yellow,1,0.2,0.1,0.32,0.29,0.0548
739,30.69,77.97,20.0,2041.4,180.0,0.0,8.0,0.644,20.61,21.63,62.12,79.88,0.05,21.63,177.5,0.342,0.4297,yellow,1,0.24,0.1,0.37,0.29,0.0591
740,30.69,77.99,20.0,1844.2,180.0,0.0,8.0,0.698,19.71,20.61,59.53,76.55,0.05,20.61,170.1,0.3361,0.4229,yellow,1,0.2,0.1,0.37,0.29,0.0633
741,30.69,78.01,23.71,1858.0,137.7,0.2441,13.25,0.648,18.96,19.71,60.37,77.62,0.05,19.71,172.5,0.3751,0.4639,orange,2,0.32,0.26,0.37,0.29,0.0672
742,30.69,78.03,27.92,1789.0,39.4,-0.8542,13.06,0.676,18.38,18.96,59.5,76.5,0.05,18.96,170.0,0.4152,0.4505,orange,2,0.37,0.3,0.18,0.29,0.0706
743,30.69,78.05,29.01,1332.0,83.2,1.5,13.02,0.703,17.99,18.38,51.8,66.6,0.05,18.38,148.0,0.4085,0.4156,yellow,1,0.33,0.3,0.18,0.29,0.0734
744,30.69,78.07,34.54,945.0,182.7,-1.5,12.8,0.567,17.79,17.99,44.87,57.69,0.05,17.99,128.2,0.448,0.5423,orange,2,0.48,0.22,0.23,0.29,0.0754
745,30.69,78.09,24.03,1727.0,272.4,0.3661,13.24,0.676,17.79,17.79,57.36,73.76,0.05,17.79,163.9,0.3714,0.374,yellow,1,0.21,0.3,0.18,0.22,0.0764
746,30.69,78.11,25.66,2152.0,99.6,-1.5,13.16,0.634,17.99,17.79,63.77,81.99,0.05,17.79,182.2,0.4024,0.5965,orange,2,0.52,0.3,0.33,0.22,0.0764
747,30.69,78.13,24.31,1690.0,155.1,0.6101,13.22,0.689,17.86,17.99,55.37,71.19,0.05,17.99,158.2,0.3697,0.3982,yellow,1,0.25,0.3,0.29,0.22,0.0754
748,30.69,78.15,23.63,1751.0,69.2,-0.6101,13.26,0.648,17.76,18.38,56.0,72.0,0.05,18.38,160.0,0.3643,0.3982,yellow,1,0.31,0.3,0.18,0.22,0.0734
749,30.69,78.17,17.32,2122.0,283.1,-0.8542,13.59,0.694,17.86,18.96,62.19,79.97,0.05,18.96,177.7,0.3154,0.395,yellow,1,0.3,0.26,0.26,0.22,0.0706
750,30.69,78.19,29.9,1761.0,281.8,0.8542,12.98,0.612,18.16,17.8,56.42,72.54,0.05,19.27,161.2,0.428,0.4203,yellow,1,0.35,0.22,0.18,0.14,0.0692
751,30.69,78.21,22.14,1687.0,339.6,-0.6101,13.33,0.631,17.74,16.15,55.79,71.73,0.05,17.6,159.4,0.3489,0.3982,yellow,1,0.31,0.3,0.18,0.14,0.0773
752,30.69,78.23,19.71,1887.0,170.2,0.122,13.46,0.665,16.9,14.57,59.85,76.95,0.05,15.99,171.0,0.3339,0.4583,orange,2,0.28,0.26,0.37,0.14,0.0861
753,30.69,78.25,15.71,2279.0,263.3,0.2441,13.7,0.715,15.88,13.06,67.13,86.31,0.05,14.45,191.8,0.3105,0.4782,orange,2,0.26,0.3,0.39,0.14,0.0954
754,30.69,78.27,30.07,1769.0,64.5,1.3423,12.98,0.632,14.29,11.68,59.04,75.91,0.05,13.0,168.7,0.4357,0.444,yellow,1,0.37,0.22,0.22,0.22,0.1051
755,30.69,78.29,25.68,1533.0,44.4,0.122,13.16,0.608,12.4,10.45,55.23,71.01,0.05,11.69,157.8,0.3921,0.4331,yellow,1,0.35,0.3,0.18,0.22,0.1147
756,30.69,78.31,37.59,1498.0,109.7,-0.3661,12.69,0.703,10.51,9.46,54.42,69.98,0.05,10.55,155.5,0.5425,0.5535,orange,2,0.49,0.22,0.25,0.22,0.1237
757,30.69,78.33,12.8,1412.0,216.0,-1.3423,13.91,0.667,8.62,8.76,52.46,67.45,0.05,9.66,149.9,0.3162,0.4258,yellow,1,0.32,0.33,0.23,0.22,0.1313
758,30.69,78.35,17.45,1045.0,334.0,-0.2441,13.59,0.614,6.74,7.44,45.61,58.64,0.05,9.08,130.3,0.3639,0.4005,yellow,1,0.22,0.34,0.11,0.14,0.1365
759,30.69,78.37,39.65,1232.0,280.8,0.4881,12.62,0.651,4.88,5.8,48.02,61.74,0.05,8.0,137.2,0.623,0.4848,orange,2,0.41,0.24,0.24,0.14,0.0071
760,30.69,78.39,33.72,1454.0,222.8,0.7322,12.83,0.686,3.06,4.38,51.2,65.84,0.05,6.5,146.3,0.6146,0.4427,yellow,1,0.35,0.24,0.31,0.14,0.0543
761,30.69,78.41,42.98,1966.0,203.8,0.7322,12.5,0.587,1.46,3.46,59.57,76.59,0.05,4.88,170.2,0.7737,0.6487,orange,2,0.56,0.33,0.51,0.17,0.1215
762,30.69,78.43,34.88,2395.0,263.4,-1.0982,12.79,0.591,1.46,3.46,66.88,86.0,0.05,3.06,191.1,0.7625,0.6529,red,3,0.56,0.37,0.53,0.17,0.2093
763,30.69,78.45,33.52,1733.0,351.2,1.0982,12.84,0.645,3.06,4.13,56.17,72.23,0.05,1.46,160.5,0.771,0.4642,orange,2,0.37,0.24,0.34,0.05,0.3929
764,30.69,78.47,22.66,2106.0,49.2,-0.4881,13.3,0.657,4.83,3.06,63.14,81.18,0.05,0.0,180.4,0.7209,0.5112,orange,2,0.3,0.32,0.42,0.05,0.566
765,30.69,78.49,18.51,1842.0,104.7,-0.4881,13.52,0.632,5.84,1.46,59.43,76.41,0.05,1.9,169.8,0.6155,0.4611,orange,2,0.36,0.26,0.36,0.05,0.3682
766,30.69,78.51,24.92,2192.0,80.1,-1.5,13.2,0.672,7.23,1.46,65.91,84.74,0.05,3.61,188.3,0.6445,0.466,orange,2,0.36,0.3,0.36,0.05,0.1941
767,30.69,78.53,7.01,2662.0,307.8,-1.5,14.53,0.639,8.8,2.41,70.59,90.77,0.05,5.24,201.7,0.4285,0.5217,orange,2,0.33,0.38,0.42,0.13,0.0971
768,30.69,78.55,35.09,2402.0,85.8,0.2441,12.78,0.646,8.93,3.61,69.79,89.73,0.05,7.01,199.4,0.6559,0.5703,orange,2,0.48,0.22,0.46,0.09,0.0506
769,30.69,78.57,24.31,2396.0,56.5,0.2441,13.22,0.667,9.33,4.83,69.33,89.14,0.05,8.83,198.1,0.4939,0.5014,orange,2,0.24,0.3,0.42,0.14,0.1387
770,30.69,78.59,22.97,3364.0,132.7,-0.9762,13.29,0.504,10.07,5.84,65.94,84.78,0.05,10.64,188.4,0.4201,0.464,orange,2,0.33,0.25,0.37,0.22,0.123
771,30.69,78.61,22.38,3010.0,153.1,-0.3661,13.32,0.682,11.09,7.23,67.06,86.22,0.05,11.57,191.6,0.3897,0.5809,orange,2,0.31,0.25,0.51,0.22,0.1156
772,30.69,78.63,34.87,3312.0,61.3,0.0,12.79,0.521,12.33,8.8,64.78,83.3,0.05,12.71,185.1,0.4968,0.4382,yellow,1,0.35,0.17,0.34,0.3,0.1071
773,30.69,78.65,8.08,3348.0,136.8,-1.5,14.38,0.515,13.71,10.49,64.19,82.53,0.05,13.68,183.4,0.2275,0.4658,orange,2,0.36,0.33,0.33,0.3,0.1004
774,30.69,78.67,22.14,3030.0,354.3,-0.4881,13.33,0.729,14.91,12.23,65.73,84.51,0.05,14.64,187.8,0.3716,0.4814,orange,2,0.27,0.25,0.4,0.3,0.0942
775,30.69,78.69,18.25,2577.0,31.0,-0.8542,13.54,0.659,16.07,14.02,68.39,87.93,0.05,15.77,195.4,0.3388,0.4579,orange,2,0.3,0.3,0.36,0.26,0.0874
776,30.69,78.71,27.53,2607.0,111.2,-0.2441,13.08,0.593,17.37,15.34,68.77,88.42,0.05,17.03,196.5,0.4325,0.5292,orange,2,0.4,0.3,0.43,0.33,0.0803
777,30.69,78.73,38.94,3145.0,184.9,-0.4881,12.64,0.61,18.77,16.36,66.67,85.73,0.05,18.41,190.5,0.5418,0.6346,orange,2,0.55,0.17,0.55,0.37,0.0733
778,30.69,78.75,13.77,3890.0,1.9,-1.5,13.84,0.204,20.14,17.53,63.45,81.59,0.05,19.09,181.3,0.2827,0.42,yellow,1,0.35,0.28,0.11,0.37,0.07
779,30.69,78.77,28.3,3046.0,83.0,0.6101,13.05,0.708,21.1,18.82,68.42,87.98,0.05,19.77,195.5,0.4394,0.4869,orange,2,0.31,0.25,0.4,0.37,0.0669
780,30.69,78.79,43.8,3564.0,127.9,1.5,12.47,0.385,22.19,20.21,65.91,84.74,0.05,20.61,188.3,0.5886,0.5427,orange,2,0.46,0.17,0.41,0.37,0.0633
781,30.69,78.81,21.49,3609.0,333.8,1.5,13.36,0.313,23.38,21.68,65.48,84.19,0.05,21.59,187.1,0.3646,0.3903,yellow,1,0.24,0.25,0.3,0.37,0.0593
782,30.69,78.83,42.68,3341.0,354.7,0.0,12.51,0.489,24.65,23.2,66.43,85.41,0.05,22.68,189.8,0.5786,0.5246,orange,2,0.45,0.17,0.34,0.37,0.0551
783,30.69,78.85,30.8,3107.0,334.2,1.5,12.95,0.629,26.01,24.78,66.95,86.09,0.05,23.88,191.3,0.461,0.5202,orange,2,0.37,0.17,0.44,0.37,0.0509
784,30.69,78.87,21.53,3065.0,64.6,0.6101,13.36,0.682,27.43,26.41,66.47,85.45,0.05,25.16,189.9,0.3672,0.4733,orange,2,0.21,0.25,0.4,0.37,0.0467
785,30.69,78.89,38.36,3667.0,204.5,1.5,12.66,0.274,28.9,28.06,62.72,80.64,0.05,26.51,179.2,0.527,0.612,orange,2,0.54,0.13,0.45,0.37,0.0427
786,30.69,78.91,45.83,4538.0,165.9,-0.122,12.4,0.174,30.42,29.75,57.85,74.39,0.05,27.93,165.3,0.5822,0.6349,orange,2,0.59,0.13,0.27,0.37,0.0388
787,30.69,78.93,31.33,3872.0,20.6,-0.3661,12.93,0.161,31.98,31.46,61.39,78.93,0.05,29.41,175.4,0.4536,0.4896,orange,2,0.44,0.13,0.19,0.37,0.0352
788,30.69,78.95,52.2,2908.0,32.5,1.5,12.18,0.581,33.58,33.19,66.85,85.95,0.05,30.93,191.0,0.6028,0.6177,orange,2,0.54,0.22,0.44,0.33,0.0318
789,30.69,78.97,21.15,2766.0,176.4,-1.5,13.38,0.7,35.21,33.97,68.25,87.75,0.05,32.49,195.0,0.3675,0.5953,orange,2,0.4,0.3,0.51,0.33,0.0287
790,30.69,78.99,15.76,3504.0,241.1,-0.7322,13.69,0.369,36.86,34.19,65.1,83.7,0.05,34.08,186.0,0.3064,0.3982,yellow,1,0.3,0.25,0.29,0.37,0.0258
791,30.69,79.01,20.0,3112.3,180.0,0.0,8.0,0.649,38.54,34.5,67.79,87.16,0.05,34.5,193.7,0.355,0.5147,orange,2,0.21,0.09,0.47,0.37,0.0251
792,30.69,79.03,20.0,2836.5,180.0,0.0,8.0,0.671,40.23,34.92,69.65,89.55,0.05,34.92,199.0,0.3592,0.5155,orange,2,0.17,0.14,0.47,0.33,0.0244
793,30.69,79.05,20.0,2902.4,180.0,0.0,8.0,0.691,41.07,35.43,69.33,89.14,0.05,35.43,198.1,0.3585,0.5155,orange,2,0.17,0.14,0.47,0.33,0.0236
794,30.71,77.85,20.0,1973.1,180.0,0.0,8.0,0.691,26.81,28.38,60.97,78.39,0.05,28.38,174.2,0.3394,0.4229,yellow,1,0.2,0.1,0.37,0.29,0.0377
795,30.71,77.87,20.0,1956.8,180.0,0.0,8.0,0.691,25.29,26.81,58.27,74.92,0.05,26.81,166.5,0.3332,0.3771,yellow,1,0.2,0.1,0.32,0.29,0.0418
796,30.71,77.89,20.0,1500.9,180.0,0.0,8.0,0.644,23.82,25.29,48.86,62.82,0.05,25.29,139.6,0.3117,0.3221,yellow,1,0.21,0.14,0.25,0.29,0.0463
797,30.71,77.91,20.0,1373.0,180.0,0.0,8.0,0.656,22.41,23.82,45.99,59.13,0.05,23.82,131.4,0.3051,0.3144,yellow,1,0.17,0.14,0.25,0.29,0.0511
798,30.71,77.93,20.0,1713.1,180.0,0.0,8.0,0.677,21.08,22.41,52.22,67.14,0.05,22.41,149.2,0.3194,0.3144,yellow,1,0.17,0.14,0.25,0.29,0.0561
799,30.71,77.95,20.0,1862.0,180.0,0.0,8.0,0.681,19.85,21.08,56.38,72.5,0.05,21.08,161.1,0.3289,0.3771,yellow,1,0.2,0.1,0.32,0.29,0.0613
800,30.71,77.97,20.0,1855.3,180.0,0.0,8.0,0.693,18.73,19.85,58.62,75.38,0.05,19.85,167.5,0.334,0.3771,yellow,1,0.2,0.1,0.32,0.29,0.0666
801,30.71,77.99,20.0,1997.6,180.0,0.0,8.0,0.609,17.74,18.73,63.49,81.63,0.05,18.73,181.4,0.3451,0.4355,yellow,1,0.24,0.14,0.37,0.29,0.0717
802,30.71,78.01,29.52,2127.0,83.8,0.3662,13.0,0.591,16.9,17.74,67.69,87.03,0.05,17.74,193.4,0.4499,0.4644,orange,2,0.38,0.22,0.3,0.29,0.0766
803,30.71,78.03,23.91,1971.0,154.6,-0.3662,13.24,0.66,16.25,16.9,66.11,85.01,0.05,16.9,188.9,0.3902,0.5052,orange,2,0.34,0.3,0.41,0.29,0.081
804,30.71,78.05,33.13,1887.0,322.5,1.5,12.86,0.668,15.8,16.25,64.54,82.98,0.05,16.25,184.4,0.4788,0.4532,orange,2,0.36,0.22,0.34,0.29,0.0846
805,30.71,78.07,16.77,1125.0,331.1,0.0,13.63,0.675,15.57,15.8,50.37,64.76,0.05,15.8,143.9,0.2828,0.3903,yellow,1,0.18,0.34,0.09,0.22,0.0872
806,30.71,78.09,26.59,1693.0,188.8,-1.4646,13.12,0.666,15.57,15.57,57.71,74.2,0.05,15.57,164.9,0.3978,0.55,orange,2,0.47,0.3,0.29,0.22,0.0885
807,30.71,78.11,39.23,1384.0,167.1,0.3662,12.63,0.67,15.8,15.57,49.98,64.26,0.05,15.57,142.8,0.5065,0.5288,orange,2,0.45,0.22,0.33,0.22,0.0885
808,30.71,78.13,9.93,1467.0,210.6,1.5,14.17,0.653,15.66,15.8,49.17,63.23,0.05,15.8,140.5,0.2117,0.4514,orange,2,0.22,0.38,0.21,0.22,0.0872
809,30.71,78.15,39.54,2089.0,104.9,-0.4882,12.62,0.626,15.54,16.25,58.27,74.92,0.05,16.25,166.5,0.5286,0.6184,orange,2,0.56,0.18,0.32,0.14,0.0846
810,30.71,78.17,31.97,2063.0,99.6,1.0985,12.9,0.666,15.66,16.9,57.64,74.11,0.05,16.9,164.7,0.4515,0.4623,orange,2,0.38,0.18,0.32,0.14,0.081
811,30.71,78.19,37.6,1960.0,212.4,-1.5,12.69,0.611,16.0,17.74,56.98,73.26,0.05,17.74,162.8,0.5062,0.6913,red,3,0.64,0.18,0.36,0.14,0.0766
812,30.71,78.21,29.55,2296.0,224.4,-0.1221,13.0,0.654,16.55,17.42,64.64,83.11,0.05,18.73,184.7,0.4433,0.5521,orange,2,0.38,0.22,0.47,0.14,0.0717
813,30.71,78.23,11.59,2426.0,255.4,0.2441,14.01,0.715,17.3,15.96,69.3,89.1,0.05,17.32,198.0,0.2743,0.4761,orange,2,0.21,0.33,0.39,0.14,0.0788
814,30.71,78.25,26.85,2099.0,287.9,0.1221,13.11,0.595,16.49,14.6,66.18,85.09,0.05,15.91,189.1,0.4198,0.4749,orange,2,0.38,0.3,0.3,0.14,0.0865
815,30.71,78.27,28.6,1586.0,345.4,1.5,13.04,0.666,14.63,13.37,59.18,76.09,0.05,14.61,169.1,0.4213,0.4156,yellow,1,0.33,0.3,0.18,0.14,0.0944
816,30.71,78.29,16.63,1301.0,201.5,0.1221,13.64,0.64,12.79,12.32,54.95,70.65,0.05,13.45,157.0,0.2919,0.3982,yellow,1,0.29,0.3,0.25,0.14,0.102
817,30.71,78.31,42.21,1812.0,191.1,-1.5,12.53,0.594,10.97,11.48,62.82,80.78,0.05,12.48,179.5,0.5657,0.6993,red,3,0.64,0.18,0.45,0.22,0.1088
818,30.71,78.33,29.66,1562.0,38.2,0.0,12.99,0.599,9.18,10.19,56.84,73.08,0.05,10.68,162.4,0.4649,0.4203,yellow,1,0.35,0.22,0.18,0.22,0.1226
819,30.71,78.35,21.69,979.0,185.8,-0.2441,13.35,0.599,7.44,8.66,44.62,57.38,0.05,8.83,127.5,0.4113,0.3872,yellow,1,0.26,0.3,0.21,0.22,0.1387
820,30.71,78.37,37.91,1704.0,93.5,-1.5,12.68,0.622,5.8,7.31,54.32,69.84,0.05,7.01,155.2,0.6488,0.643,orange,2,0.59,0.22,0.27,0.14,0.0199
821,30.71,78.39,21.06,2242.0,319.3,-1.5,13.38,0.682,4.38,5.56,61.49,79.06,0.05,5.24,175.7,0.5482,0.5474,orange,2,0.36,0.28,0.46,0.14,0.0606
822,30.71,78.41,43.83,2324.0,318.2,-1.5,12.47,0.57,3.46,3.82,61.98,79.69,0.05,3.61,177.1,0.8246,0.672,red,3,0.6,0.2,0.5,0.09,0.144
823,30.71,78.43,23.83,1570.0,121.5,0.0,13.25,0.605,2.92,2.36,49.7,63.9,0.05,2.36,142.0,0.6329,0.4719,orange,2,0.28,0.36,0.37,0.09,0.2581
824,30.71,78.45,15.19,1293.0,346.2,1.0985,13.73,0.696,2.22,1.95,46.55,59.85,0.05,1.95,133.0,0.5515,0.444,yellow,1,0.24,0.36,0.26,0.05,0.404
825,30.71,78.47,17.08,1632.0,231.1,0.1221,13.61,0.674,2.92,2.93,54.53,70.11,0.05,0.95,155.8,0.6177,0.4542,orange,2,0.24,0.36,0.33,0.05,0.5789
826,30.71,78.49,40.85,2373.0,142.2,1.5,12.57,0.583,4.4,1.46,69.47,89.33,0.05,0.95,198.5,0.8896,0.7022,red,3,0.54,0.24,0.63,0.05,0.4952
827,30.71,78.51,42.99,2143.0,114.8,0.3662,12.5,0.646,6.12,1.46,67.72,87.08,0.05,2.85,193.5,0.8516,0.5903,orange,2,0.5,0.22,0.49,0.05,0.2335
828,30.71,78.53,33.1,2129.0,71.9,-0.4882,12.86,0.591,6.73,3.06,68.7,88.34,0.05,4.75,196.3,0.6995,0.5294,orange,2,0.44,0.22,0.4,0.09,0.1139
829,30.71,78.55,15.08,2025.0,199.3,1.5,13.74,0.663,6.73,4.88,66.95,86.09,0.05,6.65,191.3,0.4599,0.4833,orange,2,0.3,0.3,0.39,0.14,0.0624
830,30.71,78.57,39.73,3011.0,350.5,1.5,12.61,0.669,7.24,6.5,71.02,91.31,0.05,7.87,202.9,0.6802,0.5454,orange,2,0.43,0.17,0.46,0.22,0.0073
831,30.71,78.59,33.3,2940.0,104.5,-0.6103,12.85,0.602,8.18,7.67,69.27,89.06,0.05,8.67,197.9,0.5883,0.575,orange,2,0.43,0.22,0.49,0.18,0.1402
832,30.71,78.61,25.38,2419.0,87.2,-1.5,13.18,0.595,9.41,8.77,67.72,87.08,0.05,9.79,193.5,0.4731,0.5891,orange,2,0.5,0.3,0.42,0.22,0.1302
833,30.71,78.63,32.82,3120.0,129.4,-0.7323,12.87,0.655,10.84,10.11,63.52,81.67,0.05,10.87,181.5,0.5065,0.5826,orange,2,0.39,0.17,0.51,0.3,0.1212
834,30.71,78.65,30.89,3430.0,358.8,-1.5,12.94,0.471,12.0,11.26,60.41,77.67,0.05,11.74,172.6,0.4544,0.5377,orange,2,0.47,0.13,0.34,0.3,0.1143
835,30.71,78.67,26.87,3437.0,6.0,0.2441,13.11,0.445,13.15,11.73,60.02,77.17,0.05,12.85,171.5,0.4059,0.4372,yellow,1,0.35,0.21,0.3,0.3,0.1062
836,30.71,78.69,35.19,3163.0,292.4,1.5,12.78,0.564,14.46,12.48,62.37,80.19,0.05,14.12,178.2,0.4945,0.5515,orange,2,0.47,0.13,0.44,0.3,0.0975
837,30.71,78.71,22.07,3045.0,347.3,-0.4882,13.33,0.666,15.88,13.45,64.89,83.43,0.05,15.52,185.4,0.369,0.4814,orange,2,0.27,0.25,0.4,0.3,0.0888
838,30.71,78.73,43.56,3397.0,151.2,0.9764,12.48,0.436,17.3,14.61,65.52,84.24,0.05,16.41,187.2,0.5854,0.5732,orange,2,0.49,0.17,0.45,0.3,0.0837
839,30.71,78.75,38.42,4121.0,242.0,0.3662,12.66,0.191,18.21,15.91,64.12,82.44,0.05,17.0,183.2,0.5308,0.5554,orange,2,0.5,0.17,0.24,0.37,0.0805
840,30.71,78.77,31.84,3685.0,220.7,-1.5,12.91,0.286,19.27,17.32,68.18,87.66,0.05,17.77,194.8,0.4742,0.6104,orange,2,0.54,0.17,0.41,0.37,0.0765
841,30.71,78.79,26.11,3468.0,181.9,1.3426,13.14,0.4,20.45,18.82,70.0,90.0,0.05,18.7,200.0,0.4211,0.5087,orange,2,0.41,0.25,0.41,0.37,0.0719
842,30.71,78.81,54.16,4617.0,235.9,1.5,12.1,0.13,21.74,20.39,63.42,81.54,0.05,19.77,181.2,0.595,0.6747,red,3,0.63,0.17,0.28,0.37,0.0669
843,30.71,78.83,39.79,4040.0,36.0,1.5,12.61,0.221,23.11,22.0,64.78,83.3,0.05,20.95,185.1,0.546,0.5516,orange,2,0.5,0.17,0.21,0.37,0.0618
844,30.71,78.85,35.83,3390.0,217.3,0.2441,12.75,0.426,24.55,23.66,65.83,84.64,0.05,22.24,188.1,0.5088,0.5681,orange,2,0.49,0.17,0.41,0.37,0.0568
845,30.71,78.87,18.97,2777.0,321.4,-0.3662,13.5,0.646,26.04,25.36,66.57,85.59,0.05,23.61,190.2,0.3419,0.4633,orange,2,0.34,0.3,0.36,0.33,0.0518
846,30.71,78.89,47.52,3541.0,193.9,-0.4882,12.34,0.36,27.59,27.08,60.55,77.85,0.05,25.05,173.0,0.5884,0.6541,red,3,0.59,0.13,0.45,0.37,0.0471
847,30.71,78.91,24.15,4013.0,111.6,-1.5,13.23,0.162,29.18,28.82,57.05,73.35,0.05,26.55,163.0,0.3719,0.4772,orange,2,0.42,0.21,0.15,0.37,0.0426
848,30.71,78.93,34.42,4140.0,337.0,-0.2441,12.81,0.188,30.81,30.59,56.59,72.77,0.05,28.09,161.7,0.4736,0.4301,yellow,1,0.38,0.13,0.16,0.37,0.0384
849,30.71,78.95,41.38,3980.0,315.3,-1.5,12.56,0.197,32.46,31.65,58.8,75.6,0.05,29.68,168.0,0.5482,0.6302,orange,2,0.6,0.13,0.14,0.37,0.0346
850,30.71,78.97,29.37,3712.0,189.1,0.3662,13.0,0.304,34.14,31.76,62.44,80.28,0.05,31.3,178.4,0.4364,0.4884,orange,2,0.36,0.13,0.41,0.37,0.031
851,30.71,78.99,37.91,4144.0,200.4,-0.7323,12.68,0.16,35.84,31.99,62.68,80.59,0.05,31.99,179.1,0.5224,0.6315,orange,2,0.58,0.13,0.32,0.37,0.0296
852,30.71,79.01,20.0,2873.9,180.0,0.0,8.0,0.703,37.57,32.33,71.54,91.98,0.05,32.33,204.4,0.3635,0.5155,orange,2,0.17,0.14,0.47,0.33,0.029
853,30.71,79.03,20.0,2836.2,180.0,0.0,8.0,0.671,38.5,32.77,73.08,93.96,0.05,32.77,208.8,0.367,0.5155,orange,2,0.17,0.14,0.47,0.33,0.0281
854,30.71,79.05,20.0,3221.5,180.0,0.0,8.0,0.539,38.92,33.32,71.22,91.58,0.05,33.32,203.5,0.3628,0.4231,yellow,1,0.21,0.09,0.37,0.37,0.0271
855,30.73,77.85,20.0,1881.7,180.0,0.0,8.0,0.662,25.59,27.23,59.39,76.36,0.05,27.23,169.7,0.3358,0.3771,yellow,1,0.2,0.1,0.32,0.29,0.0407
856,30.73,77.87,20.0,1651.3,180.0,0.0,8.0,0.674,23.99,25.59,52.22,67.14,0.05,25.59,149.2,0.3194,0.3144,yellow,1,0.17,0.14,0.25,0.29,0.0454
857,30.73,77.89,20.0,1723.9,180.0,0.0,8.0,0.68,22.43,23.99,51.03,65.61,0.05,23.99,145.8,0.3166,0.3144,yellow,1,0.17,0.14,0.25,0.29,0.0505
858,30.73,77.91,20.0,1929.9,180.0,0.0,8.0,0.61,20.93,22.43,53.52,68.81,0.05,22.43,152.9,0.3223,0.3845,yellow,1,0.24,0.1,0.32,0.29,0.056
859,30.73,77.93,20.0,1789.6,180.0,0.0,8.0,0.666,19.51,20.93,51.87,66.69,0.05,20.93,148.2,0.3186,0.3144,yellow,1,0.17,0.14,0.25,0.29,0.0619
860,30.73,77.95,20.0,1681.9,180.0,0.0,8.0,0.655,18.16,19.51,52.29,67.23,0.05,19.51,149.4,0.3195,0.3144,yellow,1,0.17,0.14,0.25,0.29,0.0681
861,30.73,77.97,20.0,1861.8,180.0,0.0,8.0,0.696,16.93,18.16,58.52,75.24,0.05,18.16,167.2,0.3338,0.3771,yellow,1,0.2,0.1,0.32,0.29,0.0745
862,30.73,77.99,20.0,1885.5,180.0,0.0,8.0,0.634,15.83,16.93,62.3,80.1,0.05,16.93,178.0,0.3424,0.4297,yellow,1,0.24,0.1,0.37,0.29,0.0809
863,30.73,78.01,23.36,1793.0,16.3,0.1221,13.27,0.678,14.89,15.83,63.49,81.63,0.05,15.83,181.4,0.3787,0.4176,yellow,1,0.21,0.34,0.23,0.29,0.087
864,30.73,78.03,15.53,1473.0,82.2,1.5,13.71,0.705,14.14,14.89,59.53,76.55,0.05,14.89,170.1,0.2914,0.379,yellow,1,0.23,0.3,0.19,0.22,0.0927
865,30.73,78.05,19.36,1261.0,61.1,-0.8545,13.48,0.637,13.62,14.14,55.76,71.69,0.05,14.14,159.3,0.321,0.3924,yellow,1,0.31,0.3,0.14,0.22,0.0974
866,30.73,78.07,15.54,1010.0,288.8,0.4883,13.71,0.616,13.35,13.62,49.66,63.86,0.05,13.62,141.9,0.2689,0.3975,yellow,1,0.22,0.34,0.09,0.22,0.1008
867,30.73,78.09,27.65,1325.0,242.7,-0.2442,13.08,0.677,13.35,13.35,51.97,66.83,0.05,13.35,148.5,0.3953,0.4198,yellow,1,0.33,0.3,0.21,0.22,0.1026
868,30.73,78.11,31.45,1326.0,186.5,1.4649,12.92,0.683,13.62,13.35,48.58,62.46,0.05,13.35,138.8,0.4255,0.4602,orange,2,0.37,0.22,0.33,0.22,0.1026
869,30.73,78.13,19.06,1503.0,61.5,0.7325,13.49,0.68,13.45,13.62,48.54,62.41,0.05,13.62,138.7,0.3016,0.3673,yellow,1,0.21,0.3,0.14,0.22,0.1008
870,30.73,78.15,25.7,1406.0,234.7,-0.7325,13.16,0.697,13.32,14.14,45.04,57.91,0.05,14.14,128.7,0.36,0.4647,orange,2,0.39,0.26,0.2,0.14,0.0974
871,30.73,78.17,40.55,1500.0,267.2,0.3662,12.59,0.644,13.45,14.89,46.41,59.67,0.05,14.89,132.6,0.5116,0.536,orange,2,0.47,0.22,0.25,0.14,0.0927
872,30.73,78.19,10.95,2019.0,198.3,0.6104,14.07,0.688,13.85,15.83,56.52,72.67,0.05,15.83,161.5,0.2387,0.4125,yellow,1,0.23,0.29,0.32,0.09,0.087
873,30.73,78.21,31.99,2134.0,123.9,-1.0987,12.9,0.669,14.49,16.93,61.21,78.7,0.05,16.93,174.9,0.4598,0.5605,orange,2,0.48,0.18,0.41,0.09,0.0809
874,30.73,78.23,15.1,2557.0,253.8,-0.2442,13.74,0.681,15.34,17.52,70.45,90.59,0.05,18.16,201.3,0.312,0.4782,orange,2,0.26,0.3,0.39,0.13,0.0745
875,30.73,78.25,24.18,1881.0,4.7,1.5,13.23,0.627,16.36,16.29,63.56,81.72,0.05,17.53,181.6,0.3871,0.4071,yellow,1,0.3,0.3,0.3,0.09,0.0777
876,30.73,78.27,7.04,1485.0,7.5,1.5,14.52,0.691,15.29,15.2,59.15,76.05,0.05,16.15,169.0,0.2056,0.4316,yellow,1,0.16,0.38,0.14,0.14,0.0852
877,30.73,78.29,36.94,1946.0,279.7,-0.1221,12.71,0.626,13.54,14.28,67.58,86.89,0.05,14.25,193.1,0.5239,0.5557,orange,2,0.48,0.22,0.34,0.14,0.0967
878,30.73,78.31,12.87,2047.0,171.8,0.0,13.91,0.695,11.83,12.83,68.32,87.84,0.05,12.35,195.2,0.2849,0.4615,orange,2,0.23,0.33,0.37,0.22,0.1097
879,30.73,78.33,30.77,1775.0,99.6,1.5,12.95,0.591,10.19,10.93,61.32,78.84,0.05,10.45,175.2,0.4931,0.4731,orange,2,0.39,0.22,0.3,0.22,0.1246
880,30.73,78.35,41.52,1249.0,59.3,-1.5,12.55,0.629,8.66,9.03,49.21,63.27,0.05,8.55,140.6,0.6283,0.6225,orange,2,0.57,0.22,0.24,0.22,0.1414
881,30.73,78.37,40.54,1555.0,77.3,-0.8545,12.59,0.635,7.31,7.13,50.99,65.56,0.05,6.65,145.7,0.678,0.5699,orange,2,0.51,0.22,0.24,0.14,0.0215
882,30.73,78.39,37.04,1304.0,93.6,0.3662,12.71,0.628,5.7,5.24,44.2,56.84,0.05,4.75,126.3,0.6829,0.5325,orange,2,0.47,0.18,0.26,0.14,0.0382
883,30.73,78.41,21.1,1117.0,116.9,-0.9766,13.38,0.587,3.8,3.34,39.9,51.3,0.05,2.85,114.0,0.5691,0.414,yellow,1,0.3,0.32,0.23,0.09,0.1487
884,30.73,78.43,1.81,1121.0,116.5,-0.2442,15.88,0.628,1.9,1.46,40.46,52.02,0.05,0.95,115.6,0.4329,0.5594,orange,2,0.18,0.51,0.19,0.05,0.3083
885,30.73,78.45,21.46,1170.0,131.2,-0.9766,13.36,0.681,0.0,0.58,43.33,55.71,0.05,0.58,123.8,0.6467,0.7044,red,3,0.34,0.65,0.27,0.2,0.4279
886,30.73,78.47,41.43,1687.0,183.4,1.4649,12.55,0.611,1.9,1.1,55.12,70.88,0.05,1.46,157.5,0.8477,0.607,orange,2,0.52,0.28,0.45,0.05,0.421
887,30.73,78.49,30.3,1811.0,37.1,-0.7325,12.97,0.674,3.8,1.1,60.62,77.94,0.05,1.46,173.2,0.7489,0.5442,orange,2,0.4,0.2,0.46,0.05,0.3623
888,30.73,78.51,39.72,1569.0,29.2,1.0987,12.61,0.645,5.28,2.9,59.43,76.41,0.05,3.06,169.8,0.7938,0.5397,orange,2,0.47,0.22,0.28,0.05,0.2027
889,30.73,78.53,29.56,1397.0,213.8,-0.7325,13.0,0.655,4.54,4.38,58.17,74.79,0.05,4.88,166.2,0.6363,0.4942,orange,2,0.41,0.24,0.31,0.09,0.0975
890,30.73,78.55,33.46,2104.0,80.6,-0.8545,12.84,0.658,4.54,5.26,70.03,90.05,0.05,5.26,200.1,0.6913,0.4979,orange,2,0.4,0.24,0.4,0.09,0.0519
891,30.73,78.57,29.93,2405.0,25.8,0.0,12.98,0.632,5.28,5.81,73.43,94.41,0.05,5.81,209.8,0.6476,0.5437,orange,2,0.38,0.22,0.46,0.14,0.0356
892,30.73,78.59,30.48,2466.0,148.9,0.0,12.96,0.663,6.5,6.87,71.57,92.03,0.05,6.87,204.5,0.6181,0.6028,orange,2,0.38,0.22,0.53,0.14,0.0327
893,30.73,78.61,31.58,2255.0,128.4,-0.2442,12.92,0.654,8.0,8.12,64.61,83.07,0.05,8.12,184.6,0.5765,0.6006,orange,2,0.36,0.22,0.53,0.14,0.1454
894,30.73,78.63,23.09,2664.0,153.5,0.1221,13.28,0.633,9.11,8.87,64.78,83.3,0.05,8.87,185.1,0.4703,0.6039,orange,2,0.32,0.3,0.53,0.26,0.1384
895,30.73,78.65,30.8,3312.0,47.2,-1.5,12.95,0.467,10.23,9.08,59.32,76.28,0.05,9.92,169.5,0.5041,0.5336,orange,2,0.47,0.13,0.31,0.3,0.129
896,30.73,78.67,23.21,2867.0,25.7,0.0,13.28,0.695,11.55,9.66,61.21,78.7,0.05,11.21,174.9,0.3952,0.4748,orange,2,0.21,0.26,0.4,0.26,0.1184
897,30.73,78.69,17.04,2784.0,38.4,0.7325,13.61,0.626,13.02,10.55,62.86,80.82,0.05,12.64,179.6,0.3141,0.4497,yellow,1,0.28,0.26,0.36,0.26,0.1076
898,30.73,78.71,38.91,3613.0,247.3,0.8545,12.64,0.364,14.49,11.69,61.11,78.57,0.05,13.84,174.6,0.5288,0.5159,orange,2,0.44,0.13,0.37,0.3,0.0994
899,30.73,78.73,15.78,3889.0,129.3,0.1221,13.69,0.231,15.34,13.0,63.0,81.0,0.05,14.28,180.0,0.3018,0.374,yellow,1,0.3,0.21,0.18,0.3,0.0965
900,30.73,78.75,22.8,3922.0,97.1,1.5,13.3,0.216,16.36,14.45,66.11,85.01,0.05,14.95,188.9,0.3791,0.3985,yellow,1,0.32,0.25,0.18,0.3,0.0923
901,30.73,78.77,30.99,4376.0,175.0,0.2442,12.94,0.216,17.53,15.99,66.11,85.01,0.05,15.81,188.9,0.461,0.4958,orange,2,0.42,0.17,0.32,0.37,0.0871
902,30.73,78.79,42.68,4117.0,222.2,-1.5,12.51,0.229,18.82,17.6,68.42,87.98,0.05,16.85,195.5,0.5832,0.6835,red,3,0.64,0.17,0.28,0.37,0.0813
903,30.73,78.81,26.28,4597.0,223.5,1.0987,13.13,0.186,20.21,19.27,65.13,83.75,0.05,18.03,186.1,0.4117,0.5122,orange,2,0.44,0.25,0.24,0.37,0.0751
904,30.73,78.83,19.68,4840.0,279.9,1.4649,13.46,0.129,21.68,20.97,61.6,79.2,0.05,19.33,176.0,0.3376,0.4019,yellow,1,0.34,0.21,0.13,0.37,0.0689
905,30.73,78.85,40.15,4175.0,296.2,-0.6104,12.6,0.208,23.2,22.71,61.88,79.56,0.05,20.72,176.8,0.5429,0.5832,orange,2,0.54,0.13,0.21,0.37,0.0628
906,30.73,78.87,19.55,3623.0,17.2,-0.2442,13.46,0.262,24.78,24.47,61.42,78.98,0.05,22.18,175.5,0.3359,0.3697,yellow,1,0.28,0.21,0.26,0.37,0.057
907,30.73,78.89,14.61,2852.0,160.0,0.2442,13.77,0.671,26.41,26.25,62.72,80.64,0.05,23.71,179.2,0.2895,0.5387,orange,2,0.2,0.29,0.47,0.33,0.0515
908,30.73,78.91,30.88,3697.0,125.7,-1.5,12.94,0.26,28.06,28.04,56.91,73.17,0.05,25.28,162.6,0.4389,0.5838,orange,2,0.52,0.13,0.36,0.37,0.0463
909,30.73,78.93,11.12,4412.0,24.3,-0.7325,14.06,0.183,29.75,29.43,53.41,68.67,0.05,26.9,152.6,0.2333,0.3541,yellow,1,0.29,0.24,0.08,0.37,0.0416
910,30.73,78.95,35.82,4737.0,177.1,1.2208,12.76,0.165,31.46,29.43,53.58,68.89,0.05,28.56,153.1,0.4807,0.5904,orange,2,0.54,0.13,0.27,0.37,0.0373
911,30.73,78.97,35.0,4756.0,249.5,-1.5,12.79,0.155,33.19,29.55,56.49,72.63,0.05,29.55,161.4,0.4791,0.5625,orange,2,0.52,0.13,0.19,0.37,0.0349
912,30.73,78.99,18.17,4917.0,267.5,-0.9766,13.54,0.17,34.94,29.8,59.08,75.96,0.05,29.8,168.8,0.3167,0.417,yellow,1,0.36,0.21,0.11,0.37,0.0343
913,30.73,79.01,20.0,3210.0,180.0,0.0,8.0,0.613,35.97,30.16,71.02,91.31,0.05,30.16,202.9,0.3623,0.4231,yellow,1,0.21,0.09,0.37,0.37,0.0335
914,30.73,79.03,20.0,3416.0,180.0,0.0,8.0,0.401,36.32,30.63,71.78,92.3,0.05,30.63,205.1,0.3641,0.4231,yellow,1,0.21,0.09,0.37,0.37,0.0324
915,30.73,79.05,20.0,3237.2,180.0,0.0,8.0,0.525,36.77,31.22,72.91,93.74,0.05,31.22,208.3,0.3666,0.4231,yellow,1,0.21,0.09,0.37,0.37,0.0312
916,30.75,77.85,20.0,1391.1,180.0,0.0,8.0,0.631,24.51,26.22,51.17,65.79,0.05,26.22,146.2,0.317,0.3221,yellow,1,0.21,0.14,0.25,0.29,0.0435
917,30.75,77.87,20.0,1744.2,180.0,0.0,8.0,0.694,22.83,24.51,54.07,69.53,0.05,24.51,154.5,0.3236,0.3144,yellow,1,0.17,0.14,0.25,0.29,0.0488
918,30.75,77.89,20.0,2118.8,180.0,0.0,8.0,0.662,21.19,22.83,58.17,74.79,0.05,22.83,166.2,0.333,0.3771,yellow,1,0.2,0.1,0.32,0.29,0.0546
919,30.75,77.91,20.0,2009.9,180.0,0.0,8.0,0.697,19.6,21.19,55.44,71.28,0.05,21.19,158.4,0.3267,0.3771,yellow,1,0.2,0.1,0.32,0.29,0.0609
920,30.75,77.93,20.0,1877.1,180.0,0.0,8.0,0.628,18.06,19.6,53.87,69.26,0.05,19.6,153.9,0.3231,0.3845,yellow,1,0.24,0.1,0.32,0.29,0.0677
921,30.75,77.95,20.0,1879.7,180.0,0.0,8.0,0.612,16.61,18.06,55.96,71.95,0.05,18.06,159.9,0.3279,0.3845,yellow,1,0.24,0.1,0.32,0.29,0.075
922,30.75,77.97,20.0,1697.3,180.0,0.0,8.0,0.688,15.25,16.61,55.82,71.78,0.05,16.61,159.5,0.3276,0.3144,yellow,1,0.17,0.14,0.25,0.29,0.0826
923,30.75,77.99,20.0,1552.9,180.0,0.0,8.0,0.696,14.01,15.25,56.49,72.63,0.05,15.25,161.4,0.3291,0.3144,yellow,1,0.17,0.14,0.25,0.29,0.0905
924,30.75,78.01,24.24,2461.0,281.5,1.5,13.23,0.626,12.94,14.01,74.27,95.49,0.05,14.01,212.2,0.4122,0.4918,orange,2,0.3,0.3,0.4,0.22,0.0982
925,30.75,78.03,39.49,2356.0,250.6,-1.5,12.62,0.603,12.07,12.94,73.81,94.91,0.05,12.94,210.9,0.5636,0.6869,red,3,0.62,0.22,0.47,0.22,0.1055
926,30.75,78.05,26.95,1627.0,26.0,-0.2442,13.11,0.604,11.46,12.07,61.32,78.84,0.05,12.07,175.2,0.4097,0.4399,yellow,1,0.35,0.3,0.23,0.22,0.1118
927,30.75,78.07,37.32,1106.0,195.4,1.5,12.7,0.666,11.14,11.46,50.89,65.43,0.05,11.46,145.4,0.5053,0.5185,orange,2,0.44,0.26,0.28,0.22,0.1164
928,30.75,78.09,32.57,1331.0,129.9,1.3431,12.88,0.647,11.14,11.14,51.94,66.78,0.05,11.14,148.4,0.4695,0.4717,orange,2,0.39,0.22,0.29,0.22,0.119
929,30.75,78.11,31.4,1981.0,118.1,-1.5,12.92,0.629,11.46,11.14,59.71,76.77,0.05,11.14,170.6,0.4755,0.5896,orange,2,0.52,0.18,0.37,0.22,0.119
930,30.75,78.13,17.83,2196.0,95.9,-0.7326,13.56,0.62,11.26,11.46,60.58,77.89,0.05,11.46,173.1,0.3325,0.4511,orange,2,0.36,0.26,0.29,0.22,0.1164
931,30.75,78.15,39.93,1991.0,166.9,0.0,12.61,0.65,11.1,12.07,55.44,71.28,0.05,12.07,158.4,0.526,0.5932,orange,2,0.52,0.18,0.4,0.14,0.1118
932,30.75,78.17,21.42,2221.0,320.2,-0.6105,13.36,0.616,11.26,12.94,59.08,75.96,0.05,12.94,168.8,0.3492,0.4498,yellow,1,0.34,0.26,0.35,0.14,0.1055
933,30.75,78.19,39.26,2097.0,175.7,0.2442,12.63,0.608,11.73,14.01,58.31,74.97,0.05,14.01,166.6,0.5259,0.5932,orange,2,0.52,0.18,0.4,0.09,0.0982
934,30.75,78.21,17.85,2570.0,174.2,-0.3663,13.56,0.677,12.48,15.25,67.23,86.44,0.05,15.25,192.1,0.3322,0.5555,orange,2,0.34,0.3,0.47,0.09,0.0905
935,30.75,78.23,22.4,2743.0,277.2,-0.1221,13.32,0.675,13.45,16.61,69.41,89.24,0.05,16.61,198.3,0.3826,0.4842,orange,2,0.24,0.3,0.4,0.09,0.0826
936,30.75,78.25,27.32,2054.0,350.1,-0.4884,13.09,0.684,14.61,18.06,66.11,85.01,0.05,18.06,188.9,0.4243,0.4918,orange,2,0.4,0.3,0.3,0.09,0.075
937,30.75,78.27,25.88,1836.0,238.4,-0.3663,13.15,0.634,15.91,16.82,64.5,82.94,0.05,16.3,184.3,0.4062,0.5506,orange,2,0.46,0.3,0.37,0.14,0.0843
938,30.75,78.29,25.19,2227.0,150.6,0.8547,13.18,0.668,14.59,14.94,71.75,92.25,0.05,14.42,205.0,0.4159,0.5932,orange,2,0.38,0.3,0.51,0.14,0.0956
939,30.75,78.31,25.94,1802.0,109.8,-1.5,13.15,0.608,13.02,13.08,63.7,81.9,0.05,12.55,182.0,0.405,0.5965,orange,2,0.52,0.3,0.33,0.22,0.1083
940,30.75,78.33,29.49,1462.0,246.4,0.1221,13.0,0.684,11.55,11.22,55.79,71.73,0.05,10.68,159.4,0.4608,0.4071,yellow,1,0.33,0.22,0.21,0.22,0.1226
941,30.75,78.35,51.39,1532.0,6.7,-1.5,12.2,0.546,9.76,9.38,53.93,69.34,0.05,8.83,154.1,0.6656,0.684,red,3,0.64,0.22,0.24,0.22,0.1387
942,30.75,78.37,35.82,1504.0,168.3,-1.5,12.76,0.619,7.92,7.57,50.43,64.84,0.05,7.01,144.1,0.619,0.6677,red,3,0.61,0.22,0.35,0.14,0.0193
943,30.75,78.39,26.29,1674.0,271.1,-0.2442,13.13,0.632,6.12,5.82,50.92,65.48,0.05,5.24,145.5,0.5764,0.4413,yellow,1,0.35,0.3,0.24,0.14,0.032
944,30.75,78.41,30.53,1700.0,229.1,-1.0989,12.96,0.677,4.4,4.19,50.26,64.62,0.05,3.61,143.6,0.6648,0.5335,orange,2,0.45,0.24,0.35,0.14,0.0873
945,30.75,78.43,24.18,1998.0,46.2,-1.3431,13.23,0.6,2.92,2.92,55.72,71.64,0.05,2.41,159.2,0.6487,0.5112,orange,2,0.41,0.32,0.37,0.09,0.1618
946,30.75,78.45,23.21,1275.0,0.5,-0.1221,13.28,0.642,2.22,2.6,45.46,58.46,0.05,2.41,129.9,0.6156,0.4108,yellow,1,0.26,0.32,0.25,0.05,0.2092
947,30.75,78.47,50.45,1371.0,90.2,-1.5,12.24,0.669,2.92,1.92,49.94,64.22,0.05,3.46,142.7,0.8132,0.6859,red,3,0.63,0.28,0.31,0.05,0.2058
948,30.75,78.49,50.69,1373.0,216.6,1.3431,12.23,0.72,4.4,1.92,53.09,68.27,0.05,3.46,151.7,0.8204,0.6098,orange,2,0.54,0.24,0.35,0.05,0.1686
949,30.75,78.51,28.73,1881.0,225.2,-1.0989,13.03,0.672,3.61,3.3,64.26,82.62,0.05,4.34,183.6,0.6577,0.5755,orange,2,0.48,0.32,0.43,0.05,0.1308
950,30.75,78.53,33.86,1789.0,40.7,-1.5,12.83,0.585,2.41,3.24,64.19,82.53,0.05,3.24,183.4,0.7408,0.5649,orange,2,0.48,0.32,0.33,0.05,0.1035
951,30.75,78.55,22.21,1466.0,343.3,1.5,13.32,0.712,2.41,3.07,58.77,75.56,0.05,3.07,167.9,0.6169,0.4411,yellow,1,0.24,0.36,0.24,0.09,0.099
952,30.75,78.57,16.63,1685.0,21.5,-0.6105,13.64,0.667,3.61,3.94,60.9,78.3,0.05,3.94,174.0,0.5404,0.4123,yellow,1,0.27,0.32,0.25,0.09,0.0659
953,30.75,78.59,30.82,1924.0,30.6,0.3663,12.95,0.679,5.24,5.38,62.3,80.1,0.05,5.38,178.0,0.6438,0.4826,orange,2,0.34,0.18,0.4,0.14,0.0576
954,30.75,78.61,39.6,2195.0,162.0,1.5,12.62,0.598,6.24,6.04,63.73,81.94,0.05,6.04,182.1,0.7156,0.621,orange,2,0.54,0.22,0.47,0.14,0.0458
955,30.75,78.63,19.38,2551.0,43.7,-0.4884,13.47,0.647,7.31,6.66,65.73,84.51,0.05,7.01,187.8,0.4897,0.4801,orange,2,0.34,0.3,0.38,0.18,0.028
956,30.75,78.65,20.22,2165.0,3.8,-0.3663,13.43,0.624,8.66,6.93,58.52,75.24,0.05,8.3,167.2,0.4438,0.431,yellow,1,0.34,0.26,0.27,0.14,0.1437
957,30.75,78.67,26.29,2194.0,91.1,-1.5,13.13,0.604,10.19,7.67,58.59,75.33,0.05,9.8,167.4,0.461,0.5894,orange,2,0.52,0.26,0.3,0.14,0.1301
958,30.75,78.69,40.88,2900.0,197.7,0.1221,12.57,0.644,11.73,8.77,62.72,80.64,0.05,11.42,179.2,0.5692,0.6285,orange,2,0.49,0.18,0.55,0.26,0.1168
959,30.75,78.71,46.76,3689.0,119.8,1.5,12.37,0.265,12.48,10.11,60.97,78.39,0.05,11.66,174.2,0.5993,0.6456,orange,2,0.59,0.13,0.37,0.3,0.1149
960,30.75,78.73,28.36,3741.0,142.6,-0.6105,13.05,0.253,13.45,11.6,63.73,81.94,0.05,12.17,182.1,0.4293,0.5623,orange,2,0.48,0.25,0.37,0.3,0.111
961,30.75,78.75,8.4,3436.0,127.3,-0.6105,14.34,0.442,14.61,13.2,68.36,87.89,0.05,12.95,195.3,0.2402,0.434,yellow,1,0.28,0.33,0.33,0.3,0.1054
962,30.75,78.77,18.55,4324.0,109.7,-1.4652,13.52,0.181,15.91,14.87,65.87,84.69,0.05,13.94,188.2,0.3361,0.4844,orange,2,0.42,0.25,0.16,0.3,0.0987
963,30.75,78.79,12.48,4314.0,128.1,1.221,13.94,0.124,17.32,16.6,66.81,85.91,0.05,15.11,190.9,0.2775,0.3978,yellow,1,0.31,0.28,0.2,0.37,0.0913
964,30.75,78.81,41.54,4564.0,162.2,-1.5,12.55,0.186,18.82,18.35,64.78,83.3,0.05,16.42,185.1,0.5635,0.687,red,3,0.64,0.17,0.32,0.37,0.0837
965,30.75,78.83,20.23,4640.0,131.7,-0.3663,13.43,0.128,20.39,20.13,62.33,80.14,0.05,17.83,178.1,0.3448,0.4719,orange,2,0.4,0.21,0.24,0.37,0.0762
966,30.75,78.85,30.85,4465.0,164.3,1.5,12.94,0.126,22.0,21.94,60.3,77.54,0.05,19.32,172.3,0.4463,0.5437,orange,2,0.48,0.13,0.32,0.37,0.0689
967,30.75,78.87,36.29,4074.0,298.8,1.5,12.74,0.191,23.66,23.66,59.26,76.19,0.05,20.89,169.3,0.4983,0.5404,orange,2,0.5,0.13,0.16,0.37,0.0621
968,30.75,78.89,37.1,3394.0,257.0,-1.4652,12.71,0.411,25.36,25.36,60.34,77.58,0.05,22.5,172.4,0.5089,0.6456,orange,2,0.59,0.13,0.37,0.37,0.0558
969,30.75,78.91,36.25,3078.0,295.1,-0.9768,12.74,0.678,27.08,27.08,60.72,78.08,0.05,24.16,173.5,0.5013,0.5515,orange,2,0.47,0.13,0.44,0.37,0.0499
970,30.75,78.93,51.26,3758.0,193.7,1.5,12.21,0.197,28.82,27.21,57.4,73.8,0.05,25.85,164.0,0.5812,0.6659,red,3,0.61,0.13,0.4,0.37,0.0446
971,30.75,78.95,40.74,4589.0,199.8,-1.5,12.58,0.128,30.59,27.21,54.77,70.42,0.05,27.21,156.5,0.5326,0.715,red,3,0.68,0.13,0.27,0.37,0.0407
972,30.75,78.97,16.45,4539.0,80.8,-1.221,13.65,0.196,32.36,27.34,57.78,74.3,0.05,27.34,165.1,0.2966,0.4492,yellow,1,0.4,0.21,0.08,0.37,0.0404
973,30.75,78.99,14.8,4846.0,131.3,-0.4884,13.76,0.125,33.52,27.61,59.29,76.23,0.05,27.61,169.4,0.2835,0.419,yellow,1,0.35,0.24,0.15,0.37,0.0397
974,30.75,79.01,20.0,3627.7,180.0,0.0,8.0,0.272,33.78,28.0,68.42,87.98,0.05,28.0,195.5,0.3564,0.4283,yellow,1,0.24,0.09,0.37,0.37,0.0387
975,30.75,79.03,20.0,3498.6,180.0,0.0,8.0,0.428,34.16,28.51,70.77,90.99,0.05,28.51,202.2,0.3618,0.4231,yellow,1,0.21,0.09,0.37,0.37,0.0374
976,30.75,79.05,20.0,3413.1,180.0,0.0,8.0,0.392,34.63,29.13,71.43,91.84,0.05,29.13,204.1,0.3633,0.4231,yellow,1,0.21,0.09,0.37,0.37,0.0358
977,30.77,77.85,20.0,1679.5,180.0,0.0,8.0,0.691,23.59,25.36,56.1,72.14,0.05,25.36,160.3,0.3282,0.3144,yellow,1,0.17,0.14,0.25,0.29,0.0461
978,30.77,77.87,20.0,1921.0,180.0,0.0,8.0,0.62,21.84,23.59,58.48,75.19,0.05,23.59,167.1,0.3337,0.3845,yellow,1,0.24,0.1,0.32,0.29,0.0519
979,30.77,77.89,20.0,1893.4,180.0,0.0,8.0,0.619,20.12,21.84,56.77,72.99,0.05,21.84,162.2,0.3298,0.3845,yellow,1,0.24,0.1,0.32,0.29,0.0583
980,30.77,77.91,20.0,2010.4,180.0,0.0,8.0,0.631,18.43,20.12,58.24,74.88,0.05,20.12,166.4,0.3331,0.3845,yellow,1,0.24,0.1,0.32,0.29,0.0654
981,30.77,77.93,20.0,2095.7,180.0,0.0,8.0,0.623,16.79,18.43,60.06,77.22,0.05,18.43,171.6,0.3373,0.4297,yellow,1,0.24,0.1,0.37,0.29,0.0732
982,30.77,77.95,20.0,1815.4,180.0,0.0,8.0,0.672,15.21,16.79,56.49,72.63,0.05,16.79,161.4,0.3291,0.3771,yellow,1,0.2,0.1,0.32,0.29,0.0816
983,30.77,77.97,20.0,1589.5,180.0,0.0,8.0,0.608,13.71,15.21,54.32,69.84,0.05,15.21,155.2,0.3242,0.3221,yellow,1,0.21,0.14,0.25,0.29,0.0907
984,30.77,77.99,20.0,1711.5,180.0,0.0,8.0,0.607,12.33,13.71,58.1,74.7,0.05,13.71,166.0,0.3328,0.3221,yellow,1,0.21,0.14,0.25,0.22,0.1002
985,30.77,78.01,31.9,2115.0,84.4,-0.8549,12.9,0.658,11.09,12.33,66.29,85.23,0.05,12.33,189.4,0.4705,0.4873,orange,2,0.4,0.22,0.34,0.22,0.1099
986,30.77,78.03,28.31,1874.0,90.5,1.5,13.05,0.611,10.07,11.09,62.96,80.95,0.05,11.09,179.9,0.4534,0.5077,orange,2,0.42,0.26,0.33,0.22,0.1193
987,30.77,78.05,36.65,1292.0,66.1,1.5,12.72,0.641,9.33,10.07,53.06,68.22,0.05,10.07,151.6,0.5441,0.5323,orange,2,0.47,0.22,0.22,0.22,0.1278
988,30.77,78.07,36.99,1864.0,256.6,0.2443,12.71,0.585,8.93,9.33,61.7,79.34,0.05,9.33,176.3,0.5889,0.575,orange,2,0.5,0.18,0.39,0.22,0.1343
989,30.77,78.09,38.13,1457.0,298.7,0.1221,12.67,0.647,8.93,8.93,53.34,68.58,0.05,8.93,152.4,0.5927,0.5172,orange,2,0.45,0.22,0.24,0.22,0.1378
990,30.77,78.11,27.25,1182.0,175.9,-1.0992,13.09,0.661,9.33,8.93,46.97,60.39,0.05,8.93,134.2,0.4694,0.5259,orange,2,0.44,0.34,0.26,0.22,0.1378
991,30.77,78.13,20.31,1649.0,61.1,0.1221,13.42,0.657,9.08,9.33,53.3,68.54,0.05,9.33,152.3,0.4029,0.3773,yellow,1,0.21,0.3,0.2,0.22,0.1343
992,30.77,78.15,25.4,1872.0,147.5,1.0992,13.17,0.668,8.88,10.07,56.1,72.14,0.05,10.07,160.3,0.4385,0.4894,orange,2,0.4,0.26,0.32,0.14,0.1278
993,30.77,78.17,29.02,1774.0,54.1,0.3664,13.02,0.633,9.08,11.09,54.32,69.84,0.05,11.09,155.2,0.4408,0.4331,yellow,1,0.35,0.3,0.18,0.14,0.1193
994,30.77,78.19,21.17,2293.0,38.9,0.8549,13.38,0.681,9.66,12.33,63.77,81.99,0.05,12.33,182.2,0.3575,0.4842,orange,2,0.24,0.3,0.4,0.09,0.1099
995,30.77,78.21,13.99,1962.0,199.0,0.4885,13.82,0.67,10.55,13.71,59.6,76.64,0.05,13.71,170.3,0.2761,0.4557,orange,2,0.23,0.29,0.37,0.09,0.1002
996,30.77,78.23,19.41,2436.0,150.4,-1.5,13.47,0.618,11.69,15.21,69.3,89.1,0.05,15.21,198.0,0.3525,0.5667,orange,2,0.44,0.3,0.47,0.09,0.0907
997,30.77,78.25,31.84,2163.0,93.9,0.4885,12.91,0.63,13.0,16.79,66.36,85.32,0.05,16.79,189.6,0.4701,0.4915,orange,2,0.4,0.22,0.37,0.09,0.0816
998,30.77,78.27,20.9,2243.0,214.2,-0.8549,13.39,0.698,14.45,17.3,68.84,88.52,0.05,16.75,196.7,0.3664,0.5555,orange,2,0.34,0.3,0.47,0.14,0.0818
999,30.77,78.29,27.03,2358.0,213.8,0.6106,13.1,0.594,15.84,15.48,71.16,91.49,0.05,14.93,203.3,0.4329,0.5644,orange,2,0.42,0.3,0.47,0.14,0.0924
1000,30.77,78.31,27.28,1811.0,340.3,-0.7328,13.09,0.668,14.02,13.68,61.46,79.02,0.05,13.12,175.6,0.4133,0.4868,orange,2,0.4,0.26,0.3,0.22,0.1042
1001,30.77,78.33,17.9,2197.0,215.2,-0.3664,13.56,0.697,12.23,11.92,66.71,85.77,0.05,11.35,190.6,0.3503,0.4451,yellow,1,0.34,0.3,0.33,0.22,0.1173
1002,30.77,78.35,42.09,1580.0,24.1,0.6106,12.53,0.609,10.49,10.21,54.67,70.29,0.05,9.63,156.2,0.6149,0.5172,orange,2,0.45,0.22,0.24,0.22,0.1315
1003,30.77,78.37,23.78,1493.0,146.5,-1.4655,13.25,0.694,8.8,8.58,51.48,66.19,0.05,8.0,147.1,0.4723,0.4624,orange,2,0.37,0.3,0.27,0.22,0.0071
1004,30.77,78.39,45.32,1683.0,18.9,0.1221,12.42,0.646,7.23,7.08,53.38,68.62,0.05,6.5,152.5,0.7324,0.5786,orange,2,0.52,0.22,0.24,0.14,0.0221
1005,30.77,78.41,24.3,1730.0,286.4,0.977,13.22,0.602,5.84,5.82,53.55,68.85,0.05,5.28,153.0,0.5615,0.3903,yellow,1,0.25,0.3,0.24,0.14,0.0318
1006,30.77,78.43,42.63,2180.0,333.6,-1.5,12.51,0.603,4.83,4.98,61.35,78.89,0.05,4.54,175.3,0.7841,0.6624,red,3,0.6,0.2,0.4,0.14,0.0591
1007,30.77,78.45,31.94,1317.0,3.7,-0.8549,12.9,0.654,4.44,4.8,47.91,61.61,0.05,4.54,136.9,0.6465,0.4556,orange,2,0.37,0.24,0.28,0.14,0.0818
1008,30.77,78.47,12.99,1935.0,245.9,-0.7328,13.9,0.69,4.83,3.96,59.88,77.0,0.05,5.28,171.1,0.4629,0.4468,yellow,1,0.27,0.31,0.35,0.09,0.0896
1009,30.77,78.49,22.28,1459.0,143.6,1.5,13.32,0.691,4.75,2.2,53.66,68.99,0.05,5.09,153.3,0.5468,0.4212,yellow,1,0.27,0.32,0.31,0.09,0.0863
1010,30.77,78.51,37.03,2445.0,178.2,-1.0992,12.71,0.659,2.85,1.11,71.68,92.16,0.05,3.23,204.8,0.7899,0.6941,red,3,0.61,0.28,0.61,0.05,0.1125
1011,30.77,78.53,30.85,2494.0,6.2,-1.4655,12.94,0.589,0.95,1.46,73.32,94.28,0.05,1.46,209.5,0.7835,0.6537,red,3,0.54,0.37,0.56,0.13,0.1326
1012,30.77,78.55,27.25,2290.0,184.1,-0.7328,13.09,0.598,0.95,1.02,69.89,89.86,0.05,1.02,199.7,0.7524,0.7117,red,3,0.52,0.45,0.63,0.13,0.1546
1013,30.77,78.57,29.62,2277.0,350.6,0.6106,12.99,0.645,2.85,2.68,68.81,88.47,0.05,2.68,196.6,0.7253,0.6008,orange,2,0.39,0.28,0.52,0.05,0.1328
1014,30.77,78.59,44.69,1601.0,231.0,-0.4885,12.44,0.557,3.46,3.36,56.0,72.0,0.05,3.36,160.0,0.8268,0.6013,orange,2,0.53,0.24,0.35,0.09,0.1173
1015,30.77,78.61,31.35,1849.0,118.7,0.2443,12.92,0.608,4.38,4.09,58.41,75.11,0.05,4.09,166.9,0.6777,0.4907,orange,2,0.4,0.2,0.38,0.14,0.0817
1016,30.77,78.63,26.49,2163.0,82.4,-1.5,13.13,0.654,5.8,4.44,62.12,79.88,0.05,5.42,177.5,0.5988,0.5453,orange,2,0.46,0.26,0.36,0.14,0.0441
1017,30.77,78.65,37.98,2551.0,216.6,1.5,12.68,0.62,7.44,4.83,66.47,85.45,0.05,7.02,189.9,0.6771,0.6274,orange,2,0.54,0.22,0.53,0.18,0.0277
1018,30.77,78.67,20.55,2076.0,300.2,0.7328,13.41,0.637,9.08,5.84,59.36,76.32,0.05,8.73,169.6,0.4364,0.3793,yellow,1,0.28,0.26,0.27,0.14,0.1397
1019,30.77,78.69,16.31,2402.0,3.2,-0.6106,13.66,0.713,9.66,7.23,65.48,84.19,0.05,9.22,187.1,0.3938,0.4749,orange,2,0.3,0.3,0.38,0.14,0.1352
1020,30.77,78.71,26.09,2748.0,23.9,0.1221,13.14,0.645,10.55,8.8,67.13,86.31,0.05,9.49,191.8,0.4875,0.5185,orange,2,0.38,0.3,0.42,0.26,0.1328
1021,30.77,78.73,38.86,3185.0,19.7,1.5,12.65,0.58,11.69,10.49,66.57,85.59,0.05,10.12,190.2,0.5957,0.5551,orange,2,0.47,0.17,0.44,0.3,0.1274
1022,30.77,78.75,37.76,3384.0,227.0,-0.8549,12.68,0.471,13.0,12.23,67.16,86.36,0.05,11.04,191.9,0.5592,0.602,orange,2,0.53,0.17,0.41,0.3,0.1198
1023,30.77,78.77,40.29,3860.0,123.8,-1.5,12.59,0.157,14.45,14.02,65.91,84.74,0.05,12.19,188.3,0.5535,0.664,red,3,0.62,0.17,0.26,0.3,0.1109
1024,30.77,78.79,29.13,3760.0,56.7,0.3664,13.01,0.245,15.99,15.84,66.92,86.04,0.05,13.51,191.2,0.4443,0.4683,orange,2,0.38,0.25,0.3,0.3,0.1016
1025,30.77,78.81,26.18,3597.0,98.8,0.3664,13.14,0.362,17.6,17.6,67.38,86.62,0.05,14.95,192.5,0.4158,0.4385,yellow,1,0.34,0.25,0.33,0.3,0.0922
1026,30.77,78.83,53.06,4027.0,211.4,-1.5,12.14,0.202,19.27,19.27,63.98,82.26,0.05,16.49,182.8,0.5962,0.745,red,3,0.71,0.17,0.28,0.37,0.0833
1027,30.77,78.85,42.99,5148.0,161.0,0.7328,12.5,0.152,20.97,20.97,56.45,72.59,0.05,18.1,161.3,0.5589,0.5725,orange,2,0.52,0.13,0.27,0.37,0.0748
1028,30.77,78.87,24.45,4710.0,50.0,0.4885,13.22,0.172,22.71,22.71,57.02,73.31,0.05,19.76,162.9,0.3748,0.3458,yellow,1,0.28,0.21,0.12,0.37,0.067
1029,30.77,78.89,16.07,3759.0,334.2,-0.3664,13.67,0.197,24.47,24.47,60.62,77.94,0.05,21.46,173.2,0.2993,0.4222,yellow,1,0.34,0.21,0.26,0.37,0.0598
1030,30.77,78.91,43.83,4438.0,324.1,-0.3664,12.47,0.16,26.25,25.14,56.35,72.45,0.05,23.19,161.0,0.5671,0.5771,orange,2,0.54,0.13,0.16,0.37,0.0533
1031,30.77,78.93,16.67,3364.0,330.0,0.3664,13.64,0.445,28.04,24.99,62.12,79.88,0.05,24.94,177.5,0.3087,0.3505,yellow,1,0.25,0.21,0.26,0.37,0.0474
1032,30.77,78.95,38.18,3951.0,17.7,-0.8549,12.67,0.176,29.85,24.99,59.99,77.13,0.05,24.99,171.4,0.5189,0.5808,orange,2,0.54,0.13,0.19,0.37,0.0472
1033,30.77,78.97,39.79,4699.0,169.9,0.4885,12.61,0.145,31.14,25.14,57.61,74.07,0.05,25.14,164.6,0.5296,0.6082,orange,2,0.56,0.13,0.27,0.37,0.0468
1034,30.77,78.99,46.59,5279.0,258.7,1.5,12.37,0.109,31.31,25.42,56.31,72.41,0.05,25.42,160.9,0.5787,0.6628,red,3,0.63,0.13,0.19,0.37,0.0459
1035,30.77,79.01,20.0,3388.0,180.0,0.0,8.0,0.417,31.6,25.85,67.76,87.12,0.05,25.85,193.6,0.3549,0.4231,yellow,1,0.21,0.09,0.37,0.37,0.0446
1036,30.77,79.03,20.0,3605.9,180.0,0.0,8.0,0.314,32.0,26.4,67.55,86.85,0.05,26.4,193.0,0.3544,0.418,yellow,1,0.18,0.09,0.37,0.37,0.043
1037,30.77,79.05,20.0,3714.9,180.0,0.0,8.0,0.27,32.5,27.07,67.09,86.27,0.05,27.07,191.7,0.3534,0.4283,yellow,1,0.24,0.09,0.37,0.37,0.0411
1038,30.79,77.85,20.0,2039.4,180.0,0.0,8.0,0.643,22.84,24.67,62.27,80.06,0.05,24.67,177.9,0.3423,0.4297,yellow,1,0.24,0.1,0.37,0.29,0.0483
1039,30.79,77.87,20.0,1784.4,180.0,0.0,8.0,0.621,21.03,22.84,58.24,74.88,0.05,22.84,166.4,0.3331,0.3221,yellow,1,0.21,0.14,0.25,0.29,0.0545
1040,30.79,77.89,20.0,1868.8,180.0,0.0,8.0,0.698,19.24,21.03,59.81,76.91,0.05,21.03,170.9,0.3367,0.4229,yellow,1,0.2,0.1,0.37,0.29,0.0615
1041,30.79,77.91,20.0,1979.7,180.0,0.0,8.0,0.612,17.47,19.24,61.77,79.42,0.05,19.24,176.5,0.3412,0.4297,yellow,1,0.24,0.1,0.37,0.29,0.0693
1042,30.79,77.93,20.0,1815.3,180.0,0.0,8.0,0.689,15.73,17.47,58.94,75.78,0.05,17.47,168.4,0.3347,0.3771,yellow,1,0.2,0.1,0.32,0.29,0.078
1043,30.79,77.95,20.0,1775.8,180.0,0.0,8.0,0.615,14.03,15.73,58.13,74.75,0.05,15.73,166.1,0.3329,0.3221,yellow,1,0.21,0.14,0.25,0.29,0.0876
1044,30.79,77.97,20.0,1920.0,180.0,0.0,8.0,0.615,12.39,14.03,60.3,77.54,0.05,14.03,172.3,0.3378,0.4297,yellow,1,0.24,0.1,0.37,0.22,0.0981
1045,30.79,77.99,20.0,1869.6,180.0,0.0,8.0,0.679,10.84,12.39,59.22,76.14,0.05,12.39,169.2,0.3354,0.3771,yellow,1,0.2,0.1,0.32,0.22,0.1094
1046,30.79,78.01,33.1,1503.0,251.9,1.3437,12.86,0.658,9.41,10.84,52.85,67.95,0.05,10.84,151.0,0.4857,0.4309,yellow,1,0.35,0.22,0.25,0.22,0.1214
1047,30.79,78.03,46.57,1552.0,255.0,-1.2215,12.37,0.602,8.18,9.41,53.58,68.89,0.05,9.41,153.1,0.648,0.7039,red,3,0.66,0.22,0.27,0.22,0.1335
1048,30.79,78.05,24.04,1679.0,342.0,1.2215,13.24,0.655,7.24,8.18,55.72,71.64,0.05,8.18,159.2,0.4792,0.3806,yellow,1,0.23,0.3,0.2,0.22,0.1449
1049,30.79,78.07,25.0,2153.0,281.1,-0.1222,13.19,0.651,6.73,7.24,63.84,82.08,0.05,7.24,182.4,0.5346,0.4155,yellow,1,0.24,0.3,0.32,0.14,0.0156
1050,30.79,78.09,31.47,1929.0,38.9,-1.5,12.92,0.613,6.73,6.73,60.27,77.49,0.05,6.73,172.2,0.6062,0.5713,orange,2,0.5,0.18,0.36,0.14,0.0179
1051,30.79,78.11,34.87,1513.0,331.5,-0.1222,12.79,0.585,7.24,6.73,53.55,68.85,0.05,6.73,153.0,0.6249,0.4294,yellow,1,0.35,0.22,0.24,0.14,0.0179
1052,30.79,78.13,13.14,1050.0,311.8,0.7329,13.88,0.595,6.93,7.24,45.99,59.13,0.05,7.24,131.4,0.3752,0.4194,yellow,1,0.17,0.37,0.11,0.14,0.0156
1053,30.79,78.15,20.13,1225.0,113.5,-0.9772,13.43,0.662,6.66,8.18,49.07,63.09,0.05,8.18,140.2,0.4249,0.3952,yellow,1,0.29,0.3,0.23,0.14,0.1449
1054,30.79,78.17,33.4,1586.0,191.7,1.5,12.85,0.651,6.93,9.41,55.12,70.88,0.05,9.41,157.5,0.5355,0.4632,orange,2,0.37,0.22,0.35,0.14,0.1335
1055,30.79,78.19,30.01,1399.0,48.6,-1.5,12.98,0.717,7.67,10.84,51.91,66.74,0.05,10.84,148.3,0.4526,0.497,orange,2,0.43,0.22,0.22,0.14,0.1214
1056,30.79,78.21,16.52,1966.0,137.0,-1.3437,13.64,0.685,8.77,12.39,61.21,78.7,0.05,12.39,174.9,0.3051,0.4908,orange,2,0.4,0.26,0.33,0.14,0.1094
1057,30.79,78.23,36.84,1771.0,347.2,1.5,12.72,0.665,10.11,14.03,57.71,74.2,0.05,14.03,164.9,0.5003,0.497,orange,2,0.43,0.22,0.22,0.14,0.0981
1058,30.79,78.25,31.0,1790.0,191.3,-1.0994,12.94,0.641,11.6,15.73,57.78,74.3,0.05,15.73,165.1,0.4421,0.5802,orange,2,0.51,0.22,0.33,0.14,0.0876
1059,30.79,78.27,25.38,1873.0,39.2,0.6108,13.18,0.629,13.2,17.47,59.01,75.87,0.05,17.47,168.6,0.3887,0.4628,orange,2,0.38,0.26,0.25,0.14,0.078
1060,30.79,78.29,32.24,2187.0,214.0,-0.3665,12.89,0.636,14.87,16.3,64.22,82.58,0.05,15.73,183.5,0.4692,0.5642,orange,2,0.48,0.22,0.41,0.14,0.0876
1061,30.79,78.31,34.55,2629.0,268.4,-0.7329,12.8,0.594,14.87,14.61,68.88,88.56,0.05,14.03,196.8,0.5029,0.562,orange,2,0.46,0.22,0.47,0.26,0.0981
1062,30.79,78.33,30.49,1914.0,20.5,-0.9772,12.96,0.648,13.2,12.97,59.88,77.0,0.05,12.39,171.1,0.4418,0.5171,orange,2,0.44,0.18,0.34,0.22,0.1094
1063,30.79,78.35,31.18,2220.0,328.1,-1.5,12.93,0.603,11.6,11.42,65.27,83.92,0.05,10.84,186.5,0.4949,0.5845,orange,2,0.5,0.22,0.44,0.22,0.1214
1064,30.79,78.37,42.01,1996.0,178.2,-1.5,12.53,0.567,10.11,9.98,61.77,79.42,0.05,9.41,176.5,0.6368,0.7011,red,3,0.64,0.18,0.47,0.22,0.1335
1065,30.79,78.39,22.77,1706.0,28.8,-0.2443,13.3,0.684,8.77,8.73,57.08,73.39,0.05,8.18,163.1,0.4696,0.3773,yellow,1,0.21,0.3,0.2,0.22,0.1449
1066,30.79,78.41,17.58,2087.0,243.5,0.4886,13.58,0.648,7.67,7.74,63.56,81.72,0.05,7.24,181.6,0.4598,0.4156,yellow,1,0.3,0.3,0.31,0.14,0.0184
1067,30.79,78.43,40.67,1823.0,333.4,-1.5,12.58,0.636,6.93,7.14,59.08,75.96,0.05,6.73,168.8,0.6955,0.6521,red,3,0.6,0.18,0.31,0.14,0.0213
1068,30.79,78.45,20.08,1406.0,165.2,-1.5,13.44,0.689,6.66,5.81,51.94,66.78,0.05,6.73,148.4,0.4733,0.4677,orange,2,0.37,0.3,0.31,0.14,0.0216
1069,30.79,78.47,20.25,2331.0,151.8,-0.8551,13.43,0.686,6.93,3.96,67.23,86.44,0.05,7.08,192.1,0.4996,0.6059,orange,2,0.34,0.3,0.53,0.09,0.0436
1070,30.79,78.49,27.28,2371.0,319.3,-0.6108,13.09,0.674,5.24,2.2,67.66,86.99,0.05,5.24,193.3,0.6247,0.554,orange,2,0.4,0.3,0.46,0.09,0.0307
1071,30.79,78.51,22.6,1948.0,203.5,-0.1222,13.31,0.697,3.61,1.11,60.37,77.62,0.05,3.45,172.5,0.6133,0.5466,orange,2,0.28,0.28,0.47,0.05,0.058
1072,30.79,78.53,36.0,2386.0,182.6,-0.2443,12.75,0.652,2.41,1.9,67.58,86.89,0.05,1.9,193.1,0.8091,0.7326,red,3,0.49,0.28,0.67,0.05,0.1115
1073,30.79,78.55,23.71,2575.0,303.9,0.0,13.25,0.659,2.41,1.59,69.12,88.88,0.05,1.59,197.5,0.6988,0.5949,orange,2,0.25,0.36,0.52,0.09,0.1715
1074,30.79,78.57,25.9,2472.0,0.5,0.7329,13.15,0.657,1.46,1.81,69.16,88.92,0.05,1.46,197.6,0.7245,0.6149,orange,2,0.38,0.45,0.52,0.13,0.256
1075,30.79,78.59,20.01,2242.0,282.0,0.0,13.44,0.608,1.46,1.21,65.52,84.24,0.05,1.21,187.2,0.6646,0.6101,orange,2,0.32,0.45,0.52,0.13,0.2881
1076,30.79,78.61,19.5,1790.0,296.9,1.0994,13.47,0.7,3.06,2.62,58.17,74.79,0.05,2.62,166.2,0.6015,0.4078,yellow,1,0.23,0.32,0.26,0.09,0.143
1077,30.79,78.63,40.78,2309.0,116.3,1.3437,12.58,0.642,4.88,2.22,67.09,86.27,0.05,4.42,191.7,0.7823,0.6196,orange,2,0.52,0.24,0.53,0.09,0.0619
1078,30.79,78.65,20.61,3228.0,37.9,-0.2443,13.41,0.534,6.66,2.92,66.64,85.68,0.05,6.27,190.4,0.5254,0.4093,yellow,1,0.25,0.25,0.32,0.17,0.0495
1079,30.79,78.67,44.8,3122.0,315.8,1.5,12.44,0.592,6.93,4.4,67.23,86.44,0.05,7.16,192.1,0.743,0.5577,orange,2,0.47,0.17,0.46,0.22,0.0183
1080,30.79,78.69,15.71,2783.0,337.1,0.9772,13.7,0.685,7.67,6.12,68.91,88.61,0.05,7.0,196.9,0.4604,0.467,orange,2,0.24,0.3,0.38,0.18,0.019
1081,30.79,78.71,39.02,2614.0,186.0,0.4886,12.64,0.594,8.77,7.92,69.61,89.51,0.05,7.36,198.9,0.6848,0.6507,red,3,0.52,0.22,0.57,0.18,0.0174
1082,30.79,78.73,13.13,3549.0,14.1,-1.5,13.88,0.341,10.11,9.76,64.47,82.89,0.05,8.15,184.2,0.391,0.3926,yellow,1,0.29,0.28,0.28,0.3,0.1452
1083,30.79,78.75,44.89,3246.0,330.0,-0.7329,12.43,0.497,11.6,11.6,65.83,84.64,0.05,9.27,188.1,0.6791,0.5789,orange,2,0.51,0.17,0.36,0.3,0.1348
1084,30.79,78.77,36.34,3273.0,239.2,0.1222,12.74,0.566,13.2,13.2,65.52,84.24,0.05,10.61,187.2,0.5537,0.5511,orange,2,0.47,0.17,0.41,0.3,0.1232
1085,30.79,78.79,29.19,3773.0,322.5,1.5,13.01,0.224,14.87,14.87,62.82,80.78,0.05,12.1,179.5,0.4355,0.4805,orange,2,0.4,0.21,0.3,0.3,0.1116
1086,30.79,78.81,13.43,4222.0,104.9,-0.2443,13.86,0.167,16.6,16.6,60.52,77.81,0.05,13.7,172.9,0.2726,0.3314,yellow,1,0.25,0.24,0.16,0.3,0.1003
1087,30.79,78.83,38.05,4236.0,289.7,0.6108,12.67,0.14,18.35,18.35,60.62,77.94,0.05,15.36,173.2,0.5191,0.565,orange,2,0.52,0.13,0.21,0.37,0.0898
1088,30.79,78.85,48.94,5472.0,204.8,-1.5,12.29,0.12,20.13,20.13,54.36,69.89,0.05,17.08,155.3,0.5742,0.7774,red,3,0.75,0.13,0.27,0.37,0.0801
1089,30.79,78.87,41.09,5167.0,281.5,-0.3665,12.57,0.077,21.94,21.94,56.21,72.27,0.05,18.83,160.6,0.5394,0.6139,orange,2,0.58,0.13,0.16,0.37,0.0713
1090,30.79,78.89,14.08,4912.0,37.9,-0.2443,13.81,0.163,23.75,23.25,57.71,74.2,0.05,20.6,164.9,0.2727,0.3065,yellow,1,0.23,0.24,0.08,0.37,0.0633
1091,30.79,78.91,50.03,5025.0,266.4,-0.7329,12.25,0.103,25.58,22.93,57.22,73.58,0.05,22.4,163.5,0.5808,0.6992,red,3,0.67,0.13,0.19,0.37,0.0562
1092,30.79,78.93,53.19,4644.0,314.6,-1.5,12.14,0.145,27.42,22.77,59.22,76.14,0.05,22.77,169.2,0.5854,0.7334,red,3,0.71,0.13,0.16,0.37,0.0548
1093,30.79,78.95,48.74,3783.0,4.7,1.5,12.3,0.195,28.86,22.77,63.59,81.77,0.05,22.77,181.7,0.5954,0.6283,orange,2,0.57,0.17,0.34,0.37,0.0548
1094,30.79,78.97,37.64,4318.0,203.5,0.9772,12.69,0.158,28.92,22.93,60.58,77.89,0.05,22.93,173.1,0.5149,0.5788,orange,2,0.52,0.13,0.32,0.37,0.0542
1095,30.79,78.99,16.79,4841.0,225.3,-0.3665,13.63,0.164,29.11,23.25,57.57,74.03,0.05,23.25,164.5,0.2995,0.4231,yellow,1,0.36,0.21,0.15,0.37,0.0531
1096,30.79,79.01,20.0,3392.1,180.0,0.0,8.0,0.483,29.42,23.71,64.96,83.52,0.05,23.71,185.6,0.3485,0.4231,yellow,1,0.21,0.09,0.37,0.37,0.0515
1097,30.79,79.03,20.0,3529.3,180.0,0.0,8.0,0.376,29.84,24.31,64.12,82.44,0.05,24.31,183.2,0.3466,0.418,yellow,1,0.18,0.09,0.37,0.37,0.0494
1098,30.79,79.05,20.0,3344.8,180.0,0.0,8.0,0.443,30.38,25.04,65.06,83.66,0.05,25.04,185.9,0.3487,0.4231,yellow,1,0.21,0.09,0.37,0.37,0.0471
1099,30.81,77.85,20.0,2081.5,180.0,0.0,8.0,0.611,22.3,24.16,63.1,81.14,0.05,24.16,180.3,0.3442,0.4355,yellow,1,0.24,0.14,0.37,0.29,0.0499
1100,30.81,77.87,20.0,2073.9,180.0,0.0,8.0,0.621,20.44,22.3,65.06,83.66,0.05,22.3,185.9,0.3487,0.4355,yellow,1,0.24,0.14,0.37,0.29,0.0565
1101,30.81,77.89,20.0,1911.4,180.0,0.0,8.0,0.667,18.59,20.44,63.84,82.08,0.05,20.44,182.4,0.3459,0.429,yellow,1,0.2,0.14,0.37,0.29,0.064
1102,30.81,77.91,20.0,1614.4,180.0,0.0,8.0,0.673,16.75,18.59,59.46,76.45,0.05,18.59,169.9,0.3359,0.3144,yellow,1,0.17,0.14,0.25,0.29,0.0724
1103,30.81,77.93,20.0,1702.9,180.0,0.0,8.0,0.633,14.93,16.75,60.52,77.81,0.05,16.75,172.9,0.3383,0.3673,yellow,1,0.21,0.14,0.3,0.29,0.0818
1104,30.81,77.95,20.0,1991.2,180.0,0.0,8.0,0.672,13.12,14.93,63.94,82.22,0.05,14.93,182.7,0.3462,0.429,yellow,1,0.2,0.14,0.37,0.22,0.0924
1105,30.81,77.97,20.0,1992.9,180.0,0.0,8.0,0.654,11.35,13.12,61.95,79.65,0.05,13.12,177.0,0.3416,0.4229,yellow,1,0.2,0.1,0.37,0.22,0.1042
1106,30.81,77.99,20.0,1866.9,180.0,0.0,8.0,0.65,9.63,11.35,57.71,74.2,0.05,11.35,164.9,0.3508,0.3845,yellow,1,0.24,0.1,0.32,0.22,0.1173
1107,30.81,78.01,15.12,2122.0,6.0,-1.2218,13.74,0.644,8.0,9.63,60.27,77.49,0.05,9.63,172.2,0.358,0.4841,orange,2,0.4,0.26,0.28,0.22,0.1315
1108,30.81,78.03,40.59,1812.0,221.1,1.5,12.58,0.635,6.5,8.0,54.14,69.61,0.05,8.0,154.7,0.6464,0.6078,orange,2,0.54,0.18,0.38,0.14,0.0129
1109,30.81,78.05,21.73,2417.0,339.2,-0.1222,13.35,0.613,5.28,6.5,64.47,82.89,0.05,6.5,184.2,0.525,0.5063,orange,2,0.28,0.3,0.42,0.14,0.019
1110,30.81,78.07,31.68,2316.0,347.9,0.2444,12.91,0.623,4.54,5.28,63.94,82.22,0.05,5.28,182.7,0.6591,0.5793,orange,2,0.38,0.24,0.5,0.14,0.0276
1111,30.81,78.09,47.12,1841.0,335.6,-0.2444,12.35,0.574,4.54,4.54,57.85,74.39,0.05,4.54,165.3,0.7998,0.6148,orange,2,0.55,0.2,0.35,0.14,0.0357
1112,30.81,78.11,41.46,1298.0,139.7,-1.5,12.55,0.677,5.28,4.54,50.89,65.43,0.05,4.54,145.4,0.7485,0.6336,orange,2,0.57,0.22,0.35,0.14,0.0357
1113,30.81,78.13,40.47,1871.0,196.0,1.4662,12.59,0.609,4.83,5.28,62.41,80.24,0.05,5.28,178.3,0.7435,0.6239,orange,2,0.54,0.2,0.51,0.14,0.0276
1114,30.81,78.15,34.59,1345.0,215.5,-0.2444,12.8,0.686,4.44,6.5,54.74,70.38,0.05,6.5,156.4,0.6314,0.4427,yellow,1,0.35,0.24,0.31,0.14,0.019
1115,30.81,78.17,28.95,1423.0,227.7,-0.7331,13.02,0.639,4.83,8.0,56.21,72.27,0.05,8.0,160.6,0.5348,0.5161,orange,2,0.43,0.32,0.27,0.14,0.0129
1116,30.81,78.19,16.33,1211.0,338.9,0.7331,13.66,0.632,5.84,9.63,51.73,66.51,0.05,9.63,147.8,0.3505,0.3777,yellow,1,0.25,0.3,0.16,0.14,0.1315
1117,30.81,78.21,4.23,1293.0,45.4,0.0,15.03,0.669,7.23,11.35,51.38,66.06,0.05,11.35,146.8,0.1786,0.493,orange,2,0.14,0.45,0.14,0.14,0.1173
1118,30.81,78.23,30.84,1608.0,166.3,-0.7331,12.95,0.582,8.8,13.12,54.53,70.11,0.05,13.12,155.8,0.433,0.5288,orange,2,0.45,0.22,0.33,0.14,0.1042
1119,30.81,78.25,15.14,1436.0,47.2,0.1222,13.74,0.667,10.49,14.93,49.63,63.81,0.05,14.93,141.8,0.2648,0.3673,yellow,1,0.21,0.3,0.14,0.14,0.0924
1120,30.81,78.27,34.1,1885.0,67.1,1.344,12.82,0.595,12.0,16.75,55.76,71.69,0.05,16.75,159.3,0.4684,0.4752,orange,2,0.4,0.18,0.29,0.22,0.0818
1121,30.81,78.29,39.47,2478.0,208.2,0.7331,12.62,0.576,13.15,17.37,65.27,83.92,0.05,16.79,186.5,0.5439,0.6345,orange,2,0.52,0.22,0.55,0.22,0.0816
1122,30.81,78.31,29.86,2797.0,316.3,-1.5,12.98,0.609,14.46,15.79,64.72,83.2,0.05,15.21,184.9,0.4465,0.5798,orange,2,0.5,0.22,0.4,0.26,0.0907
1123,30.81,78.33,23.64,2524.0,243.8,0.3665,13.26,0.63,14.45,14.29,67.66,86.99,0.05,13.71,193.3,0.391,0.5172,orange,2,0.3,0.3,0.43,0.26,0.1002
1124,30.81,78.35,15.87,2142.0,43.1,0.6109,13.69,0.616,13.0,12.9,63.84,82.08,0.05,12.33,182.4,0.3046,0.3981,yellow,1,0.28,0.3,0.26,0.22,0.1099
1125,30.81,78.37,19.2,1981.0,351.3,0.0,13.48,0.682,11.69,11.65,63.24,81.31,0.05,11.09,180.7,0.363,0.3919,yellow,1,0.24,0.3,0.26,0.22,0.1193
1126,30.81,78.39,34.39,2219.0,271.2,-0.2444,12.81,0.591,10.55,10.59,68.88,88.56,0.05,10.07,196.8,0.5576,0.5268,orange,2,0.38,0.22,0.44,0.14,0.1278
1127,30.81,78.41,46.44,2774.0,226.7,0.3665,12.38,0.585,9.66,9.79,72.91,93.74,0.05,9.33,208.3,0.6946,0.6517,red,3,0.57,0.22,0.53,0.18,0.1343
1128,30.81,78.43,31.05,2252.0,98.6,-1.5,12.94,0.651,9.08,8.3,69.86,89.82,0.05,8.93,199.6,0.5597,0.5809,orange,2,0.48,0.22,0.49,0.14,0.1378
1129,30.81,78.45,34.49,1436.0,185.8,1.5,12.8,0.687,8.88,6.6,54.84,70.52,0.05,8.93,156.7,0.5598,0.4632,orange,2,0.37,0.22,0.35,0.14,0.1378
1130,30.81,78.47,23.43,2040.0,171.9,1.344,13.27,0.681,8.0,5.05,63.03,81.05,0.05,7.84,180.1,0.4996,0.5172,orange,2,0.3,0.3,0.43,0.14,0.0073
1131,30.81,78.49,44.69,2688.0,228.5,0.8553,12.44,0.631,6.5,3.83,67.62,86.94,0.05,6.23,193.2,0.7699,0.616,orange,2,0.5,0.22,0.53,0.13,0.0112
1132,30.81,78.51,15.99,3052.0,166.1,-0.1222,13.68,0.625,5.28,3.33,63.91,82.17,0.05,4.82,182.6,0.5154,0.5959,orange,2,0.29,0.25,0.53,0.17,0.0455
1133,30.81,78.53,39.22,3091.0,335.1,1.5,12.63,0.679,4.54,3.83,62.68,80.59,0.05,3.87,179.1,0.7727,0.5773,orange,2,0.43,0.15,0.5,0.17,0.0738
1134,30.81,78.55,27.61,3232.0,17.1,-1.5,13.08,0.509,3.06,3.51,61.95,79.65,0.05,3.06,177.0,0.6785,0.5506,orange,2,0.47,0.23,0.36,0.17,0.1249
1135,30.81,78.57,38.36,2785.0,249.4,1.5,12.66,0.567,1.46,1.81,65.34,84.02,0.05,1.46,186.7,0.8403,0.6789,red,3,0.56,0.37,0.59,0.17,0.2381
1136,30.81,78.59,28.69,2622.0,13.3,0.7331,13.03,0.678,1.46,1.21,68.0,87.44,0.05,1.21,194.3,0.7571,0.6149,orange,2,0.38,0.45,0.52,0.17,0.2825
1137,30.81,78.61,22.98,1929.0,327.7,-0.4887,13.29,0.685,3.06,1.9,61.21,78.7,0.05,2.62,174.9,0.6433,0.5063,orange,2,0.3,0.28,0.42,0.05,0.141
1138,30.81,78.63,41.43,1882.0,161.0,1.5,12.55,0.616,4.83,0.0,62.37,80.19,0.05,4.42,178.2,0.778,0.6239,orange,2,0.54,0.2,0.51,0.05,0.0802
1139,30.81,78.65,20.73,2804.0,193.6,-1.5,13.4,0.661,4.44,1.9,72.45,93.15,0.05,5.87,207.0,0.5516,0.6437,orange,2,0.37,0.32,0.57,0.09,0.0601
1140,30.81,78.67,35.06,3175.0,240.6,0.0,12.78,0.612,4.83,3.8,70.77,90.99,0.05,5.01,202.2,0.7163,0.6105,orange,2,0.47,0.19,0.53,0.17,0.0347
1141,30.81,78.69,19.74,3644.0,32.8,0.2444,13.45,0.289,5.84,5.7,67.55,86.85,0.05,4.79,193.0,0.5621,0.4138,yellow,1,0.28,0.25,0.32,0.22,0.0375
1142,30.81,78.71,47.62,3627.0,307.0,-1.5,12.34,0.27,7.23,7.23,66.01,84.87,0.05,5.29,188.6,0.7966,0.7197,red,3,0.67,0.17,0.4,0.22,0.0316
1143,30.81,78.73,33.31,2980.0,303.1,1.5,12.85,0.578,8.8,8.8,67.3,86.54,0.05,6.34,192.3,0.6519,0.5424,orange,2,0.37,0.22,0.46,0.18,0.0228
1144,30.81,78.75,26.47,3559.0,121.4,-0.7331,13.13,0.333,10.49,10.49,62.19,79.97,0.05,7.73,177.7,0.5314,0.4933,orange,2,0.4,0.21,0.39,0.22,0.0159
1145,30.81,78.77,32.28,4052.0,276.4,-0.3665,12.89,0.216,12.23,12.23,58.1,74.7,0.05,9.3,166.0,0.5344,0.4881,orange,2,0.44,0.13,0.18,0.3,0.1345
1146,30.81,78.79,28.46,4278.0,96.5,1.0996,13.04,0.185,14.02,14.02,56.31,72.41,0.05,10.97,160.9,0.4433,0.4772,orange,2,0.42,0.21,0.15,0.3,0.1203
1147,30.81,78.81,34.84,4537.0,314.8,-0.2444,12.79,0.192,15.84,15.84,55.44,71.28,0.05,12.71,158.4,0.4751,0.4301,yellow,1,0.38,0.13,0.16,0.3,0.1071
1148,30.81,78.83,34.02,4566.0,152.5,-0.1222,12.82,0.199,17.67,17.67,56.7,72.9,0.05,14.49,162.0,0.4698,0.4835,orange,2,0.42,0.13,0.27,0.3,0.0952
1149,30.81,78.85,40.67,5226.0,142.2,1.5,12.58,0.08,19.51,19.51,55.27,71.06,0.05,16.29,157.9,0.533,0.6216,orange,2,0.58,0.13,0.23,0.37,0.0844
1150,30.81,78.87,14.15,5262.0,51.9,0.2444,13.81,0.153,21.37,21.37,57.19,73.53,0.05,18.12,163.4,0.2722,0.3065,yellow,1,0.23,0.24,0.08,0.37,0.0747
1151,30.81,78.89,27.21,5195.0,42.0,1.0996,13.09,0.097,23.23,21.08,59.26,76.19,0.05,19.96,169.3,0.4075,0.4912,orange,2,0.44,0.21,0.12,0.37,0.0661
1152,30.81,78.91,43.78,4989.0,332.3,1.344,12.47,0.143,25.1,20.73,61.21,78.7,0.05,20.73,174.9,0.5777,0.5832,orange,2,0.54,0.13,0.21,0.37,0.0628
1153,30.81,78.93,17.46,4621.0,26.0,-1.4662,13.59,0.157,26.71,20.56,63.0,81.0,0.05,20.56,180.0,0.3186,0.4563,orange,2,0.4,0.21,0.13,0.37,0.0635
1154,30.81,78.95,5.64,3763.0,315.8,0.3665,14.74,0.213,26.64,20.56,66.33,85.28,0.05,20.56,189.5,0.208,0.4135,yellow,1,0.21,0.33,0.26,0.37,0.0635
1155,30.81,78.97,33.59,4447.0,293.0,-1.5,12.84,0.145,26.71,20.73,60.83,78.21,0.05,20.73,173.8,0.4749,0.5832,orange,2,0.54,0.13,0.21,0.37,0.0628
1156,30.81,78.99,34.15,4558.0,61.3,-0.8553,12.82,0.142,26.91,21.08,58.06,74.66,0.05,21.08,165.9,0.4742,0.522,orange,2,0.48,0.13,0.16,0.37,0.0613
1157,30.81,79.01,20.0,3335.2,180.0,0.0,8.0,0.474,27.24,21.58,62.61,80.51,0.05,21.58,178.9,0.3431,0.4172,yellow,1,0.21,0.05,0.37,0.37,0.0593
1158,30.81,79.03,20.0,3057.6,180.0,0.0,8.0,0.631,27.7,22.24,62.93,80.91,0.05,22.24,179.8,0.3438,0.5097,orange,2,0.21,0.05,0.47,0.37,0.0567
1159,30.81,79.05,20.0,3280.9,180.0,0.0,8.0,0.525,28.28,23.04,61.63,79.25,0.05,23.04,176.1,0.3409,0.4172,yellow,1,0.21,0.05,0.37,0.37,0.0538
1160,30.83,77.85,20.0,2317.4,180.0,0.0,8.0,0.617,21.96,23.85,67.16,86.36,0.05,23.85,191.9,0.3535,0.5251,orange,2,0.24,0.14,0.47,0.29,0.051
1161,30.83,77.87,20.0,2140.8,180.0,0.0,8.0,0.657,20.07,21.96,67.38,86.62,0.05,21.96,192.5,0.354,0.429,yellow,1,0.2,0.14,0.37,0.29,0.0578
1162,30.83,77.89,20.0,1753.7,180.0,0.0,8.0,0.696,18.19,20.07,63.21,81.27,0.05,20.07,180.6,0.3445,0.3671,yellow,1,0.17,0.18,0.3,0.29,0.0656
1163,30.83,77.91,20.0,1763.5,180.0,0.0,8.0,0.64,16.3,18.19,64.29,82.66,0.05,18.19,183.7,0.347,0.374,yellow,1,0.21,0.18,0.3,0.29,0.0744
1164,30.83,77.93,20.0,1927.8,180.0,0.0,8.0,0.678,14.42,16.3,66.36,85.32,0.05,16.3,189.6,0.3517,0.429,yellow,1,0.2,0.14,0.37,0.29,0.0843
1165,30.83,77.95,20.0,1890.4,180.0,0.0,8.0,0.687,12.55,14.42,63.59,81.77,0.05,14.42,181.7,0.3454,0.429,yellow,1,0.2,0.14,0.37,0.22,0.0956
1166,30.83,77.97,20.0,1889.9,180.0,0.0,8.0,0.687,10.68,12.55,60.48,77.76,0.05,12.55,172.8,0.3382,0.4229,yellow,1,0.2,0.1,0.37,0.22,0.1083
1167,30.83,77.99,20.0,1957.2,180.0,0.0,8.0,0.629,8.83,10.68,58.31,74.97,0.05,10.68,166.6,0.3717,0.3845,yellow,1,0.24,0.1,0.32,0.22,0.1226
1168,30.83,78.01,34.38,2411.0,135.2,-1.3443,12.81,0.588,7.01,8.83,63.31,81.41,0.05,8.83,180.9,0.5809,0.6274,orange,2,0.54,0.22,0.53,0.22,0.1387
1169,30.83,78.03,31.62,2031.0,88.2,0.2444,12.91,0.599,5.24,7.01,55.54,71.41,0.05,7.01,158.7,0.5887,0.4608,orange,2,0.38,0.18,0.31,0.14,0.0166
1170,30.83,78.05,40.81,2019.0,92.8,-1.2221,12.58,0.62,3.61,5.24,55.58,71.46,0.05,5.24,158.8,0.7322,0.6775,red,3,0.62,0.2,0.38,0.14,0.0279
1171,30.83,78.07,38.02,2125.0,354.4,-0.7332,12.68,0.642,2.41,3.61,59.15,76.05,0.05,3.61,169.0,0.76,0.6183,orange,2,0.55,0.24,0.35,0.09,0.0516
1172,30.83,78.09,44.75,1482.0,59.1,-0.4888,12.44,0.712,2.41,2.41,51.24,65.88,0.05,2.41,146.4,0.8442,0.5619,orange,2,0.48,0.28,0.34,0.09,0.0895
1173,30.83,78.11,14.92,1406.0,138.0,0.7332,13.75,0.649,3.61,2.41,53.27,68.49,0.05,2.41,152.2,0.5505,0.4457,yellow,1,0.24,0.35,0.33,0.09,0.0895
1174,30.83,78.13,30.72,1638.0,123.8,-1.5,12.95,0.659,2.92,3.61,60.09,77.27,0.05,3.61,171.7,0.6892,0.552,orange,2,0.46,0.28,0.4,0.09,0.0516
1175,30.83,78.15,17.84,1958.0,123.8,-0.1222,13.56,0.66,2.22,5.24,67.23,86.44,0.05,5.24,192.1,0.5292,0.4875,orange,2,0.27,0.36,0.39,0.14,0.0279
1176,30.83,78.17,45.32,1843.0,315.5,0.2444,12.42,0.625,2.92,7.01,65.56,84.29,0.05,7.01,187.3,0.7454,0.6312,orange,2,0.56,0.28,0.36,0.14,0.0166
1177,30.83,78.19,30.38,1675.0,19.8,0.611,12.96,0.658,4.4,8.83,61.35,78.89,0.05,8.83,175.3,0.5364,0.4053,yellow,1,0.31,0.24,0.29,0.14,0.1387
1178,30.83,78.21,21.17,1615.0,18.3,-0.3666,13.38,0.648,6.12,10.68,57.68,74.16,0.05,10.68,164.8,0.3819,0.3982,yellow,1,0.31,0.3,0.18,0.22,0.1226
1179,30.83,78.23,16.88,1525.0,164.5,-0.3666,13.62,0.705,7.92,12.55,52.88,68.0,0.05,12.55,151.1,0.2897,0.4083,yellow,1,0.31,0.3,0.25,0.22,0.1083
1180,30.83,78.25,5.33,1239.0,220.7,0.8554,14.8,0.654,9.11,14.42,44.97,57.83,0.05,14.42,128.5,0.1561,0.4016,yellow,1,0.18,0.34,0.16,0.22,0.0956
1181,30.83,78.27,12.64,1777.0,165.4,0.1222,13.92,0.685,10.23,16.3,51.87,66.69,0.05,16.3,148.2,0.245,0.4104,yellow,1,0.2,0.33,0.25,0.22,0.0843
1182,30.83,78.29,20.45,1996.0,117.1,-1.4665,13.42,0.667,11.55,18.19,54.84,70.52,0.05,18.06,156.7,0.3299,0.4669,orange,2,0.38,0.26,0.28,0.22,0.075
1183,30.83,78.31,7.28,1884.0,100.6,0.611,14.49,0.72,13.02,17.18,53.9,69.3,0.05,16.61,154.0,0.196,0.4161,yellow,1,0.19,0.34,0.24,0.22,0.0826
1184,30.83,78.33,26.87,2447.0,272.7,1.2221,13.11,0.653,13.62,15.81,65.69,84.47,0.05,15.25,187.7,0.4189,0.4994,orange,2,0.36,0.3,0.4,0.22,0.0905
1185,30.83,78.35,33.6,2910.0,232.4,-0.9776,12.84,0.59,14.14,14.57,67.62,86.94,0.05,14.01,193.2,0.4906,0.5916,orange,2,0.43,0.22,0.51,0.26,0.0982
1186,30.83,78.37,31.14,2575.0,305.8,1.4665,12.93,0.588,13.45,13.47,72.62,93.38,0.05,12.94,207.5,0.4774,0.5294,orange,2,0.4,0.22,0.44,0.26,0.1055
1187,30.83,78.39,21.28,2501.0,207.9,1.0998,13.37,0.647,12.48,12.57,75.49,97.06,0.05,12.07,215.7,0.3854,0.5891,orange,2,0.34,0.3,0.51,0.18,0.1118
1188,30.83,78.41,43.41,2743.0,4.4,1.5,12.48,0.584,11.73,11.0,75.39,96.93,0.05,11.46,215.4,0.6222,0.5845,orange,2,0.5,0.22,0.44,0.18,0.1164
1189,30.83,78.43,26.12,2656.0,122.6,-0.8554,13.14,0.619,11.26,9.41,75.36,96.89,0.05,11.14,215.3,0.4585,0.5689,orange,2,0.46,0.3,0.47,0.13,0.119
1190,30.83,78.45,19.0,1547.0,180.7,-1.2221,13.5,0.613,10.84,7.96,58.17,74.79,0.05,10.61,166.2,0.3634,0.4941,orange,2,0.41,0.3,0.25,0.09,0.1232
1191,30.83,78.47,50.33,2377.0,78.7,-0.611,12.24,0.589,9.41,6.73,69.09,88.83,0.05,9.09,197.4,0.6927,0.6777,red,3,0.61,0.22,0.46,0.09,0.1363
1192,30.83,78.49,26.82,2675.0,126.0,-0.8554,13.11,0.621,8.18,5.87,66.95,86.09,0.05,7.74,191.3,0.5454,0.5852,orange,2,0.46,0.3,0.49,0.13,0.0075
1193,30.83,78.51,28.81,2770.0,124.5,0.3666,13.03,0.631,7.24,5.55,63.66,81.86,0.05,6.67,181.9,0.5892,0.5787,orange,2,0.4,0.3,0.49,0.18,0.0335
1194,30.83,78.53,36.6,3240.0,147.0,-0.7332,12.73,0.506,5.8,5.87,59.64,76.68,0.05,5.8,170.4,0.6831,0.6228,orange,2,0.55,0.13,0.47,0.22,0.0488
1195,30.83,78.55,17.76,3478.0,350.5,1.3443,13.57,0.434,4.38,4.71,58.38,75.06,0.05,4.38,166.8,0.5332,0.3659,yellow,1,0.27,0.23,0.27,0.22,0.072
1196,30.83,78.57,22.41,3110.0,38.9,-1.3443,13.32,0.589,3.46,3.62,61.91,79.61,0.05,3.46,176.9,0.6146,0.5434,orange,2,0.37,0.23,0.46,0.17,0.1006
1197,30.83,78.59,52.72,2382.0,272.9,0.0,12.16,0.619,3.46,3.36,65.94,84.78,0.05,3.36,188.4,0.8526,0.6337,orange,2,0.55,0.24,0.5,0.09,0.106
1198,30.83,78.61,26.59,1944.0,293.9,0.9776,13.12,0.676,4.38,2.92,61.88,79.56,0.05,4.09,176.8,0.638,0.4608,orange,2,0.34,0.28,0.36,0.05,0.0872
1199,30.83,78.63,42.65,2073.0,161.3,-1.4665,12.51,0.617,2.92,2.22,67.06,86.22,0.05,5.42,191.6,0.7717,0.718,red,3,0.65,0.28,0.51,0.05,0.0701
1200,30.83,78.65,27.32,2651.0,133.2,0.7332,13.09,0.64,2.22,2.22,75.39,96.93,0.05,4.27,215.4,0.671,0.6178,orange,2,0.41,0.36,0.53,0.09,0.0732
1201,30.83,78.67,24.28,3462.0,186.7,0.9776,13.23,0.408,2.92,2.92,71.61,92.07,0.05,2.97,204.6,0.6698,0.6029,orange,2,0.3,0.31,0.53,0.17,0.0788
1202,30.83,78.69,22.14,2901.0,355.4,1.5,13.33,0.656,4.4,4.4,73.36,94.32,0.05,2.58,209.6,0.6638,0.5886,orange,2,0.23,0.32,0.52,0.13,0.0948
1203,30.83,78.71,18.75,2941.0,136.2,-0.2444,13.51,0.688,6.12,6.12,70.63,90.81,0.05,3.42,201.8,0.5991,0.5627,orange,2,0.25,0.3,0.49,0.13,0.0643
1204,30.83,78.73,35.54,3222.0,126.9,1.5,12.77,0.601,7.92,7.92,65.94,84.78,0.05,4.9,188.4,0.7133,0.5757,orange,2,0.49,0.17,0.47,0.22,0.0361
1205,30.83,78.75,41.11,3854.0,163.0,-1.2221,12.57,0.192,9.76,9.76,59.43,76.41,0.05,6.59,169.8,0.7046,0.6794,red,3,0.64,0.13,0.27,0.22,0.0213
1206,30.83,78.77,8.81,3808.0,263.0,0.2444,14.29,0.231,11.61,11.61,57.36,73.76,0.05,8.38,163.9,0.3248,0.3608,yellow,1,0.25,0.29,0.11,0.3,0.143
1207,30.83,78.79,40.22,4520.0,264.9,-1.5,12.6,0.175,13.48,13.48,52.71,67.77,0.05,10.2,150.6,0.575,0.6537,red,3,0.62,0.13,0.19,0.3,0.1266
1208,30.83,78.81,38.0,5514.0,237.1,-0.8554,12.68,0.087,15.36,15.36,48.23,62.01,0.05,12.05,137.8,0.4902,0.6396,orange,2,0.6,0.13,0.23,0.3,0.1119
1209,30.83,78.83,16.87,5182.0,11.6,0.2444,13.62,0.121,17.24,17.24,52.15,67.05,0.05,13.92,149.0,0.2879,0.3757,yellow,1,0.32,0.21,0.08,0.3,0.0989
1210,30.83,78.85,27.3,5554.0,229.6,-0.9776,13.09,0.068,19.13,19.13,53.3,68.54,0.05,15.79,152.3,0.3948,0.554,orange,2,0.5,0.21,0.19,0.37,0.0873
1211,30.83,78.87,24.34,5346.0,276.6,-0.2444,13.22,0.07,21.02,19.48,57.68,74.16,0.05,17.67,164.8,0.3752,0.3822,yellow,1,0.32,0.21,0.12,0.37,0.077
1212,30.83,78.89,3.27,4833.0,34.5,0.2444,15.29,0.103,22.91,18.92,63.0,81.0,0.05,18.92,180.0,0.1767,0.4267,yellow,1,0.25,0.36,0.13,0.37,0.0708
1213,30.83,78.91,11.98,4674.0,332.7,0.0,13.98,0.191,24.71,18.54,65.17,83.79,0.05,18.54,186.2,0.2688,0.3513,yellow,1,0.23,0.28,0.13,0.37,0.0727
1214,30.83,78.93,21.9,4450.0,292.1,1.2221,13.34,0.148,24.49,18.34,66.08,84.96,0.05,18.34,188.8,0.37,0.4147,yellow,1,0.34,0.25,0.17,0.37,0.0736
1215,30.83,78.95,32.95,4544.0,268.3,0.7332,12.86,0.18,24.42,18.34,63.77,81.99,0.05,18.34,182.2,0.4753,0.4665,orange,2,0.4,0.17,0.24,0.37,0.0736
1216,30.83,78.97,26.31,5094.0,349.1,-0.2444,13.13,0.129,24.49,18.54,57.99,74.56,0.05,18.54,165.7,0.3957,0.473,orange,2,0.42,0.21,0.12,0.37,0.0727
1217,30.83,78.99,4.97,4425.0,319.3,0.0,14.87,0.133,24.71,18.92,58.17,74.79,0.05,18.92,166.2,0.1827,0.4195,yellow,1,0.25,0.36,0.08,0.37,0.0708
1218,30.83,79.01,20.0,3180.3,180.0,0.0,8.0,0.562,25.08,19.48,61.81,79.47,0.05,19.48,176.6,0.3413,0.5097,orange,2,0.21,0.05,0.47,0.37,0.0682
1219,30.83,79.03,20.0,3283.2,180.0,0.0,8.0,0.517,25.58,20.21,59.53,76.55,0.05,20.21,170.1,0.3361,0.4172,yellow,1,0.21,0.05,0.37,0.37,0.065
1220,30.83,79.05,20.0,3515.0,180.0,0.0,8.0,0.372,26.2,21.09,58.1,74.7,0.05,21.09,166.0,0.3328,0.3651,yellow,1,0.18,0.05,0.32,0.37,0.0613
1221,30.85,77.85,20.0,2021.1,180.0,0.0,8.0,0.658,21.85,23.75,62.16,79.92,0.05,23.75,177.6,0.3421,0.4229,yellow,1,0.2,0.1,0.37,0.29,0.0513
1222,30.85,77.87,20.0,1881.4,180.0,0.0,8.0,0.621,19.95,21.85,63.0,81.0,0.05,21.85,180.0,0.344,0.4297,yellow,1,0.24,0.1,0.37,0.29,0.0583
1223,30.85,77.89,20.0,2088.6,180.0,0.0,8.0,0.643,18.05,19.95,68.84,88.52,0.05,19.95,196.7,0.3574,0.4355,yellow,1,0.24,0.14,0.37,0.29,0.0661
1224,30.85,77.91,20.0,2161.3,180.0,0.0,8.0,0.634,16.15,18.05,70.98,91.26,0.05,18.05,202.8,0.3622,0.4355,yellow,1,0.24,0.14,0.37,0.29,0.075
1225,30.85,77.93,20.0,1933.8,180.0,0.0,8.0,0.646,14.25,16.15,66.47,85.45,0.05,16.15,189.9,0.3519,0.4355,yellow,1,0.24,0.14,0.37,0.29,0.0852
1226,30.85,77.95,20.0,1857.2,180.0,0.0,8.0,0.639,12.35,14.25,63.03,81.05,0.05,14.25,180.1,0.3441,0.4355,yellow,1,0.24,0.14,0.37,0.22,0.0967
1227,30.85,77.97,20.0,1913.8,180.0,0.0,8.0,0.665,10.45,12.35,60.86,78.26,0.05,12.35,173.9,0.3391,0.4229,yellow,1,0.2,0.1,0.37,0.22,0.1097
1228,30.85,77.99,20.0,1815.9,180.0,0.0,8.0,0.684,8.55,10.45,55.96,71.95,0.05,10.45,159.9,0.3731,0.3771,yellow,1,0.2,0.1,0.32,0.22,0.1246
1229,30.85,78.01,15.96,2511.0,262.4,1.1001,13.68,0.679,6.65,8.55,64.75,83.25,0.05,8.55,185.0,0.4082,0.4978,orange,2,0.28,0.3,0.41,0.18,0.1414
1230,30.85,78.03,4.58,2406.0,233.9,-0.4889,14.95,0.646,4.75,6.65,61.84,79.52,0.05,6.65,176.7,0.3432,0.5482,orange,2,0.29,0.43,0.45,0.14,0.0182
1231,30.85,78.05,11.57,1805.0,8.0,-0.7334,14.02,0.634,2.85,4.75,51.97,66.83,0.05,4.75,148.5,0.446,0.4454,yellow,1,0.3,0.35,0.27,0.09,0.0331
1232,30.85,78.07,14.88,1654.0,304.6,-0.6112,13.75,0.685,0.95,2.85,51.24,65.88,0.05,2.85,146.4,0.5328,0.5506,orange,2,0.26,0.48,0.26,0.17,0.0726
1233,30.85,78.09,12.74,1389.0,191.4,-1.5,13.92,0.656,0.95,0.95,49.66,63.86,0.05,0.95,141.9,0.5632,0.5731,orange,2,0.36,0.48,0.37,0.13,0.1794
1234,30.85,78.11,35.32,1701.0,189.9,-1.5,12.77,0.644,2.85,0.95,58.24,74.88,0.05,0.95,166.4,0.8086,0.6889,red,3,0.62,0.28,0.45,0.05,0.1794
1235,30.85,78.13,14.63,2170.0,337.2,-0.2445,13.77,0.683,1.9,2.85,69.02,88.74,0.05,2.85,197.2,0.5709,0.4822,orange,2,0.2,0.39,0.38,0.09,0.0726
1236,30.85,78.15,12.76,2358.0,2.0,0.7334,13.91,0.712,0.0,4.75,73.95,95.09,0.05,4.75,211.3,0.5081,0.7354,red,3,0.27,0.68,0.42,0.24,0.0331
1237,30.85,78.17,18.19,2136.0,18.7,-0.8556,13.54,0.697,1.9,6.65,70.45,90.59,0.05,6.65,201.3,0.499,0.4566,orange,2,0.31,0.36,0.28,0.14,0.0182
1238,30.85,78.19,30.41,1731.0,72.2,-1.1001,12.96,0.616,3.8,8.55,62.27,80.06,0.05,8.55,177.9,0.547,0.5432,orange,2,0.47,0.24,0.29,0.14,0.1414
1239,30.85,78.21,29.5,1368.0,226.9,-0.7334,13.0,0.682,5.63,10.45,53.55,68.85,0.05,10.45,153.0,0.4626,0.4659,orange,2,0.39,0.22,0.25,0.22,0.1246
1240,30.85,78.23,15.46,1744.0,229.6,0.9778,13.71,0.63,6.24,12.35,56.56,72.72,0.05,12.35,161.6,0.2839,0.3889,yellow,1,0.27,0.3,0.21,0.22,0.1097
1241,30.85,78.25,33.35,1317.0,209.9,1.5,12.85,0.648,7.31,14.25,46.3,59.54,0.05,14.25,132.3,0.4393,0.4945,orange,2,0.41,0.22,0.33,0.22,0.0967
1242,30.85,78.27,18.69,1670.0,313.1,-1.4668,13.51,0.705,8.66,16.15,50.08,64.39,0.05,16.15,143.1,0.3014,0.41,yellow,1,0.33,0.3,0.14,0.22,0.0852
1243,30.85,78.29,31.2,1769.0,175.4,0.6112,12.93,0.651,10.19,18.05,51.03,65.61,0.05,18.05,145.8,0.4286,0.4431,yellow,1,0.35,0.22,0.33,0.22,0.075
1244,30.85,78.31,23.74,2326.0,157.3,-0.1222,13.25,0.636,11.14,18.73,61.32,78.84,0.05,18.16,175.2,0.3776,0.583,orange,2,0.32,0.26,0.51,0.22,0.0745
1245,30.85,78.33,36.27,2280.0,96.6,-1.5,12.74,0.629,11.46,17.49,62.89,80.86,0.05,16.93,179.7,0.5065,0.6845,red,3,0.62,0.18,0.47,0.22,0.0809
1246,30.85,78.35,34.26,2248.0,117.6,-1.4668,12.81,0.668,12.07,16.37,65.56,84.29,0.05,15.83,187.3,0.4924,0.5715,orange,2,0.48,0.22,0.47,0.22,0.087
1247,30.85,78.37,26.49,2860.0,255.2,0.7334,13.13,0.622,12.94,15.4,71.12,91.44,0.05,14.89,203.2,0.4275,0.5256,orange,2,0.37,0.3,0.43,0.26,0.0927
1248,30.85,78.39,27.88,3082.0,36.7,0.2445,13.07,0.636,14.01,13.8,72.45,93.15,0.05,14.14,207.0,0.4444,0.4922,orange,2,0.35,0.25,0.4,0.22,0.0974
1249,30.85,78.41,36.11,2534.0,345.9,0.4889,12.74,0.649,13.85,12.27,76.47,98.33,0.05,13.62,218.5,0.5359,0.5679,orange,2,0.48,0.22,0.44,0.18,0.1008
1250,30.85,78.43,30.21,1951.0,276.0,1.5,12.97,0.664,13.45,10.87,66.95,86.09,0.05,13.35,191.3,0.4551,0.4532,orange,2,0.36,0.22,0.34,0.09,0.1026
1251,30.85,78.45,33.57,2183.0,204.5,0.7334,12.84,0.642,12.33,9.64,68.84,88.52,0.05,11.99,196.7,0.4934,0.5404,orange,2,0.42,0.22,0.45,0.05,0.1124
1252,30.85,78.47,30.11,2384.0,333.5,-0.4889,12.97,0.666,11.09,8.65,69.23,89.01,0.05,10.67,197.8,0.4983,0.5294,orange,2,0.4,0.22,0.44,0.05,0.1228
1253,30.85,78.49,16.83,2188.0,342.1,1.5,13.63,0.686,10.07,8.0,62.61,80.51,0.05,9.54,178.9,0.3832,0.3777,yellow,1,0.26,0.26,0.28,0.09,0.1324
1254,30.85,78.51,15.58,2226.0,138.1,1.5,13.71,0.684,8.66,7.77,60.48,77.76,0.05,8.66,172.8,0.3914,0.5295,orange,2,0.3,0.26,0.45,0.14,0.1403
1255,30.85,78.53,27.21,2979.0,142.1,-0.4889,13.09,0.642,7.31,7.62,61.01,78.44,0.05,7.31,174.3,0.5485,0.5807,orange,2,0.45,0.26,0.49,0.18,0.0249
1256,30.85,78.55,19.11,3594.0,162.3,-0.3667,13.49,0.343,6.24,6.47,57.78,74.3,0.05,6.24,165.1,0.4912,0.4316,yellow,1,0.32,0.21,0.34,0.22,0.0336
1257,30.85,78.57,26.19,3113.0,290.2,1.1001,13.14,0.622,5.63,5.73,61.91,79.61,0.05,5.63,176.9,0.5892,0.5414,orange,2,0.37,0.21,0.46,0.17,0.0414
1258,30.85,78.59,25.11,2738.0,315.6,-1.5,13.19,0.63,5.63,5.57,66.67,85.73,0.05,5.57,190.5,0.591,0.5933,orange,2,0.5,0.3,0.46,0.09,0.043
1259,30.85,78.61,49.46,2395.0,258.6,-1.5,12.27,0.576,3.8,3.8,69.47,89.33,0.05,6.04,198.5,0.7827,0.747,red,3,0.69,0.24,0.49,0.05,0.0549
1260,30.85,78.63,39.21,2071.0,327.6,-1.3445,12.63,0.581,1.9,1.9,67.02,86.17,0.05,5.33,191.5,0.7398,0.6765,red,3,0.61,0.28,0.4,0.05,0.0592
1261,30.85,78.65,36.05,2324.0,156.0,1.4668,12.75,0.591,0.0,0.0,73.22,94.14,0.05,3.44,209.2,0.7776,0.7149,red,3,0.62,0.57,0.61,0.2,0.0639
1262,30.85,78.67,29.42,2852.0,162.4,-1.5,13.0,0.679,1.9,1.9,74.79,96.16,0.05,1.56,213.7,0.7698,0.6994,red,3,0.48,0.28,0.63,0.09,0.1574
1263,30.85,78.69,34.48,2533.0,219.1,1.3445,12.8,0.622,3.8,3.8,75.28,96.8,0.05,0.51,215.1,0.8521,0.6938,red,3,0.44,0.24,0.63,0.09,0.2375
1264,30.85,78.71,24.19,3305.0,350.7,0.0,13.23,0.482,5.7,5.7,68.74,88.38,0.05,2.3,196.4,0.6818,0.4961,orange,2,0.25,0.25,0.42,0.17,0.1085
1265,30.85,78.73,44.26,3388.0,349.2,1.4668,12.45,0.421,7.6,7.6,65.06,83.66,0.05,4.19,185.9,0.819,0.5498,orange,2,0.47,0.17,0.4,0.22,0.0468
1266,30.85,78.75,10.88,3465.0,108.6,1.5,14.08,0.367,9.5,9.5,61.49,79.06,0.05,6.09,175.7,0.4218,0.3974,yellow,1,0.24,0.24,0.31,0.22,0.0246
1267,30.85,78.77,5.47,3607.0,189.7,-0.3667,14.78,0.355,11.4,11.4,58.41,75.11,0.05,7.99,166.9,0.3053,0.4326,yellow,1,0.25,0.29,0.34,0.22,0.0149
1268,30.85,78.79,28.88,4141.0,116.4,1.5,13.02,0.141,13.3,13.3,54.7,70.34,0.05,9.89,156.3,0.4755,0.5158,orange,2,0.46,0.21,0.17,0.3,0.1293
1269,30.85,78.81,34.1,4938.0,159.0,1.5,12.82,0.164,15.2,15.2,51.24,65.88,0.05,11.78,146.4,0.4644,0.5013,orange,2,0.44,0.13,0.27,0.3,0.114
1270,30.85,78.83,44.43,5175.0,164.2,-1.2223,12.45,0.157,17.1,17.1,52.18,67.09,0.05,13.68,149.1,0.5636,0.6794,red,3,0.64,0.13,0.27,0.3,0.1004
1271,30.85,78.85,52.47,6177.0,160.4,-1.5,12.17,0.106,19.0,18.23,50.02,64.31,0.05,15.58,142.9,0.5643,0.7774,red,3,0.75,0.13,0.27,0.3,0.0885
1272,30.85,78.87,31.06,5508.0,350.7,1.4668,12.94,0.059,20.9,17.41,56.8,73.04,0.05,17.31,162.3,0.4404,0.4852,orange,2,0.44,0.13,0.16,0.37,0.0788
1273,30.85,78.89,36.79,5212.0,329.8,0.7334,12.72,0.105,22.76,16.78,61.01,78.44,0.05,16.78,174.3,0.5073,0.565,orange,2,0.52,0.13,0.21,0.37,0.0817
1274,30.85,78.91,49.13,5252.0,181.0,0.2445,12.28,0.146,22.52,16.35,62.12,79.88,0.05,16.35,177.5,0.592,0.6753,red,3,0.63,0.13,0.32,0.37,0.0841
1275,30.85,78.93,4.21,5149.0,153.9,0.3667,15.04,0.088,22.28,16.12,62.41,80.24,0.05,16.12,178.3,0.1847,0.4484,yellow,1,0.29,0.36,0.24,0.37,0.0853
1276,30.85,78.95,32.27,5498.0,257.1,0.0,12.89,0.093,22.2,16.12,58.77,75.56,0.05,16.12,167.9,0.457,0.4896,orange,2,0.44,0.13,0.19,0.37,0.0853
1277,30.85,78.97,27.69,5838.0,294.4,-0.3667,13.07,0.053,22.28,16.35,54.07,69.53,0.05,16.35,154.5,0.4005,0.5275,orange,2,0.48,0.21,0.12,0.37,0.0841
1278,30.85,78.99,36.4,5556.0,242.2,0.4889,12.73,0.136,22.52,16.78,52.26,67.19,0.05,16.78,149.3,0.4834,0.5808,orange,2,0.54,0.13,0.19,0.37,0.0817
1279,30.85,79.01,20.0,3522.3,180.0,0.0,8.0,0.401,22.92,17.41,60.02,77.17,0.05,17.41,171.5,0.3372,0.4118,yellow,1,0.18,0.05,0.37,0.37,0.0783
1280,30.85,79.03,20.0,3617.4,180.0,0.0,8.0,0.345,23.46,18.23,57.78,74.3,0.05,18.23,165.1,0.3321,0.3651,yellow,1,0.18,0.05,0.32,0.37,0.0742
1281,30.85,79.05,20.0,3443.6,180.0,0.0,8.0,0.389,24.15,19.19,58.48,75.19,0.05,19.19,167.1,0.3337,0.3709,yellow,1,0.21,0.05,0.32,0.37,0.0696
1282,30.87,77.85,20.0,1701.5,180.0,0.0,8.0,0.649,21.96,23.85,56.73,72.94,0.05,23.85,162.1,0.3297,0.3221,yellow,1,0.21,0.14,0.25,0.29,0.051
1283,30.87,77.87,20.0,2097.9,180.0,0.0,8.0,0.647,20.07,21.96,65.45,84.15,0.05,21.96,187.0,0.3496,0.4355,yellow,1,0.24,0.14,0.37,0.29,0.0578
1284,30.87,77.89,20.0,2297.5,180.0,0.0,8.0,0.673,18.19,20.07,70.31,90.41,0.05,20.07,200.9,0.3607,0.5196,orange,2,0.2,0.14,0.47,0.29,0.0656
1285,30.87,77.91,20.0,2162.4,180.0,0.0,8.0,0.629,16.3,18.19,68.67,88.29,0.05,18.19,196.2,0.357,0.4355,yellow,1,0.24,0.14,0.37,0.29,0.0744
1286,30.87,77.93,20.0,2110.5,180.0,0.0,8.0,0.65,14.42,16.3,67.34,86.58,0.05,16.3,192.4,0.3539,0.4355,yellow,1,0.24,0.14,0.37,0.29,0.0843
1287,30.87,77.95,20.0,2022.8,180.0,0.0,8.0,0.634,12.55,14.42,64.47,82.89,0.05,14.42,184.2,0.3474,0.4355,yellow,1,0.24,0.14,0.37,0.22,0.0956
1288,30.87,77.97,20.0,1762.9,180.0,0.0,8.0,0.68,10.68,12.55,58.1,74.7,0.05,12.55,166.0,0.3328,0.3144,yellow,1,0.17,0.14,0.25,0.22,0.1083
1289,30.87,77.99,20.0,1682.0,180.0,0.0,8.0,0.65,8.83,10.68,54.6,70.2,0.05,10.68,156.0,0.3632,0.3221,yellow,1,0.21,0.14,0.25,0.22,0.1226
1290,30.87,78.01,17.57,2019.0,57.6,0.8558,13.58,0.664,7.01,8.83,58.52,75.24,0.05,8.83,167.2,0.4018,0.3521,yellow,1,0.24,0.26,0.23,0.14,0.1387
1291,30.87,78.03,24.55,2269.0,75.0,-0.1223,13.21,0.626,5.24,7.01,61.84,79.52,0.05,7.01,176.7,0.5324,0.5013,orange,2,0.28,0.26,0.42,0.14,0.0166
1292,30.87,78.05,36.39,2119.0,245.8,0.978,12.73,0.65,3.61,5.24,59.46,76.45,0.05,5.24,169.9,0.6969,0.5756,orange,2,0.5,0.2,0.38,0.09,0.0279
1293,30.87,78.07,23.52,1579.0,319.4,-1.2226,13.26,0.645,2.41,3.61,51.55,66.29,0.05,3.61,147.3,0.5977,0.4755,orange,2,0.38,0.36,0.24,0.09,0.0516
1294,30.87,78.09,15.66,1642.0,107.6,0.978,13.7,0.699,2.41,2.41,54.49,70.06,0.05,2.41,155.7,0.5607,0.4484,yellow,1,0.24,0.36,0.29,0.05,0.0895
1295,30.87,78.11,10.55,1660.0,90.0,-0.2445,14.11,0.663,3.46,2.41,56.98,73.26,0.05,2.41,162.8,0.5153,0.4238,yellow,1,0.16,0.35,0.26,0.05,0.0895
1296,30.87,78.13,22.0,1873.0,139.4,0.489,13.34,0.696,2.92,3.61,62.44,80.28,0.05,3.61,178.4,0.6074,0.5184,orange,2,0.29,0.32,0.43,0.05,0.0516
1297,30.87,78.15,27.3,2041.0,355.0,1.2226,13.09,0.688,2.22,5.24,66.43,85.41,0.05,5.24,189.8,0.6219,0.4816,orange,2,0.37,0.36,0.36,0.09,0.0279
1298,30.87,78.17,37.11,1935.0,280.1,-0.8558,12.71,0.614,2.92,7.01,64.78,83.3,0.05,7.01,185.1,0.6647,0.6228,orange,2,0.55,0.28,0.36,0.09,0.0166
1299,30.87,78.19,27.36,1579.0,196.8,-0.1223,13.09,0.617,3.46,8.83,57.92,74.48,0.05,8.83,165.5,0.4984,0.4871,orange,2,0.39,0.32,0.31,0.14,0.1387
1300,30.87,78.21,29.95,1822.0,321.8,-1.5,12.98,0.622,3.46,10.68,60.27,77.49,0.05,10.68,172.2,0.4757,0.566,orange,2,0.5,0.2,0.3,0.14,0.1226
1301,30.87,78.23,29.27,1856.0,347.5,-0.489,13.01,0.638,4.38,12.55,58.69,75.47,0.05,12.55,167.7,0.4269,0.5173,orange,2,0.44,0.28,0.25,0.22,0.1083
1302,30.87,78.25,17.07,1737.0,245.5,0.1223,13.61,0.709,5.8,14.42,54.7,70.34,0.05,14.42,156.3,0.2957,0.3758,yellow,1,0.23,0.3,0.17,0.22,0.0956
1303,30.87,78.27,38.91,2095.0,329.9,0.0,12.64,0.645,7.44,16.3,59.29,76.23,0.05,16.3,169.4,0.5246,0.5452,orange,2,0.48,0.18,0.29,0.22,0.0843
1304,30.87,78.29,18.79,1896.0,252.2,-1.5,13.51,0.688,8.93,18.19,55.51,71.37,0.05,18.19,158.6,0.3148,0.4614,orange,2,0.38,0.26,0.24,0.22,0.0744
1305,30.87,78.31,25.86,1661.0,197.5,-0.489,13.15,0.606,8.93,17.89,52.18,67.09,0.05,19.85,149.1,0.3779,0.533,orange,2,0.45,0.3,0.29,0.22,0.0666
1306,30.87,78.33,20.22,2524.0,247.4,-1.3448,13.43,0.63,9.33,16.62,67.66,86.99,0.05,18.73,193.3,0.3568,0.5316,orange,2,0.42,0.3,0.43,0.26,0.0717
1307,30.87,78.35,25.3,3077.0,108.0,-0.2445,13.18,0.666,10.07,15.47,66.81,85.91,0.05,17.74,190.9,0.4057,0.5151,orange,2,0.33,0.25,0.43,0.3,0.0766
1308,30.87,78.37,21.17,3313.0,177.6,1.3448,13.38,0.542,11.09,14.48,67.69,87.03,0.05,16.9,193.4,0.3664,0.4954,orange,2,0.31,0.25,0.41,0.3,0.081
1309,30.87,78.39,32.17,3456.0,305.8,-1.3448,12.89,0.42,12.33,13.69,68.56,88.16,0.05,16.25,195.9,0.4784,0.5419,orange,2,0.47,0.17,0.34,0.22,0.0846
1310,30.87,78.41,40.13,2711.0,313.5,-0.978,12.6,0.571,13.71,13.12,73.22,94.14,0.05,15.8,209.2,0.5687,0.6177,orange,2,0.54,0.22,0.44,0.18,0.0872
1311,30.87,78.43,30.03,3287.0,302.0,-0.8558,12.98,0.555,14.55,12.55,69.89,89.86,0.05,14.89,199.7,0.4601,0.49,orange,2,0.41,0.17,0.34,0.17,0.0926
1312,30.87,78.45,16.51,2774.0,250.5,-0.8558,13.65,0.698,14.01,11.5,71.26,91.62,0.05,13.59,203.6,0.328,0.4859,orange,2,0.32,0.3,0.39,0.13,0.1011
1313,30.87,78.47,32.57,3204.0,95.5,-0.1223,12.88,0.551,12.94,10.69,67.06,86.22,0.05,12.44,191.6,0.479,0.4602,orange,2,0.37,0.17,0.37,0.17,0.1091
1314,30.87,78.49,30.23,2880.0,166.3,-0.7335,12.97,0.659,11.55,10.17,66.61,85.64,0.05,11.49,190.3,0.4695,0.6229,orange,2,0.41,0.22,0.55,0.13,0.1163
1315,30.87,78.51,16.87,3217.0,36.0,-0.7335,13.62,0.542,10.23,9.99,63.03,81.05,0.05,10.23,180.1,0.3645,0.4021,yellow,1,0.31,0.25,0.26,0.22,0.1264
1316,30.87,78.53,51.48,2711.0,222.6,-0.2445,12.2,0.626,9.11,9.36,64.68,83.16,0.05,9.11,184.8,0.6822,0.6679,red,3,0.59,0.22,0.53,0.18,0.1362
1317,30.87,78.55,31.06,3477.0,240.9,-1.1003,12.94,0.367,8.28,8.45,60.66,77.99,0.05,8.28,173.3,0.5579,0.5618,orange,2,0.49,0.13,0.39,0.22,0.144
1318,30.87,78.57,28.47,3269.0,328.5,-0.7335,13.04,0.526,7.83,7.9,62.79,80.73,0.05,7.83,179.4,0.5499,0.4919,orange,2,0.41,0.21,0.32,0.17,0.0229
1319,30.87,78.59,23.28,2835.0,229.7,0.489,13.27,0.693,6.12,6.12,66.88,86.0,0.05,7.78,191.1,0.5086,0.5605,orange,2,0.23,0.3,0.49,0.09,0.0234
1320,30.87,78.61,39.01,2902.0,252.7,0.1223,12.64,0.586,4.4,4.4,68.67,88.29,0.05,7.46,196.2,0.6794,0.5814,orange,2,0.47,0.24,0.49,0.09,0.0169
1321,30.87,78.63,25.9,2875.0,49.4,-1.2226,13.15,0.638,2.92,2.92,70.77,90.99,0.05,5.64,202.2,0.6061,0.5821,orange,2,0.48,0.36,0.46,0.09,0.0282
1322,30.87,78.65,44.52,2194.0,311.5,1.2226,12.45,0.586,2.22,2.22,68.88,88.56,0.05,3.91,196.8,0.8387,0.5935,orange,2,0.51,0.28,0.4,0.05,0.0525
1323,30.87,78.67,35.23,2119.0,72.1,-0.6113,12.78,0.574,2.92,2.92,67.9,87.3,0.05,2.42,194.0,0.7868,0.6325,orange,2,0.55,0.28,0.46,0.05,0.1024
1324,30.87,78.69,28.57,2976.0,35.5,1.4671,13.04,0.592,4.4,4.4,71.05,91.35,0.05,1.92,203.0,0.742,0.6023,orange,2,0.37,0.32,0.52,0.09,0.1311
1325,30.87,78.71,37.21,2757.0,200.3,0.978,12.7,0.618,6.12,6.12,70.56,90.72,0.05,2.96,201.6,0.7971,0.7319,red,3,0.52,0.22,0.67,0.13,0.0792
1326,30.87,78.73,24.44,3593.0,210.5,-1.4671,13.22,0.303,7.92,7.92,64.08,82.39,0.05,4.59,183.1,0.6071,0.5215,orange,2,0.38,0.25,0.43,0.22,0.0404
1327,30.87,78.75,33.34,4073.0,167.2,-0.7335,12.85,0.234,9.76,9.76,59.5,76.5,0.05,6.37,170.0,0.6337,0.5396,orange,2,0.48,0.13,0.29,0.22,0.0227
1328,30.87,78.77,6.88,4229.0,334.1,0.978,14.54,0.164,11.61,11.61,57.16,73.49,0.05,8.2,163.3,0.3103,0.3516,yellow,1,0.21,0.29,0.1,0.22,0.1447
1329,30.87,78.79,17.79,4354.0,280.2,1.5,13.57,0.122,13.48,13.48,55.93,71.91,0.05,10.06,159.8,0.3624,0.3941,yellow,1,0.34,0.21,0.08,0.3,0.1279
1330,30.87,78.81,44.12,4688.0,245.0,-1.1003,12.46,0.194,15.36,15.36,54.63,70.25,0.05,11.93,156.1,0.5681,0.6537,red,3,0.62,0.13,0.19,0.3,0.1129
1331,30.87,78.83,29.5,5253.0,139.4,-1.2226,13.0,0.153,17.24,17.24,53.09,68.27,0.05,13.81,151.7,0.4164,0.5808,orange,2,0.54,0.13,0.19,0.3,0.0996
1332,30.87,78.85,37.9,5348.0,180.9,1.4671,12.68,0.129,19.13,16.3,54.6,70.2,0.05,15.69,156.0,0.5038,0.626,orange,2,0.58,0.13,0.27,0.3,0.0878
1333,30.87,78.87,19.33,5964.0,251.2,-0.8558,13.48,0.109,20.01,15.39,53.52,68.81,0.05,15.19,152.9,0.3156,0.4534,orange,2,0.4,0.21,0.11,0.3,0.0908
1334,30.87,78.89,3.52,5329.0,307.8,-1.3448,15.22,0.079,20.72,14.67,58.55,75.29,0.05,14.67,167.3,0.169,0.4477,yellow,1,0.37,0.36,0.08,0.3,0.094
1335,30.87,78.91,40.58,5554.0,328.0,0.0,12.58,0.081,20.34,14.16,58.24,74.88,0.05,14.16,166.4,0.5389,0.5588,orange,2,0.52,0.13,0.16,0.3,0.0972
1336,30.87,78.93,45.89,5693.0,278.4,1.5,12.4,0.128,20.07,13.91,57.36,73.76,0.05,13.91,163.9,0.5811,0.6415,orange,2,0.61,0.13,0.16,0.3,0.0989
1337,30.87,78.95,15.11,5285.0,73.8,0.2445,13.74,0.137,19.98,13.91,58.31,74.97,0.05,13.91,166.6,0.2844,0.3757,yellow,1,0.32,0.21,0.08,0.3,0.0989
1338,30.87,78.97,0.71,4948.0,40.6,0.978,16.48,0.1,20.07,14.16,58.17,74.79,0.05,14.16,166.2,0.1401,0.4195,yellow,1,0.25,0.36,0.08,0.3,0.0972
1339,30.87,78.99,25.13,5510.0,147.6,-1.5,13.19,0.126,20.34,14.67,53.09,68.27,0.05,14.67,151.7,0.3727,0.6254,orange,2,0.58,0.21,0.19,0.3,0.094
1340,30.87,79.01,20.0,3594.9,180.0,0.0,8.0,0.323,20.78,15.39,61.25,78.75,0.05,15.39,175.0,0.34,0.4118,yellow,1,0.18,0.05,0.37,0.37,0.0896
1341,30.87,79.03,20.0,3561.7,180.0,0.0,8.0,0.299,21.38,16.3,60.3,77.54,0.05,16.3,172.3,0.3378,0.4225,yellow,1,0.24,0.05,0.37,0.37,0.0843
1342,30.87,79.05,20.0,3626.3,180.0,0.0,8.0,0.266,22.12,17.37,59.81,76.91,0.05,17.37,170.9,0.3367,0.4225,yellow,1,0.24,0.05,0.37,0.37,0.0785
1343,30.89,77.85,20.0,2142.3,180.0,0.0,8.0,0.631,22.3,24.16,64.02,82.31,0.05,24.16,182.9,0.3463,0.4355,yellow,1,0.24,0.14,0.37,0.29,0.0499
1344,30.89,77.87,20.0,2152.3,180.0,0.0,8.0,0.689,20.44,22.3,64.4,82.8,0.05,22.3,184.0,0.3472,0.429,yellow,1,0.2,0.14,0.37,0.29,0.0565
1345,30.89,77.89,20.0,2085.3,180.0,0.0,8.0,0.66,18.59,20.44,63.45,81.59,0.05,20.44,181.3,0.345,0.429,yellow,1,0.2,0.14,0.37,0.29,0.064
1346,30.89,77.91,20.0,2249.8,180.0,0.0,8.0,0.678,16.75,18.59,66.29,85.23,0.05,18.59,189.4,0.3515,0.5196,orange,2,0.2,0.14,0.47,0.29,0.0724
1347,30.89,77.93,20.0,2239.1,180.0,0.0,8.0,0.658,14.93,16.75,66.04,84.91,0.05,16.75,188.7,0.351,0.5196,orange,2,0.2,0.14,0.47,0.29,0.0818
1348,30.89,77.95,20.0,1937.3,180.0,0.0,8.0,0.617,13.12,14.93,60.83,78.21,0.05,14.93,173.8,0.339,0.4297,yellow,1,0.24,0.1,0.37,0.22,0.0924
1349,30.89,77.97,20.0,1817.9,180.0,0.0,8.0,0.634,11.35,13.12,58.59,75.33,0.05,13.12,167.4,0.3339,0.3845,yellow,1,0.24,0.1,0.32,0.22,0.1042
1350,30.89,77.99,20.0,1898.0,180.0,0.0,8.0,0.636,9.63,11.35,59.71,76.77,0.05,11.35,170.6,0.3553,0.4297,yellow,1,0.24,0.1,0.37,0.22,0.1173
1351,30.89,78.01,30.94,1895.0,295.2,-1.1005,12.94,0.586,8.0,9.63,59.46,76.45,0.05,9.63,169.9,0.5143,0.5651,orange,2,0.5,0.18,0.31,0.22,0.1315
1352,30.89,78.03,31.45,1838.0,235.2,0.1223,12.92,0.622,6.5,8.0,58.41,75.11,0.05,8.0,166.9,0.5648,0.4885,orange,2,0.4,0.18,0.38,0.14,0.0129
1353,30.89,78.05,18.32,1552.0,10.6,-0.4891,13.53,0.689,4.88,6.5,53.62,68.94,0.05,6.5,153.2,0.4661,0.3989,yellow,1,0.27,0.32,0.16,0.14,0.019
1354,30.89,78.07,9.64,1705.0,298.2,-1.4674,14.2,0.674,3.06,5.28,56.31,72.41,0.05,5.28,160.9,0.4212,0.4763,orange,2,0.28,0.4,0.2,0.09,0.0276
1355,30.89,78.09,18.05,1471.0,312.9,0.7337,13.55,0.655,1.46,4.54,52.61,67.64,0.05,4.54,150.3,0.5183,0.516,orange,2,0.25,0.45,0.2,0.17,0.0357
1356,30.89,78.11,19.03,1700.0,80.5,1.4674,13.49,0.698,1.46,4.54,56.66,72.86,0.05,4.54,161.9,0.5374,0.5186,orange,2,0.27,0.45,0.2,0.17,0.0357
1357,30.89,78.13,23.56,1826.0,121.3,-1.5,13.26,0.657,3.06,5.28,59.01,75.87,0.05,5.28,168.6,0.5666,0.483,orange,2,0.38,0.28,0.38,0.05,0.0276
1358,30.89,78.15,9.4,2345.0,325.8,0.1223,14.23,0.631,4.44,6.5,67.86,87.26,0.05,6.5,193.9,0.4095,0.4941,orange,2,0.23,0.4,0.38,0.05,0.019
1359,30.89,78.17,8.14,1817.0,40.6,1.2228,14.37,0.683,3.06,8.0,59.01,75.87,0.05,8.0,168.6,0.3331,0.4352,yellow,1,0.21,0.36,0.23,0.09,0.0129
1360,30.89,78.19,22.47,1972.0,224.0,-0.2446,13.31,0.624,1.46,9.63,61.49,79.06,0.05,9.63,175.7,0.4343,0.5179,orange,2,0.36,0.41,0.39,0.22,0.1315
1361,30.89,78.21,12.82,2494.0,313.2,0.2446,13.91,0.636,1.46,11.35,70.07,90.09,0.05,11.35,200.2,0.3072,0.5631,orange,2,0.27,0.48,0.36,0.22,0.1173
1362,30.89,78.23,33.06,1824.0,338.1,1.5,12.86,0.619,3.06,13.12,58.59,75.33,0.05,13.12,167.4,0.4645,0.4778,orange,2,0.4,0.2,0.29,0.22,0.1042
1363,30.89,78.25,20.56,1721.0,231.0,0.4891,13.41,0.666,4.88,14.93,56.63,72.81,0.05,14.93,161.8,0.335,0.4062,yellow,1,0.23,0.32,0.25,0.22,0.0924
1364,30.89,78.27,47.76,2310.0,226.7,-1.5,12.33,0.568,6.74,16.75,66.36,85.32,0.05,16.75,189.6,0.6017,0.7475,red,3,0.69,0.22,0.51,0.22,0.0818
1365,30.89,78.29,28.81,2029.0,334.3,-1.5,13.03,0.628,6.73,17.88,61.6,79.2,0.05,18.59,176.0,0.4289,0.5723,orange,2,0.5,0.26,0.3,0.22,0.0724
1366,30.89,78.31,25.69,1767.0,250.5,0.6114,13.16,0.659,6.73,16.38,57.26,73.62,0.05,20.44,163.6,0.3878,0.4198,yellow,1,0.33,0.3,0.21,0.22,0.064
1367,30.89,78.33,32.69,2202.0,186.9,0.0,12.87,0.586,7.24,14.98,64.75,83.25,0.05,20.61,185.0,0.4749,0.6239,orange,2,0.42,0.22,0.55,0.22,0.0633
1368,30.89,78.35,32.32,2284.0,60.5,0.2446,12.89,0.676,8.18,13.7,66.36,85.32,0.05,19.71,189.6,0.4749,0.5215,orange,2,0.34,0.22,0.44,0.22,0.0672
1369,30.89,78.37,30.07,2694.0,111.5,0.3668,12.98,0.59,9.41,12.57,69.19,88.97,0.05,18.96,197.7,0.4589,0.5546,orange,2,0.4,0.22,0.47,0.26,0.0706
1370,30.89,78.39,25.34,3177.0,146.8,-0.9783,13.18,0.592,10.84,11.64,66.85,85.95,0.05,18.38,191.0,0.4062,0.5634,orange,2,0.45,0.25,0.47,0.22,0.0734
1371,30.89,78.41,20.77,3650.0,76.3,0.0,13.4,0.294,12.39,10.97,64.43,82.84,0.05,17.8,184.1,0.355,0.3966,yellow,1,0.28,0.25,0.3,0.22,0.0763
1372,30.89,78.43,24.17,3365.0,59.0,0.3668,13.23,0.521,12.36,10.61,65.91,84.74,0.05,16.51,188.3,0.3923,0.3919,yellow,1,0.25,0.25,0.3,0.22,0.0832
1373,30.89,78.45,7.22,3970.0,206.6,-1.5,14.5,0.196,12.21,10.57,62.58,80.46,0.05,15.34,178.8,0.2152,0.4543,orange,2,0.37,0.29,0.22,0.22,0.0899
1374,30.89,78.47,59.27,3741.0,237.4,1.5,11.91,0.226,12.36,10.88,63.56,81.72,0.05,14.33,181.6,0.5953,0.6189,orange,2,0.55,0.17,0.41,0.22,0.0962
1375,30.89,78.49,36.41,3455.0,228.3,-0.2446,12.73,0.413,12.79,11.49,64.82,83.34,0.05,13.15,185.2,0.5123,0.5511,orange,2,0.47,0.17,0.41,0.22,0.104
1376,30.89,78.51,11.79,3543.0,296.9,-0.3668,14.0,0.374,12.0,12.21,64.16,82.49,0.05,12.0,183.3,0.2645,0.3729,yellow,1,0.23,0.28,0.26,0.22,0.1123
1377,30.89,78.53,27.55,3047.0,217.3,-0.6114,13.08,0.719,11.06,11.27,66.64,85.68,0.05,11.06,190.4,0.4552,0.5586,orange,2,0.41,0.25,0.47,0.22,0.1196
1378,30.89,78.55,12.14,3155.0,86.2,-0.4891,13.97,0.578,10.39,10.49,66.08,84.96,0.05,10.39,188.8,0.3194,0.4497,yellow,1,0.26,0.28,0.36,0.22,0.1251
1379,30.89,78.57,14.13,3837.0,353.5,-0.2446,13.81,0.15,8.8,8.8,62.61,80.51,0.05,10.04,178.9,0.3417,0.3118,yellow,1,0.23,0.24,0.11,0.22,0.1281
1380,30.89,78.59,35.6,3306.0,185.5,1.2228,12.76,0.538,7.23,7.23,65.62,84.38,0.05,10.0,187.5,0.5643,0.5899,orange,2,0.51,0.17,0.45,0.17,0.1283
1381,30.89,78.61,34.99,3427.0,16.8,0.4891,12.79,0.418,5.84,5.84,65.24,83.88,0.05,8.31,186.4,0.6068,0.4484,yellow,1,0.35,0.17,0.36,0.13,0.1437
1382,30.89,78.63,39.2,3028.0,249.0,-0.1223,12.63,0.706,4.83,4.83,67.55,86.85,0.05,6.72,193.0,0.7004,0.5724,orange,2,0.43,0.19,0.49,0.13,0.0206
1383,30.89,78.65,42.9,2907.0,284.7,1.2228,12.5,0.617,4.44,4.44,68.32,87.84,0.05,5.34,195.2,0.7793,0.5896,orange,2,0.47,0.24,0.5,0.09,0.031
1384,30.89,78.67,25.91,2049.0,294.7,-0.856,13.15,0.67,4.83,4.83,62.89,80.86,0.05,4.38,179.7,0.6251,0.4971,orange,2,0.4,0.28,0.36,0.05,0.0436
1385,30.89,78.69,24.32,2770.0,156.8,-0.7337,13.22,0.669,5.84,5.84,68.98,88.69,0.05,4.12,197.1,0.6306,0.6394,orange,2,0.34,0.3,0.57,0.09,0.0481
1386,30.89,78.71,20.17,2886.0,281.1,1.5,13.43,0.638,7.23,7.23,68.18,87.66,0.05,4.7,194.8,0.5705,0.5392,orange,2,0.27,0.3,0.46,0.13,0.0388
1387,30.89,78.73,31.39,3377.0,104.3,0.6114,12.92,0.419,8.8,8.8,65.38,84.06,0.05,5.86,186.8,0.6424,0.5116,orange,2,0.37,0.17,0.43,0.22,0.0264
1388,30.89,78.75,32.3,4127.0,173.0,0.0,12.89,0.186,10.49,10.49,61.21,78.7,0.05,7.34,174.9,0.5989,0.4941,orange,2,0.42,0.13,0.34,0.22,0.0175
1389,30.89,78.77,13.55,4908.0,43.6,-0.3668,13.85,0.17,12.23,12.23,56.94,73.22,0.05,8.97,162.7,0.3539,0.3573,yellow,1,0.29,0.24,0.1,0.22,0.1374
1390,30.89,78.79,34.22,5348.0,254.7,-1.5,12.81,0.082,14.02,14.02,54.56,70.16,0.05,10.7,155.9,0.5048,0.599,orange,2,0.56,0.13,0.19,0.22,0.1225
1391,30.89,78.81,8.36,4800.0,33.4,1.2228,14.35,0.172,15.84,14.97,57.51,73.94,0.05,12.48,164.3,0.215,0.356,yellow,1,0.25,0.29,0.08,0.3,0.1088
1392,30.89,78.83,10.23,4754.0,121.5,-1.3451,14.14,0.143,16.89,15.4,57.89,74.43,0.05,14.28,165.4,0.2346,0.4727,orange,2,0.41,0.24,0.15,0.3,0.0965
1393,30.89,78.85,17.92,4978.0,187.2,1.5,13.56,0.154,17.31,14.45,56.94,73.22,0.05,13.9,162.7,0.3094,0.4113,yellow,1,0.34,0.21,0.19,0.3,0.0989
1394,30.89,78.87,35.95,6038.0,49.4,-1.2228,12.75,0.089,17.93,13.42,51.62,66.38,0.05,13.1,147.5,0.4775,0.6691,red,3,0.64,0.13,0.16,0.3,0.1044
1395,30.89,78.89,16.38,5233.0,33.4,0.4891,13.65,0.152,18.65,12.59,56.03,72.05,0.05,12.54,160.1,0.2919,0.339,yellow,1,0.28,0.21,0.08,0.3,0.1084
1396,30.89,78.91,16.47,4906.0,142.9,-0.2446,13.65,0.095,18.16,12.0,57.85,74.39,0.05,12.0,165.3,0.297,0.4231,yellow,1,0.36,0.21,0.15,0.3,0.1123
1397,30.89,78.93,18.4,6062.0,146.8,-1.5,13.53,0.102,17.86,11.69,51.77,66.56,0.05,11.69,147.9,0.3113,0.5312,orange,2,0.48,0.21,0.15,0.3,0.1147
1398,30.89,78.95,10.78,5393.0,268.6,-0.1223,14.09,0.107,17.76,11.69,55.12,70.88,0.05,11.69,157.5,0.2427,0.3589,yellow,1,0.29,0.24,0.11,0.3,0.1147
1399,30.89,78.97,24.86,4910.0,339.5,-0.3668,13.2,0.118,17.86,12.0,57.47,73.89,0.05,12.0,164.2,0.38,0.4367,yellow,1,0.38,0.21,0.12,0.3,0.1123
1400,30.89,78.99,48.03,5465.0,188.6,-1.5,12.32,0.062,18.16,12.59,54.32,69.84,0.05,12.59,155.2,0.5742,0.7774,red,3,0.75,0.13,0.27,0.3,0.108
1401,30.89,79.01,20.0,3392.5,180.0,0.0,8.0,0.425,18.65,13.42,64.99,83.56,0.05,13.42,185.7,0.3486,0.4231,yellow,1,0.21,0.09,0.37,0.3,0.1022
1402,30.89,79.03,20.0,3596.0,180.0,0.0,8.0,0.282,19.32,14.45,63.77,81.99,0.05,14.45,182.2,0.3458,0.4283,yellow,1,0.24,0.09,0.37,0.3,0.0954
1403,30.89,79.05,20.0,3645.0,180.0,0.0,8.0,0.34,20.14,15.65,63.52,81.67,0.05,15.65,181.5,0.3452,0.418,yellow,1,0.18,0.09,0.37,0.37,0.088
1404,30.91,77.85,20.0,2371.4,180.0,0.0,8.0,0.657,22.84,24.67,67.72,87.08,0.05,24.67,193.5,0.3548,0.5196,orange,2,0.2,0.14,0.47,0.29,0.0483
1405,30.91,77.87,20.0,2122.6,180.0,0.0,8.0,0.704,21.03,22.84,61.84,79.52,0.05,22.84,176.7,0.3414,0.4229,yellow,1,0.2,0.1,0.37,0.29,0.0545
1406,30.91,77.89,20.0,2193.2,180.0,0.0,8.0,0.66,19.24,21.03,61.81,79.47,0.05,21.03,176.6,0.3413,0.4229,yellow,1,0.2,0.1,0.37,0.29,0.0615
1407,30.91,77.91,20.0,2136.5,180.0,0.0,8.0,0.631,17.47,19.24,60.34,77.58,0.05,19.24,172.4,0.3379,0.4297,yellow,1,0.24,0.1,0.37,0.29,0.0693
1408,30.91,77.93,20.0,1955.2,180.0,0.0,8.0,0.681,15.73,17.47,57.68,74.16,0.05,17.47,164.8,0.3318,0.3771,yellow,1,0.2,0.1,0.32,0.29,0.078
1409,30.91,77.95,20.0,2050.8,180.0,0.0,8.0,0.625,14.03,15.73,60.44,77.72,0.05,15.73,172.7,0.3382,0.4297,yellow,1,0.24,0.1,0.37,0.22,0.0876
1410,30.91,77.97,20.0,2183.8,180.0,0.0,8.0,0.641,12.39,14.03,64.29,82.66,0.05,14.03,183.7,0.347,0.4355,yellow,1,0.24,0.14,0.37,0.22,0.0981
1411,30.91,77.99,20.0,2035.7,180.0,0.0,8.0,0.684,10.51,12.39,63.56,81.72,0.05,12.39,181.6,0.3453,0.429,yellow,1,0.2,0.14,0.37,0.22,0.1094
1412,30.91,78.01,11.88,2236.0,213.9,0.4892,13.99,0.71,8.62,10.84,68.32,87.84,0.05,10.84,195.2,0.3089,0.5128,orange,2,0.23,0.33,0.43,0.22,0.1214
1413,30.91,78.03,27.17,1864.0,263.7,0.8562,13.1,0.623,6.74,9.41,62.79,80.73,0.05,9.41,179.4,0.4907,0.4934,orange,2,0.4,0.26,0.35,0.14,0.1335
1414,30.91,78.05,9.2,1752.0,270.0,1.5,14.25,0.642,4.88,8.18,60.79,78.16,0.05,8.18,173.7,0.3424,0.4691,orange,2,0.22,0.4,0.21,0.14,0.1449
1415,30.91,78.07,27.53,1979.0,26.3,0.8562,13.08,0.626,3.06,7.24,63.66,81.86,0.05,7.24,181.9,0.5595,0.48,orange,2,0.38,0.32,0.32,0.14,0.0156
1416,30.91,78.09,18.68,1561.0,310.0,0.0,13.51,0.697,1.46,6.73,55.09,70.83,0.05,6.73,157.4,0.4665,0.511,orange,2,0.25,0.45,0.16,0.22,0.0179
1417,30.91,78.11,5.59,1529.0,209.8,-0.3669,14.75,0.712,1.46,6.73,52.81,67.91,0.05,6.73,150.9,0.3304,0.5969,orange,2,0.28,0.53,0.27,0.17,0.0179
1418,30.91,78.13,11.64,2011.0,147.9,-0.8562,14.01,0.714,3.06,7.24,59.36,76.32,0.05,7.24,169.6,0.3908,0.4141,yellow,1,0.29,0.31,0.3,0.09,0.0156
1419,30.91,78.15,30.55,2302.0,129.8,0.4892,12.96,0.621,4.88,8.18,63.31,81.41,0.05,8.18,180.9,0.5616,0.6067,orange,2,0.4,0.24,0.53,0.09,0.1449
1420,30.91,78.17,15.42,1938.0,321.9,0.6115,13.72,0.713,3.06,9.41,57.08,73.39,0.05,9.41,163.1,0.3602,0.3696,yellow,1,0.24,0.28,0.23,0.14,0.1335
1421,30.91,78.19,42.21,2352.0,173.6,1.5,12.53,0.606,1.46,10.84,64.75,83.25,0.05,10.84,185.0,0.604,0.6703,red,3,0.58,0.37,0.55,0.22,0.1214
1422,30.91,78.21,20.07,2074.0,36.8,1.5,13.44,0.655,1.46,12.39,61.49,79.06,0.05,12.39,175.7,0.3413,0.5003,orange,2,0.3,0.41,0.3,0.22,0.1094
1423,30.91,78.23,33.41,1802.0,217.4,-0.6115,12.85,0.668,3.06,14.03,58.66,75.42,0.05,14.03,167.6,0.4682,0.522,orange,2,0.44,0.2,0.36,0.22,0.0981
1424,30.91,78.25,41.21,2247.0,224.7,1.5,12.56,0.61,4.88,15.73,67.76,87.12,0.05,15.73,193.6,0.567,0.6266,orange,2,0.54,0.24,0.51,0.22,0.0876
1425,30.91,78.27,16.89,3004.0,344.5,0.3669,13.62,0.728,5.28,17.47,70.52,90.67,0.05,17.47,201.5,0.3301,0.4382,yellow,1,0.21,0.25,0.36,0.3,0.078
1426,30.91,78.29,27.31,1833.0,160.3,1.1008,13.09,0.662,4.54,16.67,62.33,80.14,0.05,19.24,178.1,0.4156,0.5105,orange,2,0.4,0.28,0.41,0.22,0.0693
1427,30.91,78.31,41.79,2762.0,251.2,-1.5,12.54,0.565,4.54,15.05,71.68,92.16,0.05,21.03,204.8,0.5817,0.6881,red,3,0.62,0.24,0.47,0.33,0.0615
1428,30.91,78.33,31.25,1849.0,354.6,0.8562,12.93,0.641,5.28,13.51,60.86,78.26,0.05,22.55,173.9,0.4516,0.4653,orange,2,0.38,0.18,0.34,0.22,0.0556
1429,30.91,78.35,49.37,2308.0,260.7,1.5,12.28,0.623,6.5,12.07,66.88,86.0,0.05,21.73,191.1,0.6029,0.6622,red,3,0.59,0.22,0.47,0.22,0.0587
1430,30.91,78.37,29.16,2295.0,156.0,0.6115,13.01,0.64,8.0,10.77,64.96,83.52,0.05,21.06,185.6,0.4401,0.5973,orange,2,0.42,0.3,0.51,0.22,0.0614
1431,30.91,78.39,24.16,2663.0,149.6,-0.2446,13.23,0.628,9.63,9.68,66.22,85.14,0.05,20.54,189.2,0.393,0.5533,orange,2,0.32,0.3,0.47,0.26,0.0636
1432,30.91,78.41,12.82,2804.0,51.5,0.6115,13.91,0.63,10.69,8.86,64.89,83.43,0.05,19.43,185.4,0.2765,0.4491,yellow,1,0.2,0.33,0.36,0.26,0.0684
1433,30.91,78.43,12.73,2936.0,71.7,-0.1223,13.92,0.688,10.17,8.4,64.43,82.84,0.05,18.25,184.1,0.2746,0.4439,yellow,1,0.16,0.33,0.36,0.18,0.074
1434,30.91,78.45,18.16,3174.0,110.2,0.8562,13.54,0.572,9.99,8.36,64.26,82.62,0.05,17.2,183.6,0.3285,0.4728,orange,2,0.27,0.25,0.39,0.22,0.0794
1435,30.91,78.47,16.14,3331.0,96.6,-1.5,13.67,0.503,10.17,8.74,65.03,83.61,0.05,16.07,185.8,0.31,0.4756,orange,2,0.39,0.25,0.29,0.22,0.0856
1436,30.91,78.49,27.6,3745.0,10.3,0.0,13.08,0.227,10.69,9.49,64.61,83.07,0.05,14.91,184.6,0.4237,0.4683,orange,2,0.38,0.25,0.3,0.22,0.0925
1437,30.91,78.51,31.19,3881.0,356.2,-0.3669,12.93,0.214,11.5,10.54,65.34,84.02,0.05,13.9,186.7,0.4613,0.4951,orange,2,0.44,0.17,0.19,0.3,0.0989
1438,30.91,78.53,33.48,3739.0,187.4,-0.6115,12.84,0.223,12.55,11.69,66.92,86.04,0.05,13.1,191.2,0.4878,0.5648,orange,2,0.48,0.17,0.45,0.3,0.1044
1439,30.91,78.55,23.68,3418.0,328.2,-1.3454,13.25,0.393,11.6,11.6,68.6,88.2,0.05,12.54,196.0,0.3936,0.4598,orange,2,0.37,0.25,0.3,0.22,0.1084
1440,30.91,78.57,46.68,3848.0,209.3,0.4892,12.37,0.234,10.11,10.11,65.48,84.19,0.05,12.25,187.1,0.5997,0.6415,orange,2,0.59,0.17,0.3,0.22,0.1105
1441,30.91,78.59,31.84,4035.0,93.9,0.0,12.91,0.172,8.77,8.77,63.03,81.05,0.05,11.1,180.1,0.4887,0.4665,orange,2,0.4,0.17,0.24,0.22,0.1193
1442,30.91,78.61,31.14,3872.0,86.9,0.6115,12.93,0.246,7.67,7.67,62.16,79.92,0.05,9.6,177.6,0.5235,0.4382,yellow,1,0.38,0.13,0.21,0.17,0.1318
1443,30.91,78.63,15.69,3824.0,352.5,-0.7338,13.7,0.176,6.93,6.93,60.83,78.21,0.05,8.27,173.8,0.4048,0.4019,yellow,1,0.34,0.21,0.13,0.17,0.1441
1444,30.91,78.65,45.61,3249.0,330.8,0.2446,12.41,0.592,6.66,6.66,62.79,80.73,0.05,7.19,179.4,0.7337,0.5838,orange,2,0.52,0.13,0.36,0.17,0.0181
1445,30.91,78.67,35.13,2506.0,319.9,-0.6115,12.78,0.667,6.93,6.93,66.47,85.45,0.05,6.51,189.9,0.6634,0.5868,orange,2,0.5,0.22,0.46,0.09,0.0218
1446,30.91,78.69,31.0,2634.0,153.6,-0.4892,12.94,0.589,7.67,7.67,66.39,85.36,0.05,6.34,189.7,0.6269,0.6467,orange,2,0.48,0.22,0.57,0.09,0.0229
1447,30.91,78.71,38.63,3437.0,149.6,-1.5,12.65,0.441,8.77,8.77,63.52,81.67,0.05,6.73,181.5,0.6853,0.6716,red,3,0.61,0.17,0.43,0.17,0.0205
1448,30.91,78.73,35.25,4223.0,159.2,0.2446,12.78,0.163,10.11,10.11,61.11,78.57,0.05,7.58,174.6,0.621,0.5813,orange,2,0.52,0.13,0.34,0.13,0.0164
1449,30.91,78.75,28.86,4409.0,97.4,-1.3454,13.02,0.196,11.6,11.6,61.81,79.47,0.05,8.77,176.6,0.5239,0.5753,orange,2,0.52,0.21,0.22,0.17,0.1393
1450,30.91,78.77,17.54,4833.0,88.3,0.6115,13.58,0.161,13.2,12.61,60.79,78.16,0.05,10.18,173.7,0.3673,0.3475,yellow,1,0.28,0.21,0.13,0.17,0.1268
1451,30.91,78.79,6.61,4761.0,347.9,0.1223,14.58,0.192,14.14,12.56,61.67,79.29,0.05,11.73,176.2,0.2149,0.3566,yellow,1,0.21,0.29,0.13,0.22,0.1144
1452,30.91,78.81,2.56,4548.0,295.0,0.3669,15.54,0.123,14.46,12.78,62.41,80.24,0.05,12.78,178.3,0.1682,0.4267,yellow,1,0.25,0.36,0.13,0.22,0.1066
1453,30.91,78.83,23.57,5260.0,190.2,0.0,13.26,0.13,14.71,13.28,57.51,73.94,0.05,13.15,164.3,0.3671,0.4352,yellow,1,0.36,0.21,0.23,0.3,0.104
1454,30.91,78.85,48.13,6070.0,218.1,-0.4892,12.32,0.102,15.19,12.73,51.62,66.38,0.05,12.0,147.5,0.568,0.7207,red,3,0.69,0.13,0.23,0.3,0.1123
1455,30.91,78.87,32.48,5734.0,43.4,0.3669,12.88,0.05,15.89,11.54,51.62,66.38,0.05,11.06,147.5,0.4702,0.4668,orange,2,0.42,0.13,0.16,0.3,0.1196
1456,30.91,78.89,22.11,4885.0,321.1,-1.3454,13.33,0.096,16.55,10.56,54.7,70.34,0.05,10.39,156.3,0.3931,0.4912,orange,2,0.44,0.21,0.12,0.3,0.1251
1457,30.91,78.91,7.28,4694.0,100.6,0.9785,14.49,0.178,16.0,9.86,54.98,70.69,0.05,9.86,157.1,0.261,0.3603,yellow,1,0.23,0.29,0.13,0.3,0.1296
1458,30.91,78.93,45.67,5714.0,20.6,0.0,12.41,0.08,15.66,9.48,49.77,63.99,0.05,9.48,142.2,0.6372,0.6253,orange,2,0.59,0.13,0.18,0.3,0.1329
1459,30.91,78.95,13.86,4802.0,75.6,0.4892,13.83,0.133,15.54,9.48,55.51,71.37,0.05,9.48,158.6,0.3389,0.3392,yellow,1,0.27,0.24,0.1,0.3,0.1329
1460,30.91,78.97,5.09,4720.0,270.0,0.6115,14.85,0.156,15.66,9.86,57.51,73.94,0.05,9.86,164.3,0.2449,0.3516,yellow,1,0.21,0.29,0.1,0.3,0.1296
1461,30.91,78.99,48.75,5685.0,208.2,0.0,12.3,0.106,16.0,10.56,54.18,69.66,0.05,10.56,154.8,0.6157,0.6705,red,3,0.63,0.13,0.27,0.3,0.1236
1462,30.91,79.01,20.0,3396.5,180.0,0.0,8.0,0.47,16.55,11.54,67.72,87.08,0.05,11.54,193.5,0.3681,0.4231,yellow,1,0.21,0.09,0.37,0.3,0.1158
1463,30.91,79.03,20.0,3403.5,180.0,0.0,8.0,0.493,17.3,12.73,68.63,88.25,0.05,12.73,196.1,0.3569,0.4231,yellow,1,0.21,0.09,0.37,0.3,0.107
1464,30.91,79.05,20.0,3354.6,180.0,0.0,8.0,0.466,18.21,14.08,68.98,88.69,0.05,14.08,197.1,0.3577,0.4231,yellow,1,0.21,0.09,0.37,0.3,0.0978
1465,30.93,77.85,20.0,2498.6,180.0,0.0,8.0,0.682,23.59,25.36,69.75,89.69,0.05,25.36,199.3,0.3594,0.5196,orange,2,0.2,0.14,0.47,0.29,0.0461
1466,30.93,77.87,20.0,2511.3,180.0,0.0,8.0,0.663,21.84,23.59,66.71,85.77,0.05,23.59,190.6,0.3525,0.5196,orange,2,0.2,0.14,0.47,0.33,0.0519
1467,30.93,77.89,20.0,2163.6,180.0,0.0,8.0,0.659,20.12,21.84,58.91,75.74,0.05,21.84,168.3,0.3346,0.3771,yellow,1,0.2,0.1,0.32,0.29,0.0583
1468,30.93,77.91,20.0,1845.2,180.0,0.0,8.0,0.645,18.35,20.12,52.67,67.73,0.05,20.12,150.5,0.3204,0.3845,yellow,1,0.24,0.1,0.32,0.29,0.0654
1469,30.93,77.93,20.0,2035.7,180.0,0.0,8.0,0.671,16.49,18.43,56.52,72.67,0.05,18.43,161.5,0.3292,0.3771,yellow,1,0.2,0.1,0.32,0.29,0.0732
1470,30.93,77.95,20.0,2284.6,180.0,0.0,8.0,0.631,14.63,16.79,62.76,80.69,0.05,16.79,179.3,0.3434,0.5202,orange,2,0.24,0.1,0.47,0.29,0.0816
1471,30.93,77.97,20.0,2226.4,180.0,0.0,8.0,0.617,12.79,15.21,64.72,83.2,0.05,15.21,184.9,0.3479,0.5251,orange,2,0.24,0.14,0.47,0.22,0.0907
1472,30.93,77.99,20.0,2158.0,180.0,0.0,8.0,0.679,10.97,13.71,66.67,85.73,0.05,13.71,190.5,0.3524,0.429,yellow,1,0.2,0.14,0.37,0.22,0.1002
1473,30.93,78.01,34.29,2068.0,24.9,-1.5,12.81,0.624,9.18,12.33,67.66,86.99,0.05,12.33,193.3,0.4975,0.5728,orange,2,0.5,0.22,0.34,0.22,0.1099
1474,30.93,78.03,26.69,1996.0,5.5,0.6117,13.12,0.629,7.44,11.09,67.76,87.12,0.05,11.09,193.6,0.4482,0.4749,orange,2,0.38,0.3,0.3,0.22,0.1193
1475,30.93,78.05,18.32,1740.0,14.2,1.5,13.53,0.665,5.8,10.07,63.24,81.31,0.05,10.07,180.7,0.384,0.4145,yellow,1,0.23,0.34,0.19,0.22,0.1278
1476,30.93,78.07,23.59,1996.0,132.9,0.8563,13.26,0.624,4.38,9.33,65.83,84.64,0.05,9.33,188.1,0.4644,0.4859,orange,2,0.3,0.32,0.39,0.14,0.1343
1477,30.93,78.09,36.57,1957.0,322.7,0.9787,12.73,0.595,3.46,8.93,62.44,80.28,0.05,8.93,178.4,0.5979,0.5561,orange,2,0.48,0.2,0.36,0.14,0.1378
1478,30.93,78.11,1.18,1485.0,203.2,0.367,16.31,0.692,3.46,8.93,51.38,66.06,0.05,8.93,146.8,0.2188,0.5338,orange,2,0.18,0.47,0.27,0.14,0.1378
1479,30.93,78.13,30.77,1664.0,247.6,0.2447,12.95,0.681,4.38,9.33,51.62,66.38,0.05,9.33,147.5,0.5037,0.4195,yellow,1,0.33,0.24,0.27,0.14,0.1343
1480,30.93,78.15,38.01,2250.0,46.5,-0.367,12.68,0.594,5.8,10.07,59.78,76.86,0.05,10.07,170.8,0.573,0.6146,orange,2,0.54,0.18,0.44,0.14,0.1278
1481,30.93,78.17,9.05,2517.0,152.8,0.0,14.27,0.722,4.38,11.09,63.66,81.86,0.05,11.09,181.9,0.2624,0.5555,orange,2,0.23,0.4,0.47,0.18,0.1193
1482,30.93,78.19,17.54,2062.0,271.7,-1.101,13.58,0.66,3.46,12.33,57.71,74.2,0.05,12.33,164.9,0.3073,0.4428,yellow,1,0.36,0.28,0.21,0.14,0.1099
1483,30.93,78.21,23.48,2035.0,161.0,-0.4893,13.26,0.61,3.46,13.71,59.78,76.86,0.05,13.71,170.8,0.3714,0.508,orange,2,0.38,0.28,0.41,0.22,0.1002
1484,30.93,78.23,21.96,2384.0,117.9,-0.4893,13.34,0.686,4.38,15.21,68.74,88.38,0.05,15.21,196.4,0.3767,0.5219,orange,2,0.32,0.32,0.43,0.22,0.0907
1485,30.93,78.25,26.1,2982.0,157.7,-0.8563,13.14,0.637,5.24,16.36,71.08,91.39,0.05,16.79,203.1,0.4235,0.6004,orange,2,0.45,0.3,0.51,0.26,0.0816
1486,30.93,78.27,26.75,2922.0,297.9,0.734,13.11,0.68,3.61,17.44,73.47,94.45,0.05,18.3,209.9,0.4354,0.4955,orange,2,0.31,0.32,0.4,0.26,0.0738
1487,30.93,78.29,41.51,2336.0,331.0,-1.468,12.55,0.602,2.41,15.68,73.57,94.59,0.05,19.17,210.2,0.5833,0.6798,red,3,0.61,0.28,0.44,0.29,0.0697
1488,30.93,78.31,39.53,2622.0,174.4,-0.8563,12.62,0.571,2.41,13.95,74.79,96.16,0.05,20.18,213.7,0.5663,0.6731,red,3,0.59,0.28,0.55,0.26,0.0651
1489,30.93,78.33,47.26,2614.0,332.8,0.4893,12.35,0.613,3.61,12.27,72.62,93.38,0.05,21.31,207.5,0.616,0.6275,orange,2,0.55,0.24,0.44,0.26,0.0604
1490,30.93,78.35,24.51,3272.0,225.3,0.0,13.21,0.565,5.24,10.66,66.15,85.05,0.05,22.54,189.0,0.3963,0.4555,orange,2,0.27,0.25,0.37,0.3,0.0556
1491,30.93,78.37,42.65,2249.0,245.5,0.4893,12.51,0.587,7.01,9.17,62.93,80.91,0.05,23.17,179.8,0.5703,0.5848,orange,2,0.5,0.18,0.47,0.22,0.0533
1492,30.93,78.39,59.92,2219.0,302.4,0.734,11.88,0.552,8.83,7.85,60.06,77.22,0.05,22.35,171.6,0.5873,0.5895,orange,2,0.51,0.18,0.44,0.14,0.0563
1493,30.93,78.41,44.38,2230.0,253.8,1.5,12.45,0.558,8.65,6.82,59.15,76.05,0.05,21.17,169.0,0.579,0.5955,orange,2,0.52,0.18,0.42,0.14,0.061
1494,30.93,78.43,27.31,3256.0,229.5,-0.8563,13.09,0.544,8.0,6.21,60.2,77.4,0.05,20.09,172.0,0.4107,0.5159,orange,2,0.43,0.21,0.37,0.22,0.0655
1495,30.93,78.45,36.12,3435.0,223.0,-1.5,12.74,0.467,7.77,6.15,61.14,78.61,0.05,18.99,174.7,0.501,0.6669,red,3,0.61,0.13,0.41,0.22,0.0705
1496,30.93,78.47,37.44,3580.0,268.2,-1.101,12.7,0.373,8.0,6.66,63.24,81.31,0.05,17.82,180.7,0.519,0.623,orange,2,0.56,0.17,0.37,0.22,0.0762
1497,30.93,78.49,44.34,3692.0,311.1,-1.5,12.45,0.289,8.65,7.62,65.77,84.56,0.05,16.77,187.9,0.5937,0.6543,red,3,0.6,0.17,0.34,0.22,0.0817
1498,30.93,78.51,23.35,3640.0,246.8,0.1223,13.27,0.343,9.64,8.77,68.67,88.29,0.05,15.89,196.2,0.3905,0.4164,yellow,1,0.24,0.25,0.33,0.3,0.0867
1499,30.93,78.53,31.92,3698.0,135.4,-0.367,12.9,0.278,10.87,10.11,69.86,89.82,0.05,15.19,199.6,0.4789,0.5596,orange,2,0.48,0.17,0.41,0.3,0.0908
1500,30.93,78.55,29.65,3832.0,288.9,1.101,12.99,0.228,12.27,11.6,69.12,88.88,0.05,14.71,197.5,0.4545,0.453,orange,2,0.4,0.17,0.15,0.3,0.0938
1501,30.93,78.57,33.65,3703.0,274.1,0.8563,12.84,0.262,11.69,11.69,68.28,87.8,0.05,13.95,195.1,0.4926,0.4641,orange,2,0.38,0.17,0.34,0.22,0.0987
1502,30.93,78.59,16.68,3976.0,7.0,-0.1223,13.63,0.152,10.55,10.55,64.22,82.58,0.05,12.5,183.5,0.3136,0.3518,yellow,1,0.28,0.25,0.11,0.22,0.1087
1503,30.93,78.61,23.59,3986.0,308.8,1.5,13.26,0.16,9.66,9.66,61.04,78.48,0.05,11.19,174.4,0.3991,0.369,yellow,1,0.3,0.21,0.15,0.22,0.1186
1504,30.93,78.63,31.19,3274.0,342.1,0.367,12.93,0.493,9.08,9.08,61.95,79.65,0.05,10.07,177.0,0.5099,0.433,yellow,1,0.35,0.13,0.34,0.22,0.1278
1505,30.93,78.65,24.65,2880.0,31.4,-1.5,13.21,0.674,8.88,8.88,62.12,79.88,0.05,9.21,177.5,0.47,0.5077,orange,2,0.33,0.26,0.42,0.18,0.1353
1506,30.93,78.67,34.52,2616.0,342.5,0.8563,12.8,0.576,9.08,9.08,63.1,81.14,0.05,8.68,180.3,0.5862,0.5437,orange,2,0.38,0.22,0.46,0.13,0.1402
1507,30.93,78.69,33.78,2629.0,151.0,-0.9787,12.83,0.63,9.66,9.66,64.16,82.49,0.05,8.56,183.3,0.5849,0.6467,orange,2,0.48,0.22,0.57,0.09,0.1413
1508,30.93,78.71,38.24,3219.0,295.9,1.5,12.67,0.55,10.55,10.55,63.42,81.54,0.05,8.85,181.2,0.6194,0.5445,orange,2,0.47,0.17,0.36,0.13,0.1386
1509,30.93,78.73,31.75,3913.0,201.5,-0.8563,12.91,0.224,11.14,11.53,62.86,80.82,0.05,9.51,179.6,0.5337,0.5437,orange,2,0.48,0.13,0.32,0.13,0.1326
1510,30.93,78.75,33.48,4398.0,86.3,-0.734,12.84,0.172,11.14,10.82,63.31,81.41,0.05,10.49,180.9,0.5236,0.4978,orange,2,0.44,0.17,0.21,0.13,0.1242
1511,30.93,78.77,5.94,4390.0,30.4,0.4893,14.69,0.178,11.46,10.41,65.56,84.29,0.05,10.41,187.3,0.2557,0.3929,yellow,1,0.21,0.33,0.13,0.17,0.1249
1512,30.93,78.79,8.14,4211.0,139.4,-0.4893,14.37,0.136,12.07,10.34,67.34,86.58,0.05,10.34,192.4,0.2838,0.4577,orange,2,0.37,0.33,0.2,0.22,0.1255
1513,30.93,78.81,41.5,5106.0,176.1,1.468,12.55,0.108,12.25,10.61,61.95,79.65,0.05,10.61,177.0,0.597,0.6315,orange,2,0.58,0.13,0.32,0.22,0.1232
1514,30.93,78.83,53.4,6003.0,223.8,-0.2447,12.13,0.128,12.54,11.21,55.19,70.97,0.05,11.21,157.7,0.5992,0.6666,red,3,0.63,0.13,0.23,0.22,0.1184
1515,30.93,78.85,33.1,5722.0,90.4,1.5,12.86,0.115,13.1,11.19,53.72,69.08,0.05,10.23,153.5,0.5055,0.5078,orange,2,0.46,0.13,0.19,0.22,0.1264
1516,30.93,78.87,38.95,5418.0,353.1,0.8563,12.64,0.113,13.9,9.81,52.22,67.14,0.05,9.11,149.2,0.5932,0.5613,orange,2,0.52,0.13,0.18,0.22,0.1362
1517,30.93,78.89,38.6,4806.0,42.8,-0.367,12.65,0.171,14.49,8.64,52.92,68.04,0.05,8.28,151.2,0.6156,0.5796,orange,2,0.54,0.13,0.18,0.22,0.144
1518,30.93,78.91,27.68,4464.0,140.7,1.101,13.07,0.195,13.85,7.76,53.44,68.72,0.05,7.76,152.7,0.5227,0.5032,orange,2,0.44,0.21,0.21,0.22,0.0185
1519,30.93,78.93,36.98,5171.0,169.8,0.367,12.71,0.081,13.45,7.28,49.98,64.26,0.05,7.28,142.8,0.6218,0.6105,orange,2,0.56,0.13,0.29,0.22,0.0196
1520,30.93,78.95,28.23,4520.0,27.4,0.0,13.05,0.207,13.32,7.28,55.12,70.88,0.05,7.28,157.5,0.546,0.4396,yellow,1,0.38,0.21,0.14,0.22,0.0095
1521,30.93,78.97,42.3,5047.0,228.0,-0.4893,12.52,0.145,13.45,7.76,55.12,70.88,0.05,7.76,157.5,0.6727,0.6417,orange,2,0.6,0.13,0.25,0.22,0.0084
1522,30.93,78.99,37.65,5918.0,217.9,-0.1223,12.69,0.077,13.85,8.64,53.69,69.03,0.05,8.64,153.4,0.5973,0.6059,orange,2,0.56,0.13,0.25,0.3,0.1406
1523,30.93,79.01,20.0,3285.9,180.0,0.0,8.0,0.539,14.49,9.81,70.24,90.31,0.05,9.81,200.7,0.4244,0.4414,yellow,1,0.21,0.09,0.39,0.3,0.13
1524,30.93,79.03,20.0,3199.7,180.0,0.0,8.0,0.56,15.34,11.19,72.34,93.02,0.05,11.19,206.7,0.3891,0.5147,orange,2,0.21,0.09,0.47,0.3,0.1186
1525,30.93,79.05,20.0,3406.4,180.0,0.0,8.0,0.484,16.36,12.7,71.47,91.89,0.05,12.7,204.2,0.3634,0.4231,yellow,1,0.21,0.09,0.37,0.3,0.1072
1526,30.95,77.85,20.0,2676.5,180.0,0.0,8.0,0.684,24.39,26.22,68.84,88.52,0.05,26.22,196.7,0.3574,0.5196,orange,2,0.2,0.14,0.47,0.33,0.0435
1527,30.95,77.87,20.0,2433.1,180.0,0.0,8.0,0.67,22.54,24.51,65.34,84.02,0.05,24.51,186.7,0.3494,0.5196,orange,2,0.2,0.14,0.47,0.29,0.0488
1528,30.95,77.89,20.0,2131.5,180.0,0.0,8.0,0.624,20.71,22.83,57.85,74.39,0.05,22.83,165.3,0.3322,0.3845,yellow,1,0.24,0.1,0.32,0.29,0.0546
1529,30.95,77.91,20.0,2245.6,180.0,0.0,8.0,0.702,18.88,21.19,58.83,75.64,0.05,21.19,168.1,0.3345,0.4687,orange,2,0.2,0.1,0.42,0.29,0.0609
1530,30.95,77.93,20.0,2293.2,180.0,0.0,8.0,0.649,17.08,19.6,60.34,77.58,0.05,19.6,172.4,0.3379,0.5202,orange,2,0.24,0.1,0.47,0.29,0.0677
1531,30.95,77.95,20.0,2161.7,180.0,0.0,8.0,0.697,15.29,18.06,60.37,77.62,0.05,18.06,172.5,0.338,0.4229,yellow,1,0.2,0.1,0.37,0.29,0.075
1532,30.95,77.97,20.0,2238.1,180.0,0.0,8.0,0.611,13.54,16.61,64.86,83.39,0.05,16.61,185.3,0.3482,0.5251,orange,2,0.24,0.14,0.47,0.22,0.0826
1533,30.95,77.99,20.0,2336.5,180.0,0.0,8.0,0.618,11.83,15.25,69.89,89.86,0.05,15.25,199.7,0.3598,0.5251,orange,2,0.24,0.14,0.47,0.22,0.0905
1534,30.95,78.01,21.31,1750.0,236.2,-0.6118,13.37,0.618,10.19,14.01,62.79,80.73,0.05,14.01,179.4,0.3566,0.4325,yellow,1,0.33,0.3,0.3,0.22,0.0982
1535,30.95,78.03,20.89,1663.0,313.8,-1.1012,13.39,0.62,8.66,12.94,62.76,80.69,0.05,12.94,179.3,0.3523,0.4571,orange,2,0.37,0.3,0.23,0.22,0.1055
1536,30.95,78.05,19.01,1474.0,240.4,0.4894,13.49,0.677,7.31,12.07,59.32,76.28,0.05,12.07,169.5,0.3257,0.3758,yellow,1,0.23,0.3,0.17,0.22,0.1118
1537,30.95,78.07,36.12,1964.0,103.8,0.8565,12.74,0.641,6.24,11.46,65.69,84.47,0.05,11.46,187.7,0.5271,0.5763,orange,2,0.5,0.22,0.37,0.22,0.1164
1538,30.95,78.09,23.11,1951.0,43.1,0.0,13.28,0.633,5.63,11.14,62.47,80.33,0.05,11.14,178.5,0.399,0.3981,yellow,1,0.28,0.26,0.3,0.22,0.119
1539,30.95,78.11,33.95,2027.0,93.2,-0.3671,12.82,0.669,5.63,11.14,60.34,77.58,0.05,11.14,172.4,0.5025,0.5041,orange,2,0.42,0.18,0.37,0.14,0.119
1540,30.95,78.13,32.24,2002.0,264.4,1.2236,12.89,0.668,5.87,11.26,56.91,73.17,0.05,11.46,162.6,0.4682,0.4623,orange,2,0.38,0.18,0.32,0.14,0.1164
1541,30.95,78.15,35.98,1961.0,209.4,0.6118,12.75,0.655,5.55,11.1,54.39,69.93,0.05,12.07,155.4,0.4841,0.5592,orange,2,0.48,0.18,0.4,0.14,0.1118
1542,30.95,78.17,22.58,2317.0,221.5,-0.2447,13.31,0.625,5.87,11.26,60.13,77.31,0.05,12.94,171.8,0.3632,0.549,orange,2,0.32,0.26,0.47,0.14,0.1055
1543,30.95,78.19,25.91,2492.0,67.7,-0.1224,13.15,0.656,5.63,11.73,64.5,82.94,0.05,14.01,184.3,0.4065,0.4968,orange,2,0.34,0.3,0.4,0.22,0.0982
1544,30.95,78.21,24.06,1961.0,6.2,-0.7342,13.24,0.652,5.63,12.48,58.31,74.97,0.05,14.55,166.6,0.3739,0.3934,yellow,1,0.3,0.26,0.25,0.22,0.0947
1545,30.95,78.23,29.34,2196.0,343.3,1.5,13.01,0.597,6.24,13.45,65.62,84.38,0.05,14.92,187.5,0.4434,0.4918,orange,2,0.4,0.3,0.3,0.22,0.0924
1546,30.95,78.25,43.26,2642.0,214.6,-0.7342,12.49,0.584,4.75,14.61,73.22,94.14,0.05,15.51,209.2,0.6,0.6591,red,3,0.58,0.24,0.51,0.26,0.0889
1547,30.95,78.27,12.11,3296.0,62.5,0.9789,13.97,0.518,2.85,15.91,71.99,92.56,0.05,16.31,205.7,0.2857,0.4222,yellow,1,0.21,0.34,0.26,0.3,0.0843
1548,30.95,78.29,26.99,2374.0,25.9,0.0,13.1,0.64,0.95,14.95,74.79,96.16,0.05,17.28,213.7,0.4409,0.5576,orange,2,0.42,0.45,0.4,0.3,0.079
1549,30.95,78.31,39.44,2333.0,182.8,-1.5,12.62,0.579,0.95,13.13,73.11,94.01,0.05,18.39,208.9,0.5615,0.7488,red,3,0.68,0.37,0.55,0.3,0.0734
1550,30.95,78.33,42.57,2892.0,239.8,-1.5,12.51,0.65,2.85,11.33,71.47,91.89,0.05,19.62,204.2,0.5891,0.6777,red,3,0.6,0.28,0.51,0.26,0.0676
1551,30.95,78.35,36.05,3234.0,291.7,-1.2236,12.75,0.519,4.75,9.56,66.36,85.32,0.05,20.96,189.6,0.5122,0.63,orange,2,0.57,0.19,0.34,0.3,0.0618
1552,30.95,78.37,24.51,3400.0,6.1,1.3459,13.21,0.466,6.65,7.87,62.16,79.92,0.05,22.37,177.6,0.3872,0.3889,yellow,1,0.27,0.21,0.3,0.22,0.0562
1553,30.95,78.39,35.49,2673.0,359.7,0.7342,12.77,0.643,7.96,6.28,63.42,81.54,0.05,23.86,181.2,0.4999,0.5679,orange,2,0.48,0.22,0.44,0.18,0.051
1554,30.95,78.41,35.53,2280.0,313.5,-1.5,12.77,0.632,6.73,4.93,59.43,76.41,0.05,22.99,169.8,0.4911,0.66,red,3,0.6,0.18,0.39,0.14,0.054
1555,30.95,78.43,18.89,2671.0,168.4,-0.9789,13.5,0.692,5.87,4.05,62.72,80.64,0.05,21.92,179.2,0.3323,0.5513,orange,2,0.34,0.26,0.47,0.18,0.058
1556,30.95,78.45,14.4,3436.0,113.9,-0.8565,13.79,0.434,5.55,3.96,60.76,78.12,0.05,20.73,173.6,0.2829,0.3864,yellow,1,0.28,0.24,0.29,0.17,0.0628
1557,30.95,78.47,16.48,3391.0,73.3,-1.5,13.65,0.488,5.87,4.71,64.12,82.44,0.05,19.66,183.2,0.3114,0.4541,orange,2,0.37,0.25,0.26,0.22,0.0674
1558,30.95,78.49,21.07,3970.0,197.1,-0.8565,13.38,0.143,6.73,5.84,64.5,82.94,0.05,18.72,184.3,0.3581,0.4974,orange,2,0.42,0.25,0.26,0.22,0.0718
1559,30.95,78.51,34.01,4165.0,253.7,0.2447,12.82,0.134,7.96,7.23,66.33,85.28,0.05,17.93,189.5,0.4917,0.502,orange,2,0.44,0.17,0.24,0.22,0.0757
1560,30.95,78.53,28.88,4071.0,337.6,1.1012,13.02,0.199,9.41,8.8,68.46,88.02,0.05,17.31,195.6,0.4453,0.4679,orange,2,0.4,0.25,0.17,0.3,0.0788
1561,30.95,78.55,30.03,3947.0,129.6,-0.7342,12.98,0.2,11.0,10.49,69.09,88.83,0.05,16.82,197.4,0.4582,0.5225,orange,2,0.46,0.17,0.26,0.3,0.0815
1562,30.95,78.57,24.8,4453.0,172.4,1.5,13.2,0.179,12.68,12.23,64.78,83.3,0.05,15.41,185.1,0.3961,0.4311,yellow,1,0.34,0.25,0.28,0.3,0.0895
1563,30.95,78.59,37.36,4340.0,12.2,-0.6118,12.7,0.197,12.48,12.48,62.47,80.33,0.05,14.11,178.5,0.5164,0.5832,orange,2,0.54,0.13,0.21,0.3,0.0976
1564,30.95,78.61,25.56,3934.0,256.9,0.9789,13.17,0.184,11.73,11.73,61.21,78.7,0.05,12.96,174.9,0.3955,0.4634,orange,2,0.4,0.21,0.18,0.22,0.1053
1565,30.95,78.63,35.45,3700.0,345.5,1.5,12.77,0.276,11.26,11.26,59.32,76.28,0.05,12.01,169.5,0.4901,0.5573,orange,2,0.5,0.13,0.29,0.22,0.1123
1566,30.95,78.65,30.29,3540.0,229.7,-0.3671,12.97,0.362,11.1,11.1,58.13,74.75,0.05,11.3,166.1,0.4563,0.4798,orange,2,0.4,0.13,0.36,0.22,0.1177
1567,30.95,78.67,32.01,3360.0,297.4,-1.5,12.9,0.488,11.09,11.26,58.62,75.38,0.05,10.87,167.5,0.4869,0.5308,orange,2,0.47,0.13,0.29,0.17,0.1211
1568,30.95,78.69,32.98,2097.0,175.3,1.5,12.86,0.606,10.07,10.58,57.57,74.03,0.05,10.58,164.5,0.5028,0.5253,orange,2,0.44,0.18,0.4,0.05,0.1235
1569,30.95,78.71,45.67,2614.0,76.7,-0.6118,12.41,0.644,9.33,9.91,66.36,85.32,0.05,9.91,189.6,0.6626,0.6777,red,3,0.61,0.22,0.46,0.09,0.1291
1570,30.95,78.73,25.15,3163.0,202.3,-1.4683,13.19,0.596,8.93,9.58,66.81,85.91,0.05,9.58,190.9,0.4749,0.6192,orange,2,0.51,0.25,0.53,0.17,0.132
1571,30.95,78.75,44.57,3770.0,291.1,0.9789,12.44,0.249,8.93,8.72,66.88,86.0,0.05,8.72,191.1,0.6942,0.5531,orange,2,0.48,0.17,0.36,0.17,0.1398
1572,30.95,78.77,34.67,4268.0,264.5,0.1224,12.8,0.192,9.33,8.21,66.67,85.73,0.05,8.21,190.5,0.6096,0.4694,orange,2,0.4,0.17,0.26,0.22,0.1446
1573,30.95,78.79,25.62,5023.0,230.2,0.3671,13.16,0.112,10.04,8.12,63.66,81.86,0.05,8.12,181.9,0.5148,0.5148,orange,2,0.44,0.25,0.26,0.22,0.1455
1574,30.95,78.81,33.19,5680.0,153.5,-1.5,12.85,0.053,10.04,8.47,59.46,76.45,0.05,8.47,169.9,0.5707,0.6282,orange,2,0.58,0.13,0.29,0.22,0.1421
1575,30.95,78.83,26.84,4990.0,28.7,1.2236,13.11,0.09,10.39,9.21,60.83,78.21,0.05,9.21,173.8,0.4889,0.5005,orange,2,0.44,0.21,0.19,0.17,0.1353
1576,30.95,78.85,49.94,5448.0,110.0,-0.7342,12.26,0.102,11.06,9.9,55.19,70.97,0.05,8.66,157.7,0.6735,0.701,red,3,0.67,0.13,0.21,0.17,0.1403
1577,30.95,78.87,26.18,5089.0,148.7,-0.9789,13.14,0.127,12.0,8.32,53.72,69.08,0.05,7.31,153.5,0.5215,0.5741,orange,2,0.52,0.21,0.21,0.22,0.0115
1578,30.95,78.89,35.87,5030.0,352.9,-1.5,12.75,0.102,12.48,6.89,51.31,65.97,0.05,6.24,146.6,0.644,0.671,red,3,0.64,0.13,0.18,0.22,0.0259
1579,30.95,78.91,31.2,4038.0,356.2,-1.5,12.93,0.197,11.73,5.75,55.12,70.88,0.05,5.63,157.5,0.6238,0.5482,orange,2,0.5,0.13,0.22,0.22,0.0331
1580,30.95,78.93,36.69,4817.0,194.2,-0.4894,12.72,0.125,11.26,5.08,51.31,65.97,0.05,5.08,146.6,0.6859,0.6675,red,3,0.62,0.13,0.33,0.22,0.0366
1581,30.95,78.95,32.11,4148.0,173.3,1.1012,12.9,0.203,11.1,5.08,56.7,72.9,0.05,5.08,162.0,0.6524,0.5101,orange,2,0.44,0.13,0.33,0.22,0.0335
1582,30.95,78.97,29.01,5106.0,200.5,0.1224,13.02,0.151,11.26,5.75,54.67,70.29,0.05,5.75,156.2,0.5973,0.4964,orange,2,0.42,0.21,0.29,0.22,0.0261
1583,30.95,78.99,28.24,5523.0,216.0,1.5,13.05,0.14,11.73,6.89,55.89,71.86,0.05,6.89,159.7,0.5591,0.5386,orange,2,0.48,0.21,0.21,0.22,0.0105
1584,30.95,79.01,20.0,3255.5,180.0,0.0,8.0,0.588,12.48,8.32,70.8,91.04,0.05,8.32,202.3,0.4693,0.4414,yellow,1,0.21,0.09,0.39,0.3,0.1436
1585,30.95,79.03,20.0,3379.0,180.0,0.0,8.0,0.426,13.45,9.9,71.96,92.52,0.05,9.9,205.6,0.4257,0.4414,yellow,1,0.21,0.09,0.39,0.3,0.1292
1586,30.95,79.05,20.0,3467.7,180.0,0.0,8.0,0.395,14.61,11.58,71.72,92.2,0.05,11.58,204.9,0.3761,0.4231,yellow,1,0.21,0.09,0.37,0.3,0.1155
1587,30.97,77.85,20.0,2206.4,180.0,0.0,8.0,0.662,24.99,27.23,64.89,83.43,0.05,27.23,185.4,0.3483,0.5196,orange,2,0.2,0.14,0.47,0.29,0.0407
1588,30.97,77.87,20.0,2279.3,180.0,0.0,8.0,0.637,23.19,25.59,63.7,81.9,0.05,25.59,182.0,0.3456,0.5251,orange,2,0.24,0.14,0.47,0.29,0.0454
1589,30.97,77.89,20.0,2664.1,180.0,0.0,8.0,0.652,21.41,23.99,64.78,83.3,0.05,23.99,185.1,0.3481,0.5196,orange,2,0.2,0.14,0.47,0.33,0.0505
1590,30.97,77.91,20.0,2643.7,180.0,0.0,8.0,0.632,19.65,22.43,64.16,82.49,0.05,22.43,183.3,0.3466,0.5251,orange,2,0.24,0.14,0.47,0.33,0.056
1591,30.97,77.93,20.0,2348.1,180.0,0.0,8.0,0.63,17.92,20.93,62.89,80.86,0.05,20.93,179.7,0.3438,0.5202,orange,2,0.24,0.1,0.47,0.29,0.0619
1592,30.97,77.95,20.0,2309.5,180.0,0.0,8.0,0.615,16.23,19.51,63.91,82.17,0.05,19.51,182.6,0.3461,0.5251,orange,2,0.24,0.14,0.47,0.22,0.0681
1593,30.97,77.97,20.0,2297.7,180.0,0.0,8.0,0.635,14.59,18.16,66.04,84.91,0.05,18.16,188.7,0.351,0.5251,orange,2,0.24,0.14,0.47,0.22,0.0745
1594,30.97,77.99,20.0,2105.2,180.0,0.0,8.0,0.644,13.02,16.93,65.31,83.97,0.05,16.93,186.6,0.3493,0.4355,yellow,1,0.24,0.14,0.37,0.22,0.0809
1595,30.97,78.01,27.67,1907.0,62.7,1.5,13.07,0.65,11.55,15.83,63.98,82.26,0.05,15.83,182.8,0.4229,0.4918,orange,2,0.4,0.3,0.3,0.22,0.087
1596,30.97,78.03,27.65,1439.0,120.9,-1.2238,13.08,0.663,10.23,14.45,57.16,73.49,0.05,14.89,163.3,0.4071,0.5284,orange,2,0.45,0.3,0.25,0.22,0.0927
1597,30.97,78.05,41.32,1732.0,50.3,1.1015,12.56,0.645,9.11,13.0,61.91,79.61,0.05,14.14,176.9,0.5547,0.5385,orange,2,0.47,0.22,0.27,0.22,0.0974
1598,30.97,78.07,33.54,1723.0,349.4,-0.9791,12.84,0.591,8.28,11.69,60.41,77.67,0.05,13.62,172.6,0.4735,0.4862,orange,2,0.41,0.22,0.27,0.22,0.1008
1599,30.97,78.09,11.51,1524.0,234.6,0.0,14.02,0.657,6.6,10.55,54.84,70.52,0.05,13.35,156.7,0.2405,0.4008,yellow,1,0.18,0.33,0.21,0.22,0.1026
1600,30.97,78.11,27.86,1805.0,258.7,0.3672,13.07,0.646,5.05,9.66,57.05,73.35,0.05,13.35,163.0,0.409,0.4841,orange,2,0.4,0.26,0.28,0.22,0.1026
1601,30.97,78.13,28.62,1785.0,283.5,0.3672,13.04,0.618,3.83,9.08,54.53,70.11,0.05,13.47,155.8,0.4108,0.4363,yellow,1,0.35,0.32,0.18,0.22,0.1018
1602,30.97,78.15,18.65,2255.0,202.6,-1.5,13.52,0.685,3.33,8.88,61.07,78.53,0.05,12.79,174.5,0.3261,0.5603,orange,2,0.4,0.28,0.47,0.22,0.1066
1603,30.97,78.17,22.41,2683.0,128.2,-0.8567,13.32,0.65,3.83,9.08,64.05,82.35,0.05,12.36,183.0,0.3705,0.5598,orange,2,0.36,0.32,0.47,0.26,0.1097
1604,30.97,78.19,30.08,2652.0,64.4,0.0,12.98,0.635,5.05,9.66,65.24,83.88,0.05,12.21,186.4,0.4499,0.5268,orange,2,0.38,0.22,0.44,0.26,0.1108
1605,30.97,78.21,23.05,2141.0,126.0,0.7343,13.28,0.649,6.6,10.55,62.02,79.74,0.05,12.36,177.2,0.3723,0.4611,orange,2,0.3,0.26,0.37,0.22,0.1097
1606,30.97,78.23,35.84,2543.0,331.2,-0.2448,12.75,0.601,7.01,11.69,70.31,90.41,0.05,12.79,200.9,0.5191,0.5679,orange,2,0.48,0.22,0.44,0.26,0.1066
1607,30.97,78.25,30.76,2732.0,119.5,-0.4895,12.95,0.584,5.24,13.0,71.68,92.16,0.05,13.47,204.8,0.4714,0.562,orange,2,0.46,0.22,0.47,0.26,0.1018
1608,30.97,78.27,27.54,3098.0,118.7,-0.3672,13.08,0.683,3.61,14.45,71.4,91.8,0.05,14.38,204.0,0.4386,0.5249,orange,2,0.39,0.27,0.43,0.3,0.0958
1609,30.97,78.29,26.53,3434.0,266.2,-1.5,13.12,0.429,2.41,14.54,70.17,90.23,0.05,15.47,200.5,0.4257,0.5807,orange,2,0.5,0.31,0.33,0.3,0.0891
1610,30.97,78.31,23.21,3128.0,14.2,0.3672,13.28,0.667,2.41,12.65,71.05,91.35,0.05,16.7,203.0,0.3945,0.4831,orange,2,0.22,0.31,0.4,0.3,0.0821
1611,30.97,78.33,38.9,3398.0,185.8,0.8567,12.64,0.423,3.61,10.77,67.86,87.26,0.05,18.05,193.9,0.5441,0.5748,orange,2,0.49,0.19,0.45,0.3,0.075
1612,30.97,78.35,13.88,3719.0,55.0,1.5,13.83,0.236,5.24,8.9,63.77,81.99,0.05,19.5,182.2,0.2846,0.3761,yellow,1,0.25,0.28,0.26,0.3,0.0681
1613,30.97,78.37,20.7,3131.0,1.2,-0.9791,13.4,0.573,7.01,7.04,64.4,82.8,0.05,21.01,184.0,0.3542,0.4869,orange,2,0.31,0.25,0.4,0.22,0.0616
1614,30.97,78.39,27.07,3052.0,226.1,-0.2448,13.1,0.667,6.6,5.21,62.93,80.91,0.05,22.59,179.8,0.4145,0.5448,orange,2,0.33,0.21,0.47,0.22,0.0555
1615,30.97,78.41,34.9,2619.0,5.7,1.5,12.79,0.661,5.05,3.47,64.33,82.71,0.05,24.21,183.8,0.496,0.5241,orange,2,0.36,0.22,0.44,0.13,0.0498
1616,30.97,78.43,44.1,2609.0,341.0,-0.1224,12.46,0.617,3.83,2.02,64.75,83.25,0.05,23.65,185.0,0.589,0.5696,orange,2,0.48,0.24,0.44,0.13,0.0517
1617,30.97,78.45,37.18,2683.0,251.9,1.5,12.71,0.614,3.33,1.83,65.87,84.69,0.05,22.55,188.2,0.5224,0.606,orange,2,0.52,0.24,0.47,0.09,0.0556
1618,30.97,78.47,41.43,3165.0,141.4,-0.7343,12.55,0.601,3.83,2.92,65.62,84.38,0.05,21.57,187.5,0.5643,0.6314,orange,2,0.55,0.19,0.51,0.17,0.0593
1619,30.97,78.49,35.95,4036.0,160.8,1.5,12.75,0.222,5.05,4.4,63.56,81.72,0.05,20.72,181.6,0.5048,0.6001,orange,2,0.54,0.17,0.32,0.22,0.0628
1620,30.97,78.51,37.88,4712.0,185.4,-0.6119,12.68,0.142,6.6,6.12,62.12,79.88,0.05,20.01,177.5,0.5208,0.6666,red,3,0.62,0.13,0.32,0.22,0.0659
1621,30.97,78.53,39.5,4622.0,231.4,-1.5,12.62,0.193,8.3,7.92,63.77,81.99,0.05,19.46,182.2,0.5408,0.6659,red,3,0.62,0.17,0.28,0.22,0.0683
1622,30.97,78.55,41.03,4314.0,192.4,1.5,12.57,0.194,10.07,9.76,65.38,84.06,0.05,18.32,186.8,0.5597,0.6001,orange,2,0.54,0.17,0.32,0.3,0.0737
1623,30.97,78.57,39.58,4965.0,178.6,-0.8567,12.62,0.162,11.88,11.61,60.76,78.12,0.05,17.03,173.6,0.5347,0.6315,orange,2,0.58,0.13,0.32,0.3,0.0803
1624,30.97,78.59,46.42,4936.0,328.1,-1.2238,12.38,0.123,13.71,13.48,58.8,75.6,0.05,15.85,168.0,0.5844,0.7334,red,3,0.71,0.13,0.16,0.3,0.0869
1625,30.97,78.61,41.51,4586.0,335.1,-0.1224,12.55,0.146,13.85,13.85,58.13,74.75,0.05,14.2,166.1,0.548,0.5588,orange,2,0.52,0.13,0.16,0.3,0.097
1626,30.97,78.63,33.7,4083.0,69.3,1.5,12.83,0.191,12.39,12.61,58.48,75.19,0.05,12.61,167.1,0.4707,0.4485,yellow,1,0.4,0.13,0.16,0.22,0.1079
1627,30.97,78.65,37.34,3929.0,328.7,-1.5,12.7,0.162,10.84,11.12,57.78,74.3,0.05,11.12,165.1,0.5313,0.6302,orange,2,0.6,0.13,0.14,0.22,0.1192
1628,30.97,78.67,43.21,3045.0,145.0,1.5,12.49,0.677,9.41,9.77,62.09,79.83,0.05,9.77,177.4,0.6391,0.606,orange,2,0.47,0.13,0.53,0.17,0.1304
1629,30.97,78.69,44.46,2700.0,74.9,0.2448,12.45,0.559,8.18,8.63,64.78,83.3,0.05,8.63,185.1,0.691,0.5703,orange,2,0.48,0.22,0.46,0.09,0.1406
1630,30.97,78.71,44.35,3073.0,180.7,1.5,12.45,0.655,7.24,7.79,64.75,83.25,0.05,7.79,185.0,0.7142,0.6423,orange,2,0.47,0.17,0.57,0.13,0.0118
1631,30.97,78.73,18.4,4014.0,103.1,-0.4895,13.53,0.215,6.73,7.37,62.27,80.06,0.05,7.37,177.9,0.4615,0.4276,yellow,1,0.36,0.21,0.18,0.13,0.0182
1632,30.97,78.75,49.09,4040.0,54.5,-1.5,12.29,0.165,6.73,6.71,64.54,82.98,0.05,6.71,184.4,0.7518,0.7057,red,3,0.67,0.17,0.23,0.17,0.0196
1633,30.97,78.77,27.58,4871.0,109.0,0.0,13.08,0.189,7.24,6.03,61.95,79.65,0.05,6.03,177.0,0.5915,0.4691,orange,2,0.4,0.21,0.22,0.17,0.0195
1634,30.97,78.79,27.61,4947.0,67.1,-0.1224,13.08,0.154,7.83,5.91,62.23,80.01,0.05,5.91,177.8,0.5959,0.4529,orange,2,0.38,0.21,0.23,0.22,0.0084
1635,30.97,78.81,29.53,4844.0,103.5,-0.2448,13.0,0.104,7.83,6.38,62.23,80.01,0.05,6.38,177.8,0.6014,0.494,orange,2,0.44,0.13,0.22,0.17,0.0073
1636,30.97,78.83,29.21,4597.0,8.7,-0.9791,13.01,0.203,8.28,7.33,61.84,79.52,0.05,7.33,176.7,0.5697,0.5005,orange,2,0.44,0.21,0.19,0.13,0.0056
1637,30.97,78.85,57.21,4794.0,354.2,-1.1015,11.99,0.134,9.11,8.6,58.45,75.15,0.05,7.44,167.0,0.7167,0.6984,red,3,0.67,0.13,0.18,0.13,0.0111
1638,30.97,78.87,51.68,3998.0,160.8,0.3672,12.19,0.218,10.23,7.21,60.16,77.36,0.05,5.8,171.9,0.7683,0.6445,orange,2,0.59,0.13,0.36,0.17,0.0272
1639,30.97,78.89,33.27,4300.0,189.6,0.3672,12.85,0.156,10.55,5.5,56.56,72.72,0.05,4.38,161.6,0.6841,0.4926,orange,2,0.42,0.13,0.33,0.22,0.0442
1640,30.97,78.91,36.05,4280.0,340.2,-1.5,12.75,0.217,9.66,3.98,55.65,71.55,0.05,3.46,159.0,0.7367,0.6386,orange,2,0.6,0.13,0.22,0.17,0.0686
1641,30.97,78.93,28.03,4370.0,144.7,-0.9791,13.06,0.194,9.08,2.93,55.37,71.19,0.05,2.93,158.2,0.6713,0.551,orange,2,0.48,0.21,0.31,0.17,0.0842
1642,30.97,78.95,47.91,4309.0,198.8,1.3462,12.33,0.142,8.88,2.93,57.08,73.39,0.05,2.93,163.1,0.8449,0.6993,red,3,0.65,0.13,0.39,0.17,0.0714
1643,30.97,78.97,22.45,5070.0,214.6,-1.5,13.31,0.13,9.08,3.98,55.3,71.1,0.05,3.98,158.0,0.5849,0.5436,orange,2,0.48,0.21,0.25,0.17,0.0448
1644,30.97,78.99,18.85,4482.0,85.2,1.5,13.5,0.162,9.66,5.5,60.9,78.3,0.05,5.5,174.0,0.5172,0.3756,yellow,1,0.3,0.21,0.19,0.22,0.0269
1645,30.97,79.01,20.0,3394.3,180.0,0.0,8.0,0.408,10.55,7.21,68.81,88.47,0.05,7.21,196.6,0.4971,0.4414,yellow,1,0.21,0.09,0.39,0.22,0.0097
1646,30.97,79.03,20.0,3465.8,180.0,0.0,8.0,0.373,11.69,8.99,69.75,89.69,0.05,8.99,199.3,0.4473,0.4414,yellow,1,0.21,0.09,0.39,0.3,0.1373
1647,30.97,79.05,20.0,3438.5,180.0,0.0,8.0,0.409,13.0,10.81,70.07,90.09,0.05,10.81,200.2,0.3948,0.4231,yellow,1,0.21,0.09,0.37,0.3,0.1216
1648,30.99,77.85,20.0,2115.6,180.0,0.0,8.0,0.653,25.77,26.7,63.49,81.63,0.05,28.38,181.4,0.3451,0.429,yellow,1,0.2,0.14,0.37,0.29,0.0377
1649,30.99,77.87,20.0,2579.2,180.0,0.0,8.0,0.651,24.03,25.03,68.84,88.52,0.05,26.81,196.7,0.3574,0.5196,orange,2,0.2,0.14,0.47,0.33,0.0418
1650,30.99,77.89,20.0,2637.9,180.0,0.0,8.0,0.666,22.31,23.39,68.0,87.44,0.05,25.29,194.3,0.3554,0.5196,orange,2,0.2,0.14,0.47,0.33,0.0463
1651,30.99,77.91,20.0,2526.6,180.0,0.0,8.0,0.657,20.63,21.79,68.39,87.93,0.05,23.82,195.4,0.3563,0.5196,orange,2,0.2,0.14,0.47,0.33,0.0511
1652,30.99,77.93,20.0,2541.1,180.0,0.0,8.0,0.638,18.99,20.25,68.46,88.02,0.05,22.41,195.6,0.3565,0.5251,orange,2,0.24,0.14,0.47,0.26,0.0561
1653,30.99,77.95,20.0,2316.6,180.0,0.0,8.0,0.667,17.4,18.77,66.08,84.96,0.05,21.08,188.8,0.351,0.5196,orange,2,0.2,0.14,0.47,0.22,0.0613
1654,30.99,77.97,20.0,1916.9,180.0,0.0,8.0,0.622,15.88,17.37,60.06,77.22,0.05,19.85,171.6,0.3373,0.4297,yellow,1,0.24,0.1,0.37,0.22,0.0666
1655,30.99,77.99,20.0,1890.5,180.0,0.0,8.0,0.705,14.46,16.07,60.3,77.54,0.05,18.73,172.3,0.3378,0.4229,yellow,1,0.2,0.1,0.37,0.22,0.0717
1656,30.99,78.01,3.42,1087.0,288.4,1.4689,15.25,0.641,13.15,14.87,47.39,60.93,0.05,17.74,135.4,0.1425,0.5274,orange,2,0.17,0.49,0.09,0.22,0.0766
1657,30.99,78.03,29.16,1462.0,172.1,-1.5,13.01,0.672,11.45,13.2,54.01,69.44,0.05,16.9,154.3,0.415,0.55,orange,2,0.47,0.3,0.29,0.14,0.081
1658,30.99,78.05,18.39,1999.0,52.3,1.3465,13.53,0.643,9.56,11.6,62.96,80.95,0.05,16.25,179.9,0.3278,0.395,yellow,1,0.3,0.26,0.26,0.14,0.0846
1659,30.99,78.07,35.5,1401.0,267.7,1.3465,12.77,0.713,7.68,10.11,52.53,67.55,0.05,14.95,150.1,0.4751,0.5185,orange,2,0.45,0.22,0.25,0.14,0.0922
1660,30.99,78.09,53.87,1965.0,116.4,1.5,12.11,0.584,5.81,8.77,61.39,78.93,0.05,13.63,175.4,0.5903,0.6495,orange,2,0.59,0.18,0.37,0.14,0.1008
1661,30.99,78.11,5.64,2683.0,109.5,-1.1017,14.74,0.708,3.96,7.67,68.67,88.29,0.05,12.45,196.2,0.2134,0.5042,orange,2,0.31,0.4,0.39,0.18,0.109
1662,30.99,78.13,19.67,2673.0,299.3,1.5,13.46,0.636,2.2,6.93,68.07,87.53,0.05,11.47,194.5,0.3677,0.4672,orange,2,0.31,0.36,0.36,0.18,0.1164
1663,30.99,78.15,25.65,2323.0,313.5,0.1224,13.16,0.675,1.11,6.66,65.62,84.38,0.05,10.69,187.5,0.4448,0.5536,orange,2,0.38,0.45,0.4,0.22,0.1226
1664,30.99,78.17,11.47,2756.0,155.2,-0.7345,14.02,0.661,2.2,6.93,67.2,86.4,0.05,10.17,192.0,0.3217,0.5611,orange,2,0.3,0.39,0.47,0.18,0.1269
1665,30.99,78.19,39.1,2777.0,358.9,1.2241,12.64,0.63,3.96,7.67,67.41,86.67,0.05,9.99,192.6,0.6037,0.5884,orange,2,0.5,0.24,0.46,0.18,0.1284
1666,30.99,78.21,30.55,2283.0,352.9,-0.1224,12.96,0.68,5.81,8.77,65.8,84.6,0.05,10.17,188.0,0.5093,0.5215,orange,2,0.34,0.22,0.44,0.22,0.1269
1667,30.99,78.23,33.1,2593.0,129.1,-1.5,12.86,0.635,7.68,10.11,69.68,89.59,0.05,10.69,199.1,0.5285,0.609,orange,2,0.52,0.22,0.51,0.26,0.1226
1668,30.99,78.25,21.62,2704.0,19.7,-1.2241,13.35,0.682,6.5,11.6,69.75,89.69,0.05,11.5,199.3,0.3902,0.4994,orange,2,0.36,0.3,0.4,0.26,0.1161
1669,30.99,78.27,27.39,2782.0,135.3,0.3672,13.09,0.662,5.28,13.02,69.82,89.78,0.05,12.55,199.5,0.4335,0.56,orange,2,0.38,0.3,0.47,0.26,0.1083
1670,30.99,78.29,35.92,3310.0,222.6,-1.2241,12.75,0.525,4.54,14.28,67.2,86.4,0.05,13.79,192.0,0.5128,0.6711,red,3,0.61,0.19,0.41,0.3,0.0997
1671,30.99,78.31,29.92,4210.0,211.4,-1.5,12.98,0.13,4.54,12.55,62.3,80.1,0.05,15.16,178.0,0.4416,0.6246,orange,2,0.58,0.15,0.24,0.3,0.091
1672,30.99,78.33,21.32,3682.0,33.4,0.2448,13.37,0.271,5.28,10.65,64.54,82.98,0.05,16.63,184.4,0.3607,0.3966,yellow,1,0.28,0.25,0.3,0.3,0.0825
1673,30.99,78.35,55.74,3371.0,224.7,-1.5,12.05,0.515,6.5,8.76,65.48,84.19,0.05,18.19,187.1,0.5997,0.729,red,3,0.68,0.17,0.41,0.3,0.0744
1674,30.99,78.37,27.04,3474.0,310.4,1.3465,13.1,0.432,7.68,6.86,64.22,82.58,0.05,19.8,183.5,0.4172,0.4598,orange,2,0.37,0.25,0.3,0.22,0.0668
1675,30.99,78.39,36.28,3639.0,333.5,1.3465,12.74,0.328,5.81,4.97,62.82,80.78,0.05,21.47,179.5,0.5064,0.5115,orange,2,0.44,0.13,0.34,0.22,0.0598
1676,30.99,78.41,33.37,2990.0,12.8,-0.4896,12.85,0.634,3.96,3.09,65.97,84.83,0.05,23.16,188.5,0.4845,0.5327,orange,2,0.41,0.24,0.44,0.13,0.0534
1677,30.99,78.43,29.6,3588.0,273.8,-1.1017,12.99,0.355,2.2,1.27,62.93,80.91,0.05,24.89,179.8,0.4398,0.5214,orange,2,0.45,0.19,0.3,0.13,0.0476
1678,30.99,78.45,37.6,3017.0,358.5,-0.9793,12.69,0.698,1.11,0.0,66.36,85.32,0.05,24.44,189.6,0.5277,0.601,orange,2,0.51,0.32,0.44,0.21,0.049
1679,30.99,78.47,33.1,3642.0,146.4,-1.5,12.86,0.266,2.2,1.9,63.73,81.94,0.05,23.54,182.1,0.4767,0.6237,orange,2,0.55,0.23,0.41,0.13,0.0521
1680,30.99,78.49,26.88,3835.0,282.9,-0.1224,13.11,0.211,3.96,3.8,63.45,81.59,0.05,22.76,181.3,0.4138,0.4506,orange,2,0.38,0.27,0.15,0.17,0.0548
1681,30.99,78.51,42.87,4640.0,240.8,-1.5,12.5,0.165,5.81,5.7,59.85,76.95,0.05,22.11,171.0,0.5655,0.6586,red,3,0.62,0.13,0.24,0.22,0.0572
1682,30.99,78.53,7.91,4798.0,332.2,-0.2448,14.4,0.179,7.68,7.6,59.36,76.32,0.05,20.41,169.6,0.2148,0.3482,yellow,1,0.21,0.29,0.08,0.22,0.0641
1683,30.99,78.55,38.55,5028.0,253.8,1.1017,12.66,0.097,9.56,9.5,58.13,74.75,0.05,18.58,166.1,0.5184,0.599,orange,2,0.56,0.13,0.19,0.3,0.0725
1684,30.99,78.57,13.54,5241.0,340.3,0.612,13.85,0.138,11.45,11.4,56.66,72.86,0.05,16.76,161.9,0.2649,0.3359,yellow,1,0.27,0.24,0.08,0.3,0.0818
1685,30.99,78.59,14.18,4920.0,23.6,-0.4896,13.81,0.091,13.35,13.3,57.75,74.25,0.05,14.96,165.0,0.2738,0.3905,yellow,1,0.33,0.24,0.08,0.3,0.0922
1686,30.99,78.61,34.1,3971.0,356.2,-0.1224,12.82,0.235,13.12,13.19,62.02,79.74,0.05,13.19,177.2,0.4828,0.4349,yellow,1,0.38,0.13,0.19,0.3,0.1038
1687,30.99,78.63,37.93,3603.0,252.0,0.4896,12.68,0.284,11.35,11.46,63.28,81.36,0.05,11.46,180.8,0.5397,0.5716,orange,2,0.5,0.17,0.37,0.22,0.1164
1688,30.99,78.65,23.44,3136.0,292.4,-0.4896,13.26,0.567,9.63,9.8,65.31,83.97,0.05,9.8,186.6,0.448,0.504,orange,2,0.31,0.25,0.42,0.22,0.1301
1689,30.99,78.67,27.69,2763.0,215.9,0.0,13.07,0.62,8.0,8.23,67.16,86.36,0.05,8.23,191.9,0.5403,0.5809,orange,2,0.42,0.3,0.49,0.18,0.1444
1690,30.99,78.69,51.64,3038.0,59.9,-0.612,12.2,0.641,6.5,6.85,65.97,84.83,0.05,6.85,188.5,0.7511,0.6495,orange,2,0.58,0.17,0.46,0.17,0.0151
1691,30.99,78.71,42.25,2880.0,105.7,1.4689,12.53,0.625,5.28,5.76,67.34,86.58,0.05,5.76,192.4,0.7585,0.6149,orange,2,0.49,0.22,0.53,0.09,0.0255
1692,30.99,78.73,35.81,3690.0,188.7,-1.5,12.76,0.26,4.54,5.16,63.8,82.04,0.05,5.16,182.3,0.7034,0.7051,red,3,0.64,0.19,0.51,0.13,0.0324
1693,30.99,78.75,24.75,4561.0,210.6,-1.5,13.2,0.185,4.54,4.88,59.95,77.09,0.05,4.88,171.3,0.5921,0.5174,orange,2,0.44,0.23,0.3,0.13,0.0361
1694,30.99,78.77,21.21,4538.0,101.2,-0.8569,13.38,0.201,5.28,3.9,60.58,77.89,0.05,3.9,173.1,0.5869,0.4398,yellow,1,0.36,0.21,0.26,0.17,0.0364
1695,30.99,78.79,23.77,4391.0,22.7,-0.9793,13.25,0.204,5.63,3.71,61.53,79.11,0.05,3.71,175.8,0.6202,0.4176,yellow,1,0.34,0.21,0.23,0.17,0.0324
1696,30.99,78.81,28.31,4151.0,30.7,0.1224,13.05,0.204,5.63,4.42,62.65,80.55,0.05,4.42,179.0,0.6474,0.4529,orange,2,0.38,0.21,0.23,0.17,0.0138
1697,30.99,78.83,27.5,4320.0,8.5,1.5,13.08,0.127,6.24,5.7,61.28,78.8,0.05,5.7,175.1,0.5988,0.5058,orange,2,0.44,0.21,0.23,0.13,0.0089
1698,30.99,78.85,30.55,4452.0,23.0,0.0,12.96,0.128,7.31,7.26,59.88,77.0,0.05,6.74,171.1,0.5957,0.4774,orange,2,0.42,0.13,0.23,0.13,0.0191
1699,30.99,78.87,43.52,3940.0,306.3,-1.5,12.48,0.163,8.66,6.67,61.88,79.56,0.05,4.88,176.8,0.7844,0.6417,orange,2,0.6,0.13,0.25,0.17,0.0349
1700,30.99,78.89,42.3,3558.0,130.1,-0.2448,12.52,0.334,8.77,4.78,63.28,81.36,0.05,3.06,180.8,0.8284,0.5551,orange,2,0.44,0.17,0.47,0.17,0.0696
1701,30.99,78.91,36.96,3736.0,84.6,0.612,12.71,0.256,7.67,2.9,62.05,79.79,0.05,1.46,177.3,0.8188,0.5627,orange,2,0.48,0.13,0.46,0.13,0.1511
1702,30.99,78.93,45.04,3631.0,97.9,-1.5,12.43,0.308,6.93,1.1,62.68,80.59,0.05,1.1,179.1,0.9112,0.6917,red,3,0.63,0.13,0.49,0.13,0.2115
1703,30.99,78.95,40.35,3448.0,103.5,-1.5,12.59,0.401,6.66,1.1,64.02,82.31,0.05,1.1,182.9,0.8677,0.6609,red,3,0.59,0.17,0.49,0.13,0.1533
1704,30.99,78.97,40.87,3639.0,100.7,0.0,12.57,0.268,6.93,2.9,63.66,81.86,0.05,2.9,181.9,0.8195,0.5865,orange,2,0.5,0.17,0.49,0.17,0.0673
1705,30.99,78.99,30.1,3424.0,154.8,1.5,12.97,0.476,7.67,4.78,65.52,84.24,0.05,4.78,187.2,0.6613,0.585,orange,2,0.41,0.17,0.51,0.22,0.0335
1706,30.99,79.01,20.0,3363.9,180.0,0.0,8.0,0.457,8.77,6.67,66.47,85.45,0.05,6.67,189.9,0.5073,0.4414,yellow,1,0.21,0.09,0.39,0.22,0.0112
1707,30.99,79.03,20.0,3450.4,180.0,0.0,8.0,0.404,10.11,8.57,66.39,85.36,0.05,8.57,189.7,0.4519,0.4414,yellow,1,0.21,0.09,0.39,0.3,0.1412
1708,30.99,79.05,20.0,3589.4,180.0,0.0,8.0,0.359,11.6,10.46,65.73,84.51,0.05,10.46,187.8,0.395,0.418,yellow,1,0.18,0.09,0.37,0.3,0.1244
1709,31.01,77.85,20.0,2613.2,180.0,0.0,8.0,0.678,25.45,25.77,69.51,89.37,0.05,29.66,198.6,0.3589,0.5196,orange,2,0.2,0.14,0.47,0.33,0.0346
1710,31.01,77.87,20.0,2445.5,180.0,0.0,8.0,0.67,24.03,24.03,70.42,90.54,0.05,28.16,201.2,0.361,0.5196,orange,2,0.2,0.14,0.47,0.29,0.0383
1711,31.01,77.89,20.0,2377.3,180.0,0.0,8.0,0.675,22.31,22.31,70.21,90.27,0.05,26.71,200.6,0.3605,0.5196,orange,2,0.2,0.14,0.47,0.29,0.0421
1712,31.01,77.91,20.0,2548.3,180.0,0.0,8.0,0.667,20.63,20.63,72.38,93.06,0.05,25.32,206.8,0.3654,0.5196,orange,2,0.2,0.14,0.47,0.26,0.0462
1713,31.01,77.93,20.0,2412.5,180.0,0.0,8.0,0.625,18.99,18.99,70.91,91.17,0.05,24.01,202.6,0.3621,0.5251,orange,2,0.24,0.14,0.47,0.22,0.0505
1714,31.01,77.95,20.0,2098.4,180.0,0.0,8.0,0.63,17.4,17.4,64.78,83.3,0.05,22.77,185.1,0.3481,0.4355,yellow,1,0.24,0.14,0.37,0.22,0.0548
1715,31.01,77.97,20.0,2068.2,180.0,0.0,8.0,0.661,15.88,15.88,63.03,81.05,0.05,21.63,180.1,0.3441,0.429,yellow,1,0.2,0.14,0.37,0.22,0.0591
1716,31.01,77.99,20.0,2100.1,180.0,0.0,8.0,0.628,14.46,14.46,62.27,80.06,0.05,20.18,177.9,0.3423,0.4297,yellow,1,0.24,0.1,0.37,0.14,0.0651
1717,31.01,78.01,14.75,1277.0,28.5,1.5,13.76,0.703,13.15,13.15,47.39,60.93,0.05,18.45,135.4,0.2558,0.3893,yellow,1,0.18,0.33,0.14,0.14,0.0731
1718,31.01,78.03,34.32,1167.0,297.2,-1.5,12.81,0.613,11.45,12.0,45.01,57.87,0.05,16.75,128.6,0.4461,0.4927,orange,2,0.44,0.22,0.12,0.14,0.0818
1719,31.01,78.05,44.84,1507.0,64.7,-1.5,12.43,0.579,9.56,10.49,50.78,65.3,0.05,15.11,145.1,0.5645,0.6205,orange,2,0.57,0.22,0.22,0.14,0.0913
1720,31.01,78.07,6.03,1466.0,237.5,0.7346,14.68,0.664,7.68,8.8,50.82,65.34,0.05,13.54,145.2,0.1765,0.4426,yellow,1,0.16,0.38,0.21,0.14,0.1014
1721,31.01,78.09,32.84,2102.0,82.4,-0.9795,12.87,0.648,5.81,7.23,62.65,80.55,0.05,12.05,179.0,0.4716,0.5171,orange,2,0.44,0.18,0.34,0.14,0.1119
1722,31.01,78.11,24.3,2494.0,152.8,0.857,13.22,0.628,3.96,5.84,70.56,90.72,0.05,10.71,201.6,0.442,0.589,orange,2,0.32,0.32,0.51,0.14,0.1224
1723,31.01,78.13,15.61,2486.0,175.8,0.6122,13.7,0.65,2.2,4.83,71.57,92.03,0.05,9.55,204.5,0.3912,0.5774,orange,2,0.33,0.36,0.49,0.14,0.1323
1724,31.01,78.15,30.14,3114.0,163.8,0.0,12.97,0.672,1.11,4.44,69.3,89.1,0.05,8.65,198.0,0.5575,0.6455,orange,2,0.39,0.32,0.57,0.3,0.1404
1725,31.01,78.17,38.64,3138.0,300.6,0.7346,12.65,0.643,2.2,4.83,69.27,89.06,0.05,8.0,197.9,0.6614,0.5546,orange,2,0.46,0.23,0.46,0.22,0.0126
1726,31.01,78.19,18.36,2984.0,340.0,-0.7346,13.53,0.637,3.96,5.84,69.51,89.37,0.05,7.77,198.6,0.4659,0.4787,orange,2,0.31,0.32,0.38,0.18,0.0133
1727,31.01,78.21,31.11,3446.0,279.5,0.857,12.93,0.383,5.81,7.23,66.04,84.91,0.05,8.0,188.7,0.5788,0.4484,yellow,1,0.35,0.17,0.36,0.22,0.0126
1728,31.01,78.23,29.65,2771.0,150.6,-1.5,12.99,0.652,7.68,8.8,68.28,87.8,0.05,8.65,195.1,0.5503,0.616,orange,2,0.5,0.22,0.53,0.26,0.1404
1729,31.01,78.25,18.4,3362.0,273.3,1.5,13.53,0.462,8.18,10.1,63.94,82.22,0.05,9.64,182.7,0.3991,0.3777,yellow,1,0.27,0.25,0.28,0.3,0.1315
1730,31.01,78.27,20.0,2496.3,180.0,0.0,8.0,0.704,7.24,11.36,67.55,86.85,0.05,10.87,193.0,0.3874,0.5196,orange,2,0.2,0.14,0.47,0.22,0.1211
1731,31.01,78.29,32.38,3407.0,159.8,0.3673,12.88,0.477,6.73,12.78,62.58,80.46,0.05,12.27,178.8,0.4668,0.5274,orange,2,0.39,0.13,0.45,0.3,0.1103
1732,31.01,78.31,20.0,3904.0,180.0,0.0,8.0,0.24,6.73,12.84,60.34,77.58,0.05,13.8,172.4,0.3379,0.2991,yellow,1,0.24,0.05,0.22,0.3,0.0997
1733,31.01,78.33,15.24,4270.0,324.6,-1.5,13.73,0.204,7.24,11.0,59.36,76.32,0.05,15.4,169.6,0.2881,0.4492,yellow,1,0.4,0.21,0.08,0.3,0.0895
1734,31.01,78.35,32.63,4285.0,133.3,0.857,12.88,0.152,8.18,9.17,60.55,77.85,0.05,17.07,173.0,0.4647,0.4672,orange,2,0.4,0.13,0.28,0.3,0.0801
1735,31.01,78.37,20.0,2793.0,180.0,0.0,8.0,0.634,7.68,7.38,69.65,89.55,0.05,18.78,199.0,0.3592,0.5251,orange,2,0.24,0.14,0.47,0.18,0.0715
1736,31.01,78.39,6.06,3211.0,27.2,-0.9795,14.67,0.59,5.81,5.67,68.46,88.02,0.05,20.53,195.6,0.2171,0.418,yellow,1,0.24,0.33,0.26,0.22,0.0636
1737,31.01,78.41,20.0,3211.1,180.0,0.0,8.0,0.553,3.96,4.12,68.91,88.61,0.05,22.3,196.9,0.3575,0.4261,yellow,1,0.21,0.11,0.37,0.22,0.0565
1738,31.01,78.43,36.81,3896.0,142.7,0.9795,12.72,0.189,2.2,2.92,65.13,83.75,0.05,24.09,186.1,0.517,0.5907,orange,2,0.53,0.23,0.26,0.17,0.0502
1739,31.01,78.45,20.0,3650.0,180.0,0.0,8.0,0.269,1.11,2.22,65.62,84.38,0.05,25.89,187.5,0.35,0.4556,orange,2,0.28,0.24,0.37,0.25,0.0445
1740,31.01,78.47,32.93,3896.0,225.0,0.4897,12.86,0.193,2.2,2.92,63.14,81.18,0.05,25.55,180.4,0.4736,0.4861,orange,2,0.41,0.23,0.26,0.17,0.0455
1741,31.01,78.49,15.09,4822.0,119.4,0.6122,13.74,0.113,3.96,4.4,56.94,73.22,0.05,23.74,162.7,0.2811,0.4023,yellow,1,0.34,0.23,0.11,0.22,0.0514
1742,31.01,78.51,21.94,5123.0,123.5,-0.7346,13.34,0.13,5.81,6.12,54.28,69.8,0.05,21.85,155.1,0.3435,0.4648,orange,2,0.4,0.21,0.19,0.22,0.0582
1743,31.01,78.53,20.0,3189.0,180.0,0.0,8.0,0.625,7.68,7.92,63.8,82.04,0.05,19.97,182.3,0.3458,0.5147,orange,2,0.21,0.09,0.47,0.22,0.066
1744,31.01,78.55,40.62,5512.0,141.5,0.6122,12.58,0.125,9.56,9.76,51.62,66.38,0.05,18.09,147.5,0.5242,0.6036,orange,2,0.56,0.13,0.23,0.3,0.0748
1745,31.01,78.57,16.55,5493.0,335.0,-0.1224,13.64,0.07,11.45,11.61,52.36,67.32,0.05,16.22,149.6,0.2852,0.3757,yellow,1,0.32,0.21,0.08,0.3,0.0848
1746,31.01,78.59,29.22,5124.0,282.2,0.4897,13.01,0.138,13.35,13.48,55.41,71.24,0.05,14.35,158.3,0.4188,0.473,orange,2,0.42,0.21,0.12,0.3,0.096
1747,31.01,78.61,38.62,5057.0,273.1,0.9795,12.65,0.139,12.55,12.5,57.05,73.35,0.05,12.5,163.0,0.5166,0.5588,orange,2,0.52,0.13,0.16,0.3,0.1087
1748,31.01,78.63,37.45,4642.0,2.4,-0.6122,12.7,0.127,10.68,10.66,60.44,77.72,0.05,10.66,172.7,0.5518,0.6194,orange,2,0.58,0.13,0.21,0.3,0.1228
1749,31.01,78.65,20.0,2894.9,180.0,0.0,8.0,0.673,8.83,8.84,70.38,90.5,0.05,8.84,201.1,0.4529,0.5338,orange,2,0.17,0.14,0.49,0.18,0.1386
1750,31.01,78.67,31.96,3758.0,224.0,-1.5,12.9,0.229,7.01,7.08,66.04,84.91,0.05,7.08,188.7,0.6142,0.6127,orange,2,0.54,0.17,0.43,0.22,0.0142
1751,31.01,78.69,48.5,3475.0,320.6,-0.2449,12.31,0.417,5.24,5.4,67.06,86.22,0.05,5.4,191.6,0.7959,0.5923,orange,2,0.52,0.17,0.4,0.22,0.0231
1752,31.01,78.71,25.56,2589.0,41.3,0.857,13.17,0.598,3.61,3.92,70.7,90.9,0.05,3.92,202.0,0.6527,0.5537,orange,2,0.38,0.32,0.46,0.13,0.0453
1753,31.01,78.73,20.0,2741.5,180.0,0.0,8.0,0.647,2.41,2.98,68.63,88.25,0.05,2.98,196.1,0.6198,0.6392,orange,2,0.25,0.2,0.59,0.09,0.0694
1754,31.01,78.75,31.32,3782.0,67.6,1.5,12.93,0.233,2.41,3.1,61.91,79.61,0.05,3.1,176.9,0.7142,0.501,orange,2,0.41,0.19,0.4,0.13,0.0759
1755,31.01,78.77,39.9,3963.0,107.4,-0.857,12.61,0.151,3.61,1.96,60.02,77.17,0.05,1.96,171.5,0.829,0.6179,orange,2,0.56,0.15,0.34,0.13,0.0769
1756,31.01,78.79,20.0,3116.0,180.0,0.0,8.0,0.655,3.46,1.55,64.12,82.44,0.05,1.55,183.2,0.6513,0.6221,orange,2,0.17,0.11,0.59,0.13,0.0716
1757,31.01,78.81,39.63,3761.0,192.7,-1.5,12.62,0.175,3.46,2.86,61.01,78.44,0.05,2.86,174.3,0.8023,0.7085,red,3,0.64,0.15,0.57,0.17,0.0397
1758,31.01,78.83,20.0,4361.0,180.0,0.0,8.0,0.174,4.38,4.6,58.73,75.51,0.05,4.6,167.8,0.55,0.316,yellow,1,0.24,0.07,0.25,0.17,0.0129
1759,31.01,78.85,27.4,4307.0,44.7,0.3673,13.09,0.215,5.8,6.43,60.23,77.44,0.05,6.43,172.1,0.574,0.447,yellow,1,0.38,0.21,0.19,0.17,0.0205
1760,31.01,78.87,44.8,3279.0,77.1,-1.5,12.44,0.516,7.44,6.86,66.95,86.09,0.05,4.88,191.3,0.8088,0.6348,orange,2,0.57,0.17,0.4,0.13,0.0344
1761,31.01,78.89,58.58,3222.0,238.3,-1.3468,11.94,0.605,7.23,5.03,68.28,87.8,0.05,3.06,195.1,0.8669,0.6839,red,3,0.62,0.17,0.47,0.13,0.0679
1762,31.01,78.91,20.0,3197.1,180.0,0.0,8.0,0.615,5.84,3.3,68.95,88.65,0.05,1.46,197.0,0.665,0.6246,orange,2,0.21,0.09,0.59,0.13,0.1439
1763,31.01,78.93,20.0,3071.0,180.0,0.0,8.0,0.653,4.83,1.92,69.51,89.37,0.05,1.46,198.6,0.6663,0.6221,orange,2,0.17,0.11,0.59,0.13,0.1781
1764,31.01,78.95,20.0,3071.0,180.0,0.0,8.0,0.626,4.44,1.92,68.77,88.42,0.05,1.92,196.5,0.6513,0.6265,orange,2,0.21,0.11,0.59,0.13,0.12
1765,31.01,78.97,20.0,3199.9,180.0,0.0,8.0,0.621,4.83,3.3,66.95,86.09,0.05,3.3,191.3,0.6068,0.5719,orange,2,0.21,0.11,0.53,0.17,0.0601
1766,31.01,78.99,20.0,3240.0,180.0,0.0,8.0,0.532,5.84,5.03,65.45,84.15,0.05,5.03,187.0,0.5528,0.4781,orange,2,0.21,0.09,0.43,0.22,0.0318
1767,31.01,79.01,20.0,3325.8,180.0,0.0,8.0,0.511,7.23,6.86,63.84,82.08,0.05,6.86,182.4,0.496,0.4414,yellow,1,0.21,0.09,0.39,0.22,0.0106
1768,31.01,79.03,20.0,3502.2,180.0,0.0,8.0,0.427,8.8,8.71,62.23,80.01,0.05,8.71,177.8,0.4382,0.4304,yellow,1,0.18,0.05,0.39,0.3,0.1399
1769,31.01,79.05,20.0,3548.7,180.0,0.0,8.0,0.316,10.49,10.58,61.88,79.56,0.05,10.58,176.8,0.3828,0.4118,yellow,1,0.18,0.05,0.37,0.3,0.1235
1770,31.03,77.85,20.0,2710.4,180.0,0.0,8.0,0.663,23.65,24.99,69.09,88.83,0.05,31.04,197.4,0.3579,0.5196,orange,2,0.2,0.14,0.47,0.33,0.0316
1771,31.03,77.87,20.0,2499.2,180.0,0.0,8.0,0.659,22.55,23.19,72.97,93.83,0.05,29.61,208.5,0.3668,0.5196,orange,2,0.2,0.14,0.47,0.29,0.0347
1772,31.03,77.89,20.0,2461.5,180.0,0.0,8.0,0.678,21.41,21.41,74.38,95.62,0.05,28.23,212.5,0.37,0.5196,orange,2,0.2,0.14,0.47,0.29,0.0381
1773,31.03,77.91,20.0,2205.3,180.0,0.0,8.0,0.699,19.65,19.65,70.88,91.12,0.05,26.76,202.5,0.362,0.5196,orange,2,0.2,0.14,0.47,0.22,0.042
1774,31.03,77.93,20.0,2047.9,180.0,0.0,8.0,0.697,17.92,17.92,67.62,86.94,0.05,24.9,193.2,0.3546,0.429,yellow,1,0.2,0.14,0.37,0.22,0.0475
1775,31.03,77.95,20.0,2232.6,180.0,0.0,8.0,0.623,16.23,16.23,68.84,88.52,0.05,23.06,196.7,0.3574,0.5251,orange,2,0.24,0.14,0.47,0.22,0.0537
1776,31.03,77.97,20.0,2285.6,180.0,0.0,8.0,0.694,14.59,14.59,67.02,86.17,0.05,21.22,191.5,0.3532,0.5196,orange,2,0.2,0.14,0.47,0.22,0.0607
1777,31.03,77.99,20.0,2053.9,180.0,0.0,8.0,0.623,13.02,13.02,60.27,77.49,0.05,19.4,172.2,0.3378,0.4297,yellow,1,0.24,0.1,0.37,0.14,0.0686
1778,31.03,78.01,32.89,1748.0,81.6,1.5,12.87,0.669,11.55,11.55,52.81,67.91,0.05,17.6,150.9,0.4496,0.4087,yellow,1,0.33,0.22,0.22,0.14,0.0773
1779,31.03,78.03,36.16,1487.0,222.5,1.5,12.74,0.747,10.23,10.23,47.21,60.71,0.05,15.82,134.9,0.4695,0.5409,orange,2,0.47,0.22,0.29,0.09,0.0871
1780,31.03,78.05,7.04,1166.0,125.0,0.3674,14.52,0.623,9.11,9.11,42.03,54.05,0.05,14.06,120.1,0.1665,0.4286,yellow,1,0.17,0.38,0.11,0.09,0.0979
1781,31.03,78.07,22.0,1904.0,100.8,0.0,13.34,0.651,8.28,7.92,56.0,72.0,0.05,12.36,160.0,0.348,0.3777,yellow,1,0.26,0.26,0.28,0.09,0.1097
1782,31.03,78.09,35.63,1748.0,199.5,-0.3674,12.76,0.664,6.6,6.12,55.93,71.91,0.05,10.71,159.8,0.5217,0.5802,orange,2,0.51,0.22,0.33,0.09,0.1224
1783,31.03,78.11,14.71,2392.0,114.5,-0.6123,13.77,0.714,5.05,4.4,69.65,89.55,0.05,9.17,199.0,0.3889,0.5004,orange,2,0.27,0.33,0.41,0.14,0.1357
1784,31.03,78.13,29.52,2500.0,61.6,0.9797,13.0,0.677,3.83,2.92,73.99,95.13,0.05,7.79,211.4,0.5872,0.5067,orange,2,0.34,0.24,0.42,0.09,0.0305
1785,31.03,78.15,21.25,2965.0,175.2,-1.3471,13.37,0.69,3.33,2.22,73.11,94.01,0.05,6.66,208.9,0.5353,0.6106,orange,2,0.37,0.32,0.53,0.13,0.0411
1786,31.03,78.17,23.87,3460.0,78.3,1.5,13.24,0.363,3.83,2.92,70.7,90.9,0.05,5.87,202.0,0.5792,0.4497,yellow,1,0.27,0.27,0.36,0.17,0.0514
1787,31.03,78.19,2.56,3236.0,65.0,0.3674,15.54,0.559,5.05,4.4,70.7,90.9,0.05,5.55,202.0,0.3753,0.4796,orange,2,0.18,0.4,0.32,0.22,0.0551
1788,31.03,78.21,23.56,3267.0,105.1,0.1225,13.26,0.494,6.6,6.12,68.22,87.7,0.05,5.87,194.9,0.5704,0.4728,orange,2,0.27,0.25,0.39,0.22,0.049
1789,31.03,78.23,19.06,3297.0,76.6,0.9797,13.49,0.563,8.3,7.18,65.17,83.79,0.05,6.73,186.2,0.4934,0.3745,yellow,1,0.25,0.25,0.28,0.22,0.038
1790,31.03,78.25,9.44,3315.0,103.1,0.2449,14.22,0.482,10.07,8.45,62.37,80.19,0.05,7.96,178.2,0.3549,0.4024,yellow,1,0.22,0.29,0.31,0.3,0.0127
1791,31.03,78.27,19.41,3526.0,316.4,-0.1225,13.47,0.42,9.33,9.93,59.39,76.36,0.05,9.41,169.7,0.4054,0.3187,yellow,1,0.22,0.21,0.23,0.3,0.1335
1792,31.03,78.29,33.92,3632.0,159.2,-0.4898,12.83,0.309,8.93,11.52,58.2,74.84,0.05,11.0,166.3,0.5013,0.5032,orange,2,0.42,0.13,0.4,0.3,0.1201
1793,31.03,78.31,12.36,4130.0,119.7,-1.5,13.95,0.181,8.93,13.2,56.42,72.54,0.05,12.68,161.2,0.2526,0.4312,yellow,1,0.37,0.24,0.11,0.3,0.1074
1794,31.03,78.33,28.7,3968.0,50.3,-0.4898,13.03,0.235,9.33,11.75,59.32,76.28,0.05,14.41,169.5,0.4226,0.4886,orange,2,0.44,0.21,0.1,0.3,0.0956
1795,31.03,78.35,22.94,4397.0,75.1,1.5,13.29,0.202,10.07,10.07,59.85,76.95,0.05,16.18,171.0,0.3662,0.3723,yellow,1,0.3,0.21,0.17,0.3,0.085
1796,31.03,78.37,20.17,4615.0,296.8,-1.5,13.43,0.152,8.3,8.47,61.53,79.11,0.05,17.98,175.8,0.3423,0.462,orange,2,0.4,0.21,0.17,0.3,0.0754
1797,31.03,78.39,26.05,4056.0,354.8,1.4695,13.15,0.155,6.6,7.03,66.64,85.68,0.05,19.79,190.4,0.4128,0.4679,orange,2,0.4,0.25,0.17,0.22,0.0668
1798,31.03,78.41,60.08,3923.0,164.3,-1.5,11.88,0.154,5.05,5.84,68.36,87.89,0.05,21.62,195.3,0.6062,0.7115,red,3,0.67,0.17,0.3,0.22,0.0591
1799,31.03,78.43,39.55,4402.0,225.7,0.1225,12.62,0.133,3.83,4.83,65.41,84.11,0.05,23.47,186.9,0.545,0.5975,orange,2,0.54,0.19,0.28,0.22,0.0523
1800,31.03,78.45,3.9,4706.0,13.8,0.1225,15.12,0.146,3.33,4.44,62.05,79.79,0.05,25.32,177.3,0.1808,0.4446,yellow,1,0.25,0.38,0.13,0.22,0.0462
1801,31.03,78.47,47.43,4926.0,129.3,1.5,12.34,0.113,3.83,4.83,58.27,74.92,0.05,25.47,166.5,0.5832,0.6684,red,3,0.63,0.15,0.23,0.22,0.0458
1802,31.03,78.49,13.66,4991.0,270.0,-1.2246,13.84,0.102,5.05,5.84,55.05,70.79,0.05,23.57,157.3,0.2624,0.445,yellow,1,0.39,0.24,0.08,0.22,0.0519
1803,31.03,78.51,21.21,4737.0,156.0,0.0,13.38,0.172,6.6,7.23,53.97,69.39,0.05,21.67,154.2,0.3355,0.3999,yellow,1,0.32,0.21,0.23,0.22,0.059
1804,31.03,78.53,15.95,5244.0,30.7,1.1021,13.68,0.149,8.3,8.8,49.91,64.17,0.05,19.77,142.6,0.2736,0.3941,yellow,1,0.34,0.21,0.08,0.3,0.0669
1805,31.03,78.55,6.52,4955.0,106.8,-0.8572,14.6,0.143,10.07,10.49,51.45,66.15,0.05,17.87,147.0,0.1828,0.404,yellow,1,0.33,0.29,0.11,0.3,0.0759
1806,31.03,78.57,20.0,3187.6,180.0,0.0,8.0,0.608,11.88,12.23,62.12,79.88,0.05,15.97,177.5,0.342,0.5097,orange,2,0.21,0.05,0.47,0.3,0.0862
1807,31.03,78.59,8.84,5249.0,40.6,-0.1225,14.29,0.087,13.71,14.02,53.76,69.12,0.05,14.08,153.6,0.2113,0.3599,yellow,1,0.27,0.29,0.08,0.3,0.0978
1808,31.03,78.61,18.67,4915.0,108.8,0.3674,13.51,0.174,12.35,12.18,58.38,75.06,0.05,12.18,166.8,0.3201,0.3623,yellow,1,0.3,0.21,0.11,0.3,0.111
1809,31.03,78.63,25.3,4693.0,71.9,1.1021,13.18,0.19,10.45,10.28,62.19,79.97,0.05,10.28,177.7,0.4453,0.462,orange,2,0.4,0.21,0.17,0.3,0.126
1810,31.03,78.65,20.0,3002.8,180.0,0.0,8.0,0.731,8.55,8.39,72.77,93.56,0.05,8.39,207.9,0.4717,0.5274,orange,2,0.17,0.09,0.49,0.3,0.1429
1811,31.03,78.67,35.31,4278.0,341.3,1.1021,12.77,0.175,6.65,6.49,66.47,85.45,0.05,6.49,189.9,0.6656,0.5541,orange,2,0.5,0.17,0.23,0.22,0.0166
1812,31.03,78.69,17.66,3526.0,39.5,0.1225,13.57,0.33,4.75,4.61,69.41,89.24,0.05,4.61,198.3,0.5508,0.4078,yellow,1,0.22,0.27,0.32,0.22,0.0303
1813,31.03,78.71,20.88,2618.0,292.6,-0.6123,13.39,0.671,2.85,2.74,71.96,92.52,0.05,2.74,205.6,0.6433,0.6004,orange,2,0.31,0.36,0.52,0.13,0.0725
1814,31.03,78.73,29.73,2929.0,88.6,1.3471,12.99,0.602,0.95,1.01,67.52,86.81,0.05,1.01,192.9,0.7721,0.6105,orange,2,0.41,0.37,0.52,0.17,0.163
1815,31.03,78.75,33.28,2744.0,78.8,0.3674,12.85,0.59,0.95,1.32,65.69,84.47,0.05,1.32,187.7,0.7945,0.6438,orange,2,0.42,0.37,0.56,0.17,0.155
1816,31.03,78.77,19.64,2934.0,87.0,0.6123,13.46,0.639,2.85,1.54,62.68,80.59,0.05,1.54,179.1,0.6448,0.5575,orange,2,0.26,0.32,0.48,0.09,0.107
1817,31.03,78.79,19.67,3049.0,94.5,0.2449,13.46,0.644,1.46,0.96,61.28,78.8,0.05,0.96,175.1,0.6587,0.5921,orange,2,0.31,0.36,0.51,0.21,0.0925
1818,31.03,78.81,41.36,3371.0,171.0,-0.9797,12.56,0.444,1.46,2.59,60.23,77.44,0.05,2.59,172.1,0.8258,0.6749,red,3,0.59,0.28,0.57,0.25,0.0453
1819,31.03,78.83,44.06,3631.0,114.2,1.5,12.46,0.279,3.06,4.44,60.76,78.12,0.05,4.44,173.6,0.8,0.5942,orange,2,0.52,0.15,0.43,0.22,0.0137
1820,31.03,78.85,34.3,3246.0,123.2,-1.5,12.81,0.572,4.88,6.32,65.52,84.24,0.05,6.32,187.2,0.6585,0.5724,orange,2,0.49,0.19,0.43,0.22,0.0185
1821,31.03,78.87,19.1,2715.0,349.2,1.5,13.49,0.703,6.74,7.7,71.16,91.49,0.05,5.8,203.3,0.5344,0.5039,orange,2,0.26,0.3,0.42,0.13,0.0261
1822,31.03,78.89,20.0,3228.5,180.0,0.0,8.0,0.537,6.12,6.14,70.77,90.99,0.05,4.38,202.2,0.5839,0.4781,orange,2,0.21,0.09,0.43,0.17,0.0414
1823,31.03,78.91,20.0,3189.7,180.0,0.0,8.0,0.604,4.4,4.82,72.13,92.75,0.05,3.46,206.1,0.6139,0.5719,orange,2,0.21,0.11,0.53,0.17,0.0612
1824,31.03,78.93,20.0,3241.3,180.0,0.0,8.0,0.5,2.92,4.0,71.64,92.11,0.05,3.46,204.7,0.6128,0.4876,orange,2,0.22,0.15,0.43,0.17,0.0683
1825,31.03,78.95,20.0,3274.4,180.0,0.0,8.0,0.544,2.22,4.0,69.89,89.86,0.05,4.0,199.7,0.5931,0.4876,orange,2,0.22,0.15,0.43,0.17,0.0555
1826,31.03,78.97,20.0,3270.7,180.0,0.0,8.0,0.55,2.92,4.82,67.34,86.58,0.05,4.82,192.4,0.5634,0.4876,orange,2,0.22,0.15,0.43,0.22,0.0374
1827,31.03,78.99,20.0,3311.4,180.0,0.0,8.0,0.462,4.4,6.14,64.26,82.62,0.05,6.14,183.6,0.5179,0.4443,yellow,1,0.21,0.11,0.39,0.22,0.0241
1828,31.03,79.01,20.0,3390.1,180.0,0.0,8.0,0.418,6.12,7.7,61.32,78.84,0.05,7.7,175.2,0.4655,0.4357,yellow,1,0.21,0.05,0.39,0.22,0.0086
1829,31.03,79.03,20.0,3377.5,180.0,0.0,8.0,0.445,7.92,9.39,59.81,76.91,0.05,9.39,170.9,0.4128,0.4357,yellow,1,0.21,0.05,0.39,0.3,0.1337
1830,31.03,79.05,20.0,3427.9,180.0,0.0,8.0,0.423,9.76,11.15,59.39,76.36,0.05,11.15,169.7,0.3606,0.3709,yellow,1,0.21,0.05,0.32,0.3,0.1189
1831,31.05,77.85,20.0,2870.9,180.0,0.0,8.0,0.656,21.92,24.39,68.28,87.8,0.05,32.02,195.1,0.3561,0.5155,orange,2,0.17,0.14,0.47,0.33,0.0296
1832,31.05,77.87,20.0,2765.2,180.0,0.0,8.0,0.695,20.73,22.54,72.17,92.79,0.05,30.14,206.2,0.365,0.5196,orange,2,0.2,0.14,0.47,0.33,0.0335
1833,31.05,77.89,20.0,2274.8,180.0,0.0,8.0,0.676,19.66,20.71,72.24,92.88,0.05,28.25,206.4,0.3651,0.5196,orange,2,0.2,0.14,0.47,0.29,0.038
1834,31.05,77.91,20.0,2013.9,180.0,0.0,8.0,0.637,18.72,18.88,68.84,88.52,0.05,26.37,196.7,0.3574,0.4355,yellow,1,0.24,0.14,0.37,0.22,0.0431
1835,31.05,77.93,20.0,2183.9,180.0,0.0,8.0,0.617,17.08,17.08,70.94,91.22,0.05,24.48,202.7,0.3622,0.4355,yellow,1,0.24,0.14,0.37,0.22,0.0489
1836,31.05,77.95,20.0,2245.9,180.0,0.0,8.0,0.697,15.29,15.29,69.72,89.64,0.05,22.61,199.2,0.3594,0.5196,orange,2,0.2,0.14,0.47,0.22,0.0554
1837,31.05,77.97,20.0,2120.5,180.0,0.0,8.0,0.635,13.54,13.54,64.36,82.76,0.05,20.73,183.9,0.3471,0.4355,yellow,1,0.24,0.14,0.37,0.22,0.0628
1838,31.05,77.99,20.0,2071.5,180.0,0.0,8.0,0.667,11.83,11.83,60.13,77.31,0.05,18.86,171.8,0.3374,0.4229,yellow,1,0.2,0.1,0.37,0.14,0.0711
1839,31.05,78.01,40.32,1691.0,239.2,-0.1225,12.59,0.582,10.19,10.19,50.96,65.52,0.05,17.0,145.6,0.5197,0.5409,orange,2,0.47,0.22,0.29,0.14,0.0805
1840,31.05,78.03,26.03,2129.0,124.8,-1.5,13.15,0.606,8.66,8.66,56.87,73.12,0.05,15.15,162.5,0.3903,0.5915,orange,2,0.52,0.26,0.32,0.09,0.0911
1841,31.05,78.05,13.17,1306.0,226.6,1.5,13.88,0.627,7.31,7.31,43.3,55.66,0.05,13.31,123.7,0.2307,0.367,yellow,1,0.24,0.29,0.16,0.05,0.103
1842,31.05,78.07,3.21,1195.0,139.4,0.1225,15.31,0.664,6.24,6.24,43.3,55.66,0.05,11.49,123.7,0.146,0.4902,orange,2,0.15,0.45,0.11,0.05,0.1162
1843,31.05,78.09,15.21,1566.0,125.0,-1.2249,13.73,0.677,5.63,5.63,52.57,67.59,0.05,9.7,150.2,0.3394,0.4399,yellow,1,0.35,0.3,0.23,0.09,0.131
1844,31.05,78.11,21.12,1772.0,99.9,0.245,13.38,0.645,5.63,3.8,59.5,76.5,0.05,7.96,170.0,0.465,0.392,yellow,1,0.27,0.3,0.23,0.09,0.017
1845,31.05,78.13,31.44,2249.0,99.3,-0.1225,12.92,0.635,5.87,1.9,70.56,90.72,0.05,6.32,201.6,0.6414,0.5714,orange,2,0.4,0.22,0.49,0.05,0.0441
1846,31.05,78.15,38.18,2857.0,56.0,-1.4698,12.67,0.612,5.55,0.0,74.76,96.12,0.05,4.87,213.6,0.7608,0.6487,orange,2,0.57,0.22,0.5,0.09,0.0704
1847,31.05,78.17,17.68,2799.0,195.5,0.4899,13.57,0.664,5.87,1.9,75.32,96.84,0.05,3.83,215.2,0.5873,0.5999,orange,2,0.28,0.3,0.53,0.09,0.1072
1848,31.05,78.19,20.38,2743.0,56.0,0.6124,13.42,0.671,6.73,3.58,74.16,95.36,0.05,3.33,211.9,0.6262,0.5358,orange,2,0.24,0.3,0.46,0.13,0.1248
1849,31.05,78.21,26.91,2666.0,119.6,1.3474,13.11,0.612,7.96,4.27,71.78,92.3,0.05,3.83,205.1,0.6714,0.5809,orange,2,0.42,0.3,0.49,0.18,0.0973
1850,31.05,78.23,20.65,2656.0,92.2,1.5,13.41,0.629,9.41,5.56,68.42,87.98,0.05,5.05,195.5,0.5655,0.5702,orange,2,0.32,0.3,0.49,0.18,0.0618
1851,31.05,78.25,50.36,3167.0,200.0,-1.5,12.24,0.621,11.0,7.12,62.51,80.37,0.05,6.6,178.6,0.7503,0.7401,red,3,0.68,0.13,0.57,0.22,0.0389
1852,31.05,78.27,24.19,2951.0,51.6,-1.2249,13.23,0.684,11.46,8.82,61.35,78.89,0.05,8.3,175.3,0.4901,0.5077,orange,2,0.33,0.26,0.42,0.26,0.1438
1853,31.05,78.29,20.0,2591.5,180.0,0.0,8.0,0.614,11.14,10.59,62.51,80.37,0.05,10.07,178.6,0.3993,0.5202,orange,2,0.24,0.1,0.47,0.26,0.1278
1854,31.05,78.31,31.06,3488.0,105.9,-1.3474,12.94,0.39,11.14,12.39,58.8,75.6,0.05,11.88,168.0,0.4486,0.5525,orange,2,0.49,0.13,0.32,0.3,0.1133
1855,31.05,78.33,14.86,3473.0,211.3,-1.5,13.76,0.425,11.46,12.86,61.32,78.84,0.05,13.71,175.2,0.2888,0.4542,orange,2,0.36,0.24,0.33,0.3,0.1002
1856,31.05,78.35,34.09,4238.0,279.2,0.8574,12.82,0.133,11.0,11.33,60.66,77.99,0.05,15.56,173.3,0.4795,0.4744,orange,2,0.42,0.13,0.21,0.3,0.0886
1857,31.05,78.37,31.77,4059.0,181.1,-0.1225,12.91,0.192,9.41,9.94,64.96,83.52,0.05,17.42,185.6,0.4662,0.4958,orange,2,0.42,0.17,0.32,0.3,0.0783
1858,31.05,78.39,16.05,4581.0,9.7,0.6124,13.67,0.113,7.96,8.74,64.82,83.34,0.05,19.29,185.2,0.3087,0.3909,yellow,1,0.32,0.25,0.13,0.3,0.0691
1859,31.05,78.41,20.0,3419.7,180.0,0.0,8.0,0.442,6.73,7.67,72.13,92.75,0.05,21.16,206.1,0.3649,0.4231,yellow,1,0.21,0.09,0.37,0.22,0.061
1860,31.05,78.43,17.32,4245.0,103.1,0.0,13.59,0.176,5.87,6.93,67.3,86.54,0.05,23.04,192.3,0.327,0.3777,yellow,1,0.3,0.25,0.16,0.22,0.0538
1861,31.05,78.45,15.49,4302.0,8.4,0.0,13.71,0.179,5.55,6.66,64.92,83.48,0.05,24.92,185.5,0.3033,0.3551,yellow,1,0.28,0.25,0.13,0.22,0.0475
1862,31.05,78.47,20.0,3022.3,180.0,0.0,8.0,0.651,5.87,6.93,68.46,88.02,0.05,25.51,195.6,0.3565,0.5089,orange,2,0.17,0.09,0.47,0.22,0.0456
1863,31.05,78.49,29.19,4645.0,161.4,-0.1225,13.01,0.136,6.73,7.67,56.49,72.63,0.05,23.61,161.4,0.421,0.5235,orange,2,0.46,0.21,0.23,0.22,0.0518
1864,31.05,78.51,20.0,3525.7,180.0,0.0,8.0,0.373,7.96,8.77,59.46,76.45,0.05,21.72,169.9,0.3359,0.3651,yellow,1,0.18,0.05,0.32,0.3,0.0588
1865,31.05,78.53,14.69,5121.0,25.6,-0.3675,13.77,0.088,9.41,10.11,49.45,63.59,0.05,19.82,141.3,0.2599,0.3905,yellow,1,0.33,0.24,0.08,0.3,0.0667
1866,31.05,78.55,9.91,4633.0,85.3,0.3675,14.17,0.124,11.0,11.6,52.04,66.91,0.05,17.93,148.7,0.2181,0.3599,yellow,1,0.27,0.29,0.08,0.3,0.0757
1867,31.05,78.57,14.44,5169.0,70.7,-0.7349,13.79,0.132,12.68,13.2,50.89,65.43,0.05,16.04,145.4,0.2607,0.3905,yellow,1,0.33,0.24,0.08,0.3,0.0858
1868,31.05,78.59,32.37,5205.0,128.2,-0.3675,12.88,0.081,14.41,14.15,53.62,68.94,0.05,14.15,153.2,0.4463,0.5495,orange,2,0.5,0.13,0.23,0.3,0.0974
1869,31.05,78.61,35.82,5387.0,259.1,-1.3474,12.76,0.113,12.55,12.26,56.1,72.14,0.05,12.26,160.3,0.4864,0.6901,red,3,0.66,0.13,0.19,0.3,0.1104
1870,31.05,78.63,30.38,5085.0,0.8,-0.1225,12.96,0.159,10.68,10.38,60.86,78.26,0.05,10.38,173.9,0.4903,0.4382,yellow,1,0.38,0.13,0.21,0.3,0.1252
1871,31.05,78.65,12.13,4459.0,334.3,-0.7349,13.97,0.159,8.83,8.5,66.18,85.09,0.05,8.5,189.1,0.3746,0.3726,yellow,1,0.29,0.28,0.15,0.3,0.1418
1872,31.05,78.67,32.63,3637.0,99.3,1.1024,12.88,0.303,7.01,6.64,70.98,91.26,0.05,6.64,202.8,0.6447,0.4758,orange,2,0.36,0.17,0.39,0.22,0.0159
1873,31.05,78.69,32.18,3145.0,32.7,-0.8574,12.89,0.605,5.24,4.82,72.34,93.02,0.05,4.82,206.7,0.6966,0.5765,orange,2,0.41,0.17,0.5,0.22,0.0281
1874,31.05,78.71,20.0,3215.0,180.0,0.0,8.0,0.521,3.61,3.08,69.33,89.14,0.05,3.08,198.1,0.6186,0.4808,orange,2,0.21,0.11,0.43,0.17,0.062
1875,31.05,78.73,38.1,3288.0,281.1,0.7349,12.67,0.516,2.41,1.73,65.56,84.29,0.05,1.73,187.3,0.8304,0.5546,orange,2,0.46,0.23,0.46,0.13,0.1178
1876,31.05,78.75,33.98,2615.0,162.5,0.8574,12.82,0.655,2.41,1.93,65.8,84.6,0.05,1.93,188.0,0.784,0.7255,red,3,0.39,0.28,0.67,0.09,0.1132
1877,31.05,78.77,40.67,3194.0,286.0,0.7349,12.58,0.601,3.06,3.28,60.3,77.54,0.05,3.28,172.3,0.7989,0.5799,orange,2,0.45,0.15,0.5,0.17,0.071
1878,31.05,78.79,45.45,3063.0,226.8,1.4698,12.41,0.65,1.46,3.05,60.06,77.22,0.05,3.05,171.6,0.8483,0.6828,red,3,0.6,0.28,0.57,0.25,0.0493
1879,31.05,78.81,36.5,2940.0,255.6,-0.245,12.73,0.651,1.46,3.88,61.46,79.02,0.05,3.88,175.6,0.7422,0.6209,orange,2,0.47,0.33,0.53,0.21,0.0314
1880,31.05,78.83,25.55,2701.0,71.6,1.2249,13.17,0.668,3.06,5.3,64.99,83.56,0.05,5.3,185.7,0.5995,0.5515,orange,2,0.36,0.32,0.46,0.18,0.0101
1881,31.05,78.85,38.99,3332.0,279.7,1.5,12.64,0.5,4.88,6.95,64.92,83.48,0.05,6.95,185.5,0.6856,0.5466,orange,2,0.47,0.19,0.36,0.22,0.0062
1882,31.05,78.87,20.0,3319.9,180.0,0.0,8.0,0.455,6.74,8.7,68.42,87.98,0.05,7.31,195.5,0.4933,0.4414,yellow,1,0.21,0.09,0.39,0.22,0.0115
1883,31.05,78.89,20.0,3225.8,180.0,0.0,8.0,0.543,5.7,7.74,71.68,92.16,0.05,6.24,204.8,0.5319,0.4414,yellow,1,0.21,0.09,0.39,0.22,0.0239
1884,31.05,78.91,20.0,3314.7,180.0,0.0,8.0,0.46,3.8,6.74,72.62,93.38,0.05,5.63,207.5,0.5518,0.4808,orange,2,0.21,0.11,0.43,0.22,0.0294
1885,31.05,78.93,20.0,3350.6,180.0,0.0,8.0,0.53,1.9,6.18,72.17,92.79,0.05,5.63,206.2,0.5507,0.4876,orange,2,0.22,0.15,0.43,0.22,0.0313
1886,31.05,78.95,20.0,3350.9,180.0,0.0,8.0,0.524,0.0,6.18,70.24,90.31,0.05,6.18,200.7,0.5304,0.5352,orange,2,0.29,0.44,0.39,0.37,0.0282
1887,31.05,78.97,20.0,3422.8,180.0,0.0,8.0,0.393,1.9,6.74,66.81,85.91,0.05,6.74,190.9,0.5062,0.4517,orange,2,0.22,0.15,0.39,0.22,0.0225
1888,31.05,78.99,20.0,3461.4,180.0,0.0,8.0,0.455,3.8,7.74,63.17,81.23,0.05,7.74,180.5,0.4688,0.4443,yellow,1,0.21,0.11,0.39,0.22,0.0085
1889,31.05,79.01,20.0,3360.5,180.0,0.0,8.0,0.428,5.7,9.03,60.66,77.99,0.05,9.03,173.3,0.4253,0.4357,yellow,1,0.21,0.05,0.39,0.3,0.137
1890,31.05,79.03,20.0,3358.4,180.0,0.0,8.0,0.467,7.6,10.51,58.83,75.64,0.05,10.51,168.1,0.3781,0.3709,yellow,1,0.21,0.05,0.32,0.3,0.1241
1891,31.05,79.05,20.0,3599.4,180.0,0.0,8.0,0.352,9.5,12.1,57.36,73.76,0.05,12.1,163.9,0.3311,0.3651,yellow,1,0.18,0.05,0.32,0.3,0.1116
1892,31.07,77.85,20.0,2850.9,180.0,0.0,8.0,0.682,20.28,23.98,68.36,87.89,0.05,31.85,195.3,0.3562,0.5155,orange,2,0.17,0.14,0.47,0.33,0.0299
1893,31.07,77.87,20.0,2495.3,180.0,0.0,8.0,0.703,18.99,22.1,72.83,93.64,0.05,29.95,208.1,0.3665,0.5196,orange,2,0.2,0.14,0.47,0.29,0.0339
1894,31.07,77.89,20.0,2353.5,180.0,0.0,8.0,0.67,17.82,20.23,72.45,93.15,0.05,28.06,207.0,0.3656,0.5196,orange,2,0.2,0.14,0.47,0.29,0.0385
1895,31.07,77.91,20.0,2424.2,180.0,0.0,8.0,0.648,16.77,18.35,74.44,95.72,0.05,26.16,212.7,0.3702,0.5251,orange,2,0.24,0.14,0.47,0.22,0.0437
1896,31.07,77.93,20.0,2257.4,180.0,0.0,8.0,0.705,15.89,16.49,71.02,91.31,0.05,24.26,202.9,0.3623,0.5196,orange,2,0.2,0.14,0.47,0.22,0.0496
1897,31.07,77.95,20.0,2057.7,180.0,0.0,8.0,0.644,14.63,14.63,65.83,84.64,0.05,22.36,188.1,0.3505,0.4355,yellow,1,0.24,0.14,0.37,0.22,0.0563
1898,31.07,77.97,20.0,2075.1,180.0,0.0,8.0,0.693,12.79,12.79,63.49,81.63,0.05,20.47,181.4,0.3451,0.429,yellow,1,0.2,0.14,0.37,0.22,0.0639
1899,31.07,77.99,20.0,2005.6,180.0,0.0,8.0,0.696,10.97,10.97,59.5,76.5,0.05,18.57,170.0,0.336,0.3771,yellow,1,0.2,0.1,0.32,0.14,0.0725
1900,31.07,78.01,48.65,2220.0,183.3,-1.5,12.3,0.579,9.18,9.18,60.86,78.26,0.05,16.68,173.9,0.5891,0.7649,red,3,0.71,0.18,0.55,0.14,0.0822
1901,31.07,78.03,20.0,1647.0,180.0,0.0,8.0,0.674,7.44,7.44,50.05,64.35,0.05,14.79,143.0,0.3144,0.3144,yellow,1,0.17,0.14,0.25,0.09,0.0933
1902,31.07,78.05,42.94,2171.0,292.7,1.5,12.5,0.621,5.8,5.8,59.04,75.91,0.05,12.89,168.7,0.5644,0.5627,orange,2,0.5,0.18,0.29,0.09,0.1058
1903,31.07,78.07,22.74,2025.0,207.0,0.3675,13.3,0.653,4.38,4.38,58.13,74.75,0.05,11.01,166.1,0.3893,0.4525,orange,2,0.28,0.28,0.36,0.09,0.12
1904,31.07,78.09,42.5,1667.0,62.7,-1.5,12.52,0.621,3.46,3.46,54.6,70.2,0.05,9.12,156.0,0.6337,0.6245,orange,2,0.57,0.24,0.24,0.09,0.1361
1905,31.07,78.11,25.94,1555.0,172.3,-0.7351,13.15,0.627,3.46,3.46,55.54,71.41,0.05,7.25,158.7,0.5249,0.5376,orange,2,0.45,0.32,0.31,0.09,0.0339
1906,31.07,78.13,15.17,2137.0,163.5,0.3675,13.73,0.634,4.38,2.92,67.79,87.16,0.05,5.39,193.7,0.4994,0.5219,orange,2,0.32,0.32,0.43,0.09,0.0573
1907,31.07,78.15,17.42,2009.0,131.5,-1.2251,13.59,0.665,5.8,2.22,67.16,86.36,0.05,3.58,191.9,0.5732,0.4936,orange,2,0.38,0.3,0.39,0.09,0.1116
1908,31.07,78.17,26.24,2153.0,171.0,-0.7351,13.14,0.645,7.44,1.95,69.79,89.73,0.05,1.95,199.4,0.715,0.6197,orange,2,0.48,0.3,0.53,0.05,0.2436
1909,31.07,78.19,26.27,2088.0,107.9,1.5,13.14,0.664,8.65,1.41,67.52,86.81,0.05,1.11,192.9,0.7346,0.5434,orange,2,0.38,0.3,0.45,0.05,0.3546
1910,31.07,78.21,19.8,2107.0,138.4,0.0,13.45,0.628,9.64,2.72,65.59,84.33,0.05,2.2,187.4,0.6337,0.5365,orange,2,0.32,0.3,0.45,0.09,0.1972
1911,31.07,78.23,27.07,2196.0,46.8,-0.49,13.1,0.59,10.87,4.48,64.26,82.62,0.05,3.96,183.6,0.6521,0.5327,orange,2,0.44,0.3,0.36,0.09,0.0912
1912,31.07,78.25,25.18,2501.0,141.7,-0.6126,13.18,0.596,12.27,6.32,66.74,85.81,0.05,5.81,190.7,0.585,0.6197,orange,2,0.48,0.3,0.53,0.18,0.0488
1913,31.07,78.27,45.14,2445.0,184.2,-1.5,12.42,0.58,13.62,8.18,63.98,82.26,0.05,7.68,182.8,0.7222,0.7678,red,3,0.71,0.22,0.57,0.14,0.0136
1914,31.07,78.29,26.99,3105.0,122.6,1.5,13.1,0.652,13.35,10.06,61.11,78.57,0.05,9.56,174.6,0.4806,0.5644,orange,2,0.35,0.21,0.49,0.3,0.1321
1915,31.07,78.31,20.0,2541.2,180.0,0.0,8.0,0.66,13.35,11.95,64.89,83.43,0.05,11.45,185.4,0.3642,0.5196,orange,2,0.2,0.14,0.47,0.26,0.1165
1916,31.07,78.33,29.63,3509.0,85.2,0.8576,12.99,0.385,13.62,13.84,61.81,79.47,0.05,13.35,176.6,0.4376,0.3998,yellow,1,0.32,0.13,0.3,0.3,0.1027
1917,31.07,78.35,15.16,3530.0,186.0,0.7351,13.74,0.401,12.27,12.86,64.4,82.8,0.05,15.24,184.0,0.2988,0.4541,orange,2,0.26,0.25,0.37,0.3,0.0905
1918,31.07,78.37,43.63,4477.0,209.8,1.5,12.48,0.137,10.87,11.65,62.19,79.97,0.05,17.14,177.7,0.5785,0.6315,orange,2,0.58,0.13,0.32,0.3,0.0798
1919,31.07,78.39,20.0,3171.2,180.0,0.0,8.0,0.578,9.64,10.55,71.19,91.53,0.05,19.03,203.4,0.3627,0.5147,orange,2,0.21,0.09,0.47,0.3,0.0703
1920,31.07,78.41,18.43,4437.0,85.1,0.3675,13.53,0.142,8.65,9.66,65.52,84.24,0.05,20.93,187.2,0.3341,0.3909,yellow,1,0.32,0.25,0.13,0.3,0.0619
1921,31.07,78.43,35.06,4013.0,346.0,-1.5,12.78,0.232,8.0,9.08,67.3,86.54,0.05,22.83,192.3,0.5044,0.6413,orange,2,0.6,0.17,0.21,0.3,0.0546
1922,31.07,78.45,20.0,3370.3,180.0,0.0,8.0,0.491,7.77,8.88,68.98,88.69,0.05,24.72,197.1,0.3577,0.4231,yellow,1,0.21,0.09,0.37,0.3,0.0481
1923,31.07,78.47,36.87,3660.0,67.4,1.5,12.72,0.249,8.0,9.08,64.89,83.43,0.05,25.74,185.4,0.517,0.5678,orange,2,0.5,0.17,0.34,0.3,0.045
1924,31.07,78.49,14.91,3847.0,248.1,-0.1225,13.75,0.228,8.65,9.66,61.11,78.57,0.05,23.86,174.6,0.2888,0.3279,yellow,1,0.25,0.24,0.14,0.3,0.0509
1925,31.07,78.51,12.67,4039.0,194.6,0.1225,13.92,0.179,9.64,10.55,57.71,74.2,0.05,21.99,164.9,0.2586,0.3542,yellow,1,0.27,0.24,0.19,0.3,0.0577
1926,31.07,78.53,13.7,4290.0,188.6,0.3675,13.84,0.199,10.87,11.69,55.05,70.79,0.05,20.12,157.3,0.2628,0.3542,yellow,1,0.27,0.24,0.19,0.3,0.0654
1927,31.07,78.55,32.75,4715.0,235.5,-0.245,12.87,0.188,12.27,13.0,52.85,67.95,0.05,18.25,151.0,0.4483,0.4594,orange,2,0.4,0.13,0.23,0.3,0.074
1928,31.07,78.57,25.43,5192.0,315.7,0.1225,13.17,0.074,13.8,14.45,51.69,66.47,0.05,16.4,147.7,0.3725,0.473,orange,2,0.42,0.21,0.12,0.3,0.0838
1929,31.07,78.59,27.6,4776.0,310.6,1.5,13.08,0.116,14.93,14.56,56.28,72.36,0.05,14.56,160.8,0.4046,0.4912,orange,2,0.44,0.21,0.12,0.3,0.0947
1930,31.07,78.61,31.4,5043.0,163.8,-1.4701,12.92,0.091,13.12,12.73,57.68,74.16,0.05,12.73,164.8,0.4458,0.626,orange,2,0.58,0.13,0.27,0.3,0.107
1931,31.07,78.63,21.88,4644.0,86.6,1.1026,13.34,0.106,11.35,10.93,62.33,80.14,0.05,10.93,178.1,0.3924,0.4082,yellow,1,0.34,0.21,0.17,0.3,0.1206
1932,31.07,78.65,23.49,4039.0,85.6,0.0,13.26,0.197,9.63,9.17,67.2,86.4,0.05,9.17,192.0,0.471,0.3648,yellow,1,0.28,0.25,0.19,0.3,0.1356
1933,31.07,78.67,29.16,3785.0,21.3,-0.49,13.01,0.23,8.0,7.48,68.91,88.61,0.05,7.48,196.9,0.5809,0.5223,orange,2,0.44,0.25,0.32,0.22,0.0128
1934,31.07,78.69,20.0,2943.6,180.0,0.0,8.0,0.61,6.5,5.92,72.34,93.02,0.05,5.92,206.7,0.5427,0.5752,orange,2,0.21,0.14,0.53,0.18,0.0196
1935,31.07,78.71,27.32,4375.0,229.5,-0.7351,13.09,0.192,5.28,4.62,62.68,80.59,0.05,4.62,179.1,0.6318,0.5324,orange,2,0.46,0.21,0.3,0.22,0.0302
1936,31.07,78.73,32.57,3759.0,17.3,0.3675,12.88,0.216,4.54,3.85,63.14,81.18,0.05,3.85,180.4,0.7077,0.4896,orange,2,0.38,0.19,0.4,0.17,0.0463
1937,31.07,78.75,35.57,3440.0,183.6,1.5,12.76,0.398,4.54,3.94,62.12,79.88,0.05,3.94,177.5,0.7327,0.5958,orange,2,0.51,0.15,0.51,0.17,0.047
1938,31.07,78.77,20.0,3537.0,180.0,0.0,8.0,0.336,4.38,4.85,59.64,76.68,0.05,4.85,170.4,0.545,0.4706,orange,2,0.18,0.07,0.43,0.22,0.0377
1939,31.07,78.79,33.88,3689.0,178.6,-1.4701,12.83,0.306,3.46,5.25,58.06,74.66,0.05,5.25,165.9,0.6685,0.5644,orange,2,0.48,0.15,0.46,0.22,0.0283
1940,31.07,78.81,44.83,4355.0,300.3,-1.5,12.44,0.125,3.46,5.77,55.16,70.92,0.05,5.77,157.6,0.756,0.6764,red,3,0.64,0.15,0.22,0.22,0.0205
1941,31.07,78.83,29.93,4170.0,201.9,0.6126,12.98,0.18,4.38,6.81,58.03,74.61,0.05,6.81,165.8,0.5834,0.4831,orange,2,0.42,0.15,0.25,0.22,0.0065
1942,31.07,78.85,36.3,4056.0,254.7,1.5,12.74,0.165,5.8,8.16,61.25,78.75,0.05,8.16,175.0,0.6151,0.5713,orange,2,0.52,0.13,0.26,0.22,0.1451
1943,31.07,78.87,43.08,4158.0,174.8,1.5,12.5,0.212,7.44,9.69,63.52,81.67,0.05,9.11,181.5,0.6604,0.6024,orange,2,0.54,0.17,0.34,0.22,0.1362
1944,31.07,78.89,20.0,3487.3,180.0,0.0,8.0,0.419,6.12,9.58,69.3,89.1,0.05,8.28,198.0,0.467,0.4414,yellow,1,0.21,0.09,0.39,0.22,0.144
1945,31.07,78.91,20.0,3417.2,180.0,0.0,8.0,0.421,4.4,8.8,70.8,91.04,0.05,7.83,202.3,0.4835,0.4443,yellow,1,0.21,0.11,0.39,0.22,0.0101
1946,31.07,78.93,20.0,3371.7,180.0,0.0,8.0,0.477,2.92,8.38,70.8,91.04,0.05,7.83,202.3,0.4835,0.4517,orange,2,0.22,0.15,0.39,0.22,0.0101
1947,31.07,78.95,20.0,3467.6,180.0,0.0,8.0,0.425,2.22,8.38,68.77,88.42,0.05,8.28,196.5,0.4658,0.4517,orange,2,0.22,0.15,0.39,0.3,0.144
1948,31.07,78.97,20.0,3516.1,180.0,0.0,8.0,0.36,2.92,8.8,66.01,84.87,0.05,8.8,188.6,0.4442,0.447,yellow,1,0.19,0.15,0.39,0.3,0.1391
1949,31.07,78.99,20.0,3454.2,180.0,0.0,8.0,0.396,4.4,9.58,63.52,81.67,0.05,9.58,181.5,0.4156,0.4443,yellow,1,0.21,0.11,0.39,0.3,0.132
1950,31.07,79.01,20.0,3511.6,180.0,0.0,8.0,0.345,6.12,10.65,60.76,78.12,0.05,10.65,173.6,0.3781,0.4118,yellow,1,0.18,0.05,0.37,0.3,0.1229
1951,31.07,79.03,20.0,3675.6,180.0,0.0,8.0,0.294,7.92,11.93,58.38,75.06,0.05,11.93,166.8,0.3354,0.3767,yellow,1,0.24,0.05,0.32,0.3,0.1128
1952,31.07,79.05,20.0,3690.2,180.0,0.0,8.0,0.241,9.76,13.36,58.13,74.75,0.05,13.36,166.1,0.3329,0.3767,yellow,1,0.24,0.05,0.32,0.3,0.1026
1953,31.09,77.85,20.0,2344.5,180.0,0.0,8.0,0.636,18.77,23.78,67.48,86.76,0.05,31.84,192.8,0.3542,0.5251,orange,2,0.24,0.14,0.47,0.29,0.0299
1954,31.09,77.87,20.0,2490.3,180.0,0.0,8.0,0.612,17.37,21.88,71.05,91.35,0.05,29.94,203.0,0.3624,0.5251,orange,2,0.24,0.14,0.47,0.29,0.034
1955,31.09,77.89,20.0,2737.3,180.0,0.0,8.0,0.7,16.07,19.98,70.84,91.08,0.05,28.04,202.4,0.3619,0.5196,orange,2,0.2,0.14,0.47,0.33,0.0386
1956,31.09,77.91,20.0,2553.0,180.0,0.0,8.0,0.694,14.91,18.08,72.13,92.75,0.05,26.14,206.1,0.3649,0.5196,orange,2,0.2,0.14,0.47,0.26,0.0438
1957,31.09,77.93,20.0,2286.9,180.0,0.0,8.0,0.697,13.9,16.19,68.6,88.2,0.05,24.24,196.0,0.3568,0.5196,orange,2,0.2,0.14,0.47,0.22,0.0497
1958,31.09,77.95,20.0,2183.7,180.0,0.0,8.0,0.668,13.1,14.29,66.08,84.96,0.05,22.34,188.8,0.351,0.429,yellow,1,0.2,0.14,0.37,0.22,0.0564
1959,31.09,77.97,20.0,1978.1,180.0,0.0,8.0,0.648,12.4,12.4,61.49,79.06,0.05,20.44,175.7,0.3406,0.4297,yellow,1,0.24,0.1,0.37,0.22,0.064
1960,31.09,77.99,20.0,1753.0,180.0,0.0,8.0,0.655,10.51,10.51,56.52,72.67,0.05,18.55,161.5,0.3292,0.3144,yellow,1,0.17,0.14,0.25,0.14,0.0726
1961,31.09,78.01,39.09,2296.0,167.9,1.5,12.64,0.66,8.62,8.62,64.68,83.16,0.05,16.65,184.8,0.5387,0.6323,orange,2,0.5,0.22,0.55,0.14,0.0824
1962,31.09,78.03,20.0,1735.1,180.0,0.0,8.0,0.7,6.74,6.74,54.77,70.42,0.05,14.75,156.5,0.3252,0.3144,yellow,1,0.17,0.14,0.25,0.14,0.0935
1963,31.09,78.05,20.0,1562.5,180.0,0.0,8.0,0.673,4.88,4.88,51.94,66.78,0.05,12.86,148.4,0.3187,0.3181,yellow,1,0.17,0.16,0.25,0.14,0.1061
1964,31.09,78.07,20.0,1386.6,180.0,0.0,8.0,0.706,3.06,3.06,49.63,63.81,0.05,10.96,141.8,0.3437,0.3181,yellow,1,0.17,0.16,0.25,0.09,0.1204
1965,31.09,78.09,32.34,2113.0,138.3,1.5,12.89,0.61,1.46,1.46,62.89,80.86,0.05,9.07,179.7,0.5527,0.5764,orange,2,0.48,0.33,0.43,0.13,0.1366
1966,31.09,78.11,28.75,1930.0,289.1,0.0,13.03,0.628,1.46,1.46,61.04,78.48,0.05,7.18,174.4,0.5676,0.5242,orange,2,0.42,0.41,0.32,0.13,0.0342
1967,31.09,78.13,20.0,1551.0,180.0,0.0,8.0,0.62,3.06,3.06,55.72,71.64,0.05,5.3,159.2,0.5228,0.3796,yellow,1,0.21,0.16,0.31,0.09,0.0584
1968,31.09,78.15,37.47,1736.0,273.2,1.5,12.7,0.604,4.88,3.44,59.46,76.45,0.05,3.44,169.9,0.7602,0.542,orange,2,0.47,0.24,0.28,0.09,0.1158
1969,31.09,78.17,20.0,1950.0,180.0,0.0,8.0,0.681,6.74,1.68,63.14,81.18,0.05,1.68,180.4,0.6453,0.5377,orange,2,0.2,0.14,0.49,0.05,0.2648
1970,31.09,78.19,33.01,1931.0,156.5,-1.5,12.86,0.624,8.62,1.01,62.33,80.14,0.05,1.01,178.1,0.7932,0.6503,red,3,0.54,0.18,0.57,0.05,0.3921
1971,31.09,78.21,26.68,2829.0,303.1,-1.5,13.12,0.676,10.51,2.54,69.19,88.97,0.05,2.2,197.7,0.7108,0.6065,orange,2,0.43,0.3,0.52,0.09,0.2067
1972,31.09,78.23,36.69,2797.0,284.7,-0.4902,12.72,0.599,12.4,4.37,68.18,87.66,0.05,3.96,194.8,0.7573,0.6242,orange,2,0.54,0.22,0.5,0.13,0.0932
1973,31.09,78.25,20.0,2253.6,180.0,0.0,8.0,0.676,13.79,6.24,64.47,82.89,0.05,5.81,184.2,0.528,0.574,orange,2,0.2,0.14,0.53,0.14,0.0494
1974,31.09,78.27,38.28,2281.0,306.8,-0.8578,12.67,0.646,15.16,8.12,64.16,82.49,0.05,7.68,183.3,0.6554,0.6199,orange,2,0.54,0.22,0.46,0.14,0.0136
1975,31.09,78.29,24.87,2512.0,179.0,1.1028,13.2,0.686,15.57,10.01,67.52,86.81,0.05,9.56,192.9,0.4741,0.6019,orange,2,0.3,0.3,0.53,0.26,0.1321
1976,31.09,78.31,33.75,3005.0,136.8,0.0,12.83,0.703,15.57,11.91,65.27,83.92,0.05,11.45,186.5,0.5026,0.5777,orange,2,0.35,0.17,0.51,0.3,0.1165
1977,31.09,78.33,20.98,2856.0,43.3,-1.1028,13.39,0.7,15.16,13.8,66.88,86.0,0.05,13.35,191.1,0.3627,0.4956,orange,2,0.33,0.3,0.4,0.26,0.1027
1978,31.09,78.35,36.27,3438.0,96.7,0.8578,12.74,0.432,13.79,14.57,64.99,83.56,0.05,15.24,185.7,0.5113,0.5459,orange,2,0.47,0.17,0.37,0.3,0.0905
1979,31.09,78.37,16.08,3997.0,72.8,0.9803,13.67,0.152,12.55,13.45,63.24,81.31,0.05,17.14,180.7,0.3054,0.3518,yellow,1,0.28,0.25,0.11,0.3,0.0798
1980,31.09,78.39,47.52,4079.0,166.9,0.7352,12.34,0.159,11.5,12.48,63.7,81.9,0.05,19.03,182.0,0.5956,0.6436,orange,2,0.59,0.17,0.32,0.3,0.0703
1981,31.09,78.41,18.88,3639.0,354.6,-0.8578,13.5,0.271,10.69,11.73,66.43,85.41,0.05,20.93,189.8,0.3406,0.4281,yellow,1,0.34,0.25,0.26,0.3,0.0619
1982,31.09,78.43,33.46,3718.0,44.3,0.4902,12.84,0.266,10.17,11.26,65.83,84.64,0.05,22.83,188.1,0.4851,0.4641,orange,2,0.38,0.17,0.34,0.3,0.0546
1983,31.09,78.45,42.46,3736.0,220.6,-1.5,12.52,0.282,9.99,11.1,65.03,83.61,0.05,24.72,185.8,0.5732,0.6951,red,3,0.64,0.17,0.41,0.3,0.0481
1984,31.09,78.47,29.43,4514.0,152.7,0.1225,13.0,0.195,10.17,11.26,59.85,76.95,0.05,26.16,171.0,0.4311,0.485,orange,2,0.42,0.13,0.28,0.3,0.0437
1985,31.09,78.49,24.77,5123.0,210.6,0.1225,13.2,0.086,10.69,11.73,55.44,71.28,0.05,24.31,158.4,0.3744,0.4291,yellow,1,0.36,0.21,0.19,0.3,0.0494
1986,31.09,78.51,31.3,4970.0,267.3,-0.6127,12.93,0.157,11.5,12.48,55.27,71.06,0.05,22.47,157.9,0.4393,0.5078,orange,2,0.46,0.13,0.19,0.3,0.0559
1987,31.09,78.53,32.37,5019.0,283.8,1.2254,12.89,0.101,12.55,13.45,54.42,69.98,0.05,20.65,155.5,0.4481,0.4852,orange,2,0.44,0.13,0.16,0.3,0.0631
1988,31.09,78.55,19.85,5335.0,215.7,1.5,13.45,0.092,13.79,14.61,52.78,67.86,0.05,18.84,150.8,0.3191,0.4411,yellow,1,0.38,0.21,0.15,0.3,0.0712
1989,31.09,78.57,13.83,5695.0,309.3,-1.5,13.83,0.112,15.16,15.91,51.45,66.15,0.05,17.05,147.0,0.2559,0.445,yellow,1,0.39,0.24,0.08,0.37,0.0802
1990,31.09,78.59,47.89,5110.0,278.8,1.5,12.33,0.138,15.73,15.28,55.54,71.41,0.05,15.28,158.7,0.577,0.6415,orange,2,0.61,0.13,0.16,0.37,0.0902
1991,31.09,78.61,20.0,3348.3,180.0,0.0,8.0,0.52,14.03,13.56,65.97,84.83,0.05,13.56,188.5,0.3508,0.4231,yellow,1,0.21,0.09,0.37,0.3,0.1013
1992,31.09,78.63,40.73,4294.0,310.4,-1.5,12.58,0.141,12.39,11.88,62.12,79.88,0.05,11.88,177.5,0.5527,0.6738,red,3,0.64,0.13,0.21,0.3,0.1132
1993,31.09,78.65,40.37,3894.0,41.8,0.9803,12.59,0.221,10.84,10.29,64.92,83.48,0.05,10.29,185.5,0.6021,0.5311,orange,2,0.48,0.17,0.19,0.3,0.1259
1994,31.09,78.67,20.0,2996.7,180.0,0.0,8.0,0.678,9.41,8.81,69.79,89.73,0.05,8.81,199.4,0.4525,0.5338,orange,2,0.17,0.14,0.49,0.26,0.1389
1995,31.09,78.69,36.53,4308.0,259.7,0.7352,12.73,0.178,8.18,7.53,62.47,80.33,0.05,7.53,178.5,0.6384,0.5534,orange,2,0.5,0.13,0.26,0.22,0.0126
1996,31.09,78.71,20.0,2934.5,180.0,0.0,8.0,0.653,7.24,6.56,68.77,88.42,0.05,6.56,196.5,0.5159,0.5338,orange,2,0.17,0.14,0.49,0.18,0.0163
1997,31.09,78.73,41.68,3666.0,349.3,1.1028,12.55,0.321,6.73,6.04,63.77,81.99,0.05,6.04,182.2,0.7363,0.5188,orange,2,0.44,0.17,0.36,0.22,0.0189
1998,31.09,78.75,21.51,3581.0,148.4,-1.5,13.36,0.32,6.73,6.1,63.07,81.09,0.05,6.1,180.2,0.5313,0.4879,orange,2,0.38,0.25,0.39,0.22,0.0186
1999,31.09,78.77,39.35,4729.0,187.4,1.3479,12.63,0.194,6.24,6.72,56.21,72.27,0.05,6.72,160.6,0.676,0.5928,orange,2,0.54,0.13,0.29,0.22,0.0209
2000,31.09,78.79,37.75,4072.0,303.8,1.5,12.68,0.136,5.63,7.46,59.32,76.28,0.05,7.46,169.5,0.6456,0.5796,orange,2,0.54,0.13,0.18,0.22,0.0174
2001,31.09,78.81,31.17,3900.0,74.6,1.5,12.93,0.238,5.63,7.84,60.48,77.76,0.05,7.84,172.8,0.5714,0.4563,orange,2,0.4,0.13,0.21,0.22,0.005
2002,31.09,78.83,32.57,4242.0,115.0,1.1028,12.88,0.222,6.24,8.63,59.5,76.5,0.05,8.63,170.0,0.5601,0.4744,orange,2,0.42,0.13,0.21,0.3,0.1407
2003,31.09,78.85,45.06,5008.0,105.9,1.5,12.43,0.095,7.31,9.73,56.59,72.77,0.05,9.73,161.7,0.6456,0.6647,red,3,0.63,0.13,0.21,0.3,0.1307
2004,31.09,78.87,58.27,5043.0,150.6,1.5,11.95,0.181,8.66,11.05,57.61,74.07,0.05,11.05,164.6,0.6094,0.6171,orange,2,0.57,0.13,0.27,0.3,0.1197
2005,31.09,78.89,20.0,3644.7,180.0,0.0,8.0,0.295,7.23,11.57,65.87,84.69,0.05,10.39,188.2,0.3976,0.4283,yellow,1,0.24,0.09,0.37,0.3,0.1251
2006,31.09,78.91,20.0,3545.8,180.0,0.0,8.0,0.333,5.84,10.92,66.88,86.0,0.05,10.04,191.1,0.4102,0.418,yellow,1,0.18,0.09,0.37,0.3,0.1281
2007,31.09,78.93,20.0,3555.3,180.0,0.0,8.0,0.363,4.83,10.59,66.74,85.81,0.05,10.04,190.7,0.4099,0.4211,yellow,1,0.18,0.11,0.37,0.3,0.1281
2008,31.09,78.95,20.0,3478.7,180.0,0.0,8.0,0.371,4.44,10.59,66.5,85.5,0.05,10.39,190.0,0.399,0.4261,yellow,1,0.21,0.11,0.37,0.3,0.1251
2009,31.09,78.97,20.0,3407.4,180.0,0.0,8.0,0.487,4.83,10.92,65.8,84.6,0.05,10.92,188.0,0.3818,0.4261,yellow,1,0.21,0.11,0.37,0.3,0.1207
2010,31.09,78.99,20.0,3590.8,180.0,0.0,8.0,0.336,5.84,11.57,63.66,81.86,0.05,11.57,181.9,0.3582,0.418,yellow,1,0.18,0.09,0.37,0.3,0.1156
2011,31.09,79.01,20.0,3832.6,180.0,0.0,8.0,0.226,7.23,12.47,61.35,78.89,0.05,12.47,175.3,0.3402,0.2991,yellow,1,0.24,0.05,0.22,0.3,0.1089
2012,31.09,79.03,20.0,3839.2,180.0,0.0,8.0,0.186,8.8,13.58,60.66,77.99,0.05,13.58,173.3,0.3386,0.2991,yellow,1,0.24,0.05,0.22,0.3,0.1011
2013,31.09,79.05,20.0,3822.8,180.0,0.0,8.0,0.202,10.49,14.85,60.69,78.03,0.05,14.85,173.4,0.3387,0.2991,yellow,1,0.24,0.05,0.22,0.3,0.0929
2014,31.11,77.85,20.0,2512.9,180.0,0.0,8.0,0.641,17.4,23.78,69.86,89.82,0.05,31.98,199.6,0.3597,0.5251,orange,2,0.24,0.14,0.47,0.33,0.0297
2015,31.11,77.87,20.0,2709.0,180.0,0.0,8.0,0.632,15.88,21.88,68.04,87.48,0.05,30.09,194.4,0.3555,0.5251,orange,2,0.24,0.14,0.47,0.33,0.0336
2016,31.11,77.89,20.0,2604.4,180.0,0.0,8.0,0.657,14.46,19.98,67.97,87.39,0.05,28.2,194.2,0.3554,0.5196,orange,2,0.2,0.14,0.47,0.33,0.0382
2017,31.11,77.91,20.0,2551.1,180.0,0.0,8.0,0.655,13.15,18.08,68.0,87.44,0.05,26.31,194.3,0.3554,0.5196,orange,2,0.2,0.14,0.47,0.33,0.0433
2018,31.11,77.93,20.0,2521.8,180.0,0.0,8.0,0.615,12.0,16.19,68.36,87.89,0.05,24.42,195.3,0.3562,0.5251,orange,2,0.24,0.14,0.47,0.26,0.0491
2019,31.11,77.95,20.0,2192.4,180.0,0.0,8.0,0.704,11.06,14.29,63.84,82.08,0.05,22.54,182.4,0.3459,0.429,yellow,1,0.2,0.14,0.37,0.22,0.0556
2020,31.11,77.97,20.0,1859.9,180.0,0.0,8.0,0.653,10.39,12.4,59.04,75.91,0.05,20.66,168.7,0.335,0.3771,yellow,1,0.2,0.1,0.32,0.22,0.0631
2021,31.11,77.99,20.0,1830.9,180.0,0.0,8.0,0.69,10.04,10.51,59.43,76.41,0.05,18.78,169.8,0.3358,0.3771,yellow,1,0.2,0.1,0.32,0.22,0.0715
2022,31.11,78.01,50.87,2725.0,323.2,-1.5,12.22,0.628,8.62,8.62,70.14,90.18,0.05,16.91,200.4,0.6103,0.7258,red,3,0.67,0.22,0.44,0.26,0.081
2023,31.11,78.03,34.26,3106.0,282.8,-1.5,12.81,0.621,6.74,6.74,68.49,88.06,0.05,15.05,195.7,0.4992,0.5551,orange,2,0.47,0.17,0.44,0.22,0.0917
2024,31.11,78.05,17.77,2776.0,133.9,-1.5,13.57,0.652,4.88,4.88,70.17,90.23,0.05,13.2,200.5,0.3381,0.5289,orange,2,0.38,0.32,0.43,0.18,0.1037
2025,31.11,78.07,20.0,1830.0,180.0,0.0,8.0,0.662,3.06,3.06,59.92,77.04,0.05,11.36,171.2,0.3557,0.4259,yellow,1,0.2,0.12,0.37,0.09,0.1172
2026,31.11,78.09,31.18,1853.0,256.0,0.6128,12.93,0.603,1.46,1.46,59.57,76.59,0.05,9.55,170.2,0.5196,0.5393,orange,2,0.44,0.33,0.39,0.13,0.1323
2027,31.11,78.11,26.73,2605.0,185.5,-0.8579,13.12,0.605,1.46,1.46,69.02,88.74,0.05,7.77,197.2,0.5483,0.6338,orange,2,0.52,0.45,0.53,0.17,0.0178
2028,31.11,78.13,36.32,2730.0,234.6,-1.4708,12.74,0.595,3.06,3.06,67.62,86.94,0.05,6.08,193.2,0.6904,0.6933,red,3,0.62,0.24,0.53,0.13,0.046
2029,31.11,78.15,24.35,3228.0,276.6,-0.6128,13.22,0.601,4.88,4.55,64.54,82.98,0.05,4.55,184.4,0.6083,0.4553,orange,2,0.31,0.27,0.36,0.22,0.0753
2030,31.11,78.17,25.44,2441.0,70.9,1.5,13.17,0.651,6.74,3.42,67.34,86.58,0.05,3.42,192.4,0.6586,0.5494,orange,2,0.36,0.3,0.46,0.09,0.1188
2031,31.11,78.19,46.75,2239.0,215.9,-1.5,12.37,0.588,8.62,3.14,64.29,82.66,0.05,3.14,183.7,0.8553,0.7678,red,3,0.71,0.22,0.57,0.09,0.1392
2032,31.11,78.21,31.64,1857.0,67.9,1.5,12.91,0.595,10.51,3.91,58.55,75.29,0.05,3.83,167.3,0.6884,0.4841,orange,2,0.4,0.18,0.35,0.09,0.1051
2033,31.11,78.23,28.03,2291.0,114.1,-0.1226,13.06,0.621,12.4,5.29,66.67,85.73,0.05,5.05,190.5,0.6353,0.5787,orange,2,0.4,0.3,0.49,0.09,0.0649
2034,31.11,78.25,20.0,2869.0,180.0,0.0,8.0,0.644,14.29,6.91,69.05,88.79,0.05,6.6,197.3,0.5153,0.5391,orange,2,0.21,0.14,0.49,0.18,0.0401
2035,31.11,78.27,20.0,2363.1,180.0,0.0,8.0,0.689,16.19,8.65,69.23,89.01,0.05,8.3,197.8,0.4662,0.5377,orange,2,0.2,0.14,0.49,0.14,0.1438
2036,31.11,78.29,36.25,2832.0,330.6,0.1226,12.74,0.619,17.79,10.45,69.97,89.95,0.05,10.07,199.9,0.5788,0.5429,orange,2,0.45,0.22,0.44,0.26,0.1278
2037,31.11,78.31,42.99,2473.0,224.7,-1.3482,12.5,0.62,17.79,12.27,71.02,91.31,0.05,11.88,202.9,0.5958,0.7067,red,3,0.64,0.22,0.51,0.22,0.1133
2038,31.11,78.33,31.49,2543.0,106.6,-1.3482,12.92,0.649,16.7,14.12,70.63,90.81,0.05,13.71,201.8,0.4763,0.6045,orange,2,0.52,0.22,0.47,0.26,0.1002
2039,31.11,78.35,34.93,3114.0,104.5,-1.5,12.79,0.604,15.47,15.98,66.85,85.95,0.05,15.56,191.0,0.5021,0.5757,orange,2,0.49,0.17,0.47,0.3,0.0886
2040,31.11,78.37,31.31,3327.0,109.1,-1.3482,12.93,0.528,14.38,15.34,64.89,83.43,0.05,17.42,185.4,0.4614,0.563,orange,2,0.49,0.17,0.37,0.37,0.0783
2041,31.11,78.39,33.73,3480.0,10.1,-0.1226,12.83,0.447,13.47,14.49,63.45,81.59,0.05,19.29,181.3,0.4823,0.4382,yellow,1,0.35,0.17,0.34,0.3,0.0691
2042,31.11,78.41,22.39,3081.0,39.7,1.5,13.32,0.664,12.79,13.85,65.24,83.88,0.05,21.16,186.4,0.373,0.476,orange,2,0.23,0.25,0.4,0.3,0.061
2043,31.11,78.43,24.63,3867.0,236.1,0.8579,13.21,0.195,12.36,13.45,61.25,78.75,0.05,23.04,175.0,0.3863,0.3806,yellow,1,0.3,0.21,0.22,0.3,0.0538
2044,31.11,78.45,13.53,4423.0,243.1,1.2256,13.85,0.132,12.21,13.32,58.83,75.64,0.05,24.92,168.1,0.2698,0.377,yellow,1,0.31,0.24,0.11,0.3,0.0475
2045,31.11,78.47,20.0,3822.2,180.0,0.0,8.0,0.228,12.36,13.45,62.76,80.69,0.05,26.75,179.3,0.3434,0.2991,yellow,1,0.24,0.05,0.22,0.3,0.042
2046,31.11,78.49,33.19,5594.0,224.9,0.2451,12.85,0.067,12.79,13.85,54.32,69.84,0.05,24.95,155.2,0.4561,0.5135,orange,2,0.46,0.13,0.23,0.3,0.0474
2047,31.11,78.51,44.2,4676.0,92.2,1.5,12.46,0.173,13.47,14.49,59.85,76.95,0.05,23.17,171.0,0.5788,0.5688,orange,2,0.52,0.13,0.24,0.3,0.0534
2048,31.11,78.53,28.64,4628.0,142.0,0.8579,13.03,0.153,14.38,15.34,60.48,77.76,0.05,21.4,172.8,0.4246,0.4895,orange,2,0.42,0.21,0.24,0.37,0.06
2049,31.11,78.55,20.0,3326.1,180.0,0.0,8.0,0.538,15.47,16.36,67.3,86.54,0.05,19.66,192.3,0.3538,0.4231,yellow,1,0.21,0.09,0.37,0.37,0.0674
2050,31.11,78.57,24.83,4580.0,348.9,-1.4708,13.2,0.161,16.7,17.53,60.34,77.58,0.05,17.95,172.4,0.3862,0.462,orange,2,0.4,0.21,0.17,0.37,0.0756
2051,31.11,78.59,16.14,4335.0,263.4,0.4903,13.67,0.184,16.79,16.28,60.9,78.3,0.05,16.28,174.0,0.3006,0.3706,yellow,1,0.3,0.21,0.16,0.37,0.0844
2052,31.11,78.61,34.71,4616.0,268.8,-0.8579,12.8,0.111,15.21,14.67,58.59,75.33,0.05,14.67,167.4,0.481,0.5443,orange,2,0.5,0.13,0.19,0.3,0.094
2053,31.11,78.63,36.61,4259.0,256.0,1.1031,12.73,0.128,13.71,13.14,59.67,76.73,0.05,13.14,170.5,0.5025,0.6047,orange,2,0.56,0.13,0.24,0.3,0.1041
2054,31.11,78.65,54.6,4513.0,7.4,-1.5,12.09,0.195,12.33,11.72,57.85,74.39,0.05,11.72,165.3,0.5904,0.6967,red,3,0.67,0.13,0.16,0.3,0.1144
2055,31.11,78.67,18.25,4699.0,284.1,-0.3677,13.54,0.195,11.09,10.45,56.77,72.99,0.05,10.45,162.2,0.3575,0.3941,yellow,1,0.34,0.21,0.08,0.3,0.1246
2056,31.11,78.69,37.65,5057.0,177.9,0.7354,12.69,0.147,10.07,9.39,55.16,70.92,0.05,9.39,157.6,0.5786,0.6105,orange,2,0.56,0.13,0.29,0.3,0.1336
2057,31.11,78.71,36.7,4265.0,307.5,1.5,12.72,0.201,9.33,8.63,59.99,77.13,0.05,8.63,171.4,0.6023,0.5495,orange,2,0.5,0.13,0.23,0.3,0.1406
2058,31.11,78.73,29.41,3630.0,193.3,-1.4708,13.0,0.297,8.93,8.25,64.16,82.49,0.05,8.25,183.3,0.5501,0.6127,orange,2,0.54,0.17,0.43,0.3,0.1442
2059,31.11,78.75,20.0,4427.0,180.0,0.0,8.0,0.199,8.93,8.29,60.76,78.12,0.05,8.29,173.6,0.447,0.3217,yellow,1,0.24,0.05,0.26,0.3,0.1438
2060,31.11,78.77,31.0,5052.0,181.2,0.0,12.94,0.104,8.28,8.76,58.06,74.66,0.05,8.76,165.9,0.5373,0.5219,orange,2,0.46,0.13,0.29,0.3,0.1394
2061,31.11,78.79,40.31,4460.0,334.6,-1.5,12.59,0.184,7.83,9.59,61.42,78.98,0.05,9.59,175.5,0.6139,0.6396,orange,2,0.6,0.13,0.23,0.3,0.132
2062,31.11,78.81,20.0,3327.4,180.0,0.0,8.0,0.446,7.83,9.97,67.16,86.36,0.05,9.97,191.9,0.4128,0.4414,yellow,1,0.21,0.09,0.39,0.3,0.1286
2063,31.11,78.83,23.86,4778.0,297.4,0.6128,13.24,0.146,8.28,10.6,59.01,75.87,0.05,10.6,168.6,0.4143,0.3822,yellow,1,0.32,0.21,0.12,0.3,0.1233
2064,31.11,78.85,22.11,4868.0,309.0,0.2451,13.33,0.128,9.11,11.51,57.75,74.25,0.05,11.51,165.0,0.3673,0.3822,yellow,1,0.32,0.21,0.12,0.3,0.116
2065,31.11,78.87,27.3,5416.0,191.3,-1.1031,13.09,0.122,10.11,12.65,54.04,69.48,0.05,12.65,154.4,0.3965,0.6294,orange,2,0.58,0.21,0.23,0.3,0.1076
2066,31.11,78.89,20.0,3780.9,180.0,0.0,8.0,0.229,8.77,13.62,61.95,79.65,0.05,12.54,177.0,0.3416,0.4225,yellow,1,0.24,0.05,0.37,0.3,0.1084
2067,31.11,78.91,20.0,3827.2,180.0,0.0,8.0,0.21,7.67,13.08,61.35,78.89,0.05,12.25,175.3,0.3402,0.2991,yellow,1,0.24,0.05,0.22,0.3,0.1105
2068,31.11,78.93,20.0,3629.2,180.0,0.0,8.0,0.305,6.93,12.8,62.44,80.28,0.05,12.25,178.4,0.3427,0.4118,yellow,1,0.18,0.05,0.37,0.3,0.1105
2069,31.11,78.95,20.0,3456.8,180.0,0.0,8.0,0.413,6.66,12.8,63.8,82.04,0.05,12.54,182.3,0.3458,0.4231,yellow,1,0.21,0.09,0.37,0.3,0.1084
2070,31.11,78.97,20.0,3598.3,180.0,0.0,8.0,0.277,6.93,13.08,63.84,82.08,0.05,13.08,182.4,0.3459,0.4283,yellow,1,0.24,0.09,0.37,0.3,0.1045
2071,31.11,78.99,20.0,3358.0,180.0,0.0,8.0,0.481,7.67,13.62,65.94,84.78,0.05,13.62,188.4,0.3507,0.4231,yellow,1,0.21,0.09,0.37,0.3,0.1008
2072,31.11,79.01,20.0,3838.4,180.0,0.0,8.0,0.149,8.77,14.39,64.16,82.49,0.05,14.39,183.3,0.3466,0.3427,yellow,1,0.28,0.09,0.22,0.3,0.0958
2073,31.11,79.03,20.0,3984.9,180.0,0.0,8.0,0.193,10.11,15.36,63.84,82.08,0.05,15.36,182.4,0.3459,0.3062,yellow,1,0.24,0.09,0.22,0.37,0.0898
2074,31.11,79.05,20.0,4141.8,180.0,0.0,8.0,0.158,11.6,16.5,63.07,81.09,0.05,16.5,180.2,0.3442,0.3103,yellow,1,0.24,0.09,0.24,0.37,0.0832
2075,31.13,77.85,20.0,2934.8,180.0,0.0,8.0,0.703,16.23,23.98,67.55,86.85,0.05,32.27,193.0,0.3544,0.5155,orange,2,0.17,0.14,0.47,0.33,0.0291
2076,31.13,77.87,20.0,2599.4,180.0,0.0,8.0,0.607,14.59,22.1,66.81,85.91,0.05,30.4,190.9,0.3527,0.5251,orange,2,0.24,0.14,0.47,0.33,0.033
2077,31.13,77.89,20.0,2555.4,180.0,0.0,8.0,0.687,13.02,20.23,65.2,83.84,0.05,28.53,186.3,0.349,0.5196,orange,2,0.2,0.14,0.47,0.33,0.0373
2078,31.13,77.91,20.0,2607.5,180.0,0.0,8.0,0.673,11.55,18.35,64.19,82.53,0.05,26.66,183.4,0.3467,0.5196,orange,2,0.2,0.14,0.47,0.33,0.0423
2079,31.13,77.93,20.0,2365.0,180.0,0.0,8.0,0.686,10.23,16.49,63.03,81.05,0.05,24.8,180.1,0.3441,0.5196,orange,2,0.2,0.14,0.47,0.29,0.0478
2080,31.13,77.95,20.0,2156.1,180.0,0.0,8.0,0.697,9.11,14.63,61.21,78.7,0.05,22.95,174.9,0.3399,0.4229,yellow,1,0.2,0.1,0.37,0.22,0.0541
2081,31.13,77.97,20.0,2159.4,180.0,0.0,8.0,0.616,8.28,12.79,63.7,81.9,0.05,21.11,182.0,0.3456,0.4355,yellow,1,0.24,0.14,0.37,0.22,0.0612
2082,31.13,77.99,20.0,2043.5,180.0,0.0,8.0,0.615,7.83,10.97,64.33,82.71,0.05,19.28,183.8,0.347,0.4355,yellow,1,0.24,0.14,0.37,0.22,0.0692
2083,31.13,78.01,18.23,3026.0,67.2,-0.6129,13.54,0.649,7.83,9.18,71.33,91.71,0.05,17.46,203.8,0.3453,0.4526,orange,2,0.31,0.25,0.36,0.3,0.0781
2084,31.13,78.03,46.71,2398.0,54.0,1.5,12.37,0.565,7.44,7.44,73.47,94.45,0.05,15.66,209.9,0.6179,0.6427,orange,2,0.57,0.22,0.44,0.14,0.088
2085,31.13,78.05,17.15,1924.0,322.9,1.3485,13.61,0.665,5.8,5.8,65.31,83.97,0.05,13.89,186.6,0.3208,0.395,yellow,1,0.26,0.3,0.26,0.14,0.099
2086,31.13,78.07,46.76,1751.0,68.9,-1.4711,12.37,0.628,4.38,4.38,61.01,78.44,0.05,12.15,174.3,0.5894,0.6881,red,3,0.64,0.24,0.27,0.14,0.1112
2087,31.13,78.09,29.09,2212.0,213.6,-0.4904,13.02,0.612,3.46,3.46,66.47,85.45,0.05,10.48,189.9,0.4871,0.5798,orange,2,0.48,0.32,0.47,0.09,0.1243
2088,31.13,78.11,23.03,2461.0,116.4,-0.2452,13.28,0.639,3.46,3.46,68.04,87.48,0.05,8.9,194.4,0.4763,0.5365,orange,2,0.3,0.32,0.45,0.09,0.1382
2089,31.13,78.13,20.88,3071.0,130.2,-0.7355,13.39,0.643,4.38,4.38,63.42,81.54,0.05,7.46,181.2,0.4861,0.5682,orange,2,0.33,0.27,0.49,0.22,0.0319
2090,31.13,78.15,12.02,3354.0,1.1,-1.5,13.98,0.469,5.8,5.8,60.55,77.85,0.05,6.28,173.0,0.4254,0.4124,yellow,1,0.32,0.24,0.28,0.22,0.0438
2091,31.13,78.17,33.05,2750.0,290.0,-0.9807,12.86,0.633,7.44,5.52,63.52,81.67,0.05,5.52,181.5,0.6648,0.5845,orange,2,0.44,0.22,0.5,0.18,0.0556
2092,31.13,78.19,32.24,3096.0,275.6,1.5,12.89,0.689,9.18,5.35,62.79,80.73,0.05,5.35,179.4,0.6599,0.5626,orange,2,0.33,0.13,0.5,0.22,0.0597
2093,31.13,78.21,20.0,2274.4,180.0,0.0,8.0,0.628,10.97,5.83,64.22,82.58,0.05,5.83,183.5,0.5267,0.5788,orange,2,0.24,0.14,0.53,0.14,0.0524
2094,31.13,78.23,23.23,2848.0,331.9,-1.3485,13.28,0.667,12.79,6.83,68.74,88.38,0.05,6.73,196.4,0.5432,0.5124,orange,2,0.33,0.3,0.42,0.18,0.04
2095,31.13,78.25,20.0,2452.8,180.0,0.0,8.0,0.69,14.63,8.16,72.2,92.84,0.05,7.96,206.3,0.483,0.5377,orange,2,0.2,0.14,0.49,0.14,0.0127
2096,31.13,78.27,16.82,3039.0,53.5,-1.5,13.63,0.691,16.49,9.67,71.86,92.39,0.05,9.41,205.3,0.408,0.4725,orange,2,0.33,0.25,0.38,0.3,0.1335
2097,31.13,78.29,38.87,3811.0,131.5,-0.9807,12.64,0.235,18.35,11.31,68.36,87.89,0.05,11.0,195.3,0.574,0.6109,orange,2,0.56,0.17,0.26,0.3,0.1201
2098,31.13,78.31,16.5,3216.0,256.1,1.5,13.65,0.591,19.62,13.02,70.73,90.94,0.05,12.68,202.1,0.3267,0.3896,yellow,1,0.29,0.25,0.29,0.3,0.1074
2099,31.13,78.33,34.54,3860.0,283.9,-1.1033,12.8,0.156,18.39,14.77,65.52,84.24,0.05,14.41,187.2,0.4952,0.5492,orange,2,0.5,0.17,0.19,0.3,0.0956
2100,31.13,78.35,20.0,2986.2,180.0,0.0,8.0,0.643,17.28,16.56,67.62,86.94,0.05,16.18,193.2,0.3546,0.521,orange,2,0.21,0.14,0.47,0.33,0.085
2101,31.13,78.37,37.44,3104.0,268.2,0.6129,12.7,0.64,16.31,17.3,64.47,82.89,0.05,17.98,184.2,0.5218,0.5591,orange,2,0.47,0.17,0.47,0.37,0.0754
2102,31.13,78.39,51.16,3206.0,302.7,1.5,12.21,0.527,15.51,16.55,61.98,79.69,0.05,19.79,177.1,0.5917,0.5988,orange,2,0.54,0.13,0.34,0.37,0.0668
2103,31.13,78.41,20.0,3504.6,180.0,0.0,8.0,0.336,14.92,16.0,59.5,76.5,0.05,21.62,170.0,0.336,0.3651,yellow,1,0.18,0.05,0.32,0.37,0.0591
2104,31.13,78.43,43.53,4203.0,153.7,-0.3678,12.48,0.145,14.55,15.66,56.21,72.27,0.05,23.47,160.6,0.5638,0.6616,red,3,0.62,0.13,0.27,0.37,0.0523
2105,31.13,78.45,35.75,4119.0,49.4,-1.5,12.76,0.182,14.43,15.54,58.24,74.88,0.05,25.32,166.4,0.4906,0.6323,orange,2,0.6,0.13,0.16,0.37,0.0462
2106,31.13,78.47,10.76,3862.0,110.4,-0.6129,14.09,0.19,14.55,15.66,61.95,79.65,0.05,27.17,177.0,0.2492,0.3817,yellow,1,0.31,0.24,0.14,0.37,0.0409
2107,31.13,78.49,10.5,3981.0,199.1,0.4904,14.12,0.218,14.92,16.0,63.91,82.17,0.05,25.77,182.6,0.2511,0.373,yellow,1,0.27,0.28,0.22,0.37,0.0449
2108,31.13,78.51,13.16,4116.0,130.4,0.4904,13.88,0.189,15.51,16.55,65.38,84.06,0.05,24.04,186.8,0.281,0.3664,yellow,1,0.25,0.28,0.2,0.37,0.0503
2109,31.13,78.53,20.0,3727.8,180.0,0.0,8.0,0.281,16.31,17.3,68.63,88.25,0.05,22.35,196.1,0.3569,0.4283,yellow,1,0.24,0.09,0.37,0.37,0.0564
2110,31.13,78.55,7.71,4557.0,231.0,1.5,14.43,0.117,17.28,18.21,64.26,82.62,0.05,20.68,183.6,0.224,0.4168,yellow,1,0.29,0.33,0.2,0.37,0.063
2111,31.13,78.57,20.0,3424.4,180.0,0.0,8.0,0.438,18.39,19.07,68.98,88.69,0.05,19.07,197.1,0.3577,0.4231,yellow,1,0.21,0.09,0.37,0.37,0.0701
2112,31.13,78.59,12.15,4712.0,311.2,0.4904,13.96,0.104,18.06,17.51,60.02,77.17,0.05,17.51,171.5,0.2587,0.3442,yellow,1,0.27,0.24,0.13,0.37,0.0778
2113,31.13,78.61,20.0,3527.8,180.0,0.0,8.0,0.341,16.61,16.02,63.63,81.81,0.05,16.02,181.8,0.3454,0.418,yellow,1,0.18,0.09,0.37,0.37,0.0859
2114,31.13,78.63,38.58,5116.0,270.3,-1.5,12.66,0.164,15.25,14.63,52.95,68.09,0.05,14.63,151.3,0.5068,0.6323,orange,2,0.6,0.13,0.16,0.3,0.0942
2115,31.13,78.65,36.06,4951.0,53.8,0.6129,12.75,0.175,14.01,13.37,52.29,67.23,0.05,13.37,149.4,0.4801,0.522,orange,2,0.48,0.13,0.16,0.3,0.1025
2116,31.13,78.67,49.77,4853.0,140.9,1.5,12.26,0.139,12.94,12.27,52.43,67.41,0.05,12.27,149.8,0.5698,0.6847,red,3,0.65,0.13,0.23,0.3,0.1103
2117,31.13,78.69,11.81,4156.0,49.0,-0.2452,13.99,0.135,12.07,11.39,57.02,73.31,0.05,11.39,162.9,0.2663,0.3359,yellow,1,0.27,0.24,0.08,0.3,0.117
2118,31.13,78.71,20.92,3718.0,109.5,-1.5,13.39,0.209,11.46,10.77,61.28,78.8,0.05,10.77,175.1,0.3852,0.5019,orange,2,0.42,0.21,0.33,0.3,0.122
2119,31.13,78.73,28.79,4193.0,200.3,-1.1033,13.03,0.221,11.14,10.46,61.32,78.84,0.05,10.46,175.2,0.4729,0.5995,orange,2,0.54,0.21,0.28,0.3,0.1245
2120,31.13,78.75,19.81,4893.0,206.7,-0.7355,13.45,0.179,11.06,10.5,60.13,77.31,0.05,10.5,171.8,0.3794,0.4543,orange,2,0.38,0.21,0.24,0.3,0.1242
2121,31.13,78.77,15.86,4807.0,208.1,-0.1226,13.69,0.15,10.39,10.87,62.41,80.24,0.05,10.87,178.3,0.3343,0.4015,yellow,1,0.32,0.21,0.24,0.3,0.1211
2122,31.13,78.79,20.0,3238.6,180.0,0.0,8.0,0.504,10.04,11.54,71.36,91.76,0.05,11.54,203.9,0.3764,0.4231,yellow,1,0.21,0.09,0.37,0.3,0.1158
2123,31.13,78.81,33.14,4448.0,128.0,-0.3678,12.86,0.207,10.04,12.13,64.43,82.84,0.05,12.13,184.1,0.4787,0.5252,orange,2,0.46,0.17,0.28,0.3,0.1114
2124,31.13,78.83,20.0,3685.4,180.0,0.0,8.0,0.253,10.39,12.66,66.74,85.81,0.05,12.66,190.7,0.3526,0.4283,yellow,1,0.24,0.09,0.37,0.3,0.1075
2125,31.13,78.85,4.65,5329.0,351.4,-1.2259,14.94,0.161,11.06,13.43,55.68,71.59,0.05,13.43,159.1,0.1738,0.4337,yellow,1,0.33,0.36,0.08,0.3,0.1021
2126,31.13,78.87,40.91,4664.0,58.8,0.4904,12.57,0.161,11.69,14.42,56.59,72.77,0.05,14.42,161.7,0.5385,0.522,orange,2,0.48,0.13,0.16,0.3,0.0956
2127,31.13,78.89,20.0,3912.6,180.0,0.0,8.0,0.219,10.55,15.57,58.48,75.19,0.05,14.71,167.1,0.3337,0.2882,yellow,1,0.24,0.05,0.17,0.3,0.0938
2128,31.13,78.91,20.0,3767.3,180.0,0.0,8.0,0.242,9.66,15.25,58.17,74.79,0.05,14.46,166.2,0.333,0.3767,yellow,1,0.24,0.05,0.32,0.3,0.0953
2129,31.13,78.93,20.0,3713.4,180.0,0.0,8.0,0.244,9.08,15.02,58.66,75.42,0.05,14.46,167.6,0.3341,0.3767,yellow,1,0.24,0.05,0.32,0.3,0.0953
2130,31.13,78.95,32.67,3687.0,40.6,1.1033,12.87,0.228,8.88,15.02,60.23,77.44,0.05,14.71,172.1,0.4644,0.4766,orange,2,0.4,0.13,0.34,0.3,0.0938
2131,31.13,78.97,20.0,3891.7,180.0,0.0,8.0,0.161,9.08,15.25,61.42,78.98,0.05,15.19,175.5,0.3404,0.2991,yellow,1,0.24,0.05,0.22,0.37,0.0908
2132,31.13,78.99,40.37,4604.0,313.6,-0.6129,12.59,0.129,9.66,15.72,60.3,77.54,0.05,15.72,172.3,0.5415,0.6194,orange,2,0.58,0.13,0.21,0.37,0.0877
2133,31.13,79.01,20.0,3920.5,180.0,0.0,8.0,0.227,10.55,16.39,66.15,85.05,0.05,16.39,189.0,0.3512,0.3062,yellow,1,0.24,0.09,0.22,0.37,0.0838
2134,31.13,79.03,20.0,4108.3,180.0,0.0,8.0,0.172,11.69,17.25,66.53,85.55,0.05,17.25,190.1,0.3521,0.3103,yellow,1,0.24,0.09,0.24,0.37,0.0791
2135,31.13,79.05,20.0,4032.4,180.0,0.0,8.0,0.227,13.0,18.27,67.09,86.27,0.05,18.27,191.7,0.3534,0.3103,yellow,1,0.24,0.09,0.24,0.37,0.074
2136,31.15,77.85,20.0,3012.6,180.0,0.0,8.0,0.675,15.29,24.39,67.06,86.22,0.05,32.71,191.6,0.3533,0.5089,orange,2,0.17,0.09,0.47,0.37,0.0282
2137,31.15,77.87,20.0,2872.6,180.0,0.0,8.0,0.681,13.54,22.54,64.5,82.94,0.05,30.86,184.3,0.3474,0.5155,orange,2,0.17,0.14,0.47,0.33,0.0319
2138,31.15,77.89,20.0,2681.4,180.0,0.0,8.0,0.62,11.83,20.71,63.07,81.09,0.05,29.02,180.2,0.3442,0.5251,orange,2,0.24,0.14,0.47,0.33,0.0361
2139,31.15,77.91,20.0,2302.9,180.0,0.0,8.0,0.704,10.19,18.88,59.74,76.81,0.05,27.19,170.7,0.3366,0.5145,orange,2,0.2,0.1,0.47,0.29,0.0408
2140,31.15,77.93,20.0,2236.7,180.0,0.0,8.0,0.678,8.66,17.08,59.36,76.32,0.05,25.37,169.6,0.3357,0.4687,orange,2,0.2,0.1,0.42,0.29,0.0461
2141,31.15,77.95,20.0,2436.3,180.0,0.0,8.0,0.656,7.31,15.29,64.96,83.52,0.05,23.57,185.6,0.3485,0.5196,orange,2,0.2,0.14,0.47,0.29,0.052
2142,31.15,77.97,20.0,2378.7,180.0,0.0,8.0,0.703,6.24,13.54,67.2,86.4,0.05,21.78,192.0,0.3536,0.5196,orange,2,0.2,0.14,0.47,0.22,0.0585
2143,31.15,77.99,20.0,2137.3,180.0,0.0,8.0,0.611,5.63,11.83,66.57,85.59,0.05,20.0,190.2,0.3522,0.4355,yellow,1,0.24,0.14,0.37,0.22,0.0659
2144,31.15,78.01,20.0,2002.5,180.0,0.0,8.0,0.649,5.63,10.19,67.06,86.22,0.05,18.26,191.6,0.3533,0.4355,yellow,1,0.24,0.14,0.37,0.22,0.074
2145,31.15,78.03,27.97,3541.0,272.6,0.1226,13.06,0.396,6.24,8.66,71.36,91.76,0.05,16.55,203.9,0.4428,0.4169,yellow,1,0.32,0.25,0.3,0.3,0.083
2146,31.15,78.05,23.99,3223.0,16.9,-0.7357,13.24,0.545,7.31,7.31,72.8,93.6,0.05,14.88,208.0,0.4063,0.4083,yellow,1,0.31,0.25,0.3,0.22,0.0927
2147,31.15,78.07,35.11,2297.0,336.2,0.7357,12.78,0.649,6.24,6.24,71.33,91.71,0.05,13.28,203.8,0.5141,0.5679,orange,2,0.48,0.22,0.44,0.14,0.1032
2148,31.15,78.09,6.35,1662.0,136.3,-0.1226,14.62,0.731,5.63,5.63,57.64,74.11,0.05,11.77,164.7,0.2021,0.4455,yellow,1,0.18,0.38,0.21,0.14,0.1141
2149,31.15,78.11,30.32,2186.0,201.5,1.2262,12.97,0.622,5.63,5.63,63.0,81.0,0.05,10.38,180.0,0.4945,0.5392,orange,2,0.44,0.18,0.45,0.14,0.1251
2150,31.15,78.13,28.81,2411.0,54.8,0.8583,13.03,0.663,6.24,6.24,63.77,81.99,0.05,9.18,182.2,0.5161,0.5136,orange,2,0.34,0.3,0.42,0.14,0.1356
2151,31.15,78.15,27.5,3173.0,199.1,-0.7357,13.08,0.545,7.31,7.31,59.88,77.0,0.05,8.25,171.1,0.5213,0.6097,orange,2,0.45,0.21,0.53,0.22,0.1443
2152,31.15,78.17,21.27,3427.0,64.8,0.0,13.37,0.41,8.66,7.68,58.31,74.97,0.05,7.68,166.6,0.4719,0.3592,yellow,1,0.25,0.21,0.27,0.22,0.0308
2153,31.15,78.19,47.07,3659.0,244.2,1.5,12.36,0.337,10.19,7.56,58.52,75.24,0.05,7.56,167.2,0.7132,0.59,orange,2,0.53,0.13,0.34,0.22,0.032
2154,31.15,78.21,24.25,3151.0,39.0,1.3488,13.23,0.605,11.83,7.91,63.94,82.22,0.05,7.91,182.7,0.5079,0.4987,orange,2,0.27,0.25,0.42,0.22,0.0298
2155,31.15,78.23,7.69,2466.0,73.7,0.7357,14.43,0.668,13.54,8.67,70.17,90.23,0.05,8.65,200.5,0.335,0.4703,orange,2,0.17,0.38,0.38,0.14,0.1404
2156,31.15,78.25,32.5,2315.0,260.2,0.1226,12.88,0.672,15.29,9.75,70.88,91.12,0.05,9.64,202.5,0.5559,0.5666,orange,2,0.36,0.22,0.49,0.22,0.1315
2157,31.15,78.27,20.0,2675.0,180.0,0.0,8.0,0.649,17.08,11.05,75.28,96.8,0.05,10.87,215.1,0.4051,0.5251,orange,2,0.24,0.14,0.47,0.26,0.1211
2158,31.15,78.29,31.64,3270.0,127.3,-1.5,12.91,0.549,18.88,12.51,72.91,93.74,0.05,12.27,208.3,0.483,0.5681,orange,2,0.49,0.17,0.41,0.3,0.1103
2159,31.15,78.31,37.34,4085.0,143.1,0.6131,12.7,0.2,20.71,14.07,67.66,86.99,0.05,13.8,193.3,0.528,0.5779,orange,2,0.52,0.17,0.28,0.3,0.0997
2160,31.15,78.33,34.95,4528.0,151.6,0.1226,12.79,0.118,20.18,15.71,62.89,80.86,0.05,15.4,179.7,0.4933,0.5262,orange,2,0.46,0.13,0.32,0.3,0.0895
2161,31.15,78.35,27.11,4531.0,292.3,-0.4905,13.1,0.171,19.17,17.4,59.57,76.59,0.05,17.07,170.2,0.4073,0.4978,orange,2,0.44,0.21,0.17,0.37,0.0801
2162,31.15,78.37,20.0,4351.0,180.0,0.0,8.0,0.199,18.3,19.13,57.16,73.49,0.05,18.78,163.3,0.3306,0.2926,yellow,1,0.24,0.05,0.19,0.37,0.0715
2163,31.15,78.39,38.63,4236.0,320.3,1.4714,12.65,0.197,17.6,18.65,55.16,70.92,0.05,20.53,157.6,0.5124,0.5404,orange,2,0.5,0.13,0.16,0.37,0.0636
2164,31.15,78.41,20.0,3597.4,180.0,0.0,8.0,0.285,17.08,18.16,57.33,73.71,0.05,22.3,163.8,0.331,0.3767,yellow,1,0.24,0.05,0.32,0.37,0.0565
2165,31.15,78.43,22.64,3477.0,270.6,0.3678,13.3,0.367,16.76,17.86,58.45,75.15,0.05,24.09,167.0,0.36,0.3417,yellow,1,0.25,0.21,0.25,0.37,0.0502
2166,31.15,78.45,34.46,4120.0,209.7,-1.5,12.81,0.203,16.65,17.76,57.16,73.49,0.05,25.89,163.3,0.4752,0.5904,orange,2,0.54,0.13,0.27,0.37,0.0445
2167,31.15,78.47,20.0,4627.0,180.0,0.0,8.0,0.167,16.76,17.86,57.61,74.07,0.05,27.71,164.6,0.3317,0.2926,yellow,1,0.24,0.05,0.19,0.37,0.0394
2168,31.15,78.49,20.0,3488.8,180.0,0.0,8.0,0.418,17.08,18.16,67.02,86.17,0.05,26.74,191.5,0.3532,0.4231,yellow,1,0.21,0.09,0.37,0.37,0.042
2169,31.15,78.51,20.0,4002.0,180.0,0.0,8.0,0.17,17.6,18.65,67.23,86.44,0.05,25.09,192.1,0.3537,0.3103,yellow,1,0.24,0.09,0.24,0.37,0.047
2170,31.15,78.53,20.0,4439.0,180.0,0.0,8.0,0.125,18.3,19.32,66.57,85.59,0.05,23.46,190.2,0.3522,0.3466,yellow,1,0.28,0.09,0.24,0.37,0.0523
2171,31.15,78.55,20.0,3779.3,180.0,0.0,8.0,0.163,19.17,20.14,70.0,90.0,0.05,21.89,200.0,0.36,0.4283,yellow,1,0.24,0.09,0.37,0.37,0.0581
2172,31.15,78.57,20.0,3713.8,180.0,0.0,8.0,0.235,20.18,20.37,68.7,88.34,0.05,20.37,196.3,0.357,0.4283,yellow,1,0.24,0.09,0.37,0.37,0.0643
2173,31.15,78.59,6.76,4965.0,331.4,0.1226,14.56,0.121,19.51,18.92,59.22,76.14,0.05,18.92,169.2,0.203,0.356,yellow,1,0.25,0.29,0.08,0.37,0.0708
2174,31.15,78.61,20.0,3273.9,180.0,0.0,8.0,0.506,18.16,17.55,64.68,83.16,0.05,17.55,184.8,0.3478,0.4231,yellow,1,0.21,0.09,0.37,0.37,0.0776
2175,31.15,78.63,54.31,4841.0,76.2,0.7357,12.1,0.105,16.93,16.29,53.3,68.54,0.05,16.29,152.3,0.5718,0.6231,orange,2,0.59,0.13,0.16,0.37,0.0844
2176,31.15,78.65,15.18,4110.0,16.5,-0.1226,13.73,0.152,15.83,15.17,55.12,70.88,0.05,15.17,157.5,0.2778,0.339,yellow,1,0.28,0.21,0.08,0.37,0.091
2177,31.15,78.67,41.85,4164.0,279.7,0.1226,12.54,0.175,14.89,14.21,54.36,69.89,0.05,14.21,155.3,0.5427,0.522,orange,2,0.48,0.13,0.16,0.3,0.097
2178,31.15,78.69,5.88,3861.0,336.8,0.1226,14.7,0.202,14.14,13.45,57.19,73.53,0.05,13.45,163.4,0.1895,0.3448,yellow,1,0.21,0.29,0.06,0.3,0.102
2179,31.15,78.71,31.32,4264.0,201.1,1.5,12.93,0.165,13.62,12.93,57.68,74.16,0.05,12.93,164.8,0.445,0.5013,orange,2,0.44,0.13,0.27,0.3,0.1056
2180,31.15,78.73,26.9,4909.0,273.7,0.6131,13.11,0.091,13.35,12.68,57.64,74.11,0.05,12.68,164.7,0.4008,0.473,orange,2,0.42,0.21,0.12,0.3,0.1074
2181,31.15,78.75,30.49,4450.0,184.7,-0.2452,12.96,0.149,13.1,12.71,63.35,81.45,0.05,12.71,181.0,0.4497,0.5306,orange,2,0.46,0.17,0.32,0.3,0.1072
2182,31.15,78.77,32.74,5583.0,235.0,-0.7357,12.87,0.06,12.54,13.01,59.81,76.91,0.05,13.01,170.9,0.4641,0.556,orange,2,0.5,0.13,0.28,0.3,0.105
2183,31.15,78.79,30.65,4232.0,331.4,1.5,12.95,0.186,12.25,13.58,67.86,87.26,0.05,13.58,193.9,0.4616,0.462,orange,2,0.4,0.17,0.21,0.3,0.1011
2184,31.15,78.81,36.95,4655.0,237.7,-0.9809,12.71,0.135,12.25,14.31,64.89,83.43,0.05,14.31,185.4,0.5178,0.6483,orange,2,0.6,0.17,0.28,0.3,0.0963
2185,31.15,78.83,20.0,3814.2,180.0,0.0,8.0,0.188,12.54,14.76,67.02,86.17,0.05,14.76,191.5,0.3532,0.3062,yellow,1,0.24,0.09,0.22,0.3,0.0935
2186,31.15,78.85,3.64,5150.0,215.0,0.3678,15.19,0.104,13.1,15.43,56.77,72.99,0.05,15.43,162.2,0.1662,0.4361,yellow,1,0.29,0.36,0.15,0.37,0.0894
2187,31.15,78.87,20.0,3833.9,180.0,0.0,8.0,0.187,13.45,16.29,60.3,77.54,0.05,16.29,172.3,0.3378,0.2991,yellow,1,0.24,0.05,0.22,0.37,0.0844
2188,31.15,78.89,44.24,5218.0,233.0,0.1226,12.46,0.08,12.48,17.32,50.29,64.66,0.05,16.89,143.7,0.5574,0.5856,orange,2,0.54,0.13,0.23,0.37,0.0811
2189,31.15,78.91,20.0,3755.0,180.0,0.0,8.0,0.268,11.73,17.44,56.56,72.72,0.05,16.68,161.6,0.3293,0.3767,yellow,1,0.24,0.05,0.32,0.37,0.0822
2190,31.15,78.93,20.0,4098.8,180.0,0.0,8.0,0.224,11.26,17.23,55.02,70.74,0.05,16.68,157.2,0.3258,0.2926,yellow,1,0.24,0.05,0.19,0.37,0.0822
2191,31.15,78.95,20.0,3753.0,180.0,0.0,8.0,0.277,11.1,17.23,58.73,75.51,0.05,16.89,167.8,0.3342,0.3767,yellow,1,0.24,0.05,0.32,0.37,0.0811
2192,31.15,78.97,20.0,4051.2,180.0,0.0,8.0,0.193,11.26,17.44,60.2,77.4,0.05,17.31,172.0,0.3376,0.3034,yellow,1,0.24,0.05,0.24,0.37,0.0788
2193,31.15,78.99,20.0,4093.5,180.0,0.0,8.0,0.151,11.73,17.85,63.42,81.54,0.05,17.85,181.2,0.345,0.3103,yellow,1,0.24,0.09,0.24,0.37,0.0761
2194,31.15,79.01,20.0,4045.0,180.0,0.0,8.0,0.174,12.48,18.45,66.67,85.73,0.05,18.45,190.5,0.3524,0.3103,yellow,1,0.24,0.09,0.24,0.37,0.0731
2195,31.15,79.03,20.0,3844.9,180.0,0.0,8.0,0.161,13.45,19.21,69.54,89.41,0.05,19.21,198.7,0.359,0.3062,yellow,1,0.24,0.09,0.22,0.37,0.0695
2196,31.15,79.05,20.0,4011.8,180.0,0.0,8.0,0.168,14.61,20.13,68.88,88.56,0.05,20.13,196.8,0.3574,0.3103,yellow,1,0.24,0.09,0.24,0.37,0.0653
2197,31.17,77.85,20.0,3314.5,180.0,0.0,8.0,0.503,14.63,24.99,65.52,84.24,0.05,33.29,187.2,0.3498,0.4231,yellow,1,0.21,0.09,0.37,0.37,0.0272
2198,31.17,77.87,20.0,3089.5,180.0,0.0,8.0,0.6,12.79,23.19,63.73,81.94,0.05,31.48,182.1,0.3457,0.5147,orange,2,0.21,0.09,0.47,0.37,0.0307
2199,31.17,77.89,20.0,2555.1,180.0,0.0,8.0,0.649,10.97,21.41,64.36,82.76,0.05,29.68,183.9,0.3471,0.5251,orange,2,0.24,0.14,0.47,0.33,0.0346
2200,31.17,77.91,20.0,2408.0,180.0,0.0,8.0,0.648,9.18,19.65,62.23,80.01,0.05,27.89,177.8,0.3422,0.5202,orange,2,0.24,0.1,0.47,0.29,0.0389
2201,31.17,77.93,20.0,2541.0,180.0,0.0,8.0,0.654,7.44,17.92,64.22,82.58,0.05,26.12,183.5,0.3468,0.5196,orange,2,0.2,0.14,0.47,0.33,0.0438
2202,31.17,77.95,20.0,2470.3,180.0,0.0,8.0,0.613,5.8,16.23,65.94,84.78,0.05,24.37,188.4,0.3507,0.5251,orange,2,0.24,0.14,0.47,0.29,0.0492
2203,31.17,77.97,20.0,2367.1,180.0,0.0,8.0,0.631,4.38,14.59,67.09,86.27,0.05,22.64,191.7,0.3534,0.5275,orange,2,0.24,0.16,0.47,0.22,0.0553
2204,31.17,77.99,20.0,2373.2,180.0,0.0,8.0,0.63,3.46,13.02,70.24,90.31,0.05,20.94,200.7,0.3606,0.5275,orange,2,0.24,0.16,0.47,0.22,0.0619
2205,31.17,78.01,24.02,3127.0,82.1,-0.3679,13.24,0.633,3.46,11.55,71.54,91.98,0.05,19.28,204.4,0.4037,0.4893,orange,2,0.31,0.27,0.4,0.3,0.0691
2206,31.17,78.03,21.96,2964.0,83.9,0.0,13.34,0.661,4.38,10.23,73.67,94.73,0.05,17.67,210.5,0.388,0.4833,orange,2,0.21,0.32,0.4,0.26,0.077
2207,31.17,78.05,26.05,2545.0,43.4,0.3679,13.15,0.612,5.8,9.11,75.67,97.29,0.05,16.12,216.2,0.4335,0.5019,orange,2,0.38,0.3,0.4,0.26,0.0853
2208,31.17,78.07,39.73,2458.0,42.2,1.4717,12.61,0.572,7.44,8.28,73.53,94.55,0.05,14.66,210.1,0.5654,0.5845,orange,2,0.5,0.22,0.44,0.22,0.0941
2209,31.17,78.09,41.56,1794.0,47.7,-0.4906,12.55,0.588,7.83,7.83,59.67,76.73,0.05,13.3,170.5,0.552,0.5733,orange,2,0.51,0.22,0.27,0.14,0.103
2210,31.17,78.11,40.01,2293.0,276.5,1.5,12.6,0.656,7.83,7.83,64.99,83.56,0.05,12.09,185.7,0.5487,0.5512,orange,2,0.46,0.22,0.44,0.14,0.1117
2211,31.17,78.13,30.79,2169.0,114.4,-0.2453,12.95,0.615,8.28,8.28,60.2,77.4,0.05,11.08,172.0,0.4724,0.487,orange,2,0.4,0.18,0.37,0.22,0.1195
2212,31.17,78.15,45.92,2302.0,156.4,-0.3679,12.4,0.61,9.11,9.11,60.76,78.12,0.05,10.32,173.6,0.6379,0.7163,red,3,0.65,0.18,0.55,0.22,0.1257
2213,31.17,78.17,15.84,2664.0,143.2,1.5,13.69,0.695,10.23,9.87,63.03,81.05,0.05,9.87,180.1,0.3646,0.5342,orange,2,0.3,0.3,0.45,0.26,0.1295
2214,31.17,78.19,31.23,3513.0,156.0,-0.6132,12.93,0.362,11.55,9.78,59.85,76.95,0.05,9.78,171.0,0.5139,0.5488,orange,2,0.42,0.13,0.47,0.3,0.1303
2215,31.17,78.21,38.5,2971.0,358.2,-0.4906,12.66,0.598,13.02,10.05,65.17,83.79,0.05,10.05,186.2,0.5908,0.5928,orange,2,0.51,0.22,0.44,0.26,0.1279
2216,31.17,78.23,25.93,2703.0,162.6,0.3679,13.15,0.674,14.59,10.66,69.61,89.51,0.05,10.66,198.9,0.4574,0.5932,orange,2,0.38,0.3,0.51,0.26,0.1228
2217,31.17,78.25,35.18,3582.0,282.4,0.3679,12.78,0.372,16.23,11.56,67.86,87.26,0.05,11.5,193.9,0.5215,0.4987,orange,2,0.42,0.17,0.34,0.3,0.1161
2218,31.17,78.27,38.2,3703.0,287.9,1.5,12.67,0.308,17.92,12.67,69.27,89.06,0.05,12.55,197.9,0.5403,0.516,orange,2,0.44,0.17,0.34,0.3,0.1083
2219,31.17,78.29,20.0,2959.1,180.0,0.0,8.0,0.619,19.65,13.96,73.81,94.91,0.05,13.79,210.9,0.3687,0.521,orange,2,0.21,0.14,0.47,0.26,0.0997
2220,31.17,78.31,20.0,3378.0,180.0,0.0,8.0,0.446,21.41,15.38,70.73,90.94,0.05,15.16,202.1,0.3617,0.4231,yellow,1,0.21,0.09,0.37,0.3,0.091
2221,31.17,78.33,24.07,4161.0,170.1,-0.8585,13.23,0.225,22.05,16.89,64.43,82.84,0.05,16.63,184.1,0.388,0.4656,orange,2,0.38,0.25,0.28,0.37,0.0825
2222,31.17,78.35,19.65,4178.0,128.5,0.6132,13.46,0.149,21.13,18.47,61.39,78.93,0.05,18.19,175.4,0.3368,0.4129,yellow,1,0.34,0.21,0.2,0.37,0.0744
2223,31.17,78.37,59.37,5069.0,138.2,0.6132,11.91,0.111,20.34,20.11,53.72,69.08,0.05,19.8,153.5,0.5728,0.6306,orange,2,0.59,0.13,0.23,0.37,0.0668
2224,31.17,78.39,10.76,4590.0,4.9,1.1038,14.09,0.203,19.71,20.78,53.9,69.3,0.05,21.47,154.0,0.2308,0.3177,yellow,1,0.25,0.24,0.08,0.37,0.0598
2225,31.17,78.41,32.64,4578.0,231.6,0.9811,12.87,0.204,19.25,20.34,52.92,68.04,0.05,23.16,151.2,0.4474,0.4594,orange,2,0.4,0.13,0.23,0.37,0.0534
2226,31.17,78.43,31.32,3854.0,191.5,0.0,12.93,0.176,18.97,20.07,57.16,73.49,0.05,24.89,163.3,0.4438,0.4805,orange,2,0.42,0.13,0.25,0.37,0.0476
2227,31.17,78.45,5.49,3834.0,284.3,-0.4906,14.77,0.218,18.87,19.98,59.11,76.01,0.05,26.64,168.9,0.19,0.3568,yellow,1,0.27,0.29,0.06,0.37,0.0423
2228,31.17,78.47,18.07,4095.0,166.4,1.5,13.55,0.183,18.97,20.07,60.55,77.85,0.05,28.41,173.0,0.3191,0.4191,yellow,1,0.34,0.21,0.24,0.37,0.0376
2229,31.17,78.49,21.58,4348.0,135.9,-0.8585,13.36,0.177,19.25,20.34,62.3,80.1,0.05,27.86,178.0,0.3582,0.4543,orange,2,0.38,0.21,0.24,0.37,0.039
2230,31.17,78.51,20.0,4918.0,180.0,0.0,8.0,0.112,19.71,20.78,61.88,79.56,0.05,26.28,176.8,0.3414,0.34,yellow,1,0.28,0.05,0.24,0.37,0.0434
2231,31.17,78.53,20.0,3953.5,180.0,0.0,8.0,0.179,20.34,21.38,68.39,87.93,0.05,24.73,195.4,0.3563,0.3062,yellow,1,0.24,0.09,0.22,0.37,0.0481
2232,31.17,78.55,20.0,4649.0,180.0,0.0,8.0,0.184,21.13,22.12,64.75,83.25,0.05,23.24,185.0,0.348,0.3103,yellow,1,0.24,0.09,0.24,0.37,0.0531
2233,31.17,78.57,20.0,3911.9,180.0,0.0,8.0,0.183,22.05,21.82,67.13,86.31,0.05,21.82,191.8,0.3534,0.3062,yellow,1,0.24,0.09,0.22,0.37,0.0584
2234,31.17,78.59,29.0,5198.0,281.8,-1.3491,13.02,0.084,21.08,20.47,57.78,74.3,0.05,20.47,165.1,0.4221,0.5821,orange,2,0.54,0.21,0.12,0.37,0.0639
2235,31.17,78.61,18.55,5092.0,282.2,0.0,13.52,0.135,19.85,19.21,55.27,71.06,0.05,19.21,157.9,0.3118,0.3757,yellow,1,0.32,0.21,0.08,0.37,0.0695
2236,31.17,78.63,15.16,4428.0,241.9,0.6132,13.74,0.174,18.73,18.07,55.96,71.95,0.05,18.07,159.9,0.2795,0.3623,yellow,1,0.3,0.21,0.11,0.37,0.075
2237,31.17,78.65,10.55,4910.0,294.0,-0.6132,14.11,0.143,17.74,17.06,51.59,66.33,0.05,17.06,147.4,0.2234,0.3905,yellow,1,0.33,0.24,0.08,0.37,0.0802
2238,31.17,78.67,29.37,4923.0,269.5,0.8585,13.0,0.156,16.9,16.22,51.1,65.7,0.05,16.22,146.0,0.4105,0.4469,yellow,1,0.4,0.13,0.15,0.37,0.0848
2239,31.17,78.69,31.85,4416.0,31.4,-1.5,12.91,0.171,16.25,15.56,54.84,70.52,0.05,15.56,156.7,0.4439,0.5404,orange,2,0.5,0.13,0.16,0.37,0.0886
2240,31.17,78.71,21.62,4929.0,210.7,1.5,13.35,0.183,15.8,15.11,54.49,70.06,0.05,15.11,155.7,0.3408,0.4113,yellow,1,0.34,0.21,0.19,0.37,0.0913
2241,31.17,78.73,27.78,4800.0,272.1,0.2453,13.07,0.141,15.57,14.89,58.17,74.79,0.05,14.89,166.2,0.4108,0.473,orange,2,0.42,0.21,0.12,0.3,0.0926
2242,31.17,78.75,21.74,4814.0,170.1,0.0,13.35,0.165,15.19,14.92,61.07,78.53,0.05,14.92,174.5,0.357,0.408,yellow,1,0.32,0.21,0.28,0.3,0.0925
2243,31.17,78.77,20.0,5412.0,180.0,0.0,8.0,0.104,14.71,15.18,60.09,77.27,0.05,15.18,171.7,0.3374,0.34,yellow,1,0.28,0.05,0.24,0.37,0.0909
2244,31.17,78.79,42.73,4527.0,345.5,-0.9811,12.51,0.139,14.46,15.67,65.59,84.33,0.05,15.67,187.4,0.5772,0.6234,orange,2,0.58,0.17,0.21,0.37,0.0879
2245,31.17,78.81,20.0,3743.3,180.0,0.0,8.0,0.255,14.46,16.37,69.02,88.74,0.05,16.37,197.2,0.3578,0.4283,yellow,1,0.24,0.09,0.37,0.37,0.0839
2246,31.17,78.83,6.25,4944.0,6.4,0.1226,14.64,0.168,14.71,16.89,60.69,78.03,0.05,16.89,173.4,0.2012,0.3566,yellow,1,0.21,0.29,0.13,0.37,0.0811
2247,31.17,78.85,25.73,4866.0,120.1,-1.5,13.16,0.17,15.19,17.48,58.2,74.84,0.05,17.48,166.3,0.3903,0.5719,orange,2,0.52,0.21,0.19,0.37,0.078
2248,31.17,78.87,32.52,4915.0,102.0,0.9811,12.88,0.129,15.34,18.25,54.88,70.56,0.05,18.25,156.8,0.4506,0.4896,orange,2,0.44,0.13,0.19,0.37,0.0741
2249,31.17,78.89,20.0,3826.9,180.0,0.0,8.0,0.198,14.49,19.17,58.17,74.79,0.05,19.08,166.2,0.333,0.2882,yellow,1,0.24,0.05,0.17,0.37,0.07
2250,31.17,78.91,8.44,4660.0,55.0,0.9811,14.34,0.166,13.85,19.63,52.53,67.55,0.05,18.89,150.1,0.2045,0.3521,yellow,1,0.23,0.29,0.08,0.37,0.0709
2251,31.17,78.93,1.07,3817.0,220.6,0.9811,16.41,0.173,13.45,19.45,57.19,73.53,0.05,18.89,163.4,0.1414,0.4267,yellow,1,0.25,0.36,0.13,0.37,0.0709
2252,31.17,78.95,36.85,4802.0,222.9,0.0,12.72,0.16,13.32,19.45,53.72,69.08,0.05,19.08,153.5,0.4913,0.5675,orange,2,0.52,0.13,0.23,0.37,0.07
2253,31.17,78.97,20.0,4408.9,180.0,0.0,8.0,0.188,13.45,19.63,58.48,75.19,0.05,19.46,167.1,0.3337,0.2926,yellow,1,0.24,0.05,0.19,0.37,0.0683
2254,31.17,78.99,20.0,4305.4,180.0,0.0,8.0,0.201,13.85,20.0,62.12,79.88,0.05,20.0,177.5,0.342,0.3034,yellow,1,0.24,0.05,0.24,0.37,0.0659
2255,31.17,79.01,20.0,3979.4,180.0,0.0,8.0,0.147,14.49,20.53,66.5,85.5,0.05,20.53,190.0,0.352,0.3427,yellow,1,0.28,0.09,0.22,0.37,0.0636
2256,31.17,79.03,20.0,4053.3,180.0,0.0,8.0,0.235,15.34,21.22,67.76,87.12,0.05,21.22,193.6,0.3549,0.3103,yellow,1,0.24,0.09,0.24,0.37,0.0607
2257,31.17,79.05,20.0,4385.1,180.0,0.0,8.0,0.165,16.36,22.06,66.22,85.14,0.05,22.06,189.2,0.3514,0.3103,yellow,1,0.24,0.09,0.24,0.37,0.0575
2258,31.19,77.85,20.0,3107.2,180.0,0.0,8.0,0.623,14.29,25.77,66.71,85.77,0.05,34.01,190.6,0.3525,0.5147,orange,2,0.21,0.09,0.47,0.37,0.0259
2259,31.19,77.87,20.0,2857.5,180.0,0.0,8.0,0.656,12.4,24.03,66.43,85.41,0.05,32.24,189.8,0.3518,0.5155,orange,2,0.17,0.14,0.47,0.33,0.0291
2260,31.19,77.89,20.0,2916.9,180.0,0.0,8.0,0.698,10.51,22.31,64.96,83.52,0.05,30.48,185.6,0.3485,0.5155,orange,2,0.17,0.14,0.47,0.33,0.0328
2261,31.19,77.91,20.0,2962.5,180.0,0.0,8.0,0.675,8.62,20.63,64.26,82.62,0.05,28.74,183.6,0.3469,0.5155,orange,2,0.17,0.14,0.47,0.33,0.0368
2262,31.19,77.93,20.0,2662.0,180.0,0.0,8.0,0.66,6.74,18.99,66.18,85.09,0.05,27.03,189.1,0.3513,0.5196,orange,2,0.2,0.14,0.47,0.33,0.0412
2263,31.19,77.95,20.0,2476.7,180.0,0.0,8.0,0.685,4.88,17.4,67.72,87.08,0.05,25.34,193.5,0.3548,0.5222,orange,2,0.2,0.16,0.47,0.29,0.0462
2264,31.19,77.97,20.0,2515.9,180.0,0.0,8.0,0.642,3.06,15.88,69.54,89.41,0.05,23.68,198.7,0.359,0.5275,orange,2,0.24,0.16,0.47,0.33,0.0516
2265,31.19,77.99,20.0,2383.2,180.0,0.0,8.0,0.695,1.46,14.46,69.3,89.1,0.05,22.07,198.0,0.3584,0.5432,orange,2,0.24,0.29,0.47,0.3,0.0574
2266,31.19,78.01,25.72,3030.0,344.4,0.736,13.16,0.685,1.46,13.15,69.79,89.73,0.05,20.5,199.4,0.4167,0.5098,orange,2,0.35,0.4,0.4,0.38,0.0638
2267,31.19,78.03,11.05,3520.0,275.6,0.0,14.06,0.389,3.06,12.0,67.9,87.3,0.05,18.99,194.0,0.2657,0.381,yellow,1,0.17,0.3,0.26,0.3,0.0705
2268,31.19,78.05,23.57,2639.0,350.9,0.0,13.26,0.606,4.88,11.06,72.41,93.11,0.05,17.56,206.9,0.4012,0.4919,orange,2,0.28,0.32,0.4,0.26,0.0776
2269,31.19,78.07,33.76,2074.0,176.9,0.0,12.83,0.652,6.74,10.39,65.1,83.7,0.05,16.22,186.0,0.4864,0.5352,orange,2,0.38,0.22,0.45,0.22,0.0848
2270,31.19,78.09,20.33,2869.0,111.7,0.2453,13.42,0.671,8.62,10.04,68.88,88.56,0.05,15.01,196.8,0.3607,0.5088,orange,2,0.23,0.3,0.43,0.26,0.0919
2271,31.19,78.11,27.15,3417.0,329.1,-1.5,13.1,0.425,10.04,10.04,64.36,82.76,0.05,13.95,183.9,0.4186,0.5455,orange,2,0.47,0.25,0.3,0.3,0.0987
2272,31.19,78.13,33.29,3045.0,345.0,0.0,12.85,0.687,10.39,10.39,64.89,83.43,0.05,13.08,185.4,0.4812,0.5118,orange,2,0.31,0.17,0.44,0.3,0.1045
2273,31.19,78.15,20.0,2094.5,180.0,0.0,8.0,0.61,11.06,11.06,60.02,77.17,0.05,12.44,171.5,0.3372,0.4297,yellow,1,0.24,0.1,0.37,0.22,0.1091
2274,31.19,78.17,17.63,2887.0,101.2,0.0,13.58,0.709,12.0,12.0,64.72,83.2,0.05,12.07,184.9,0.3242,0.4744,orange,2,0.23,0.3,0.39,0.26,0.1118
2275,31.19,78.19,24.52,3469.0,5.1,0.4907,13.21,0.425,13.15,12.0,62.33,80.14,0.05,12.0,178.1,0.3878,0.3856,yellow,1,0.25,0.21,0.3,0.3,0.1124
2276,31.19,78.21,20.0,2702.3,180.0,0.0,8.0,0.646,14.46,12.22,67.66,86.99,0.05,12.22,193.3,0.3546,0.5251,orange,2,0.24,0.14,0.47,0.26,0.1107
2277,31.19,78.23,20.0,2698.4,180.0,0.0,8.0,0.681,15.88,12.73,69.33,89.14,0.05,12.73,198.1,0.3585,0.5196,orange,2,0.2,0.14,0.47,0.26,0.107
2278,31.19,78.25,26.82,3313.0,190.6,0.2453,13.11,0.551,17.4,13.48,67.62,86.94,0.05,13.47,193.2,0.4228,0.506,orange,2,0.39,0.25,0.41,0.3,0.1018
2279,31.19,78.27,16.61,4158.0,149.0,-1.2267,13.64,0.173,18.99,14.45,64.26,82.62,0.05,14.38,183.6,0.313,0.5072,orange,2,0.44,0.25,0.2,0.3,0.0958
2280,31.19,78.29,47.45,4281.0,275.0,-0.2453,12.34,0.124,20.63,15.6,63.98,82.26,0.05,15.47,182.8,0.5962,0.6323,orange,2,0.59,0.17,0.21,0.3,0.0891
2281,31.19,78.31,40.42,4249.0,252.9,-0.736,12.59,0.151,22.31,16.87,63.66,81.86,0.05,16.7,181.9,0.5497,0.6087,orange,2,0.56,0.17,0.24,0.37,0.0821
2282,31.19,78.33,20.0,3361.4,180.0,0.0,8.0,0.475,23.97,18.26,67.16,86.36,0.05,18.05,191.9,0.3535,0.4231,yellow,1,0.21,0.09,0.37,0.37,0.075
2283,31.19,78.35,46.2,3880.0,280.7,-0.368,12.39,0.197,23.13,19.73,62.86,80.82,0.05,19.5,179.6,0.5937,0.6446,orange,2,0.61,0.13,0.19,0.37,0.0681
2284,31.19,78.37,19.47,4030.0,143.4,0.1227,13.47,0.195,22.42,21.27,60.48,77.76,0.05,21.01,172.8,0.3329,0.3951,yellow,1,0.32,0.21,0.2,0.37,0.0616
2285,31.19,78.39,21.92,4819.0,115.1,0.0,13.34,0.151,21.85,22.87,55.09,70.83,0.05,22.59,157.4,0.3451,0.369,yellow,1,0.3,0.21,0.15,0.37,0.0555
2286,31.19,78.41,13.01,4787.0,331.8,1.104,13.89,0.14,21.43,22.52,54.7,70.34,0.05,24.21,156.3,0.2551,0.3541,yellow,1,0.29,0.24,0.08,0.37,0.0498
2287,31.19,78.43,24.87,4122.0,324.8,0.1227,13.2,0.171,21.18,22.28,58.41,75.11,0.05,25.86,166.9,0.3822,0.3458,yellow,1,0.28,0.21,0.12,0.37,0.0446
2288,31.19,78.45,3.57,4373.0,256.8,0.4907,15.2,0.195,21.09,22.2,58.1,74.7,0.05,27.55,166.0,0.1685,0.4204,yellow,1,0.23,0.36,0.11,0.37,0.0398
2289,31.19,78.47,20.0,4060.6,180.0,0.0,8.0,0.194,21.18,22.28,61.21,78.7,0.05,29.27,174.9,0.3399,0.3034,yellow,1,0.24,0.05,0.24,0.37,0.0355
2290,31.19,78.49,20.0,3837.5,180.0,0.0,8.0,0.198,21.43,22.52,64.05,82.35,0.05,29.11,183.0,0.3464,0.3062,yellow,1,0.24,0.09,0.22,0.37,0.0359
2291,31.19,78.51,20.0,3785.0,180.0,0.0,8.0,0.194,21.85,22.92,65.69,84.47,0.05,27.59,187.7,0.3502,0.4283,yellow,1,0.24,0.09,0.37,0.37,0.0397
2292,31.19,78.53,12.91,5036.0,244.3,-1.472,13.9,0.084,22.42,23.46,59.92,77.04,0.05,26.13,171.2,0.2661,0.474,orange,2,0.41,0.24,0.16,0.37,0.0438
2293,31.19,78.55,14.59,5170.0,281.5,1.2267,13.77,0.084,23.13,24.15,59.18,76.09,0.05,24.72,169.1,0.2812,0.3541,yellow,1,0.29,0.24,0.08,0.37,0.0481
2294,31.19,78.57,20.0,3745.1,180.0,0.0,8.0,0.226,23.97,23.39,65.87,84.69,0.05,23.39,188.2,0.3506,0.4283,yellow,1,0.24,0.09,0.37,0.37,0.0526
2295,31.19,78.59,20.0,3893.3,180.0,0.0,8.0,0.241,22.77,22.13,63.73,81.94,0.05,22.13,182.1,0.3457,0.3062,yellow,1,0.24,0.09,0.22,0.37,0.0572
2296,31.19,78.61,35.03,5218.0,344.9,-0.368,12.78,0.083,21.63,20.98,55.12,70.88,0.05,20.98,157.5,0.4763,0.6139,orange,2,0.58,0.13,0.16,0.37,0.0617
2297,31.19,78.63,23.13,4641.0,197.7,0.0,13.28,0.197,20.61,19.94,56.66,72.86,0.05,19.94,161.9,0.3608,0.3999,yellow,1,0.32,0.21,0.23,0.37,0.0662
2298,31.19,78.65,44.77,5275.0,145.2,-1.5,12.44,0.082,19.71,19.03,52.36,67.32,0.05,19.03,149.6,0.5674,0.7117,red,3,0.68,0.13,0.23,0.37,0.0703
2299,31.19,78.67,51.73,5111.0,15.6,1.5,12.19,0.108,18.96,18.27,52.99,68.13,0.05,18.27,151.4,0.5711,0.6415,orange,2,0.61,0.13,0.16,0.37,0.0739
2300,31.19,78.69,27.14,5436.0,250.0,-1.472,13.1,0.105,18.38,17.69,51.87,66.69,0.05,17.69,148.2,0.39,0.6034,orange,2,0.56,0.21,0.15,0.37,0.0769
2301,31.19,78.71,20.0,3576.9,180.0,0.0,8.0,0.31,17.99,17.3,62.89,80.86,0.05,17.3,179.7,0.3438,0.4118,yellow,1,0.18,0.05,0.37,0.37,0.0789
2302,31.19,78.73,20.0,3731.6,180.0,0.0,8.0,0.241,17.79,17.11,63.66,81.86,0.05,17.11,181.9,0.3455,0.4283,yellow,1,0.24,0.09,0.37,0.37,0.0799
2303,31.19,78.75,20.0,3851.5,180.0,0.0,8.0,0.195,17.31,17.13,64.61,83.07,0.05,17.13,184.6,0.3477,0.3062,yellow,1,0.24,0.09,0.22,0.37,0.0798
2304,31.19,78.77,53.21,5211.0,114.7,1.5,12.14,0.115,16.89,17.36,58.62,75.38,0.05,17.36,167.5,0.584,0.6628,red,3,0.63,0.13,0.19,0.37,0.0786
2305,31.19,78.79,23.34,4872.0,307.1,0.736,13.27,0.16,16.68,17.79,60.86,78.26,0.05,17.79,173.9,0.3725,0.3544,yellow,1,0.28,0.21,0.17,0.37,0.0763
2306,31.19,78.81,20.0,3927.4,180.0,0.0,8.0,0.175,16.68,18.41,65.45,84.15,0.05,18.41,187.0,0.3496,0.3062,yellow,1,0.24,0.09,0.22,0.37,0.0733
2307,31.19,78.83,36.77,5338.0,324.2,1.5,12.72,0.095,16.89,19.05,56.98,73.26,0.05,19.05,162.8,0.4979,0.5771,orange,2,0.54,0.13,0.16,0.37,0.0702
2308,31.19,78.85,44.71,5413.0,350.1,-1.472,12.44,0.141,17.31,19.57,55.02,70.74,0.05,19.57,157.2,0.5729,0.6691,red,3,0.64,0.13,0.16,0.37,0.0678
2309,31.19,78.87,25.31,5272.0,146.2,-1.5,13.18,0.08,17.3,20.26,54.14,69.61,0.05,20.26,154.7,0.3769,0.6254,orange,2,0.58,0.21,0.19,0.37,0.0648
2310,31.19,78.89,30.41,4866.0,287.8,-0.1227,12.96,0.176,16.55,21.1,54.98,70.69,0.05,21.1,157.1,0.4298,0.4301,yellow,1,0.38,0.13,0.16,0.37,0.0613
2311,31.19,78.91,43.85,4243.0,322.0,1.104,12.47,0.19,16.0,21.83,57.57,74.03,0.05,21.11,164.5,0.5701,0.5404,orange,2,0.5,0.13,0.16,0.37,0.0612
2312,31.19,78.93,42.14,4280.0,228.4,-1.5,12.53,0.191,15.66,21.67,57.51,73.94,0.05,21.11,164.3,0.5528,0.6576,red,3,0.62,0.13,0.23,0.37,0.0612
2313,31.19,78.95,20.0,4376.1,180.0,0.0,8.0,0.134,15.54,21.67,57.92,74.48,0.05,21.28,165.5,0.3324,0.3298,yellow,1,0.28,0.05,0.19,0.37,0.0605
2314,31.19,78.97,12.08,5317.0,259.8,-0.2453,13.97,0.164,15.66,21.83,54.42,69.98,0.05,21.62,155.5,0.2452,0.3228,yellow,1,0.25,0.24,0.11,0.37,0.0592
2315,31.19,78.99,1.93,5130.0,286.3,0.0,15.82,0.101,16.0,22.16,57.05,73.35,0.05,22.11,163.0,0.1497,0.4195,yellow,1,0.25,0.36,0.08,0.37,0.0572
2316,31.19,79.01,20.0,4469.2,180.0,0.0,8.0,0.13,16.55,22.64,61.95,79.65,0.05,22.64,177.0,0.3416,0.34,yellow,1,0.28,0.05,0.24,0.37,0.0553
2317,31.19,79.03,20.0,4654.3,180.0,0.0,8.0,0.119,17.3,23.27,61.84,79.52,0.05,23.27,176.7,0.3414,0.34,yellow,1,0.28,0.05,0.24,0.37,0.053
2318,31.19,79.05,20.0,4479.2,180.0,0.0,8.0,0.168,18.21,24.04,62.86,80.82,0.05,24.04,179.6,0.3437,0.3034,yellow,1,0.24,0.05,0.24,0.37,0.0504
2319,31.21,77.85,20.0,2682.5,180.0,0.0,8.0,0.701,14.29,26.7,69.05,88.79,0.05,34.85,197.3,0.3578,0.5196,orange,2,0.2,0.14,0.47,0.33,0.0245
2320,31.21,77.87,20.0,3110.6,180.0,0.0,8.0,0.604,12.4,25.03,67.16,86.36,0.05,33.13,191.9,0.3535,0.5147,orange,2,0.21,0.09,0.47,0.37,0.0275
2321,31.21,77.89,20.0,3333.1,180.0,0.0,8.0,0.482,10.51,23.39,66.25,85.19,0.05,31.42,189.3,0.3514,0.4231,yellow,1,0.21,0.09,0.37,0.37,0.0308
2322,31.21,77.91,20.0,3103.1,180.0,0.0,8.0,0.604,8.62,21.79,67.58,86.89,0.05,29.74,193.1,0.3545,0.5147,orange,2,0.21,0.09,0.47,0.37,0.0344
2323,31.21,77.93,20.0,2926.9,180.0,0.0,8.0,0.67,6.74,20.25,68.42,87.98,0.05,28.08,195.5,0.3564,0.5155,orange,2,0.17,0.14,0.47,0.33,0.0384
2324,31.21,77.95,20.0,2804.5,180.0,0.0,8.0,0.649,4.88,18.77,68.81,88.47,0.05,26.46,196.6,0.3573,0.5235,orange,2,0.21,0.16,0.47,0.33,0.0428
2325,31.21,77.97,20.0,2456.3,180.0,0.0,8.0,0.608,3.06,17.37,69.33,89.14,0.05,24.88,198.1,0.3585,0.5275,orange,2,0.24,0.16,0.47,0.29,0.0476
2326,31.21,77.99,20.0,2252.2,180.0,0.0,8.0,0.667,1.46,16.07,65.56,84.29,0.05,23.35,187.3,0.3498,0.5432,orange,2,0.24,0.29,0.47,0.37,0.0527
2327,31.21,78.01,21.02,3250.0,9.7,0.0,13.39,0.513,1.46,14.91,65.48,84.19,0.05,21.87,187.1,0.3599,0.4905,orange,2,0.29,0.4,0.3,0.38,0.0582
2328,31.21,78.03,25.45,2689.0,315.8,1.5,13.17,0.653,3.06,13.9,68.28,87.8,0.05,20.46,195.1,0.4106,0.5017,orange,2,0.36,0.32,0.4,0.26,0.0639
2329,31.21,78.05,44.29,2603.0,81.1,-1.5,12.45,0.59,4.88,13.1,68.77,88.42,0.05,19.14,196.5,0.6001,0.6689,red,3,0.6,0.24,0.44,0.26,0.0698
2330,31.21,78.07,39.07,2387.0,320.3,1.5,12.64,0.634,6.74,12.54,67.58,86.89,0.05,17.92,193.1,0.5452,0.5845,orange,2,0.5,0.22,0.44,0.22,0.0757
2331,31.21,78.09,16.31,2381.0,152.8,0.0,13.66,0.634,8.62,12.25,67.83,87.21,0.05,16.83,193.8,0.3181,0.5533,orange,2,0.32,0.3,0.47,0.22,0.0814
2332,31.21,78.11,20.0,2155.4,180.0,0.0,8.0,0.681,10.51,12.25,64.4,82.8,0.05,15.89,184.0,0.3472,0.429,yellow,1,0.2,0.14,0.37,0.22,0.0866
2333,31.21,78.13,20.0,2101.4,180.0,0.0,8.0,0.686,12.4,12.54,63.8,82.04,0.05,15.14,182.3,0.3458,0.429,yellow,1,0.2,0.14,0.37,0.22,0.0911
2334,31.21,78.15,20.0,2376.2,180.0,0.0,8.0,0.612,13.1,13.1,68.63,88.25,0.05,14.59,196.1,0.3569,0.5251,orange,2,0.24,0.14,0.47,0.22,0.0945
2335,31.21,78.17,20.0,2648.9,180.0,0.0,8.0,0.616,13.9,13.9,69.93,89.91,0.05,14.28,199.8,0.3598,0.5251,orange,2,0.24,0.14,0.47,0.26,0.0965
2336,31.21,78.19,39.57,3864.0,233.0,-0.2454,12.62,0.234,14.91,14.22,63.42,81.54,0.05,14.22,181.2,0.5407,0.5579,orange,2,0.5,0.17,0.26,0.3,0.0969
2337,31.21,78.21,20.0,2961.3,180.0,0.0,8.0,0.624,16.07,14.41,67.86,87.26,0.05,14.41,193.9,0.3551,0.521,orange,2,0.21,0.14,0.47,0.26,0.0957
2338,31.21,78.23,20.0,3843.0,180.0,0.0,8.0,0.18,17.37,14.84,62.86,80.82,0.05,14.84,179.6,0.3437,0.2991,yellow,1,0.24,0.05,0.22,0.3,0.093
2339,31.21,78.25,28.75,3049.0,289.1,0.7362,13.03,0.665,18.77,15.49,66.71,85.77,0.05,15.49,190.6,0.44,0.4869,orange,2,0.31,0.25,0.4,0.3,0.089
2340,31.21,78.27,18.96,3649.0,120.7,-0.4908,13.5,0.271,20.25,16.34,63.31,81.41,0.05,16.31,180.9,0.3343,0.4555,orange,2,0.36,0.25,0.33,0.37,0.0843
2341,31.21,78.29,26.81,4423.0,96.5,1.2269,13.11,0.202,21.79,17.36,59.18,76.09,0.05,17.28,169.1,0.4034,0.4772,orange,2,0.42,0.21,0.15,0.37,0.079
2342,31.21,78.31,24.05,4346.0,153.0,0.3681,13.24,0.172,23.39,18.52,59.67,76.73,0.05,18.39,170.5,0.3769,0.408,yellow,1,0.32,0.21,0.28,0.37,0.0734
2343,31.21,78.33,31.52,4615.0,59.9,-0.1227,12.92,0.169,25.03,19.79,58.52,75.24,0.05,19.62,167.2,0.449,0.4301,yellow,1,0.38,0.13,0.16,0.37,0.0676
2344,31.21,78.35,49.23,4896.0,126.6,1.5,12.28,0.149,25.17,21.16,57.4,73.8,0.05,20.96,164.0,0.5812,0.6666,red,3,0.63,0.13,0.23,0.37,0.0618
2345,31.21,78.37,20.0,3697.2,180.0,0.0,8.0,0.275,24.52,22.6,64.05,82.35,0.05,22.37,183.0,0.3464,0.4283,yellow,1,0.24,0.09,0.37,0.37,0.0562
2346,31.21,78.39,2.36,4073.0,203.2,0.1227,15.62,0.194,24.0,24.11,62.33,80.14,0.05,23.86,178.1,0.1661,0.4426,yellow,1,0.25,0.36,0.24,0.37,0.051
2347,31.21,78.41,12.83,4289.0,117.2,-0.2454,13.91,0.158,23.62,24.71,61.35,78.89,0.05,25.4,175.3,0.2685,0.3314,yellow,1,0.25,0.24,0.16,0.37,0.046
2348,31.21,78.43,18.84,4712.0,323.6,1.5,13.5,0.184,23.39,24.49,59.08,75.96,0.05,26.98,168.8,0.3234,0.3574,yellow,1,0.3,0.21,0.08,0.37,0.0414
2349,31.21,78.45,16.83,4402.0,166.1,-0.1227,13.63,0.178,23.31,24.42,60.48,77.76,0.05,28.61,172.8,0.3065,0.4015,yellow,1,0.32,0.21,0.24,0.37,0.0371
2350,31.21,78.47,20.0,5036.0,180.0,0.0,8.0,0.163,23.39,24.49,56.8,73.04,0.05,30.26,162.3,0.3298,0.2926,yellow,1,0.24,0.05,0.19,0.37,0.0332
2351,31.21,78.49,9.26,4891.0,119.6,0.2454,14.24,0.16,23.62,24.71,57.22,73.58,0.05,30.46,163.5,0.2234,0.3608,yellow,1,0.25,0.29,0.11,0.37,0.0328
2352,31.21,78.51,34.3,5068.0,258.4,-0.7362,12.81,0.109,24.0,25.08,55.96,71.95,0.05,29.02,159.9,0.4709,0.5443,orange,2,0.5,0.13,0.19,0.37,0.0361
2353,31.21,78.53,34.24,5276.0,255.9,-0.4908,12.81,0.129,24.52,25.58,54.7,70.34,0.05,27.63,156.3,0.4674,0.5443,orange,2,0.5,0.13,0.19,0.37,0.0396
2354,31.21,78.55,10.14,5308.0,191.8,0.7362,14.15,0.075,25.17,26.2,54.53,70.11,0.05,26.31,155.8,0.226,0.3896,yellow,1,0.31,0.24,0.19,0.37,0.0433
2355,31.21,78.57,20.0,5763.0,180.0,0.0,8.0,0.054,25.69,25.05,52.32,67.28,0.05,25.05,149.5,0.3196,0.3298,yellow,1,0.28,0.05,0.19,0.37,0.047
2356,31.21,78.59,18.7,5360.0,310.0,-1.5,13.51,0.075,24.54,23.89,54.74,70.38,0.05,23.89,156.4,0.3121,0.4859,orange,2,0.44,0.21,0.08,0.37,0.0508
2357,31.21,78.61,26.18,5162.0,244.9,0.4908,13.14,0.105,23.49,22.82,56.17,72.23,0.05,22.82,160.5,0.3902,0.4952,orange,2,0.44,0.21,0.15,0.37,0.0546
2358,31.21,78.63,3.59,5313.0,191.2,0.4908,15.2,0.084,22.55,21.87,55.68,71.59,0.05,21.87,159.1,0.1632,0.4416,yellow,1,0.29,0.36,0.19,0.37,0.0582
2359,31.21,78.65,47.32,5448.0,307.7,-0.6135,12.35,0.128,21.73,21.05,55.19,70.97,0.05,21.05,157.7,0.5762,0.6783,red,3,0.65,0.13,0.16,0.37,0.0615
2360,31.21,78.67,11.1,4806.0,8.3,0.0,14.06,0.145,21.06,20.37,58.62,75.38,0.05,20.37,167.5,0.245,0.3359,yellow,1,0.27,0.24,0.08,0.37,0.0643
2361,31.21,78.69,33.91,5288.0,79.0,0.3681,12.83,0.109,20.54,19.85,55.96,71.95,0.05,19.85,159.9,0.467,0.4668,orange,2,0.42,0.13,0.16,0.37,0.0666
2362,31.21,78.71,19.66,4499.0,38.6,0.3681,13.46,0.125,20.18,19.5,59.81,76.91,0.05,19.5,170.9,0.3333,0.3838,yellow,1,0.32,0.21,0.13,0.37,0.0681
2363,31.21,78.73,29.6,4748.0,244.8,1.5,12.99,0.136,20.0,19.33,58.17,74.79,0.05,19.33,166.2,0.429,0.5022,orange,2,0.46,0.13,0.15,0.37,0.0689
2364,31.21,78.75,31.64,5135.0,279.7,1.4723,12.91,0.094,19.46,19.35,55.79,71.73,0.05,19.35,159.4,0.4439,0.4852,orange,2,0.44,0.13,0.16,0.37,0.0688
2365,31.21,78.77,22.24,5154.0,200.3,0.7362,13.32,0.138,19.08,19.55,55.44,71.28,0.05,19.55,158.4,0.3491,0.4352,yellow,1,0.36,0.21,0.23,0.37,0.0679
2366,31.21,78.79,26.97,4981.0,295.9,-0.1227,13.1,0.154,18.89,19.94,56.24,72.31,0.05,19.94,160.7,0.3983,0.4367,yellow,1,0.38,0.21,0.12,0.37,0.0662
2367,31.21,78.81,7.02,5046.0,232.1,0.1227,14.52,0.145,18.89,20.49,55.96,71.95,0.05,20.49,159.9,0.1981,0.3708,yellow,1,0.27,0.29,0.15,0.37,0.0638
2368,31.21,78.83,33.48,5062.0,277.4,1.5,12.84,0.18,19.08,21.2,56.14,72.18,0.05,21.2,160.4,0.4631,0.4485,yellow,1,0.4,0.13,0.16,0.37,0.0608
2369,31.21,78.85,19.39,5133.0,294.6,0.2454,13.47,0.131,19.46,21.68,56.1,72.14,0.05,21.68,160.3,0.3221,0.3757,yellow,1,0.32,0.21,0.08,0.37,0.0589
2370,31.21,78.87,20.0,4789.0,180.0,0.0,8.0,0.144,19.32,22.31,58.27,74.92,0.05,22.31,166.5,0.3332,0.3298,yellow,1,0.28,0.05,0.19,0.37,0.0565
2371,31.21,78.89,25.94,4317.0,308.5,1.5,13.15,0.135,18.65,23.07,61.04,78.48,0.05,23.07,174.4,0.3989,0.4978,orange,2,0.44,0.21,0.17,0.37,0.0537
2372,31.21,78.91,21.22,4022.0,181.2,1.5,13.38,0.169,18.16,23.96,62.72,80.64,0.05,23.33,179.2,0.3556,0.4254,yellow,1,0.34,0.21,0.28,0.37,0.0528
2373,31.21,78.93,42.32,5301.0,245.7,-0.9815,12.52,0.112,17.86,23.88,56.0,72.0,0.05,23.33,160.0,0.5512,0.6354,orange,2,0.6,0.13,0.19,0.37,0.0528
2374,31.21,78.95,46.05,5823.0,323.9,0.1227,12.39,0.05,17.76,23.88,53.06,68.22,0.05,23.48,151.6,0.5713,0.6231,orange,2,0.59,0.13,0.16,0.37,0.0522
2375,31.21,78.97,32.27,5263.0,329.6,0.9815,12.89,0.105,17.86,24.03,55.68,71.59,0.05,23.79,159.1,0.45,0.4668,orange,2,0.42,0.13,0.16,0.37,0.0512
2376,31.21,78.99,20.0,4584.7,180.0,0.0,8.0,0.107,18.16,24.33,58.87,75.69,0.05,24.24,168.2,0.3346,0.3298,yellow,1,0.28,0.05,0.19,0.37,0.0497
2377,31.21,79.01,20.0,4908.9,180.0,0.0,8.0,0.102,18.65,24.77,56.84,73.08,0.05,24.77,162.4,0.3299,0.3298,yellow,1,0.28,0.05,0.19,0.37,0.0479
2378,31.21,79.03,20.0,4801.6,180.0,0.0,8.0,0.176,19.32,25.35,57.22,73.58,0.05,25.35,163.5,0.3308,0.2926,yellow,1,0.24,0.05,0.19,0.37,0.0461
2379,31.21,79.05,20.0,4788.6,180.0,0.0,8.0,0.191,20.14,26.05,57.26,73.62,0.05,26.05,163.6,0.3309,0.2926,yellow,1,0.24,0.05,0.19,0.37,0.044
2380,31.23,77.85,20.0,3072.0,180.0,0.0,8.0,0.656,14.63,27.79,67.16,86.36,0.05,35.81,191.9,0.3535,0.5089,orange,2,0.17,0.09,0.47,0.37,0.023
2381,31.23,77.87,20.0,3232.9,180.0,0.0,8.0,0.554,12.79,26.18,68.46,88.02,0.05,34.14,195.6,0.3565,0.4231,yellow,1,0.21,0.09,0.37,0.37,0.0257
2382,31.23,77.89,20.0,3183.6,180.0,0.0,8.0,0.604,10.97,24.62,70.31,90.41,0.05,32.49,200.9,0.3607,0.5147,orange,2,0.21,0.09,0.47,0.37,0.0287
2383,31.23,77.91,20.0,3285.8,180.0,0.0,8.0,0.513,9.18,23.11,70.42,90.54,0.05,30.86,201.2,0.361,0.4231,yellow,1,0.21,0.09,0.37,0.37,0.0319
2384,31.23,77.93,20.0,3270.5,180.0,0.0,8.0,0.565,7.44,21.66,70.0,90.0,0.05,29.27,200.0,0.36,0.4231,yellow,1,0.21,0.09,0.37,0.37,0.0355
2385,31.23,77.95,20.0,2834.1,180.0,0.0,8.0,0.654,5.8,20.28,70.84,91.08,0.05,27.72,202.4,0.3619,0.5155,orange,2,0.17,0.14,0.47,0.33,0.0394
2386,31.23,77.97,20.0,2552.0,180.0,0.0,8.0,0.614,4.38,18.99,70.21,90.27,0.05,26.21,200.6,0.3605,0.5275,orange,2,0.24,0.16,0.47,0.33,0.0436
2387,31.23,77.99,20.0,2651.7,180.0,0.0,8.0,0.609,3.46,17.82,67.48,86.76,0.05,24.76,192.8,0.3542,0.5275,orange,2,0.24,0.16,0.47,0.33,0.048
2388,31.23,78.01,20.0,3673.0,180.0,0.0,8.0,0.305,3.46,16.77,60.3,77.54,0.05,23.37,172.3,0.3378,0.4149,yellow,1,0.18,0.07,0.37,0.37,0.0526
2389,31.23,78.03,30.88,3007.0,282.8,0.3682,12.94,0.675,4.38,15.89,62.86,80.82,0.05,22.06,179.6,0.4525,0.5095,orange,2,0.31,0.15,0.44,0.37,0.0574
2390,31.23,78.05,27.32,2958.0,177.8,1.1045,13.09,0.617,5.8,15.19,63.28,81.36,0.05,20.84,180.8,0.4178,0.5963,orange,2,0.41,0.3,0.51,0.33,0.0623
2391,31.23,78.07,26.11,3139.0,64.2,1.1045,13.14,0.617,7.44,14.71,63.56,81.72,0.05,19.73,181.6,0.4064,0.4949,orange,2,0.37,0.25,0.4,0.3,0.0671
2392,31.23,78.09,42.2,2593.0,343.9,-1.2272,12.53,0.573,9.18,14.46,68.39,87.93,0.05,18.74,195.4,0.5783,0.6676,red,3,0.6,0.22,0.44,0.26,0.0717
2393,31.23,78.11,22.09,2288.0,102.1,0.1227,13.33,0.647,10.97,14.46,67.55,86.85,0.05,17.91,193.0,0.3753,0.5172,orange,2,0.3,0.3,0.43,0.22,0.0758
2394,31.23,78.13,20.0,2498.6,180.0,0.0,8.0,0.68,12.79,14.71,73.08,93.96,0.05,17.24,208.8,0.367,0.5196,orange,2,0.2,0.14,0.47,0.22,0.0792
2395,31.23,78.15,36.32,3807.0,107.6,1.5,12.74,0.226,14.63,15.19,67.44,86.72,0.05,16.76,192.7,0.5174,0.5708,orange,2,0.52,0.17,0.22,0.37,0.0818
2396,31.23,78.17,20.0,2692.3,180.0,0.0,8.0,0.661,15.89,15.89,73.47,94.45,0.05,16.49,209.9,0.3679,0.5196,orange,2,0.2,0.14,0.47,0.33,0.0833
2397,31.23,78.19,24.84,4327.0,70.9,-0.9818,13.2,0.132,16.77,16.43,63.94,82.22,0.05,16.43,182.7,0.3946,0.4502,orange,2,0.38,0.25,0.17,0.37,0.0836
2398,31.23,78.21,3.63,4269.0,296.6,-0.7363,15.19,0.135,17.82,16.6,62.44,80.28,0.05,16.6,178.4,0.179,0.4367,yellow,1,0.31,0.36,0.13,0.37,0.0827
2399,31.23,78.23,32.53,4338.0,274.7,0.4909,12.88,0.198,18.99,16.98,59.85,76.95,0.05,16.98,171.0,0.4621,0.4382,yellow,1,0.38,0.13,0.21,0.37,0.0806
2400,31.23,78.25,32.11,4354.0,330.2,0.7363,12.9,0.202,20.28,17.55,57.68,74.16,0.05,17.55,164.8,0.4529,0.4301,yellow,1,0.38,0.13,0.16,0.37,0.0776
2401,31.23,78.27,49.45,3576.0,284.1,0.2454,12.27,0.327,21.66,18.31,60.3,77.54,0.05,18.3,172.3,0.5878,0.5551,orange,2,0.49,0.13,0.34,0.37,0.0738
2402,31.23,78.29,35.34,3686.0,63.0,0.4909,12.77,0.304,23.11,19.22,59.26,76.19,0.05,19.17,169.3,0.4888,0.4865,orange,2,0.42,0.13,0.29,0.37,0.0697
2403,31.23,78.31,46.7,4579.0,219.9,-1.5,12.37,0.111,24.62,20.27,55.19,70.97,0.05,20.18,157.7,0.5762,0.7748,red,3,0.75,0.13,0.23,0.37,0.0651
2404,31.23,78.33,32.82,4633.0,60.0,1.5,12.87,0.176,26.18,21.44,56.49,72.63,0.05,21.31,161.4,0.4573,0.4485,yellow,1,0.4,0.13,0.16,0.37,0.0604
2405,31.23,78.35,35.2,4636.0,211.5,0.2454,12.78,0.158,27.24,22.71,58.62,75.38,0.05,22.54,167.5,0.486,0.5675,orange,2,0.52,0.13,0.23,0.37,0.0556
2406,31.23,78.37,10.46,4804.0,131.8,0.3682,14.12,0.193,26.64,24.06,59.95,77.09,0.05,23.87,171.3,0.2416,0.3382,yellow,1,0.25,0.24,0.2,0.37,0.0509
2407,31.23,78.39,8.36,4850.0,277.4,-0.2454,14.35,0.102,26.16,25.48,61.39,78.93,0.05,25.26,175.4,0.2239,0.3677,yellow,1,0.27,0.29,0.13,0.37,0.0464
2408,31.23,78.41,24.08,5152.0,292.4,0.859,13.23,0.158,25.81,26.91,60.58,77.89,0.05,26.72,173.1,0.3793,0.3544,yellow,1,0.28,0.21,0.17,0.37,0.0421
2409,31.23,78.43,5.2,4778.0,258.0,0.6136,14.83,0.171,25.6,26.71,62.23,80.01,0.05,28.23,177.8,0.1942,0.3652,yellow,1,0.23,0.29,0.16,0.37,0.0381
2410,31.23,78.45,32.45,4928.0,269.6,-1.2272,12.88,0.117,25.53,26.64,60.09,77.27,0.05,29.79,171.7,0.4619,0.6047,orange,2,0.56,0.13,0.24,0.37,0.0343
2411,31.23,78.47,17.11,5069.0,0.8,-0.1227,13.61,0.179,25.6,26.71,57.29,73.66,0.05,31.38,163.7,0.3021,0.339,yellow,1,0.28,0.21,0.08,0.37,0.0309
2412,31.23,78.49,7.88,4714.0,118.6,0.7363,14.41,0.144,25.81,26.91,56.91,73.17,0.05,31.92,162.6,0.2089,0.3646,yellow,1,0.27,0.29,0.11,0.37,0.0298
2413,31.23,78.51,45.74,5227.0,138.8,-1.5,12.4,0.106,26.16,27.24,52.36,67.32,0.05,30.54,149.6,0.5697,0.7748,red,3,0.75,0.13,0.23,0.37,0.0326
2414,31.23,78.53,15.98,5815.0,196.4,1.4726,13.68,0.12,26.64,27.7,48.19,61.96,0.05,29.23,137.7,0.27,0.447,yellow,1,0.38,0.21,0.19,0.37,0.0356
2415,31.23,78.55,56.0,5801.0,88.9,0.9818,12.04,0.083,27.24,27.98,48.27,62.06,0.05,27.98,137.9,0.5603,0.6231,orange,2,0.59,0.13,0.16,0.37,0.0387
2416,31.23,78.57,12.73,5574.0,284.6,0.2454,13.92,0.151,27.45,26.8,50.54,64.98,0.05,26.8,144.4,0.2428,0.3065,yellow,1,0.23,0.24,0.08,0.37,0.0419
2417,31.23,78.59,10.24,5421.0,354.9,-0.9818,14.14,0.138,26.38,25.72,53.27,68.49,0.05,25.72,152.2,0.2242,0.3905,yellow,1,0.33,0.24,0.08,0.37,0.045
2418,31.23,78.61,20.0,4367.1,180.0,0.0,8.0,0.142,25.4,24.73,61.04,78.48,0.05,24.73,174.4,0.3395,0.34,yellow,1,0.28,0.05,0.24,0.37,0.0481
2419,31.23,78.63,21.07,5092.0,20.9,1.2272,13.38,0.159,24.54,23.85,59.26,76.19,0.05,23.85,169.3,0.3461,0.364,yellow,1,0.3,0.21,0.12,0.37,0.051
2420,31.23,78.65,41.36,5426.0,230.6,-0.9818,12.56,0.118,23.79,23.1,58.83,75.64,0.05,23.1,168.1,0.5481,0.6396,orange,2,0.6,0.13,0.23,0.37,0.0536
2421,31.23,78.67,26.16,4983.0,10.4,1.5,13.14,0.119,23.17,22.48,61.46,79.02,0.05,22.48,175.6,0.4021,0.4978,orange,2,0.44,0.21,0.17,0.37,0.0558
2422,31.23,78.69,7.69,4294.0,32.7,-0.4909,14.43,0.194,22.7,22.01,64.29,82.66,0.05,22.01,183.7,0.2239,0.4033,yellow,1,0.27,0.33,0.13,0.37,0.0576
2423,31.23,78.71,38.54,5115.0,221.0,0.2454,12.66,0.14,22.38,21.7,58.27,74.92,0.05,21.7,166.5,0.5186,0.6036,orange,2,0.56,0.13,0.23,0.37,0.0588
2424,31.23,78.73,6.35,5089.0,43.7,-0.1227,14.62,0.095,22.11,21.55,56.21,72.27,0.05,21.55,160.6,0.192,0.356,yellow,1,0.25,0.29,0.08,0.37,0.0594
2425,31.23,78.75,6.03,5450.0,302.5,0.2454,14.68,0.072,21.62,21.56,52.18,67.09,0.05,21.56,149.1,0.1796,0.356,yellow,1,0.25,0.29,0.08,0.37,0.0594
2426,31.23,78.77,16.7,5440.0,320.6,0.1227,13.63,0.08,21.28,21.75,50.64,65.11,0.05,21.75,144.7,0.2828,0.3757,yellow,1,0.32,0.21,0.08,0.37,0.0587
2427,31.23,78.79,10.99,5491.0,337.9,0.7363,14.07,0.077,21.11,22.09,49.77,63.99,0.05,22.09,142.2,0.2237,0.3359,yellow,1,0.27,0.24,0.08,0.37,0.0573
2428,31.23,78.81,4.47,5266.0,259.5,0.1227,14.98,0.074,21.11,22.59,51.45,66.15,0.05,22.59,147.0,0.1623,0.4273,yellow,1,0.27,0.36,0.11,0.37,0.0554
2429,31.23,78.83,23.09,5309.0,181.1,0.3682,13.28,0.101,21.28,23.24,52.71,67.77,0.05,23.24,150.6,0.3514,0.4352,yellow,1,0.36,0.21,0.23,0.37,0.0531
2430,31.23,78.85,20.91,5308.0,313.0,0.0,13.39,0.094,21.62,23.82,54.81,70.47,0.05,23.82,156.6,0.3344,0.3822,yellow,1,0.32,0.21,0.12,0.37,0.0511
2431,31.23,78.87,6.79,4879.0,5.9,-1.4726,14.56,0.144,21.38,24.39,59.29,76.23,0.05,24.39,169.4,0.2034,0.4355,yellow,1,0.37,0.29,0.08,0.37,0.0492
2432,31.23,78.89,20.79,4901.0,3.7,-1.5,13.4,0.121,20.78,25.09,60.93,78.34,0.05,25.09,174.1,0.3472,0.4978,orange,2,0.44,0.21,0.17,0.37,0.0469
2433,31.23,78.91,20.0,4827.7,180.0,0.0,8.0,0.163,20.34,25.91,62.27,80.06,0.05,25.55,177.9,0.3423,0.3034,yellow,1,0.24,0.05,0.24,0.37,0.0455
2434,31.23,78.93,5.39,5204.0,17.5,1.3499,14.79,0.101,20.07,26.1,60.09,77.27,0.05,25.55,171.7,0.1913,0.3677,yellow,1,0.27,0.29,0.13,0.37,0.0455
2435,31.23,78.95,20.0,4263.7,180.0,0.0,8.0,0.151,19.98,26.1,63.8,82.04,0.05,25.69,182.3,0.3458,0.3103,yellow,1,0.24,0.09,0.24,0.37,0.0451
2436,31.23,78.97,11.49,5244.0,312.5,1.5,14.02,0.156,20.07,26.24,56.66,72.86,0.05,25.97,161.9,0.2444,0.3177,yellow,1,0.25,0.24,0.08,0.37,0.0443
2437,31.23,78.99,25.63,4984.0,355.6,1.5,13.16,0.183,20.34,26.51,55.79,71.73,0.05,26.38,159.4,0.3838,0.4549,orange,2,0.4,0.21,0.12,0.37,0.0431
2438,31.23,79.01,20.0,4665.4,180.0,0.0,8.0,0.17,20.78,26.92,55.51,71.37,0.05,26.92,158.6,0.3269,0.2926,yellow,1,0.24,0.05,0.19,0.37,0.0415
2439,31.23,79.03,20.0,4940.8,180.0,0.0,8.0,0.096,21.38,27.45,52.85,67.95,0.05,27.45,151.0,0.3208,0.3298,yellow,1,0.28,0.05,0.19,0.37,0.0401
2440,31.23,79.05,20.0,5002.5,180.0,0.0,8.0,0.179,22.12,28.1,52.39,67.36,0.05,28.1,149.7,0.3198,0.2926,yellow,1,0.24,0.05,0.19,0.37,0.0384
2441,31.25,77.85,20.0,3361.3,180.0,0.0,8.0,0.503,15.29,29.0,65.69,84.47,0.05,36.89,187.7,0.3502,0.4231,yellow,1,0.21,0.09,0.37,0.37,0.0214
2442,31.25,77.87,20.0,3131.2,180.0,0.0,8.0,0.66,13.54,27.47,70.11,90.14,0.05,35.26,200.3,0.3602,0.5089,orange,2,0.17,0.09,0.47,0.37,0.0238
2443,31.25,77.89,20.0,3272.9,180.0,0.0,8.0,0.579,11.83,25.99,71.75,92.25,0.05,33.66,205.0,0.364,0.4231,yellow,1,0.21,0.09,0.37,0.37,0.0265
2444,31.25,77.91,20.0,3324.9,180.0,0.0,8.0,0.534,10.19,24.56,72.41,93.11,0.05,32.1,206.9,0.3655,0.4231,yellow,1,0.21,0.09,0.37,0.37,0.0294
2445,31.25,77.93,20.0,3029.0,180.0,0.0,8.0,0.645,8.66,23.2,73.25,94.19,0.05,30.57,209.3,0.3674,0.5147,orange,2,0.21,0.09,0.47,0.37,0.0326
2446,31.25,77.95,20.0,3021.3,180.0,0.0,8.0,0.723,7.31,21.92,71.12,91.44,0.05,29.09,203.2,0.3626,0.5089,orange,2,0.17,0.09,0.47,0.37,0.036
2447,31.25,77.97,20.0,3198.4,180.0,0.0,8.0,0.551,6.24,20.73,67.06,86.22,0.05,27.66,191.6,0.3533,0.5147,orange,2,0.21,0.09,0.47,0.37,0.0396
2448,31.25,77.99,20.0,3025.5,180.0,0.0,8.0,0.705,5.63,19.66,64.64,83.11,0.05,26.29,184.7,0.3478,0.5089,orange,2,0.17,0.09,0.47,0.37,0.0433
2449,31.25,78.01,38.67,3325.0,200.7,1.3502,12.65,0.53,5.63,18.72,60.41,77.67,0.05,24.98,172.6,0.5248,0.5867,orange,2,0.51,0.13,0.45,0.37,0.0473
2450,31.25,78.03,20.0,3799.0,180.0,0.0,8.0,0.227,6.24,17.93,56.52,72.67,0.05,23.76,161.5,0.3292,0.3767,yellow,1,0.24,0.05,0.32,0.37,0.0513
2451,31.25,78.05,38.57,3575.0,202.1,1.4729,12.66,0.358,7.31,17.31,57.96,74.52,0.05,22.63,165.6,0.5182,0.5546,orange,2,0.48,0.13,0.4,0.37,0.0553
2452,31.25,78.07,12.84,2939.0,51.4,-1.5,13.91,0.67,8.66,16.89,63.1,81.14,0.05,21.61,180.3,0.2726,0.4594,orange,2,0.28,0.33,0.36,0.33,0.0592
2453,31.25,78.09,37.07,2587.0,33.5,-1.5,12.71,0.625,10.19,16.68,67.86,87.26,0.05,20.72,193.9,0.5258,0.6676,red,3,0.6,0.22,0.44,0.33,0.0628
2454,31.25,78.11,37.55,2222.0,151.0,1.1047,12.69,0.593,11.83,16.68,66.99,86.13,0.05,19.96,191.4,0.5286,0.6366,orange,2,0.54,0.22,0.55,0.29,0.0661
2455,31.25,78.13,42.64,2997.0,152.2,1.2275,12.51,0.597,13.54,16.89,71.99,92.56,0.05,19.37,205.7,0.591,0.6334,orange,2,0.51,0.22,0.55,0.33,0.0687
2456,31.25,78.15,34.12,2791.0,93.6,1.5,12.82,0.619,15.29,17.31,74.9,96.3,0.05,18.94,214.0,0.5124,0.5571,orange,2,0.42,0.22,0.47,0.33,0.0707
2457,31.25,78.17,30.11,3233.0,97.5,1.3502,12.97,0.568,17.08,17.93,72.8,93.6,0.05,18.7,208.0,0.4675,0.4773,orange,2,0.39,0.17,0.37,0.37,0.0719
2458,31.25,78.19,38.32,3610.0,221.0,1.2275,12.66,0.357,18.72,18.65,69.44,89.28,0.05,18.65,198.4,0.5419,0.5596,orange,2,0.48,0.17,0.41,0.37,0.0721
2459,31.25,78.21,24.61,4302.0,32.0,1.3502,13.21,0.131,19.66,18.8,63.1,81.14,0.05,18.8,180.3,0.3903,0.4147,yellow,1,0.34,0.25,0.17,0.37,0.0714
2460,31.25,78.23,32.4,4237.0,227.2,-0.2455,12.88,0.177,20.73,19.13,60.16,77.36,0.05,19.13,171.9,0.4615,0.4672,orange,2,0.4,0.13,0.28,0.37,0.0698
2461,31.25,78.25,14.96,4481.0,173.0,1.4729,13.75,0.14,21.92,19.64,55.76,71.69,0.05,19.64,159.3,0.277,0.4073,yellow,1,0.33,0.24,0.19,0.37,0.0675
2462,31.25,78.27,50.0,4837.0,37.0,-1.5,12.25,0.186,23.2,20.32,51.69,66.47,0.05,20.32,147.7,0.5682,0.6967,red,3,0.67,0.13,0.16,0.37,0.0645
2463,31.25,78.29,38.1,4358.0,258.9,0.6137,12.67,0.156,24.56,21.15,53.48,68.76,0.05,21.13,152.8,0.5032,0.5443,orange,2,0.5,0.13,0.19,0.37,0.0611
2464,31.25,78.31,44.58,4130.0,312.3,-1.2275,12.44,0.227,25.99,22.11,55.65,71.55,0.05,22.05,159.0,0.573,0.6323,orange,2,0.6,0.13,0.16,0.37,0.0575
2465,31.25,78.33,28.75,4009.0,250.9,0.982,13.03,0.171,27.47,23.18,58.66,75.42,0.05,23.09,167.6,0.4216,0.4591,orange,2,0.4,0.21,0.15,0.37,0.0536
2466,31.25,78.35,22.95,4161.0,332.1,0.982,13.29,0.13,29.0,24.36,61.04,78.48,0.05,24.23,174.4,0.369,0.3902,yellow,1,0.32,0.21,0.17,0.37,0.0497
2467,31.25,78.37,37.53,4570.0,300.8,0.0,12.69,0.185,28.77,25.62,62.16,79.92,0.05,25.47,177.6,0.5174,0.5288,orange,2,0.48,0.13,0.21,0.37,0.0458
2468,31.25,78.39,29.51,4704.0,185.3,-0.8592,13.0,0.173,28.33,26.96,63.98,82.26,0.05,26.78,182.8,0.4413,0.5428,orange,2,0.48,0.17,0.28,0.37,0.0419
2469,31.25,78.41,25.37,5325.0,341.6,-0.3682,13.18,0.138,28.01,28.37,61.88,79.56,0.05,28.16,176.8,0.3951,0.5337,orange,2,0.48,0.21,0.17,0.37,0.0383
2470,31.25,78.43,20.0,3845.3,180.0,0.0,8.0,0.193,27.81,28.92,69.16,88.92,0.05,29.6,197.6,0.3581,0.3062,yellow,1,0.24,0.09,0.22,0.37,0.0348
2471,31.25,78.45,14.99,5005.0,29.9,-0.8592,13.75,0.149,27.75,28.86,61.07,78.53,0.05,31.08,174.5,0.2895,0.3981,yellow,1,0.33,0.24,0.13,0.37,0.0315
2472,31.25,78.47,17.87,4523.0,42.7,-0.2455,13.56,0.146,27.81,28.92,60.55,77.85,0.05,32.61,173.0,0.3171,0.3838,yellow,1,0.32,0.21,0.13,0.37,0.0284
2473,31.25,78.49,22.4,4882.0,156.9,-0.982,13.32,0.096,28.01,29.11,55.33,71.14,0.05,33.46,158.1,0.3505,0.4882,orange,2,0.42,0.21,0.23,0.37,0.0269
2474,31.25,78.51,18.72,5285.0,155.3,-0.8592,13.51,0.121,28.33,29.42,50.4,64.8,0.05,32.15,144.0,0.3024,0.4827,orange,2,0.42,0.21,0.19,0.37,0.0293
2475,31.25,78.53,17.45,5855.0,118.8,-1.5,13.59,0.058,28.77,29.84,45.85,58.95,0.05,30.9,131.0,0.2793,0.5081,orange,2,0.46,0.21,0.11,0.37,0.0319
2476,31.25,78.55,15.19,5208.0,354.0,0.6137,13.73,0.115,29.33,29.72,49.24,63.31,0.05,29.72,140.7,0.2645,0.3757,yellow,1,0.32,0.21,0.08,0.37,0.0345
2477,31.25,78.57,21.31,5480.0,257.4,-0.7365,13.37,0.078,29.28,28.62,49.42,63.54,0.05,28.62,141.2,0.3261,0.4591,orange,2,0.4,0.21,0.15,0.37,0.0371
2478,31.25,78.59,20.0,4190.5,180.0,0.0,8.0,0.155,28.27,27.6,59.01,75.87,0.05,27.6,168.6,0.3349,0.2926,yellow,1,0.24,0.05,0.19,0.37,0.0397
2479,31.25,78.61,44.21,5182.0,6.7,1.4729,12.46,0.156,27.37,26.69,57.16,73.49,0.05,26.69,163.3,0.5727,0.5404,orange,2,0.5,0.13,0.16,0.37,0.0422
2480,31.25,78.63,20.0,4060.4,180.0,0.0,8.0,0.169,26.56,25.88,66.08,84.96,0.05,25.88,188.8,0.351,0.3103,yellow,1,0.24,0.09,0.24,0.37,0.0445
2481,31.25,78.65,31.1,4871.0,131.3,0.491,12.93,0.148,25.87,25.18,63.8,82.04,0.05,25.18,182.3,0.4568,0.5076,orange,2,0.44,0.17,0.28,0.37,0.0466
2482,31.25,78.67,33.02,4886.0,68.2,0.1227,12.86,0.146,25.31,24.62,64.19,82.53,0.05,24.62,183.4,0.4769,0.4799,orange,2,0.42,0.17,0.21,0.37,0.0484
2483,31.25,78.69,23.48,4264.0,206.6,1.5,13.26,0.173,24.88,24.19,66.25,85.19,0.05,24.19,189.3,0.3862,0.4311,yellow,1,0.34,0.25,0.28,0.37,0.0498
2484,31.25,78.71,38.15,4775.0,270.7,0.6137,12.67,0.13,24.59,23.9,61.04,78.48,0.05,23.9,174.4,0.521,0.565,orange,2,0.52,0.13,0.21,0.37,0.0508
2485,31.25,78.73,22.06,5176.0,104.2,1.5,13.33,0.142,24.24,23.77,55.65,71.55,0.05,23.77,159.0,0.3478,0.4231,yellow,1,0.36,0.21,0.15,0.37,0.0513
2486,31.25,78.75,7.62,5537.0,92.0,-0.3682,14.44,0.058,23.79,23.78,50.57,65.03,0.05,23.78,144.5,0.1918,0.404,yellow,1,0.33,0.29,0.11,0.37,0.0512
2487,31.25,78.77,23.92,5506.0,133.1,1.5,13.24,0.065,23.48,23.95,48.37,62.19,0.05,23.95,138.2,0.3498,0.4291,yellow,1,0.36,0.21,0.19,0.37,0.0507
2488,31.25,78.79,10.37,5631.0,323.3,0.1227,14.13,0.127,23.33,24.26,46.79,60.16,0.05,24.26,133.7,0.2107,0.3359,yellow,1,0.27,0.24,0.08,0.37,0.0496
2489,31.25,78.81,31.67,5637.0,7.9,-1.5,12.91,0.094,23.33,24.72,47.53,61.11,0.05,24.72,135.8,0.4253,0.5771,orange,2,0.54,0.13,0.16,0.37,0.0481
2490,31.25,78.83,14.69,5062.0,326.2,-0.2455,13.77,0.092,23.48,25.31,52.74,67.81,0.05,25.31,150.7,0.2675,0.3359,yellow,1,0.27,0.24,0.08,0.37,0.0463
2491,31.25,78.85,41.03,5121.0,120.1,-1.5,12.57,0.162,23.79,25.97,55.58,71.46,0.05,25.97,158.8,0.5373,0.6576,red,3,0.62,0.13,0.23,0.37,0.0443
2492,31.25,78.87,21.98,4826.0,118.0,0.982,13.34,0.137,23.46,26.49,60.41,77.67,0.05,26.49,172.6,0.3579,0.4129,yellow,1,0.34,0.21,0.2,0.37,0.0428
2493,31.25,78.89,12.6,4423.0,244.9,1.3502,13.93,0.115,22.92,27.13,65.2,83.84,0.05,27.13,186.3,0.275,0.3918,yellow,1,0.31,0.28,0.16,0.37,0.041
2494,31.25,78.91,37.72,5005.0,223.7,-0.3682,12.69,0.179,22.52,27.9,63.49,81.63,0.05,27.77,181.4,0.5223,0.6307,orange,2,0.58,0.17,0.28,0.37,0.0393
2495,31.25,78.93,5.85,4989.0,114.6,-0.2455,14.71,0.104,22.28,28.32,63.31,81.41,0.05,27.77,180.9,0.2032,0.4077,yellow,1,0.27,0.33,0.16,0.37,0.0393
2496,31.25,78.95,20.0,4894.0,180.0,0.0,8.0,0.158,22.2,28.32,61.98,79.69,0.05,27.9,177.1,0.3417,0.3034,yellow,1,0.24,0.05,0.24,0.37,0.0389
2497,31.25,78.97,20.0,4750.5,180.0,0.0,8.0,0.11,22.28,28.45,59.78,76.86,0.05,28.15,170.8,0.3366,0.34,yellow,1,0.28,0.05,0.24,0.37,0.0383
2498,31.25,78.99,44.69,5519.0,44.1,-1.5,12.44,0.119,22.52,28.7,52.43,67.41,0.05,28.54,149.8,0.5667,0.6691,red,3,0.64,0.13,0.16,0.37,0.0373
2499,31.25,79.01,20.0,4740.4,180.0,0.0,8.0,0.114,22.92,29.08,53.58,68.89,0.05,29.04,153.1,0.3225,0.3298,yellow,1,0.28,0.05,0.19,0.37,0.0361
2500,31.25,79.03,20.0,4777.4,180.0,0.0,8.0,0.189,23.46,29.57,51.62,66.38,0.05,29.57,147.5,0.318,0.2926,yellow,1,0.24,0.05,0.19,0.37,0.0348
2501,31.25,79.05,20.0,4593.4,180.0,0.0,8.0,0.133,24.15,30.17,52.36,67.32,0.05,30.17,149.6,0.3197,0.3298,yellow,1,0.28,0.05,0.19,0.37,0.0334
2502,31.27,77.85,20.0,3441.6,180.0,0.0,8.0,0.439,16.23,30.33,65.27,83.92,0.05,38.06,186.5,0.3492,0.4231,yellow,1,0.21,0.09,0.37,0.37,0.0198
2503,31.27,77.87,20.0,3507.7,180.0,0.0,8.0,0.358,14.59,28.87,68.07,87.53,0.05,36.48,194.5,0.3556,0.418,yellow,1,0.18,0.09,0.37,0.37,0.022
2504,31.27,77.89,20.0,3271.7,180.0,0.0,8.0,0.517,13.02,27.46,71.64,92.11,0.05,34.94,204.7,0.3638,0.4231,yellow,1,0.21,0.09,0.37,0.37,0.0243
2505,31.27,77.91,20.0,2915.6,180.0,0.0,8.0,0.696,11.55,26.11,74.41,95.67,0.05,33.44,212.6,0.3701,0.5155,orange,2,0.17,0.14,0.47,0.33,0.0269
2506,31.27,77.93,20.0,3133.2,180.0,0.0,8.0,0.583,10.23,24.84,72.59,93.33,0.05,31.97,207.4,0.3659,0.5147,orange,2,0.21,0.09,0.47,0.37,0.0297
2507,31.27,77.95,20.0,3499.8,180.0,0.0,8.0,0.377,9.11,23.65,68.53,88.11,0.05,30.56,195.8,0.3566,0.4231,yellow,1,0.21,0.09,0.37,0.37,0.0326
2508,31.27,77.97,20.0,3442.5,180.0,0.0,8.0,0.404,8.28,22.55,65.77,84.56,0.05,29.2,187.9,0.3503,0.4231,yellow,1,0.21,0.09,0.37,0.37,0.0357
2509,31.27,77.99,20.0,3282.4,180.0,0.0,8.0,0.543,7.83,21.57,63.38,81.5,0.05,27.9,181.1,0.3449,0.4231,yellow,1,0.21,0.09,0.37,0.37,0.0389
2510,31.27,78.01,20.0,3252.0,180.0,0.0,8.0,0.516,7.83,20.72,60.9,78.3,0.05,26.68,174.0,0.3392,0.4172,yellow,1,0.21,0.05,0.37,0.37,0.0422
2511,31.27,78.03,20.0,2985.0,180.0,0.0,8.0,0.671,8.28,20.01,60.93,78.34,0.05,25.54,174.1,0.3393,0.5102,orange,2,0.17,0.1,0.47,0.33,0.0455
2512,31.27,78.05,28.04,3517.0,170.8,-1.5,13.06,0.397,9.11,19.46,58.38,75.06,0.05,24.49,166.8,0.4138,0.5571,orange,2,0.48,0.21,0.36,0.37,0.0488
2513,31.27,78.07,20.0,2818.0,180.0,0.0,8.0,0.606,10.23,19.08,63.84,82.08,0.05,23.55,182.4,0.3459,0.521,orange,2,0.21,0.14,0.47,0.33,0.052
2514,31.27,78.09,20.0,3167.3,180.0,0.0,8.0,0.593,11.55,18.89,64.86,83.39,0.05,22.74,185.3,0.3482,0.5147,orange,2,0.21,0.09,0.47,0.37,0.0549
2515,31.27,78.11,35.62,3175.0,334.9,-1.5,12.76,0.554,13.02,18.89,68.11,87.57,0.05,22.05,194.6,0.5119,0.639,orange,2,0.57,0.17,0.44,0.37,0.0575
2516,31.27,78.13,20.0,3174.0,180.0,0.0,8.0,0.564,14.59,19.08,70.98,91.26,0.05,21.51,202.8,0.3622,0.5147,orange,2,0.21,0.09,0.47,0.37,0.0596
2517,31.27,78.15,20.0,3263.5,180.0,0.0,8.0,0.553,16.23,19.46,72.27,92.92,0.05,21.13,206.5,0.3652,0.4231,yellow,1,0.21,0.09,0.37,0.37,0.0611
2518,31.27,78.17,34.68,3317.0,160.9,0.7366,12.8,0.453,17.92,20.01,72.2,92.84,0.05,20.92,206.3,0.5118,0.5315,orange,2,0.39,0.17,0.45,0.37,0.062
2519,31.27,78.19,32.21,4035.0,61.7,-1.5,12.89,0.207,19.65,20.72,67.09,86.27,0.05,20.87,191.7,0.4755,0.5516,orange,2,0.5,0.17,0.21,0.37,0.0622
2520,31.27,78.21,20.0,3742.0,180.0,0.0,8.0,0.268,21.41,21.0,66.01,84.87,0.05,21.0,188.6,0.3509,0.4283,yellow,1,0.24,0.09,0.37,0.37,0.0616
2521,31.27,78.23,13.88,4227.0,44.8,-0.2455,13.83,0.225,22.55,21.3,60.2,77.4,0.05,21.3,172.0,0.2764,0.3153,yellow,1,0.23,0.24,0.13,0.37,0.0604
2522,31.27,78.25,24.53,4318.0,160.8,0.3683,13.21,0.163,23.65,21.76,56.66,72.86,0.05,21.76,161.9,0.3748,0.3999,yellow,1,0.32,0.21,0.23,0.37,0.0586
2523,31.27,78.27,10.5,4710.0,126.0,-0.9822,14.12,0.113,24.84,22.38,52.46,67.45,0.05,22.38,149.9,0.2249,0.419,yellow,1,0.35,0.24,0.15,0.37,0.0562
2524,31.27,78.29,32.27,4475.0,36.6,-0.7366,12.89,0.12,26.11,23.13,53.02,68.17,0.05,23.13,151.5,0.4439,0.522,orange,2,0.48,0.13,0.16,0.37,0.0535
2525,31.27,78.31,15.81,4842.0,162.5,-1.1049,13.69,0.13,27.46,24.01,52.01,66.87,0.05,23.97,148.6,0.277,0.5362,orange,2,0.48,0.21,0.19,0.37,0.0506
2526,31.27,78.33,27.1,4918.0,180.0,-0.3683,13.1,0.161,28.87,25.0,53.93,69.34,0.05,24.93,154.1,0.3943,0.5411,orange,2,0.48,0.21,0.23,0.37,0.0474
2527,31.27,78.35,25.43,4942.0,206.3,-1.5,13.17,0.097,30.33,26.1,56.94,73.22,0.05,26.0,162.7,0.3845,0.6294,orange,2,0.58,0.21,0.23,0.37,0.0442
2528,31.27,78.37,26.58,4958.0,165.0,-0.8594,13.12,0.117,30.92,27.28,60.06,77.22,0.05,27.15,171.6,0.4031,0.5821,orange,2,0.52,0.21,0.28,0.37,0.0409
2529,31.27,78.39,20.0,5436.0,180.0,0.0,8.0,0.147,30.51,28.54,60.02,77.17,0.05,28.39,171.5,0.3372,0.34,yellow,1,0.28,0.05,0.24,0.37,0.0377
2530,31.27,78.41,1.39,4929.0,90.0,1.1049,16.15,0.101,30.21,29.87,63.84,82.08,0.05,29.69,182.4,0.1598,0.4657,orange,2,0.27,0.4,0.13,0.37,0.0345
2531,31.27,78.43,15.25,4938.0,136.9,-0.4911,13.73,0.164,30.03,31.14,63.31,81.41,0.05,31.06,180.9,0.2972,0.4544,orange,2,0.38,0.25,0.2,0.37,0.0315
2532,31.27,78.45,20.0,3956.1,180.0,0.0,8.0,0.217,29.97,31.08,66.5,85.5,0.05,32.48,190.0,0.352,0.3062,yellow,1,0.24,0.09,0.22,0.37,0.0287
2533,31.27,78.47,30.52,4593.0,317.7,1.4733,12.96,0.119,30.03,31.14,60.16,77.36,0.05,33.95,171.9,0.4427,0.4925,orange,2,0.44,0.13,0.21,0.37,0.026
2534,31.27,78.49,23.07,4672.0,152.8,-1.1049,13.28,0.201,30.21,31.31,56.49,72.63,0.05,35.07,161.4,0.3598,0.5058,orange,2,0.44,0.21,0.23,0.37,0.0241
2535,31.27,78.51,8.63,4973.0,183.1,-0.2455,14.31,0.099,30.51,31.6,52.15,67.05,0.05,33.82,149.0,0.2055,0.398,yellow,1,0.31,0.29,0.19,0.37,0.0262
2536,31.27,78.53,21.56,4679.0,103.2,0.6139,13.36,0.154,30.92,32.0,52.15,67.05,0.05,32.64,149.0,0.3348,0.369,yellow,1,0.3,0.21,0.15,0.37,0.0284
2537,31.27,78.55,33.96,4716.0,13.9,0.6139,12.82,0.1,31.44,31.52,51.97,66.83,0.05,31.52,148.5,0.4584,0.4668,orange,2,0.42,0.13,0.16,0.37,0.0306
2538,31.27,78.57,34.51,4839.0,32.8,-0.4911,12.8,0.157,31.15,30.49,52.92,68.04,0.05,30.49,151.2,0.4661,0.4852,orange,2,0.44,0.13,0.16,0.37,0.0328
2539,31.27,78.59,27.66,4780.0,167.5,0.7366,13.08,0.14,30.21,29.54,55.96,71.95,0.05,29.54,159.9,0.4045,0.5235,orange,2,0.46,0.21,0.23,0.37,0.0349
2540,31.27,78.61,28.0,4749.0,29.2,0.0,13.06,0.17,29.36,28.68,59.39,76.36,0.05,28.68,169.7,0.4158,0.4367,yellow,1,0.38,0.21,0.12,0.37,0.0369
2541,31.27,78.63,29.93,4932.0,69.3,0.2455,12.98,0.15,28.62,27.93,61.42,78.98,0.05,27.93,175.5,0.4397,0.4317,yellow,1,0.38,0.13,0.17,0.37,0.0388
2542,31.27,78.65,47.55,4853.0,125.8,-0.9822,12.34,0.107,27.98,27.29,63.77,81.99,0.05,27.29,182.2,0.5958,0.7098,red,3,0.67,0.17,0.28,0.37,0.0405
2543,31.27,78.67,39.69,4210.0,20.6,-1.5,12.62,0.168,27.46,26.77,67.58,86.89,0.05,26.77,193.1,0.5514,0.6413,orange,2,0.6,0.17,0.21,0.37,0.042
2544,31.27,78.69,38.74,4675.0,147.0,1.5,12.65,0.17,27.06,26.37,63.98,82.26,0.05,26.37,182.8,0.5336,0.5955,orange,2,0.54,0.17,0.28,0.37,0.0431
2545,31.27,78.71,8.81,5096.0,137.2,-0.1228,14.29,0.164,26.79,26.11,59.29,76.23,0.05,26.11,169.4,0.2236,0.3708,yellow,1,0.27,0.29,0.15,0.37,0.0439
2546,31.27,78.73,11.38,6000.0,195.2,-1.5,14.03,0.05,26.38,25.99,51.34,66.02,0.05,25.99,146.7,0.2312,0.4957,orange,2,0.43,0.24,0.19,0.37,0.0442
2547,31.27,78.75,34.65,5463.0,283.5,1.1049,12.8,0.068,25.97,26.0,51.03,65.61,0.05,26.0,145.8,0.4631,0.4852,orange,2,0.44,0.13,0.16,0.37,0.0442
2548,31.27,78.77,34.23,5999.0,320.0,-1.5,12.81,0.103,25.69,26.15,45.92,59.04,0.05,26.15,131.2,0.4473,0.5771,orange,2,0.54,0.13,0.16,0.37,0.0437
2549,31.27,78.79,5.53,5352.0,113.0,-0.3683,14.76,0.123,25.55,26.44,48.41,62.24,0.05,26.44,138.3,0.1659,0.404,yellow,1,0.33,0.29,0.11,0.37,0.0429
2550,31.27,78.81,37.92,5633.0,330.4,0.1228,12.68,0.087,25.55,26.86,47.67,61.29,0.05,26.86,136.2,0.4882,0.5588,orange,2,0.52,0.13,0.16,0.37,0.0417
2551,31.27,78.83,11.05,5255.0,275.6,0.1228,14.06,0.165,25.69,27.41,51.8,66.6,0.05,27.41,148.0,0.2289,0.3065,yellow,1,0.23,0.24,0.08,0.37,0.0402
2552,31.27,78.85,31.54,5061.0,331.6,1.2277,12.92,0.111,25.97,28.07,55.89,71.86,0.05,28.07,159.7,0.4432,0.4852,orange,2,0.44,0.13,0.16,0.37,0.0385
2553,31.27,78.87,20.52,4810.0,293.1,-1.5,13.41,0.108,25.58,28.61,60.44,77.72,0.05,28.61,172.7,0.3434,0.4978,orange,2,0.44,0.21,0.17,0.37,0.0371
2554,31.27,78.89,18.96,5363.0,353.2,0.0,13.5,0.091,25.08,29.21,60.16,77.36,0.05,29.21,171.9,0.3271,0.3838,yellow,1,0.32,0.21,0.13,0.37,0.0357
2555,31.27,78.91,16.92,5562.0,289.1,-0.6139,13.62,0.061,24.71,29.92,60.44,77.72,0.05,29.92,172.7,0.3074,0.4382,yellow,1,0.38,0.21,0.13,0.37,0.034
2556,31.27,78.93,36.92,4993.0,308.6,0.8594,12.71,0.139,24.49,30.54,63.17,81.23,0.05,29.99,180.5,0.5136,0.5696,orange,2,0.52,0.17,0.21,0.37,0.0339
2557,31.27,78.95,28.91,4867.0,144.6,0.6139,13.02,0.151,24.42,30.54,62.02,79.74,0.05,30.11,177.2,0.4309,0.4895,orange,2,0.42,0.21,0.24,0.37,0.0336
2558,31.27,78.97,27.63,5066.0,48.0,0.3683,13.08,0.14,24.49,30.66,58.1,74.7,0.05,30.34,166.0,0.4091,0.473,orange,2,0.42,0.21,0.12,0.37,0.0331
2559,31.27,78.99,31.42,4681.0,53.3,1.2277,12.92,0.179,24.71,30.89,56.84,73.08,0.05,30.7,162.4,0.4441,0.4485,yellow,1,0.4,0.13,0.16,0.37,0.0323
2560,31.27,79.01,20.0,4639.8,180.0,0.0,8.0,0.172,25.08,31.24,54.21,69.7,0.05,31.17,154.9,0.3239,0.2926,yellow,1,0.24,0.05,0.19,0.37,0.0313
2561,31.27,79.03,20.0,4338.5,180.0,0.0,8.0,0.205,25.58,31.7,54.04,69.48,0.05,31.7,154.4,0.3235,0.2926,yellow,1,0.24,0.05,0.19,0.37,0.0302
2562,31.27,79.05,20.0,4659.3,180.0,0.0,8.0,0.168,26.2,32.26,52.18,67.09,0.05,32.26,149.1,0.3193,0.2926,yellow,1,0.24,0.05,0.19,0.37,0.0291
2563,31.29,77.85,20.0,3668.4,180.0,0.0,8.0,0.262,17.4,31.76,64.02,82.31,0.05,39.32,182.9,0.3463,0.4283,yellow,1,0.24,0.09,0.37,0.37,0.0182
2564,31.29,77.87,20.0,3482.6,180.0,0.0,8.0,0.4,15.88,30.37,66.95,86.09,0.05,37.8,191.3,0.353,0.4231,yellow,1,0.21,0.09,0.37,0.37,0.0201
2565,31.29,77.89,20.0,3135.4,180.0,0.0,8.0,0.616,14.46,29.03,70.24,90.31,0.05,36.31,200.7,0.3606,0.5147,orange,2,0.21,0.09,0.47,0.37,0.0222
2566,31.29,77.91,20.0,3262.0,180.0,0.0,8.0,0.561,13.15,27.76,70.14,90.18,0.05,34.87,200.4,0.3603,0.4231,yellow,1,0.21,0.09,0.37,0.37,0.0245
2567,31.29,77.93,20.0,3474.6,180.0,0.0,8.0,0.383,12.0,26.56,68.6,88.2,0.05,33.47,196.0,0.3568,0.4231,yellow,1,0.21,0.09,0.37,0.37,0.0269
2568,31.29,77.95,20.0,3420.1,180.0,0.0,8.0,0.393,11.06,25.45,67.55,86.85,0.05,32.12,193.0,0.3544,0.4231,yellow,1,0.21,0.09,0.37,0.37,0.0294
2569,31.29,77.97,20.0,3512.7,180.0,0.0,8.0,0.419,10.39,24.44,65.13,83.75,0.05,30.83,186.1,0.3489,0.418,yellow,1,0.18,0.09,0.37,0.37,0.032
2570,31.29,77.99,20.0,3691.6,180.0,0.0,8.0,0.313,10.04,23.54,62.16,79.92,0.05,29.6,177.6,0.3421,0.4118,yellow,1,0.18,0.05,0.37,0.37,0.0347
2571,31.29,78.01,28.22,2648.0,225.8,0.2456,13.05,0.637,10.04,22.76,65.97,84.83,0.05,28.45,188.5,0.433,0.5622,orange,2,0.4,0.3,0.47,0.33,0.0375
2572,31.29,78.03,37.54,3396.0,217.3,0.1228,12.69,0.414,10.39,22.11,61.21,78.7,0.05,27.38,174.9,0.5153,0.5645,orange,2,0.49,0.13,0.41,0.37,0.0403
2573,31.29,78.05,20.0,4142.0,180.0,0.0,8.0,0.181,11.06,21.62,57.43,73.84,0.05,26.41,164.1,0.3313,0.2926,yellow,1,0.24,0.05,0.19,0.37,0.043
2574,31.29,78.07,33.34,3525.0,6.4,0.614,12.85,0.381,12.0,21.28,61.77,79.42,0.05,25.54,176.5,0.4746,0.4209,yellow,1,0.32,0.13,0.34,0.37,0.0455
2575,31.29,78.09,20.0,3217.7,180.0,0.0,8.0,0.567,13.15,21.11,65.2,83.84,0.05,24.79,186.3,0.349,0.4231,yellow,1,0.21,0.09,0.37,0.37,0.0479
2576,31.29,78.11,32.76,3682.0,343.2,-1.228,12.87,0.322,14.46,21.11,64.82,83.34,0.05,24.16,185.2,0.4758,0.516,orange,2,0.44,0.17,0.34,0.37,0.0499
2577,31.29,78.13,22.73,2821.0,293.3,1.5,13.3,0.698,15.88,21.28,71.16,91.49,0.05,23.67,203.3,0.3899,0.483,orange,2,0.23,0.3,0.4,0.33,0.0516
2578,31.29,78.15,27.35,3140.0,288.7,0.0,13.09,0.656,17.4,21.62,70.59,90.77,0.05,23.33,201.7,0.4349,0.4869,orange,2,0.31,0.25,0.4,0.37,0.0528
2579,31.29,78.17,33.22,3291.0,334.7,1.3508,12.85,0.481,18.99,22.11,69.93,89.91,0.05,23.13,199.8,0.492,0.4555,orange,2,0.37,0.17,0.34,0.37,0.0535
2580,31.29,78.19,20.0,3409.0,180.0,0.0,8.0,0.48,20.63,22.76,68.46,88.02,0.05,23.09,195.6,0.3565,0.4231,yellow,1,0.21,0.09,0.37,0.37,0.0536
2581,31.29,78.21,37.8,3489.0,35.0,0.0,12.68,0.401,22.31,23.21,66.39,85.36,0.05,23.21,189.7,0.5298,0.5246,orange,2,0.45,0.17,0.34,0.37,0.0532
2582,31.29,78.23,37.52,3454.0,85.4,0.2456,12.69,0.403,24.03,23.48,64.54,82.98,0.05,23.48,184.4,0.5227,0.5246,orange,2,0.45,0.17,0.34,0.37,0.0523
2583,31.29,78.25,20.0,3850.0,180.0,0.0,8.0,0.216,25.45,23.9,60.55,77.85,0.05,23.9,173.0,0.3384,0.2991,yellow,1,0.24,0.05,0.22,0.37,0.0508
2584,31.29,78.27,30.46,4445.0,277.4,1.5,12.96,0.19,26.56,24.46,56.07,72.09,0.05,24.46,160.2,0.4328,0.4485,yellow,1,0.4,0.13,0.16,0.37,0.049
2585,31.29,78.29,25.96,4821.0,227.1,0.4912,13.15,0.189,27.76,25.15,53.66,68.99,0.05,25.15,153.3,0.3822,0.4648,orange,2,0.4,0.21,0.19,0.37,0.0467
2586,31.29,78.31,39.55,4928.0,133.1,-0.1228,12.62,0.164,29.03,25.96,53.69,69.03,0.05,25.95,153.4,0.5182,0.5495,orange,2,0.5,0.13,0.23,0.37,0.0443
2587,31.29,78.33,2.14,4671.0,139.5,-0.1228,15.72,0.103,30.37,26.89,56.49,72.63,0.05,26.84,161.4,0.1505,0.4361,yellow,1,0.29,0.36,0.15,0.37,0.0418
2588,31.29,78.35,8.38,4816.0,184.7,0.0,14.34,0.1,31.76,27.91,57.71,74.2,0.05,27.83,164.9,0.2157,0.398,yellow,1,0.31,0.29,0.19,0.37,0.0391
2589,31.29,78.37,13.53,5279.0,116.9,0.1228,13.85,0.094,33.08,29.02,57.29,73.66,0.05,28.91,163.7,0.2663,0.3589,yellow,1,0.29,0.24,0.11,0.37,0.0364
2590,31.29,78.39,8.15,5023.0,30.6,0.3684,14.37,0.086,32.69,30.2,60.16,77.36,0.05,30.07,171.9,0.219,0.3677,yellow,1,0.27,0.29,0.13,0.37,0.0337
2591,31.29,78.41,5.15,4689.0,32.7,0.1228,14.84,0.107,32.41,31.46,62.65,80.55,0.05,31.31,179.0,0.1947,0.364,yellow,1,0.25,0.29,0.13,0.37,0.031
2592,31.29,78.43,37.4,4585.0,307.4,-0.4912,12.7,0.185,32.25,32.78,62.89,80.86,0.05,32.61,179.7,0.5178,0.5832,orange,2,0.54,0.13,0.21,0.37,0.0284
2593,31.29,78.45,17.59,4589.0,116.6,0.0,13.58,0.157,32.19,33.3,61.63,79.25,0.05,33.96,176.1,0.3168,0.3706,yellow,1,0.3,0.21,0.16,0.37,0.026
2594,31.29,78.47,31.71,5153.0,234.4,-1.5,12.91,0.138,32.25,33.35,56.8,73.04,0.05,35.37,162.3,0.4469,0.6036,orange,2,0.56,0.13,0.23,0.37,0.0237
2595,31.29,78.49,4.28,4088.0,40.5,0.1228,15.02,0.184,32.41,33.52,60.34,77.58,0.05,36.74,172.4,0.1807,0.42,yellow,1,0.21,0.36,0.13,0.37,0.0216
2596,31.29,78.51,29.99,4514.0,23.1,-0.614,12.98,0.152,32.69,33.78,56.38,72.5,0.05,35.55,161.1,0.4288,0.4794,orange,2,0.44,0.13,0.12,0.37,0.0234
2597,31.29,78.53,18.4,4089.0,76.8,0.1228,13.53,0.204,33.08,34.16,57.61,74.07,0.05,34.43,164.6,0.3157,0.339,yellow,1,0.28,0.21,0.08,0.37,0.0252
2598,31.29,78.55,28.78,3997.0,67.2,-0.1228,13.03,0.147,33.56,33.37,58.1,74.7,0.05,33.37,166.0,0.4206,0.4703,orange,2,0.42,0.21,0.1,0.37,0.027
2599,31.29,78.57,33.49,3994.0,249.5,0.4912,12.84,0.193,33.07,32.4,59.11,76.01,0.05,32.4,168.9,0.47,0.45,orange,2,0.4,0.13,0.17,0.37,0.0288
2600,31.29,78.59,12.8,4078.0,292.1,-0.1228,13.91,0.196,32.19,31.51,60.41,77.67,0.05,31.51,172.6,0.2661,0.3153,yellow,1,0.23,0.24,0.13,0.37,0.0306
2601,31.29,78.61,4.47,4065.0,248.7,1.4736,14.98,0.163,31.39,30.7,62.54,80.41,0.05,30.7,178.7,0.1877,0.431,yellow,1,0.25,0.36,0.16,0.37,0.0323
2602,31.29,78.63,7.02,4091.0,180.0,0.3684,14.52,0.165,30.69,30.0,64.26,82.62,0.05,30.0,183.6,0.2171,0.4164,yellow,1,0.25,0.33,0.24,0.37,0.0338
2603,31.29,78.65,5.58,4123.0,264.4,-0.7368,14.76,0.183,30.1,29.41,65.34,84.02,0.05,29.41,186.7,0.2052,0.4111,yellow,1,0.29,0.33,0.16,0.37,0.0352
2604,31.29,78.67,41.56,4569.0,217.7,1.5,12.55,0.128,29.62,28.92,63.28,81.36,0.05,28.92,180.8,0.5602,0.6307,orange,2,0.58,0.17,0.28,0.37,0.0363
2605,31.29,78.69,20.0,4752.1,180.0,0.0,8.0,0.178,29.25,28.56,61.56,79.16,0.05,28.56,175.9,0.3407,0.3034,yellow,1,0.24,0.05,0.24,0.37,0.0372
2606,31.29,78.71,47.43,4921.0,103.9,-0.1228,12.34,0.141,29.0,28.32,59.11,76.01,0.05,28.32,168.9,0.5851,0.6446,orange,2,0.61,0.13,0.19,0.37,0.0378
2607,31.29,78.73,20.0,4198.7,180.0,0.0,8.0,0.167,28.54,28.2,60.9,78.3,0.05,28.2,174.0,0.3392,0.3034,yellow,1,0.24,0.05,0.24,0.37,0.0381
2608,31.29,78.75,18.09,5261.0,21.8,-0.2456,13.55,0.132,28.15,28.22,53.38,68.62,0.05,28.22,152.5,0.3029,0.3757,yellow,1,0.32,0.21,0.08,0.37,0.0381
2609,31.29,78.77,19.64,5167.0,93.0,-0.2456,13.46,0.158,27.9,28.36,52.39,67.36,0.05,28.36,149.7,0.3162,0.3623,yellow,1,0.3,0.21,0.11,0.37,0.0377
2610,31.29,78.79,8.06,5176.0,50.5,0.2456,14.38,0.142,27.77,28.62,51.8,66.6,0.05,28.62,148.0,0.199,0.3599,yellow,1,0.27,0.29,0.08,0.37,0.0371
2611,31.29,78.81,15.74,5459.0,172.6,0.0,13.7,0.064,27.77,29.01,50.75,65.25,0.05,29.01,145.0,0.2734,0.4291,yellow,1,0.36,0.21,0.19,0.37,0.0361
2612,31.29,78.83,15.66,5329.0,355.9,0.0,13.7,0.135,27.9,29.52,52.81,67.91,0.05,29.52,150.9,0.2773,0.3757,yellow,1,0.32,0.21,0.08,0.37,0.0349
2613,31.29,78.85,10.22,5364.0,357.4,0.3684,14.14,0.136,28.15,30.13,54.56,70.16,0.05,30.13,155.9,0.2269,0.3359,yellow,1,0.27,0.24,0.08,0.37,0.0335
2614,31.29,78.87,5.98,5151.0,312.7,0.1228,14.69,0.16,27.7,30.74,57.71,74.2,0.05,30.74,164.9,0.1917,0.3482,yellow,1,0.21,0.29,0.08,0.37,0.0322
2615,31.29,78.89,19.98,5286.0,127.8,0.7368,13.44,0.073,27.24,31.3,58.62,75.38,0.05,31.3,167.5,0.3338,0.405,yellow,1,0.34,0.21,0.15,0.37,0.031
2616,31.29,78.91,34.34,5245.0,66.7,1.5,12.81,0.078,26.91,31.96,59.67,76.73,0.05,31.96,170.5,0.4798,0.4925,orange,2,0.44,0.13,0.21,0.37,0.0297
2617,31.29,78.93,4.2,4861.0,82.6,1.3508,15.04,0.135,26.71,32.72,61.53,79.11,0.05,32.2,175.8,0.1826,0.4301,yellow,1,0.27,0.36,0.13,0.37,0.0292
2618,31.29,78.95,20.0,4865.0,180.0,0.0,8.0,0.136,26.64,32.76,60.37,77.62,0.05,32.32,172.5,0.338,0.34,yellow,1,0.28,0.05,0.24,0.37,0.029
2619,31.29,78.97,24.94,4693.0,357.0,0.9824,13.19,0.161,26.71,32.87,59.46,76.45,0.05,32.54,169.9,0.3853,0.3458,yellow,1,0.28,0.21,0.12,0.37,0.0286
2620,31.29,78.99,20.0,4852.6,180.0,0.0,8.0,0.122,26.91,33.09,56.59,72.77,0.05,32.87,161.7,0.3294,0.3298,yellow,1,0.28,0.05,0.19,0.37,0.0279
2621,31.29,79.01,20.0,4554.9,180.0,0.0,8.0,0.182,27.24,33.41,56.35,72.45,0.05,33.31,161.0,0.3288,0.2926,yellow,1,0.24,0.05,0.19,0.37,0.0271
2622,31.29,79.03,20.0,4740.5,180.0,0.0,8.0,0.172,27.7,33.84,54.28,69.8,0.05,33.84,155.1,0.3241,0.2926,yellow,1,0.24,0.05,0.19,0.37,0.0262
2623,31.29,79.05,20.0,4911.0,180.0,0.0,8.0,0.1,28.28,34.37,53.27,68.49,0.05,34.37,152.2,0.3218,0.3298,yellow,1,0.28,0.05,0.19,0.37,0.0253
2624,31.31,77.85,20.0,3263.4,180.0,0.0,8.0,0.556,18.77,33.28,66.01,84.87,0.05,40.66,188.6,0.3509,0.4231,yellow,1,0.21,0.09,0.37,0.37,0.0166
2625,31.31,77.87,20.0,3242.2,180.0,0.0,8.0,0.569,17.37,31.95,66.22,85.14,0.05,39.19,189.2,0.3514,0.4231,yellow,1,0.21,0.09,0.37,0.37,0.0183
2626,31.31,77.89,20.0,3624.8,180.0,0.0,8.0,0.276,16.07,30.68,64.29,82.66,0.05,37.76,183.7,0.347,0.4283,yellow,1,0.24,0.09,0.37,0.37,0.0202
2627,31.31,77.91,20.0,3741.3,180.0,0.0,8.0,0.282,14.91,29.48,63.73,81.94,0.05,36.37,182.1,0.3457,0.4283,yellow,1,0.24,0.09,0.37,0.37,0.0221
2628,31.31,77.93,20.0,3471.9,180.0,0.0,8.0,0.407,13.9,28.36,65.13,83.75,0.05,35.03,186.1,0.3489,0.4231,yellow,1,0.21,0.09,0.37,0.37,0.0242
2629,31.31,77.95,20.0,3462.9,180.0,0.0,8.0,0.439,13.1,27.32,65.1,83.7,0.05,33.75,186.0,0.3488,0.4231,yellow,1,0.21,0.09,0.37,0.37,0.0264
2630,31.31,77.97,20.0,3599.4,180.0,0.0,8.0,0.347,12.54,26.38,64.26,82.62,0.05,32.52,183.6,0.3469,0.418,yellow,1,0.18,0.09,0.37,0.37,0.0286
2631,31.31,77.99,20.0,3438.6,180.0,0.0,8.0,0.393,12.25,25.55,64.96,83.52,0.05,31.36,185.6,0.3485,0.4231,yellow,1,0.21,0.09,0.37,0.37,0.0309
2632,31.31,78.01,55.46,2860.0,108.6,1.5,12.06,0.539,12.25,24.83,67.9,87.3,0.05,30.28,194.0,0.6052,0.6374,orange,2,0.56,0.22,0.47,0.33,0.0332
2633,31.31,78.03,20.0,3730.0,180.0,0.0,8.0,0.272,12.54,24.24,63.28,81.36,0.05,29.28,180.8,0.3446,0.4283,yellow,1,0.24,0.09,0.37,0.37,0.0355
2634,31.31,78.05,45.73,4191.0,101.7,0.9826,12.4,0.155,13.1,23.79,60.86,78.26,0.05,28.37,173.9,0.5891,0.6137,orange,2,0.57,0.13,0.24,0.37,0.0377
2635,31.31,78.07,40.41,4404.0,318.2,1.5,12.59,0.205,13.9,23.48,59.81,76.91,0.05,27.57,170.9,0.5408,0.5469,orange,2,0.5,0.13,0.21,0.37,0.0398
2636,31.31,78.09,38.7,3374.0,300.2,1.3511,12.65,0.493,14.91,23.33,65.34,84.02,0.05,26.87,186.7,0.5364,0.5419,orange,2,0.47,0.17,0.34,0.37,0.0417
2637,31.31,78.11,49.51,3529.0,97.2,1.5,12.27,0.322,16.07,23.33,64.64,83.11,0.05,26.29,184.7,0.5978,0.5973,orange,2,0.53,0.17,0.37,0.37,0.0433
2638,31.31,78.13,36.06,4072.0,314.2,-0.9826,12.75,0.216,17.37,23.48,61.91,79.61,0.05,25.84,176.9,0.5021,0.5832,orange,2,0.54,0.13,0.21,0.37,0.0446
2639,31.31,78.15,3.4,4541.0,208.5,-1.5,15.25,0.136,18.77,23.79,59.53,76.55,0.05,25.53,170.1,0.1701,0.5009,orange,2,0.41,0.36,0.24,0.37,0.0456
2640,31.31,78.17,28.83,4199.0,253.0,-0.2456,13.03,0.134,20.25,24.24,61.32,78.84,0.05,25.35,175.2,0.4285,0.5018,orange,2,0.44,0.21,0.2,0.37,0.0461
2641,31.31,78.19,23.44,4141.0,335.1,1.5,13.27,0.202,21.79,24.83,61.56,79.16,0.05,25.31,175.9,0.3751,0.3723,yellow,1,0.3,0.21,0.17,0.37,0.0462
2642,31.31,78.21,45.35,3785.0,298.8,1.5,12.42,0.217,23.39,25.42,63.35,81.45,0.05,25.42,181.0,0.5948,0.6283,orange,2,0.57,0.17,0.34,0.37,0.0459
2643,31.31,78.23,36.54,3770.0,269.6,0.6141,12.73,0.176,25.03,25.67,63.31,81.41,0.05,25.67,180.9,0.5101,0.5716,orange,2,0.5,0.17,0.37,0.37,0.0452
2644,31.31,78.25,22.22,3824.0,289.7,-0.2456,13.32,0.194,26.7,26.05,62.89,80.86,0.05,26.05,179.7,0.366,0.351,yellow,1,0.28,0.21,0.15,0.37,0.044
2645,31.31,78.27,13.46,4041.0,86.6,0.4913,13.86,0.173,28.36,26.57,61.67,79.29,0.05,26.57,176.2,0.2756,0.3153,yellow,1,0.23,0.24,0.13,0.37,0.0425
2646,31.31,78.29,22.57,4794.0,172.7,0.7369,13.31,0.145,29.48,27.2,57.71,74.2,0.05,27.2,164.9,0.3576,0.4352,yellow,1,0.36,0.21,0.23,0.37,0.0408
2647,31.31,78.31,31.29,5025.0,287.7,-0.7369,12.93,0.139,30.68,27.96,56.52,72.67,0.05,27.96,161.5,0.4421,0.522,orange,2,0.48,0.13,0.16,0.37,0.0388
2648,31.31,78.33,5.91,4409.0,164.1,0.1228,14.7,0.153,31.95,28.81,59.85,76.95,0.05,28.79,171.0,0.1959,0.3816,yellow,1,0.25,0.29,0.24,0.37,0.0367
2649,31.31,78.35,36.06,5111.0,81.8,-1.5,12.75,0.103,33.28,29.77,56.28,72.36,0.05,29.71,160.8,0.4892,0.6691,red,3,0.64,0.13,0.16,0.37,0.0345
2650,31.31,78.37,18.75,4614.0,187.5,1.5,13.51,0.115,34.66,30.81,59.01,75.87,0.05,30.73,168.6,0.3224,0.447,yellow,1,0.38,0.21,0.19,0.37,0.0322
2651,31.31,78.39,37.7,5177.0,299.0,-0.6141,12.69,0.131,34.88,31.93,56.14,72.18,0.05,31.82,160.4,0.5053,0.6139,orange,2,0.58,0.13,0.16,0.37,0.03
2652,31.31,78.41,36.7,5092.0,244.4,-0.3685,12.72,0.151,34.62,33.13,56.63,72.81,0.05,32.99,161.8,0.4964,0.599,orange,2,0.56,0.13,0.19,0.37,0.0277
2653,31.31,78.43,4.04,4422.0,20.1,-0.3685,15.08,0.138,34.46,34.38,60.13,77.31,0.05,34.23,171.8,0.1778,0.4367,yellow,1,0.31,0.36,0.13,0.37,0.0255
2654,31.31,78.45,22.73,4148.0,334.8,0.3685,13.3,0.182,34.41,35.52,61.49,79.06,0.05,35.52,175.7,0.3679,0.3544,yellow,1,0.28,0.21,0.17,0.37,0.0234
2655,31.31,78.47,24.35,4628.0,137.2,0.9826,13.22,0.108,34.46,35.57,58.87,75.69,0.05,36.87,168.2,0.3781,0.4291,yellow,1,0.36,0.21,0.19,0.37,0.0214
2656,31.31,78.49,29.28,4606.0,327.7,1.5,13.01,0.192,34.62,35.72,58.87,75.69,0.05,38.26,168.2,0.4274,0.4549,orange,2,0.4,0.21,0.12,0.37,0.0195
2657,31.31,78.51,30.1,3787.0,13.3,-0.2456,12.97,0.183,34.88,35.97,63.07,81.09,0.05,37.34,180.2,0.4452,0.4641,orange,2,0.38,0.17,0.34,0.37,0.0207
2658,31.31,78.53,36.74,4410.0,263.1,0.9826,12.72,0.163,35.24,36.27,59.71,76.77,0.05,36.27,170.6,0.5039,0.5508,orange,2,0.5,0.13,0.24,0.37,0.0223
2659,31.31,78.55,27.78,4902.0,267.9,0.1228,13.07,0.127,35.7,35.27,57.16,73.49,0.05,35.27,163.3,0.4084,0.4952,orange,2,0.44,0.21,0.15,0.37,0.0238
2660,31.31,78.57,38.19,5081.0,333.1,0.4913,12.67,0.094,35.03,34.35,56.28,72.36,0.05,34.35,160.8,0.5105,0.5588,orange,2,0.52,0.13,0.16,0.37,0.0253
2661,31.31,78.59,28.94,4967.0,246.2,0.4913,13.02,0.178,34.19,33.51,56.98,73.26,0.05,33.51,162.8,0.4196,0.4591,orange,2,0.4,0.21,0.15,0.37,0.0268
2662,31.31,78.61,28.58,4776.0,213.4,0.6141,13.04,0.182,33.44,32.75,58.1,74.7,0.05,32.75,166.0,0.4186,0.4827,orange,2,0.42,0.21,0.19,0.37,0.0282
2663,31.31,78.63,4.93,4978.0,48.7,-0.1228,14.88,0.14,32.79,32.1,57.16,73.49,0.05,32.1,163.3,0.1799,0.4195,yellow,1,0.25,0.36,0.08,0.37,0.0294
2664,31.31,78.65,23.08,5029.0,306.1,1.1054,13.28,0.173,32.23,31.54,56.94,73.22,0.05,31.54,162.7,0.361,0.364,yellow,1,0.3,0.21,0.12,0.37,0.0305
2665,31.31,78.67,15.31,4811.0,159.2,0.2456,13.72,0.168,31.78,31.09,58.13,74.75,0.05,31.09,166.1,0.286,0.3935,yellow,1,0.32,0.21,0.19,0.37,0.0315
2666,31.31,78.69,9.52,4998.0,147.9,0.8598,14.21,0.125,31.44,30.75,57.08,73.39,0.05,30.75,163.1,0.2257,0.3921,yellow,1,0.31,0.29,0.15,0.37,0.0322
2667,31.31,78.71,20.0,4347.2,180.0,0.0,8.0,0.152,31.17,30.53,60.41,77.67,0.05,30.53,172.6,0.3381,0.3034,yellow,1,0.24,0.05,0.24,0.37,0.0327
2668,31.31,78.73,27.11,4724.0,283.4,0.8598,13.1,0.14,30.7,30.42,58.31,74.97,0.05,30.42,166.6,0.4044,0.473,orange,2,0.42,0.21,0.12,0.37,0.0329
2669,31.31,78.75,37.93,4791.0,259.1,-0.6141,12.68,0.167,30.34,30.44,57.85,74.39,0.05,30.44,165.3,0.5115,0.599,orange,2,0.56,0.13,0.19,0.37,0.0329
2670,31.31,78.77,47.02,5391.0,236.5,-0.2456,12.36,0.089,30.11,30.57,54.6,70.2,0.05,30.57,156.0,0.5748,0.6486,orange,2,0.61,0.13,0.23,0.37,0.0326
2671,31.31,78.79,30.0,5499.0,67.8,0.9826,12.98,0.063,29.99,30.81,54.01,69.44,0.05,30.81,154.3,0.4234,0.4608,orange,2,0.42,0.13,0.12,0.37,0.032
2672,31.31,78.81,36.46,5507.0,129.4,-0.2456,12.73,0.092,29.99,31.17,54.01,69.44,0.05,31.17,154.3,0.488,0.5856,orange,2,0.54,0.13,0.23,0.37,0.0313
2673,31.31,78.83,14.42,5305.0,5.4,1.1054,13.79,0.117,30.11,31.64,55.12,70.88,0.05,31.64,157.5,0.2702,0.3541,yellow,1,0.29,0.24,0.08,0.37,0.0303
2674,31.31,78.85,20.0,5557.0,180.0,0.0,8.0,0.143,30.34,32.22,53.93,69.34,0.05,32.22,154.1,0.3233,0.3298,yellow,1,0.28,0.05,0.19,0.37,0.0292
2675,31.31,78.87,32.13,5478.0,272.2,-0.9826,12.89,0.075,29.84,32.89,54.46,70.02,0.05,32.89,155.6,0.4458,0.522,orange,2,0.48,0.13,0.16,0.37,0.0279
2676,31.31,78.89,10.53,5130.0,6.3,0.7369,14.11,0.157,29.42,33.41,56.38,72.5,0.05,33.41,161.1,0.2342,0.3065,yellow,1,0.23,0.24,0.08,0.37,0.027
2677,31.31,78.91,46.57,5506.0,117.2,-1.5,12.37,0.153,29.11,34.03,54.46,70.02,0.05,34.03,155.6,0.5745,0.7175,red,3,0.69,0.13,0.19,0.37,0.0259
2678,31.31,78.93,54.36,5461.0,137.2,-1.5,12.1,0.153,28.92,34.75,54.7,70.34,0.05,34.42,156.3,0.575,0.7387,red,3,0.71,0.13,0.23,0.37,0.0252
2679,31.31,78.95,30.08,4981.0,3.2,-0.6141,12.98,0.091,28.86,34.98,57.16,73.49,0.05,34.53,163.3,0.4314,0.522,orange,2,0.48,0.13,0.16,0.37,0.025
2680,31.31,78.97,30.68,4841.0,187.8,-1.3511,12.95,0.139,28.92,35.08,57.78,74.3,0.05,34.74,165.1,0.4389,0.626,orange,2,0.58,0.13,0.27,0.37,0.0247
2681,31.31,78.99,30.96,4890.0,244.7,1.5,12.94,0.118,29.11,35.29,57.4,73.8,0.05,35.05,164.0,0.4408,0.5078,orange,2,0.46,0.13,0.19,0.37,0.0242
2682,31.31,79.01,20.0,5110.2,180.0,0.0,8.0,0.162,29.42,35.59,56.1,72.14,0.05,35.46,160.3,0.3282,0.2926,yellow,1,0.24,0.05,0.19,0.37,0.0235
2683,31.31,79.03,20.0,5144.7,180.0,0.0,8.0,0.108,29.84,36.0,55.86,71.82,0.05,35.96,159.6,0.3277,0.3298,yellow,1,0.28,0.05,0.19,0.37,0.0227
2684,31.31,79.05,20.0,4876.6,180.0,0.0,8.0,0.145,30.38,36.49,57.26,73.62,0.05,36.49,163.6,0.3309,0.3298,yellow,1,0.28,0.05,0.19,0.37,0.0219
2685,31.33,77.85,20.0,3048.8,180.0,0.0,8.0,0.62,20.28,34.87,66.99,86.13,0.05,42.08,191.4,0.3531,0.5147,orange,2,0.21,0.09,0.47,0.37,0.0151
2686,31.33,77.87,20.0,3529.1,180.0,0.0,8.0,0.339,18.99,33.6,62.68,80.59,0.05,40.66,179.1,0.3433,0.4118,yellow,1,0.18,0.05,0.37,0.37,0.0166
2687,31.33,77.89,20.0,3760.7,180.0,0.0,8.0,0.231,17.82,32.4,60.16,77.36,0.05,39.28,171.9,0.3375,0.4225,yellow,1,0.24,0.05,0.37,0.37,0.0182
2688,31.33,77.91,20.0,3705.1,180.0,0.0,8.0,0.24,16.77,31.27,59.92,77.04,0.05,37.95,171.2,0.337,0.4225,yellow,1,0.24,0.05,0.37,0.37,0.0199
2689,31.33,77.93,20.0,3795.5,180.0,0.0,8.0,0.215,15.89,30.21,59.85,76.95,0.05,36.67,171.0,0.3368,0.4225,yellow,1,0.24,0.05,0.37,0.37,0.0217
2690,31.33,77.95,20.0,3696.6,180.0,0.0,8.0,0.261,15.19,29.24,61.56,79.16,0.05,35.44,175.9,0.3407,0.4225,yellow,1,0.24,0.05,0.37,0.37,0.0235
2691,31.33,77.97,20.0,3261.1,180.0,0.0,8.0,0.546,14.71,28.36,65.59,84.33,0.05,34.28,187.4,0.3499,0.4231,yellow,1,0.21,0.09,0.37,0.37,0.0254
2692,31.33,77.99,20.0,3234.1,180.0,0.0,8.0,0.553,14.46,27.59,67.58,86.89,0.05,33.18,193.1,0.3545,0.4231,yellow,1,0.21,0.09,0.37,0.37,0.0274
2693,31.33,78.01,37.36,3053.0,294.2,-1.5,12.7,0.694,14.46,26.92,70.0,90.0,0.05,32.16,200.0,0.5336,0.6055,orange,2,0.53,0.17,0.44,0.37,0.0293
2694,31.33,78.03,29.82,3238.0,327.5,0.2457,12.99,0.521,14.71,26.38,69.79,89.73,0.05,31.22,199.4,0.4577,0.4317,yellow,1,0.35,0.17,0.3,0.37,0.0312
2695,31.33,78.05,20.0,3197.0,180.0,0.0,8.0,0.617,15.19,25.97,69.89,89.86,0.05,30.37,199.7,0.3598,0.5147,orange,2,0.21,0.09,0.47,0.37,0.033
2696,31.33,78.07,20.0,3976.6,180.0,0.0,8.0,0.216,15.89,25.69,64.78,83.3,0.05,29.62,185.1,0.3481,0.3062,yellow,1,0.24,0.09,0.22,0.37,0.0347
2697,31.33,78.09,24.33,4348.0,31.9,1.5,13.22,0.144,16.77,25.55,61.21,78.7,0.05,28.97,174.9,0.3832,0.4082,yellow,1,0.34,0.21,0.17,0.37,0.0362
2698,31.33,78.11,44.0,4365.0,12.3,-1.5,12.46,0.119,17.82,25.55,59.29,76.23,0.05,28.44,169.4,0.5755,0.6691,red,3,0.64,0.13,0.16,0.37,0.0376
2699,31.33,78.13,36.24,3943.0,261.4,0.6142,12.74,0.183,18.99,25.69,59.88,77.0,0.05,28.02,171.1,0.4993,0.5482,orange,2,0.5,0.13,0.22,0.37,0.0386
2700,31.33,78.15,29.76,4270.0,68.1,-0.6142,12.99,0.147,20.28,25.97,57.16,73.49,0.05,27.73,163.3,0.4282,0.5166,orange,2,0.48,0.13,0.12,0.37,0.0394
2701,31.33,78.17,4.59,4523.0,306.2,0.3685,14.95,0.144,21.66,26.38,55.68,71.59,0.05,27.56,159.1,0.1732,0.4195,yellow,1,0.25,0.36,0.08,0.37,0.0398
2702,31.33,78.19,35.84,4671.0,209.2,0.0,12.75,0.186,23.11,26.92,55.68,71.59,0.05,27.53,159.1,0.4857,0.5725,orange,2,0.52,0.13,0.27,0.37,0.0399
2703,31.33,78.21,20.01,4398.0,45.4,0.0,13.44,0.204,24.62,27.59,58.62,75.38,0.05,27.63,167.5,0.3341,0.3458,yellow,1,0.28,0.21,0.12,0.37,0.0396
2704,31.33,78.23,5.85,4581.0,326.4,-0.3685,14.71,0.202,26.18,27.86,59.46,76.45,0.05,27.86,169.9,0.1944,0.3599,yellow,1,0.27,0.29,0.08,0.37,0.039
2705,31.33,78.25,20.4,4693.0,241.9,0.0,13.42,0.101,27.79,28.21,60.62,77.94,0.05,28.21,173.2,0.3426,0.4129,yellow,1,0.34,0.21,0.2,0.37,0.0381
2706,31.33,78.27,8.15,4629.0,186.5,-0.2457,14.37,0.17,29.43,28.69,62.16,79.92,0.05,28.69,177.6,0.2236,0.3848,yellow,1,0.27,0.29,0.24,0.37,0.0369
2707,31.33,78.29,20.0,4092.4,180.0,0.0,8.0,0.219,31.1,29.28,65.38,84.06,0.05,29.28,186.8,0.3494,0.3103,yellow,1,0.24,0.09,0.24,0.37,0.0355
2708,31.33,78.31,20.93,5371.0,264.3,0.1228,13.39,0.135,32.4,29.98,58.13,74.75,0.05,29.98,166.1,0.3422,0.405,yellow,1,0.34,0.21,0.15,0.37,0.0339
2709,31.33,78.33,28.53,4724.0,314.9,0.0,13.04,0.109,33.6,30.78,60.23,77.44,0.05,30.77,172.1,0.423,0.4799,orange,2,0.42,0.21,0.17,0.37,0.0321
2710,31.33,78.35,20.53,4273.0,84.2,-0.9828,13.41,0.177,34.87,31.68,60.83,78.21,0.05,31.64,173.8,0.3443,0.4082,yellow,1,0.34,0.21,0.17,0.37,0.0303
2711,31.33,78.37,33.64,4925.0,202.2,0.1228,12.84,0.111,36.19,32.66,55.58,71.46,0.05,32.6,158.8,0.4634,0.5191,orange,2,0.46,0.13,0.27,0.37,0.0285
2712,31.33,78.39,46.09,4647.0,135.8,1.5,12.39,0.152,37.07,33.72,55.65,71.55,0.05,33.63,159.0,0.5772,0.6486,orange,2,0.61,0.13,0.23,0.37,0.0266
2713,31.33,78.41,46.13,4165.0,33.0,1.5,12.39,0.136,36.83,34.85,57.54,73.98,0.05,34.74,164.4,0.5815,0.6415,orange,2,0.61,0.13,0.16,0.37,0.0247
2714,31.33,78.43,39.75,4361.0,59.5,1.5,12.61,0.219,36.68,36.05,56.77,72.99,0.05,35.92,162.2,0.5273,0.5404,orange,2,0.5,0.13,0.16,0.37,0.0228
2715,31.33,78.45,44.2,4421.0,190.1,-1.1056,12.46,0.187,36.63,37.3,57.57,74.03,0.05,37.15,164.5,0.5736,0.6794,red,3,0.64,0.13,0.27,0.37,0.021
2716,31.33,78.47,50.94,4022.0,128.8,1.5,12.22,0.147,36.68,37.79,61.35,78.89,0.05,38.44,175.3,0.5902,0.6715,red,3,0.63,0.13,0.28,0.37,0.0193
2717,31.33,78.49,19.97,3943.0,49.3,0.7371,13.44,0.234,36.83,37.93,63.63,81.81,0.05,39.78,181.8,0.3451,0.3518,yellow,1,0.28,0.25,0.11,0.37,0.0176
2718,31.33,78.51,17.29,3612.0,188.2,1.2285,13.6,0.357,37.07,38.17,66.92,86.04,0.05,39.17,191.2,0.3259,0.4569,orange,2,0.28,0.25,0.37,0.37,0.0184
2719,31.33,78.53,35.12,4473.0,206.3,-1.2285,12.78,0.165,37.41,38.15,63.28,81.36,0.05,38.15,180.8,0.4958,0.687,red,3,0.64,0.17,0.32,0.37,0.0197
2720,31.33,78.55,45.26,5006.0,246.2,0.1228,12.42,0.153,37.84,37.2,60.48,77.76,0.05,37.2,172.8,0.5882,0.6137,orange,2,0.57,0.13,0.24,0.37,0.0209
2721,31.33,78.57,10.82,4971.0,187.3,1.4742,14.08,0.122,37.01,36.33,59.74,76.81,0.05,36.33,170.7,0.2448,0.4149,yellow,1,0.33,0.24,0.24,0.37,0.0222
2722,31.33,78.59,20.0,4654.9,180.0,0.0,8.0,0.2,36.22,35.53,59.85,76.95,0.05,35.53,171.0,0.3368,0.3034,yellow,1,0.24,0.05,0.24,0.37,0.0234
2723,31.33,78.61,32.48,5767.0,267.0,-1.1056,12.88,0.05,35.52,34.83,52.15,67.05,0.05,34.83,149.0,0.444,0.599,orange,2,0.56,0.13,0.19,0.37,0.0245
2724,31.33,78.63,20.77,5626.0,256.3,1.5,13.4,0.058,34.9,34.21,51.24,65.88,0.05,34.21,146.4,0.3248,0.4231,yellow,1,0.36,0.21,0.15,0.37,0.0256
2725,31.33,78.65,38.16,5508.0,246.5,1.5,12.67,0.068,34.38,33.69,50.75,65.25,0.05,33.69,145.0,0.4976,0.599,orange,2,0.56,0.13,0.19,0.37,0.0265
2726,31.33,78.67,20.7,5258.0,205.4,-0.2457,13.4,0.151,33.96,33.27,51.8,66.6,0.05,33.27,148.0,0.3254,0.3999,yellow,1,0.32,0.21,0.23,0.37,0.0272
2727,31.33,78.69,43.11,5403.0,220.1,-1.5,12.5,0.068,33.64,32.95,51.69,66.47,0.05,32.95,147.7,0.5493,0.7117,red,3,0.68,0.13,0.23,0.37,0.0278
2728,31.33,78.71,20.0,4654.4,180.0,0.0,8.0,0.159,33.31,32.74,57.05,73.35,0.05,32.74,163.0,0.3304,0.2926,yellow,1,0.24,0.05,0.19,0.37,0.0282
2729,31.33,78.73,18.4,5108.0,47.9,0.1228,13.53,0.121,32.87,32.64,56.45,72.59,0.05,32.64,161.3,0.313,0.3757,yellow,1,0.32,0.21,0.08,0.37,0.0284
2730,31.33,78.75,50.33,5221.0,16.4,-1.5,12.24,0.167,32.54,32.65,57.64,74.11,0.05,32.65,164.7,0.5818,0.6967,red,3,0.67,0.13,0.16,0.37,0.0283
2731,31.33,78.77,20.0,5704.0,180.0,0.0,8.0,0.068,32.32,32.78,56.42,72.54,0.05,32.78,161.2,0.329,0.3298,yellow,1,0.28,0.05,0.19,0.37,0.0281
2732,31.33,78.79,19.41,5103.0,135.5,0.4914,13.47,0.104,32.2,33.01,60.06,77.22,0.05,33.01,171.6,0.3314,0.4307,yellow,1,0.36,0.21,0.2,0.37,0.0277
2733,31.33,78.81,8.76,5392.0,128.0,0.7371,14.3,0.093,32.2,33.34,58.13,74.75,0.05,33.34,166.1,0.2205,0.3745,yellow,1,0.29,0.29,0.15,0.37,0.0271
2734,31.33,78.83,73.91,5228.0,354.4,-1.5,11.19,0.151,32.32,33.78,57.78,74.3,0.05,33.78,165.1,0.5821,0.6599,red,3,0.63,0.13,0.16,0.37,0.0263
2735,31.33,78.85,20.0,5598.0,180.0,0.0,8.0,0.12,32.5,34.32,54.11,69.57,0.05,34.32,154.6,0.3237,0.3298,yellow,1,0.28,0.05,0.19,0.37,0.0254
2736,31.33,78.87,43.24,5554.0,113.5,-1.5,12.49,0.126,32.0,34.96,52.5,67.5,0.05,34.96,150.0,0.5524,0.6901,red,3,0.66,0.13,0.19,0.37,0.0243
2737,31.33,78.89,7.01,5311.0,81.1,-0.2457,14.53,0.098,31.6,35.53,52.32,67.28,0.05,35.53,149.5,0.1897,0.356,yellow,1,0.25,0.29,0.08,0.37,0.0234
2738,31.33,78.91,5.95,4860.0,180.0,0.0,14.69,0.118,31.31,36.12,53.93,69.34,0.05,36.12,154.1,0.1828,0.3805,yellow,1,0.29,0.29,0.19,0.37,0.0225
2739,31.33,78.93,25.37,5486.0,310.5,-0.9828,13.18,0.064,31.14,36.79,50.78,65.3,0.05,36.64,145.1,0.3698,0.5275,orange,2,0.48,0.21,0.12,0.37,0.0217
2740,31.33,78.95,29.65,4908.0,335.2,-0.3685,12.99,0.109,31.08,37.2,54.84,70.52,0.05,36.74,156.7,0.4219,0.5166,orange,2,0.48,0.13,0.12,0.37,0.0216
2741,31.33,78.97,19.68,4993.0,232.4,0.6142,13.46,0.162,31.14,37.29,56.03,72.05,0.05,36.94,160.1,0.3249,0.369,yellow,1,0.3,0.21,0.15,0.37,0.0213
2742,31.33,78.99,23.35,5324.0,226.2,1.1056,13.27,0.124,31.31,37.49,56.14,72.18,0.05,37.23,160.4,0.3618,0.4291,yellow,1,0.36,0.21,0.19,0.37,0.0209
2743,31.33,79.01,20.0,5190.2,180.0,0.0,8.0,0.088,31.6,37.77,58.45,75.15,0.05,37.61,167.0,0.3336,0.3298,yellow,1,0.28,0.05,0.19,0.37,0.0204
2744,31.33,79.03,20.0,5141.3,180.0,0.0,8.0,0.092,32.0,38.16,59.71,76.77,0.05,38.09,170.6,0.3365,0.34,yellow,1,0.28,0.05,0.24,0.37,0.0197
2745,31.33,79.05,20.0,5241.2,180.0,0.0,8.0,0.117,32.5,38.63,59.29,76.23,0.05,38.63,169.4,0.3355,0.3298,yellow,1,0.28,0.05,0.19,0.37,0.019
2746,31.35,77.85,20.0,3541.4,180.0,0.0,8.0,0.352,21.92,36.53,64.33,82.71,0.05,43.56,183.8,0.347,0.418,yellow,1,0.18,0.09,0.37,0.37,0.0137
2747,31.35,77.87,20.0,3504.7,180.0,0.0,8.0,0.388,20.73,35.32,61.46,79.02,0.05,42.2,175.6,0.3405,0.4118,yellow,1,0.18,0.05,0.37,0.37,0.015
2748,31.35,77.89,20.0,3504.4,180.0,0.0,8.0,0.431,19.66,34.18,59.22,76.14,0.05,40.87,169.2,0.3354,0.3651,yellow,1,0.18,0.05,0.32,0.37,0.0164
2749,31.35,77.91,20.0,3821.7,180.0,0.0,8.0,0.17,18.72,33.1,56.63,72.81,0.05,39.59,161.8,0.3294,0.2882,yellow,1,0.24,0.05,0.17,0.37,0.0179
2750,31.35,77.93,20.0,3849.7,180.0,0.0,8.0,0.178,17.93,32.11,57.16,73.49,0.05,38.36,163.3,0.3306,0.2882,yellow,1,0.24,0.05,0.17,0.37,0.0194
2751,31.35,77.95,20.0,3500.5,180.0,0.0,8.0,0.364,17.31,31.19,61.07,78.53,0.05,37.19,174.5,0.3396,0.4118,yellow,1,0.18,0.05,0.37,0.37,0.0209
2752,31.35,77.97,20.0,3483.2,180.0,0.0,8.0,0.36,16.89,30.37,64.16,82.49,0.05,36.08,183.3,0.3466,0.4231,yellow,1,0.21,0.09,0.37,0.37,0.0226
2753,31.35,77.99,20.0,3723.1,180.0,0.0,8.0,0.214,16.68,29.65,66.04,84.91,0.05,35.04,188.7,0.351,0.4283,yellow,1,0.24,0.09,0.37,0.37,0.0242
2754,31.35,78.01,23.46,3759.0,303.9,-0.8601,13.26,0.244,16.68,29.04,68.39,87.93,0.05,34.08,195.4,0.3909,0.4341,yellow,1,0.34,0.25,0.3,0.37,0.0258
2755,31.35,78.03,12.26,3320.0,317.9,-0.3686,13.96,0.533,16.89,28.54,72.03,92.61,0.05,33.19,205.8,0.2872,0.3777,yellow,1,0.26,0.28,0.26,0.37,0.0273
2756,31.35,78.05,24.72,3671.0,302.4,-0.7373,13.21,0.3,17.31,28.15,69.97,89.95,0.05,32.39,199.9,0.4071,0.3966,yellow,1,0.28,0.25,0.3,0.37,0.0288
2757,31.35,78.07,40.42,3387.0,18.9,-1.4745,12.59,0.412,17.93,27.9,69.72,89.64,0.05,31.69,199.2,0.5636,0.6283,orange,2,0.57,0.17,0.34,0.37,0.0302
2758,31.35,78.09,41.64,3918.0,144.7,0.3686,12.55,0.227,18.72,27.77,64.16,82.49,0.05,31.09,183.3,0.563,0.5756,orange,2,0.52,0.17,0.26,0.37,0.0315
2759,31.35,78.11,21.39,4400.0,11.3,1.4745,13.37,0.149,19.66,27.77,58.45,75.15,0.05,30.59,167.0,0.3475,0.4004,yellow,1,0.34,0.21,0.12,0.37,0.0325
2760,31.35,78.13,27.8,4528.0,262.2,1.3516,13.07,0.119,20.73,27.9,54.98,70.69,0.05,30.2,157.1,0.4037,0.5132,orange,2,0.46,0.21,0.15,0.37,0.0334
2761,31.35,78.15,9.34,4513.0,348.6,-0.1229,14.23,0.135,21.92,28.15,53.34,68.58,0.05,29.93,152.4,0.2153,0.3599,yellow,1,0.27,0.29,0.08,0.37,0.034
2762,31.35,78.17,24.08,4444.0,72.1,0.6144,13.23,0.15,23.2,28.54,53.48,68.76,0.05,29.78,152.8,0.363,0.3458,yellow,1,0.28,0.21,0.12,0.37,0.0343
2763,31.35,78.19,20.0,4544.0,180.0,0.0,8.0,0.16,24.56,29.04,54.28,69.8,0.05,29.75,155.1,0.3241,0.2926,yellow,1,0.24,0.05,0.19,0.37,0.0344
2764,31.35,78.21,20.65,4178.0,338.6,0.2458,13.4,0.197,25.99,29.65,58.73,75.51,0.05,29.84,167.8,0.3407,0.3458,yellow,1,0.28,0.21,0.12,0.37,0.0342
2765,31.35,78.23,9.74,4617.0,70.6,-0.6144,14.19,0.131,27.47,30.05,59.57,76.59,0.05,30.05,170.2,0.2336,0.4068,yellow,1,0.33,0.29,0.13,0.37,0.0337
2766,31.35,78.25,20.0,3850.2,180.0,0.0,8.0,0.246,29.0,30.38,66.57,85.59,0.05,30.38,190.2,0.3522,0.3062,yellow,1,0.24,0.09,0.22,0.37,0.033
2767,31.35,78.27,19.25,4163.0,144.6,-0.1229,13.48,0.133,30.58,30.82,67.02,86.17,0.05,30.82,191.5,0.3457,0.4368,yellow,1,0.36,0.25,0.2,0.37,0.032
2768,31.35,78.29,34.32,4994.0,274.8,-0.4915,12.81,0.124,32.19,31.38,63.31,81.41,0.05,31.38,180.9,0.4879,0.5337,orange,2,0.48,0.17,0.21,0.37,0.0309
2769,31.35,78.31,20.0,5391.0,180.0,0.0,8.0,0.107,33.83,32.03,60.34,77.58,0.05,32.03,172.4,0.3379,0.34,yellow,1,0.28,0.05,0.24,0.37,0.0296
2770,31.35,78.33,62.67,5373.0,66.8,-0.6144,11.77,0.137,35.32,32.78,58.17,74.79,0.05,32.78,166.2,0.583,0.6415,orange,2,0.61,0.13,0.16,0.37,0.0281
2771,31.35,78.35,20.0,4372.0,180.0,0.0,8.0,0.143,36.53,33.63,60.37,77.62,0.05,33.6,172.5,0.338,0.34,yellow,1,0.28,0.05,0.24,0.37,0.0266
2772,31.35,78.37,41.93,3835.0,117.3,0.3686,12.54,0.194,37.79,34.55,60.09,77.27,0.05,34.51,171.7,0.5567,0.5482,orange,2,0.5,0.13,0.22,0.37,0.0251
2773,31.35,78.39,28.25,4038.0,45.1,1.5,13.05,0.217,39.1,35.56,56.63,72.81,0.05,35.49,161.8,0.4119,0.4549,orange,2,0.4,0.21,0.12,0.37,0.0235
2774,31.35,78.41,9.58,3325.0,73.7,0.3686,14.21,0.461,39.04,36.63,59.29,76.23,0.05,36.54,169.4,0.2313,0.3684,yellow,1,0.2,0.29,0.21,0.37,0.0219
2775,31.35,78.43,11.15,3392.0,229.5,0.4915,14.05,0.406,38.9,37.77,59.39,76.36,0.05,37.66,169.7,0.2473,0.368,yellow,1,0.22,0.24,0.28,0.37,0.0203
2776,31.35,78.45,19.84,3424.0,260.9,-0.1229,13.45,0.468,38.85,38.97,61.14,78.61,0.05,38.84,174.7,0.3382,0.3802,yellow,1,0.27,0.21,0.29,0.37,0.0188
2777,31.35,78.47,21.56,3669.0,256.8,0.0,13.36,0.33,38.9,40.01,62.76,80.69,0.05,40.07,179.3,0.359,0.4103,yellow,1,0.24,0.21,0.33,0.37,0.0173
2778,31.35,78.49,39.42,3826.0,244.4,1.1059,12.63,0.162,39.04,40.14,65.1,83.7,0.05,41.36,186.0,0.543,0.5708,orange,2,0.52,0.17,0.22,0.37,0.0159
2779,31.35,78.51,27.12,4316.0,226.0,0.2458,13.1,0.204,39.27,40.36,65.2,83.84,0.05,41.04,186.3,0.4202,0.4774,orange,2,0.4,0.25,0.24,0.37,0.0162
2780,31.35,78.53,28.91,5016.0,175.0,-1.2288,13.02,0.12,39.59,40.07,63.03,81.05,0.05,40.07,180.1,0.4332,0.638,orange,2,0.58,0.25,0.28,0.37,0.0173
2781,31.35,78.55,20.0,4448.5,180.0,0.0,8.0,0.177,39.84,39.16,65.97,84.83,0.05,39.16,188.5,0.3508,0.3103,yellow,1,0.24,0.09,0.24,0.37,0.0184
2782,31.35,78.57,18.24,4984.0,31.9,-1.5,13.54,0.149,39.02,38.33,61.63,79.25,0.05,38.33,176.1,0.3233,0.4925,orange,2,0.44,0.21,0.13,0.37,0.0194
2783,31.35,78.59,20.0,4421.2,180.0,0.0,8.0,0.174,38.27,37.58,61.91,79.61,0.05,37.58,176.9,0.3415,0.3034,yellow,1,0.24,0.05,0.24,0.37,0.0204
2784,31.35,78.61,20.0,4743.3,180.0,0.0,8.0,0.123,37.61,36.91,57.05,73.35,0.05,36.91,163.0,0.3304,0.3298,yellow,1,0.28,0.05,0.19,0.37,0.0213
2785,31.35,78.63,17.22,5966.0,62.7,-1.5,13.6,0.111,37.03,36.33,47.74,61.38,0.05,36.33,136.4,0.2813,0.4859,orange,2,0.44,0.21,0.08,0.37,0.0222
2786,31.35,78.65,22.82,5107.0,252.3,0.7373,13.29,0.08,36.53,35.84,50.37,64.76,0.05,35.84,143.9,0.3433,0.405,yellow,1,0.34,0.21,0.15,0.37,0.0229
2787,31.35,78.67,20.98,5319.0,342.2,-1.5,13.39,0.072,36.14,35.45,48.82,62.77,0.05,35.45,139.5,0.3214,0.4912,orange,2,0.44,0.21,0.12,0.37,0.0235
2788,31.35,78.69,29.81,5177.0,231.0,-0.2458,12.99,0.164,35.84,35.15,50.68,65.16,0.05,35.15,144.8,0.4139,0.4532,orange,2,0.4,0.13,0.19,0.37,0.024
2789,31.35,78.71,59.85,5234.0,73.2,1.5,11.89,0.115,35.46,34.96,52.81,67.91,0.05,34.96,150.9,0.5707,0.6047,orange,2,0.57,0.13,0.16,0.37,0.0243
2790,31.35,78.73,13.73,5322.0,338.6,1.5,13.84,0.078,35.05,34.86,55.44,71.28,0.05,34.86,158.4,0.264,0.3541,yellow,1,0.29,0.24,0.08,0.37,0.0245
2791,31.35,78.75,30.83,5411.0,206.2,1.3516,12.95,0.151,34.74,34.87,58.03,74.61,0.05,34.87,165.8,0.4409,0.5013,orange,2,0.44,0.13,0.27,0.37,0.0244
2792,31.35,78.77,37.09,5586.0,33.5,1.3516,12.71,0.134,34.53,34.99,59.36,76.32,0.05,34.99,169.6,0.5066,0.5771,orange,2,0.54,0.13,0.16,0.37,0.0243
2793,31.35,78.79,6.05,4880.0,319.5,0.2458,14.67,0.123,34.42,35.2,63.94,82.22,0.05,35.2,182.7,0.2067,0.3998,yellow,1,0.25,0.33,0.13,0.37,0.0239
2794,31.35,78.81,19.09,5372.0,118.7,0.6144,13.49,0.067,34.42,35.52,60.66,77.99,0.05,35.52,173.3,0.3295,0.4066,yellow,1,0.34,0.21,0.16,0.37,0.0234
2795,31.35,78.83,20.0,4810.3,180.0,0.0,8.0,0.14,34.53,35.93,61.49,79.06,0.05,35.93,175.7,0.3406,0.34,yellow,1,0.28,0.05,0.24,0.37,0.0228
2796,31.35,78.85,20.0,5190.0,180.0,0.0,8.0,0.09,34.63,36.44,56.52,72.67,0.05,36.44,161.5,0.3292,0.3298,yellow,1,0.28,0.05,0.19,0.37,0.022
2797,31.35,78.87,25.2,5288.0,150.1,-0.8601,13.18,0.125,34.16,37.04,52.85,67.95,0.05,37.04,151.0,0.3728,0.5764,orange,2,0.52,0.21,0.23,0.37,0.0212
2798,31.35,78.89,20.93,5573.0,46.0,-1.5,13.39,0.134,33.78,37.67,48.82,62.77,0.05,37.67,139.5,0.3209,0.4912,orange,2,0.44,0.21,0.12,0.37,0.0203
2799,31.35,78.91,38.81,4998.0,331.4,-1.5,12.65,0.123,33.52,38.22,50.54,64.98,0.05,38.22,144.4,0.5036,0.6691,red,3,0.64,0.13,0.16,0.37,0.0196
2800,31.35,78.93,31.28,5067.0,167.3,-0.3686,12.93,0.083,33.35,38.86,50.43,64.84,0.05,38.86,144.1,0.4281,0.5725,orange,2,0.52,0.13,0.27,0.37,0.0187
2801,31.35,78.95,33.54,5210.0,316.8,-0.6144,12.84,0.14,33.3,39.42,51.45,66.15,0.05,38.95,147.0,0.453,0.522,orange,2,0.48,0.13,0.16,0.37,0.0186
2802,31.35,78.97,18.92,5230.0,154.1,-0.1229,13.5,0.088,33.35,39.51,54.14,69.61,0.05,39.14,154.7,0.313,0.4291,yellow,1,0.36,0.21,0.19,0.37,0.0184
2803,31.35,78.99,29.58,5812.0,313.9,0.2458,13.0,0.06,33.52,39.69,54.25,69.75,0.05,39.42,155.0,0.4198,0.4608,orange,2,0.42,0.13,0.12,0.37,0.0181
2804,31.35,79.01,20.0,4973.0,180.0,0.0,8.0,0.104,33.78,39.96,61.42,78.98,0.05,39.78,175.5,0.3404,0.34,yellow,1,0.28,0.05,0.24,0.37,0.0176
2805,31.35,79.03,20.0,5294.5,180.0,0.0,8.0,0.095,34.16,40.32,61.46,79.02,0.05,40.23,175.6,0.3405,0.34,yellow,1,0.28,0.05,0.24,0.37,0.0171
2806,31.35,79.05,20.0,5239.6,180.0,0.0,8.0,0.158,34.63,40.77,61.91,79.61,0.05,40.77,176.9,0.3415,0.3034,yellow,1,0.24,0.05,0.24,0.37,0.0165
2807,31.37,77.85,20.0,3689.6,180.0,0.0,8.0,0.222,23.65,38.24,63.52,81.67,0.05,45.11,181.5,0.3452,0.4283,yellow,1,0.24,0.09,0.37,0.37,0.0124
2808,31.37,77.87,20.0,3532.4,180.0,0.0,8.0,0.379,22.55,37.09,61.07,78.53,0.05,43.79,174.5,0.3396,0.4118,yellow,1,0.18,0.05,0.37,0.37,0.0135
2809,31.37,77.89,20.0,3649.7,180.0,0.0,8.0,0.269,21.57,36.0,58.06,74.66,0.05,42.51,165.9,0.3327,0.3767,yellow,1,0.24,0.05,0.32,0.37,0.0147
2810,31.37,77.91,20.0,3546.9,180.0,0.0,8.0,0.338,20.72,34.99,57.64,74.11,0.05,41.29,164.7,0.3318,0.3651,yellow,1,0.18,0.05,0.32,0.37,0.0159
2811,31.37,77.93,20.0,3404.3,180.0,0.0,8.0,0.439,20.01,34.04,59.11,76.01,0.05,40.11,168.9,0.3351,0.3709,yellow,1,0.21,0.05,0.32,0.37,0.0172
2812,31.37,77.95,20.0,3736.8,180.0,0.0,8.0,0.245,19.46,33.19,59.57,76.59,0.05,38.99,170.2,0.3362,0.4225,yellow,1,0.24,0.05,0.37,0.37,0.0186
2813,31.37,77.97,20.0,4052.9,180.0,0.0,8.0,0.142,19.08,32.41,61.11,78.57,0.05,37.94,174.6,0.3397,0.34,yellow,1,0.28,0.05,0.24,0.37,0.0199
2814,31.37,77.99,20.0,3863.2,180.0,0.0,8.0,0.174,18.89,31.74,65.45,84.15,0.05,36.95,187.0,0.3496,0.3062,yellow,1,0.24,0.09,0.22,0.37,0.0213
2815,31.37,78.01,31.21,4371.0,346.1,-0.2458,12.93,0.132,18.89,31.17,65.52,84.24,0.05,36.03,187.2,0.4619,0.4799,orange,2,0.42,0.17,0.21,0.37,0.0226
2816,31.37,78.03,32.47,3744.0,339.9,-0.1229,12.88,0.205,19.08,30.7,70.24,90.31,0.05,35.2,200.7,0.4853,0.4641,orange,2,0.38,0.17,0.34,0.37,0.0239
2817,31.37,78.05,23.74,4318.0,321.9,0.3687,13.25,0.21,19.46,30.34,66.99,86.13,0.05,34.44,191.4,0.3905,0.3615,yellow,1,0.28,0.25,0.17,0.37,0.0252
2818,31.37,78.07,21.98,4168.0,350.8,-0.3687,13.34,0.182,20.01,30.11,65.94,84.78,0.05,33.78,188.4,0.3705,0.4147,yellow,1,0.34,0.25,0.17,0.37,0.0263
2819,31.37,78.09,24.55,4151.0,332.0,-1.1061,13.21,0.194,20.72,29.99,63.03,81.05,0.05,33.22,180.1,0.3896,0.4679,orange,2,0.4,0.25,0.17,0.37,0.0273
2820,31.37,78.11,36.9,4034.0,266.0,-0.2458,12.72,0.217,21.57,29.99,60.23,77.44,0.05,32.75,172.1,0.5067,0.5508,orange,2,0.5,0.13,0.24,0.37,0.0282
2821,31.37,78.13,37.92,3842.0,279.1,-0.2458,12.68,0.227,22.55,30.11,58.27,74.92,0.05,32.39,166.5,0.5124,0.5193,orange,2,0.48,0.13,0.14,0.37,0.0288
2822,31.37,78.15,12.5,4231.0,111.3,0.6145,13.94,0.225,23.65,30.34,54.39,69.93,0.05,32.14,155.4,0.2493,0.3228,yellow,1,0.25,0.24,0.11,0.37,0.0293
2823,31.37,78.17,24.8,4595.0,308.8,0.9832,13.2,0.184,24.84,30.7,52.26,67.19,0.05,32.0,149.3,0.3674,0.3458,yellow,1,0.28,0.21,0.12,0.37,0.0296
2824,31.37,78.19,34.3,4434.0,281.6,0.3687,12.81,0.151,26.11,31.17,54.49,70.06,0.05,31.97,155.7,0.4676,0.4301,yellow,1,0.38,0.13,0.16,0.37,0.0297
2825,31.37,78.21,23.68,4021.0,314.7,0.8603,13.25,0.192,27.46,31.74,59.39,76.36,0.05,32.06,169.7,0.3726,0.3458,yellow,1,0.28,0.21,0.12,0.37,0.0295
2826,31.37,78.23,20.0,4113.0,180.0,0.0,8.0,0.181,28.87,32.25,62.27,80.06,0.05,32.25,177.9,0.3423,0.3034,yellow,1,0.24,0.05,0.24,0.37,0.0291
2827,31.37,78.25,28.37,3995.0,35.3,0.0,13.05,0.23,30.33,32.56,66.08,84.96,0.05,32.56,188.8,0.4347,0.4474,yellow,1,0.38,0.25,0.15,0.37,0.0285
2828,31.37,78.27,20.0,4261.0,180.0,0.0,8.0,0.175,31.84,32.97,66.92,86.04,0.05,32.97,191.2,0.353,0.3103,yellow,1,0.24,0.09,0.24,0.37,0.0278
2829,31.37,78.29,41.33,4590.0,356.0,1.5,12.56,0.145,33.39,33.49,65.91,84.74,0.05,33.49,188.3,0.5639,0.5875,orange,2,0.54,0.17,0.21,0.37,0.0268
2830,31.37,78.31,44.22,4561.0,62.4,-1.5,12.46,0.126,34.98,34.1,65.06,83.66,0.05,34.1,185.9,0.5909,0.6772,red,3,0.64,0.17,0.21,0.37,0.0257
2831,31.37,78.33,49.56,4432.0,319.8,-1.5,12.27,0.147,36.59,34.81,63.35,81.45,0.05,34.81,181.0,0.5948,0.74,red,3,0.71,0.17,0.21,0.37,0.0246
2832,31.37,78.35,22.44,3930.0,59.6,0.8603,13.31,0.165,38.23,35.6,62.72,80.64,0.05,35.6,179.2,0.3678,0.351,yellow,1,0.28,0.21,0.15,0.37,0.0233
2833,31.37,78.37,44.02,3218.0,67.8,1.5,12.46,0.603,39.45,36.48,63.14,81.18,0.05,36.45,180.4,0.5845,0.5419,orange,2,0.47,0.17,0.34,0.37,0.022
2834,31.37,78.39,16.1,3215.0,245.8,0.9832,13.67,0.593,40.71,37.43,60.58,77.89,0.05,37.38,173.1,0.2995,0.3802,yellow,1,0.27,0.21,0.29,0.37,0.0207
2835,31.37,78.41,36.62,3760.0,190.7,-1.5,12.73,0.181,41.25,38.46,56.56,72.72,0.05,38.38,161.6,0.4955,0.6916,red,3,0.64,0.13,0.4,0.37,0.0194
2836,31.37,78.43,37.42,4504.0,325.5,-1.5,12.7,0.21,41.11,39.54,53.13,68.31,0.05,39.45,151.8,0.4956,0.6323,orange,2,0.6,0.13,0.16,0.37,0.018
2837,31.37,78.45,38.28,4439.0,184.1,-1.5,12.67,0.167,41.07,40.69,55.54,71.41,0.05,40.57,158.7,0.5098,0.6794,red,3,0.64,0.13,0.27,0.37,0.0167
2838,31.37,78.47,24.31,4520.0,253.5,1.5,13.22,0.187,41.11,41.89,58.2,74.84,0.05,41.76,166.3,0.3761,0.387,yellow,1,0.32,0.21,0.15,0.37,0.0154
2839,31.37,78.49,9.8,4904.0,127.2,-1.5,14.19,0.189,41.25,42.35,59.57,76.59,0.05,42.99,170.2,0.2342,0.4516,orange,2,0.37,0.29,0.2,0.37,0.0142
2840,31.37,78.51,29.74,5491.0,236.8,1.5,12.99,0.153,41.46,42.56,59.36,76.32,0.05,42.94,169.6,0.4331,0.4714,orange,2,0.42,0.13,0.19,0.37,0.0143
2841,31.37,78.53,20.0,4771.3,180.0,0.0,8.0,0.106,41.77,42.01,64.75,83.25,0.05,42.01,185.0,0.348,0.3466,yellow,1,0.28,0.09,0.24,0.37,0.0152
2842,31.37,78.55,23.97,5479.0,332.3,0.9832,13.24,0.122,41.83,41.15,61.01,78.44,0.05,41.15,174.3,0.3791,0.3902,yellow,1,0.32,0.21,0.17,0.37,0.0161
2843,31.37,78.57,31.67,4817.0,322.4,1.1061,12.91,0.12,41.05,40.36,62.82,80.78,0.05,40.36,179.5,0.4603,0.4925,orange,2,0.44,0.13,0.21,0.37,0.017
2844,31.37,78.59,20.0,4551.2,180.0,0.0,8.0,0.19,40.34,39.65,61.35,78.89,0.05,39.65,175.3,0.3402,0.3034,yellow,1,0.24,0.05,0.24,0.37,0.0178
2845,31.37,78.61,20.0,5288.0,180.0,0.0,8.0,0.159,39.71,39.02,54.11,69.57,0.05,39.02,154.6,0.3237,0.2926,yellow,1,0.24,0.05,0.19,0.37,0.0185
2846,31.37,78.63,20.0,4310.2,180.0,0.0,8.0,0.127,39.16,38.47,56.14,72.18,0.05,38.47,160.4,0.3283,0.3298,yellow,1,0.28,0.05,0.19,0.37,0.0192
2847,31.37,78.65,38.19,5392.0,337.3,1.3519,12.67,0.161,38.7,38.0,48.44,62.28,0.05,38.0,138.4,0.4926,0.5404,orange,2,0.5,0.13,0.16,0.37,0.0198
2848,31.37,78.67,12.95,4759.0,351.9,0.0,13.9,0.119,38.32,37.63,51.31,65.97,0.05,37.63,146.6,0.2468,0.3359,yellow,1,0.27,0.24,0.08,0.37,0.0203
2849,31.37,78.69,22.44,4717.0,132.7,0.1229,13.31,0.184,38.04,37.35,52.74,67.81,0.05,37.35,150.7,0.345,0.3756,yellow,1,0.3,0.21,0.19,0.37,0.0207
2850,31.37,78.71,30.25,5261.0,202.0,-0.3687,12.97,0.149,37.61,37.17,52.46,67.45,0.05,37.17,149.9,0.4224,0.5725,orange,2,0.52,0.13,0.27,0.37,0.021
2851,31.37,78.73,38.08,5316.0,201.2,0.1229,12.67,0.101,37.23,37.08,55.51,71.37,0.05,37.08,158.6,0.5077,0.6082,orange,2,0.56,0.13,0.27,0.37,0.0211
2852,31.37,78.75,53.7,5536.0,101.9,1.5,12.12,0.137,36.94,37.09,57.61,74.07,0.05,37.09,164.6,0.5817,0.6628,red,3,0.63,0.13,0.19,0.37,0.0211
2853,31.37,78.77,3.75,5094.0,150.4,0.4916,15.16,0.163,36.74,37.2,62.3,80.1,0.05,37.2,178.0,0.1799,0.4426,yellow,1,0.25,0.36,0.24,0.37,0.0209
2854,31.37,78.79,27.4,4856.0,332.6,1.5,13.09,0.109,36.64,37.4,64.5,82.94,0.05,37.4,184.3,0.4214,0.5034,orange,2,0.44,0.25,0.17,0.37,0.0207
2855,31.37,78.81,25.66,5224.0,130.7,1.5,13.16,0.13,36.64,37.7,61.81,79.47,0.05,37.7,176.6,0.3979,0.5247,orange,2,0.46,0.21,0.24,0.37,0.0202
2856,31.37,78.83,7.01,5658.0,278.9,-1.3519,14.53,0.127,36.74,38.09,57.29,73.66,0.05,38.09,163.7,0.2011,0.4355,yellow,1,0.37,0.29,0.08,0.37,0.0197
2857,31.37,78.85,5.36,4607.0,300.4,0.7374,14.8,0.175,36.77,38.57,59.6,76.64,0.05,38.57,170.3,0.1898,0.3566,yellow,1,0.21,0.29,0.13,0.37,0.0191
2858,31.37,78.87,45.48,5151.0,222.9,-1.3519,12.41,0.166,36.32,39.14,53.41,68.67,0.05,39.14,152.6,0.5721,0.7387,red,3,0.71,0.13,0.23,0.37,0.0184
2859,31.37,78.89,27.71,5662.0,54.1,0.1229,13.07,0.05,35.97,39.79,48.02,61.74,0.05,39.79,137.2,0.3869,0.473,orange,2,0.42,0.21,0.12,0.37,0.0176
2860,31.37,78.91,31.38,4793.0,340.2,-0.9832,12.92,0.165,35.72,40.33,51.2,65.84,0.05,40.33,146.3,0.4308,0.4852,orange,2,0.44,0.13,0.16,0.37,0.017
2861,31.37,78.93,40.26,5104.0,240.5,-0.8603,12.6,0.172,35.57,40.94,49.84,64.08,0.05,40.94,142.4,0.5165,0.599,orange,2,0.56,0.13,0.19,0.37,0.0163
2862,31.37,78.95,32.37,5265.0,24.1,1.5,12.88,0.125,35.52,41.62,50.86,65.39,0.05,41.17,145.3,0.4399,0.4852,orange,2,0.44,0.13,0.16,0.37,0.0161
2863,31.37,78.97,4.66,5384.0,171.4,-0.8603,14.94,0.118,35.57,41.72,53.23,68.44,0.05,41.34,152.1,0.1683,0.4509,orange,2,0.35,0.36,0.19,0.37,0.0159
2864,31.37,78.99,20.2,5423.0,319.5,0.0,13.43,0.079,35.72,41.9,56.42,72.54,0.05,41.6,161.2,0.331,0.3822,yellow,1,0.32,0.21,0.12,0.37,0.0156
2865,31.37,79.01,20.0,5090.7,180.0,0.0,8.0,0.177,35.97,42.15,61.11,78.57,0.05,41.95,174.6,0.3397,0.3034,yellow,1,0.24,0.05,0.24,0.37,0.0153
2866,31.37,79.03,20.0,4943.8,180.0,0.0,8.0,0.175,36.32,42.49,63.7,81.9,0.05,42.38,182.0,0.3456,0.3103,yellow,1,0.24,0.09,0.24,0.37,0.0148
2867,31.37,79.05,20.0,4856.3,180.0,0.0,8.0,0.141,36.77,42.92,64.36,82.76,0.05,42.89,183.9,0.3471,0.3466,yellow,1,0.28,0.09,0.24,0.37,0.0143
2868,31.39,77.85,20.0,3851.9,180.0,0.0,8.0,0.178,25.45,40.0,62.76,80.69,0.05,46.71,179.3,0.3434,0.2991,yellow,1,0.24,0.05,0.22,0.37,0.0111
2869,31.39,77.87,20.0,3909.3,180.0,0.0,8.0,0.193,24.44,38.91,60.09,77.27,0.05,45.43,171.7,0.3374,0.2991,yellow,1,0.24,0.05,0.22,0.37,0.0121
2870,31.39,77.89,20.0,3521.9,180.0,0.0,8.0,0.333,23.54,37.87,60.41,77.67,0.05,44.21,172.6,0.3381,0.4118,yellow,1,0.18,0.05,0.37,0.37,0.0131
2871,31.39,77.91,20.0,3241.4,180.0,0.0,8.0,0.522,22.76,36.91,61.21,78.7,0.05,43.03,174.9,0.3399,0.4172,yellow,1,0.21,0.05,0.37,0.37,0.0142
2872,31.39,77.93,20.0,3587.9,180.0,0.0,8.0,0.304,22.11,36.01,59.88,77.0,0.05,41.9,171.1,0.3369,0.4118,yellow,1,0.18,0.05,0.37,0.37,0.0153
2873,31.39,77.95,20.0,3948.6,180.0,0.0,8.0,0.194,21.62,35.2,59.6,76.64,0.05,40.83,170.3,0.3362,0.2991,yellow,1,0.24,0.05,0.22,0.37,0.0164
2874,31.39,77.97,20.0,3949.5,180.0,0.0,8.0,0.142,21.28,34.48,61.84,79.52,0.05,39.82,176.7,0.3414,0.3359,yellow,1,0.28,0.05,0.22,0.37,0.0176
2875,31.39,77.99,20.0,4034.2,180.0,0.0,8.0,0.229,21.11,33.84,63.8,82.04,0.05,38.88,182.3,0.3458,0.3103,yellow,1,0.24,0.09,0.24,0.37,0.0187
2876,31.39,78.01,20.0,4085.4,180.0,0.0,8.0,0.154,21.11,33.31,65.48,84.19,0.05,38.02,187.1,0.3497,0.3103,yellow,1,0.24,0.09,0.24,0.37,0.0198
2877,31.39,78.03,30.77,4250.0,271.4,0.6146,12.95,0.138,21.28,32.87,65.66,84.42,0.05,37.22,187.6,0.4578,0.4799,orange,2,0.42,0.17,0.21,0.37,0.0209
2878,31.39,78.05,31.89,4330.0,311.5,-0.1229,12.9,0.192,21.62,32.54,65.06,83.66,0.05,36.51,185.9,0.4676,0.444,yellow,1,0.38,0.17,0.21,0.37,0.0219
2879,31.39,78.07,39.96,4453.0,118.4,1.1064,12.61,0.206,22.11,32.32,63.1,81.14,0.05,35.89,180.3,0.5438,0.5732,orange,2,0.52,0.17,0.24,0.37,0.0228
2880,31.39,78.09,29.33,4549.0,225.5,1.5,13.01,0.193,22.76,32.2,60.44,77.72,0.05,35.36,172.7,0.4315,0.4895,orange,2,0.42,0.21,0.24,0.37,0.0237
2881,31.39,78.11,20.0,4128.2,180.0,0.0,8.0,0.164,23.54,32.2,60.23,77.44,0.05,34.92,172.1,0.3377,0.3034,yellow,1,0.24,0.05,0.24,0.37,0.0244
2882,31.39,78.13,19.5,4837.0,323.5,-0.6146,13.47,0.095,24.44,32.32,54.39,69.93,0.05,34.58,155.4,0.3193,0.4308,yellow,1,0.38,0.21,0.08,0.37,0.0249
2883,31.39,78.15,53.56,4568.0,103.0,-1.5,12.13,0.166,25.45,32.54,54.49,70.06,0.05,34.35,155.7,0.5746,0.7175,red,3,0.69,0.13,0.19,0.37,0.0253
2884,31.39,78.17,12.8,4480.0,67.9,-0.4917,13.91,0.204,26.56,32.87,54.77,70.42,0.05,34.22,156.5,0.2532,0.3541,yellow,1,0.29,0.24,0.08,0.37,0.0255
2885,31.39,78.19,6.31,4548.0,329.1,0.0,14.63,0.186,27.76,33.31,55.44,71.28,0.05,34.19,158.4,0.1898,0.3482,yellow,1,0.21,0.29,0.08,0.37,0.0256
2886,31.39,78.21,7.46,4128.0,81.7,1.3522,14.46,0.216,29.03,33.84,59.57,76.59,0.05,34.27,170.2,0.2108,0.3603,yellow,1,0.23,0.29,0.13,0.37,0.0255
2887,31.39,78.23,5.76,3374.0,323.0,1.3522,14.72,0.502,30.37,34.45,65.94,84.78,0.05,34.45,188.4,0.2083,0.412,yellow,1,0.2,0.33,0.26,0.37,0.0251
2888,31.39,78.25,20.67,3562.0,33.9,-0.2459,13.4,0.395,31.76,34.74,67.23,86.44,0.05,34.74,192.1,0.3604,0.3871,yellow,1,0.22,0.25,0.3,0.37,0.0247
2889,31.39,78.27,29.19,3876.0,76.2,1.1064,13.01,0.183,33.21,35.13,67.16,86.36,0.05,35.13,191.9,0.4454,0.4652,orange,2,0.4,0.25,0.15,0.37,0.024
2890,31.39,78.29,22.74,3714.0,47.2,-0.7376,13.3,0.298,34.7,35.61,68.53,88.11,0.05,35.61,195.8,0.384,0.4341,yellow,1,0.34,0.25,0.3,0.37,0.0233
2891,31.39,78.31,38.46,3591.0,7.6,-0.7376,12.66,0.32,36.22,36.19,68.49,88.06,0.05,36.19,195.7,0.5412,0.5505,orange,2,0.48,0.17,0.34,0.37,0.0224
2892,31.39,78.33,35.07,3327.0,29.4,-1.5,12.78,0.456,37.78,36.86,68.14,87.61,0.05,36.86,194.7,0.5065,0.6283,orange,2,0.57,0.17,0.34,0.37,0.0214
2893,31.39,78.35,15.86,3160.0,36.8,-0.4917,13.69,0.58,39.37,37.61,66.71,85.77,0.05,37.61,190.6,0.3111,0.4526,orange,2,0.31,0.25,0.36,0.37,0.0204
2894,31.39,78.37,31.06,3977.0,222.2,-1.5,12.94,0.154,40.99,38.44,60.02,77.17,0.05,38.42,171.5,0.4478,0.5892,orange,2,0.54,0.13,0.26,0.37,0.0193
2895,31.39,78.39,20.0,4281.0,180.0,0.0,8.0,0.139,42.37,39.35,56.59,72.77,0.05,39.31,161.7,0.3294,0.3298,yellow,1,0.28,0.05,0.19,0.37,0.0182
2896,31.39,78.41,17.07,4886.0,149.9,-1.5,13.61,0.185,43.46,40.32,52.61,67.64,0.05,40.26,150.3,0.2909,0.4952,orange,2,0.44,0.21,0.15,0.37,0.0171
2897,31.39,78.43,38.27,4814.0,231.3,0.7376,12.67,0.173,43.33,41.36,53.3,68.54,0.05,41.28,152.3,0.5045,0.5495,orange,2,0.5,0.13,0.23,0.37,0.016
2898,31.39,78.45,20.0,4202.0,180.0,0.0,8.0,0.224,43.29,42.46,57.99,74.56,0.05,42.36,165.7,0.3326,0.2926,yellow,1,0.24,0.05,0.19,0.37,0.0148
2899,31.39,78.47,12.8,4969.0,67.9,-0.1229,13.91,0.15,43.33,43.61,56.17,72.23,0.05,43.49,160.5,0.2564,0.3065,yellow,1,0.23,0.24,0.08,0.37,0.0138
2900,31.39,78.49,42.85,5179.0,114.8,-1.2293,12.5,0.091,43.46,44.56,57.51,73.94,0.05,44.68,164.3,0.5599,0.6901,red,3,0.66,0.13,0.19,0.37,0.0127
2901,31.39,78.51,37.01,5516.0,278.7,-0.3688,12.71,0.152,43.66,44.76,57.78,74.3,0.05,44.87,165.1,0.5022,0.5771,orange,2,0.54,0.13,0.16,0.37,0.0126
2902,31.39,78.53,47.19,5054.0,313.6,-1.5,12.35,0.15,43.95,43.98,61.35,78.89,0.05,43.98,175.3,0.5902,0.701,red,3,0.67,0.13,0.21,0.37,0.0133
2903,31.39,78.55,38.09,4995.0,134.1,-0.3688,12.67,0.176,43.85,43.16,61.67,79.29,0.05,43.16,176.2,0.5219,0.6093,orange,2,0.56,0.13,0.28,0.37,0.0141
2904,31.39,78.57,10.6,4907.0,40.5,-0.3688,14.11,0.167,43.1,42.41,60.93,78.34,0.05,42.41,174.1,0.2453,0.3622,yellow,1,0.29,0.24,0.13,0.37,0.0148
2905,31.39,78.59,29.67,4489.0,172.2,-0.3688,12.99,0.134,42.42,41.73,61.07,78.53,0.05,41.73,174.5,0.4363,0.5738,orange,2,0.52,0.13,0.28,0.37,0.0155
2906,31.39,78.61,42.27,5065.0,224.4,0.0,12.52,0.139,41.82,41.13,55.65,71.55,0.05,41.13,159.0,0.5499,0.6036,orange,2,0.56,0.13,0.23,0.37,0.0161
2907,31.39,78.63,32.48,4586.0,87.0,-0.4917,12.88,0.124,41.3,40.61,55.93,71.91,0.05,40.61,159.8,0.4526,0.522,orange,2,0.48,0.13,0.16,0.37,0.0167
2908,31.39,78.65,47.22,4820.0,193.0,1.3522,12.35,0.124,40.86,40.17,53.27,68.49,0.05,40.17,152.2,0.5718,0.6883,red,3,0.65,0.13,0.27,0.37,0.0172
2909,31.39,78.67,20.0,4266.0,180.0,0.0,8.0,0.193,40.51,39.82,55.86,71.82,0.05,39.82,159.6,0.3277,0.2926,yellow,1,0.24,0.05,0.19,0.37,0.0176
2910,31.39,78.69,2.49,4173.0,123.1,1.5,15.56,0.142,40.23,39.56,57.19,73.53,0.05,39.56,163.4,0.1556,0.4361,yellow,1,0.29,0.36,0.15,0.37,0.0179
2911,31.39,78.71,32.6,5021.0,207.1,1.5,12.88,0.155,39.78,39.38,54.6,70.2,0.05,39.38,156.0,0.4508,0.5013,orange,2,0.44,0.13,0.27,0.37,0.0181
2912,31.39,78.73,27.56,5277.0,0.9,0.1229,13.08,0.163,39.42,39.3,55.62,71.51,0.05,39.3,158.9,0.4027,0.4367,yellow,1,0.38,0.21,0.12,0.37,0.0182
2913,31.39,78.75,16.48,5297.0,164.1,1.1064,13.65,0.162,39.14,39.31,57.85,74.39,0.05,39.31,165.3,0.297,0.4113,yellow,1,0.34,0.21,0.19,0.37,0.0182
2914,31.39,78.77,28.85,5053.0,352.0,1.5,13.03,0.12,38.95,39.41,60.83,78.21,0.05,39.41,173.8,0.4275,0.4978,orange,2,0.44,0.21,0.17,0.37,0.0181
2915,31.39,78.79,42.74,5391.0,311.9,-1.1064,12.51,0.161,38.86,39.6,59.74,76.81,0.05,39.6,170.7,0.564,0.6375,orange,2,0.6,0.13,0.21,0.37,0.0178
2916,31.39,78.81,19.96,4504.0,342.5,0.1229,13.44,0.207,38.86,39.88,63.84,82.08,0.05,39.88,182.4,0.3455,0.3551,yellow,1,0.28,0.25,0.13,0.37,0.0175
2917,31.39,78.83,20.0,5022.0,180.0,0.0,8.0,0.085,38.95,40.25,59.53,76.55,0.05,40.25,170.1,0.3361,0.34,yellow,1,0.28,0.05,0.24,0.37,0.0171
2918,31.39,78.85,40.86,4616.0,27.3,-1.2293,12.57,0.165,38.92,40.71,59.39,76.36,0.05,40.71,169.7,0.5444,0.6323,orange,2,0.6,0.13,0.16,0.37,0.0166
2919,31.39,78.87,41.87,5062.0,86.7,0.7376,12.54,0.172,38.5,41.25,54.63,70.25,0.05,41.25,156.1,0.5436,0.522,orange,2,0.48,0.13,0.16,0.37,0.016
2920,31.39,78.89,40.0,5202.0,296.2,-0.2459,12.6,0.169,38.17,41.86,51.97,66.83,0.05,41.86,148.5,0.5188,0.522,orange,2,0.48,0.13,0.16,0.37,0.0153
2921,31.39,78.91,49.54,4497.0,9.1,1.5,12.27,0.133,37.93,42.46,54.67,70.29,0.05,42.46,156.2,0.575,0.6415,orange,2,0.61,0.13,0.16,0.37,0.0147
2922,31.39,78.93,33.11,4563.0,115.0,-1.5,12.86,0.164,37.79,43.03,54.53,70.11,0.05,43.03,155.8,0.4557,0.5625,orange,2,0.52,0.13,0.19,0.37,0.0142
2923,31.39,78.95,14.6,4697.0,153.2,0.9834,13.77,0.194,37.74,43.68,55.16,70.92,0.05,43.38,157.6,0.2721,0.3542,yellow,1,0.27,0.24,0.19,0.37,0.0139
2924,31.39,78.97,30.39,5461.0,233.2,0.7376,12.96,0.072,37.79,43.94,53.27,68.49,0.05,43.55,152.2,0.4257,0.4955,orange,2,0.44,0.13,0.23,0.37,0.0137
2925,31.39,78.99,5.91,5313.0,15.9,0.1229,14.7,0.14,37.93,44.1,56.49,72.63,0.05,43.8,161.4,0.1882,0.356,yellow,1,0.25,0.29,0.08,0.37,0.0135
2926,31.39,79.01,20.0,4883.1,180.0,0.0,8.0,0.114,38.17,44.35,60.86,78.26,0.05,44.13,173.9,0.3391,0.34,yellow,1,0.28,0.05,0.24,0.37,0.0132
2927,31.39,79.03,20.0,4691.0,180.0,0.0,8.0,0.199,38.5,44.67,63.17,81.23,0.05,44.53,180.5,0.3444,0.3103,yellow,1,0.24,0.09,0.24,0.37,0.0128
2928,31.39,79.05,20.0,5095.9,180.0,0.0,8.0,0.095,38.92,45.07,61.18,78.66,0.05,45.02,174.8,0.3398,0.34,yellow,1,0.28,0.05,0.24,0.37,0.0124
2929,31.41,77.85,20.0,3950.2,180.0,0.0,8.0,0.23,27.32,41.81,62.33,80.14,0.05,48.36,178.1,0.3425,0.2991,yellow,1,0.24,0.05,0.22,0.37,0.01
2930,31.41,77.87,20.0,3700.0,180.0,0.0,8.0,0.221,26.38,40.76,63.07,81.09,0.05,47.13,180.2,0.3442,0.4283,yellow,1,0.24,0.09,0.37,0.37,0.0108
2931,31.41,77.89,20.0,3552.8,180.0,0.0,8.0,0.375,25.55,39.77,63.42,81.54,0.05,45.95,181.2,0.345,0.418,yellow,1,0.18,0.09,0.37,0.37,0.0117
2932,31.41,77.91,20.0,3783.4,180.0,0.0,8.0,0.224,24.83,38.86,62.02,79.74,0.05,44.81,177.2,0.3418,0.4225,yellow,1,0.24,0.05,0.37,0.37,0.0126
2933,31.41,77.93,20.0,3814.0,180.0,0.0,8.0,0.238,24.24,38.01,61.98,79.69,0.05,43.73,177.1,0.3417,0.2991,yellow,1,0.24,0.05,0.22,0.37,0.0135
2934,31.41,77.95,20.0,3689.0,180.0,0.0,8.0,0.264,23.79,37.24,63.03,81.05,0.05,42.71,180.1,0.3441,0.4283,yellow,1,0.24,0.09,0.37,0.37,0.0145
2935,31.41,77.97,20.0,3923.2,180.0,0.0,8.0,0.17,23.48,36.56,62.41,80.24,0.05,41.75,178.3,0.3426,0.2991,yellow,1,0.24,0.05,0.22,0.37,0.0155
2936,31.41,77.99,20.0,4128.7,180.0,0.0,8.0,0.157,23.33,35.96,61.91,79.61,0.05,40.85,176.9,0.3415,0.3034,yellow,1,0.24,0.05,0.24,0.37,0.0164
2937,31.41,78.01,30.26,4608.0,277.0,0.2459,12.97,0.112,23.33,35.46,59.88,77.0,0.05,40.02,171.1,0.4395,0.4744,orange,2,0.42,0.13,0.21,0.37,0.0173
2938,31.41,78.03,32.17,4475.0,154.9,0.2459,12.89,0.138,23.48,35.05,60.86,78.26,0.05,39.27,173.9,0.4608,0.5262,orange,2,0.46,0.13,0.32,0.37,0.0182
2939,31.41,78.05,19.17,4881.0,349.3,0.6148,13.49,0.101,23.79,34.74,58.66,75.42,0.05,38.6,167.6,0.3258,0.3757,yellow,1,0.32,0.21,0.08,0.37,0.0191
2940,31.41,78.07,29.13,4769.0,332.3,0.2459,13.01,0.096,24.24,34.53,58.94,75.78,0.05,38.01,168.4,0.426,0.473,orange,2,0.42,0.21,0.12,0.37,0.0198
2941,31.41,78.09,20.0,3868.7,180.0,0.0,8.0,0.185,24.83,34.42,63.1,81.14,0.05,37.51,180.3,0.3442,0.3062,yellow,1,0.24,0.09,0.22,0.37,0.0205
2942,31.41,78.11,40.7,4960.0,55.0,1.5,12.58,0.159,25.55,34.42,56.77,72.99,0.05,37.1,162.2,0.5368,0.5404,orange,2,0.5,0.13,0.16,0.37,0.0211
2943,31.41,78.13,20.0,4306.9,180.0,0.0,8.0,0.219,26.38,34.53,59.67,76.73,0.05,36.78,170.5,0.3364,0.3034,yellow,1,0.24,0.05,0.24,0.37,0.0215
2944,31.41,78.15,36.55,4059.0,7.2,-0.4918,12.73,0.224,27.32,34.74,60.66,77.99,0.05,36.56,173.3,0.5041,0.5832,orange,2,0.54,0.13,0.21,0.37,0.0218
2945,31.41,78.17,20.0,3915.3,180.0,0.0,8.0,0.193,28.36,35.05,61.35,78.89,0.05,36.44,175.3,0.3402,0.2991,yellow,1,0.24,0.05,0.22,0.37,0.022
2946,31.41,78.19,13.26,3891.0,94.6,0.8607,13.87,0.183,29.48,35.46,61.74,79.38,0.05,36.41,176.4,0.2737,0.3279,yellow,1,0.25,0.24,0.14,0.37,0.0221
2947,31.41,78.21,19.31,4005.0,115.7,0.6148,13.48,0.193,30.68,35.96,61.63,79.25,0.05,36.49,176.1,0.334,0.3706,yellow,1,0.3,0.21,0.16,0.37,0.022
2948,31.41,78.23,25.26,3719.0,341.0,1.2295,13.18,0.211,31.95,36.56,63.73,81.94,0.05,36.66,182.1,0.3983,0.4855,orange,2,0.4,0.25,0.3,0.37,0.0217
2949,31.41,78.25,24.16,3026.0,342.1,0.2459,13.23,0.682,33.28,36.93,67.93,87.34,0.05,36.93,194.1,0.3969,0.4733,orange,2,0.21,0.25,0.4,0.37,0.0213
2950,31.41,78.27,31.84,3167.0,12.0,1.4755,12.91,0.632,34.66,37.29,67.62,86.94,0.05,37.29,193.2,0.473,0.5202,orange,2,0.37,0.17,0.44,0.37,0.0208
2951,31.41,78.29,24.32,2684.0,80.3,-0.123,13.22,0.661,36.09,37.75,70.28,90.36,0.05,37.75,200.8,0.4038,0.4842,orange,2,0.24,0.3,0.4,0.33,0.0202
2952,31.41,78.31,17.97,2754.0,244.0,1.1066,13.55,0.679,37.56,38.3,69.72,89.64,0.05,38.3,199.2,0.3391,0.4808,orange,2,0.28,0.3,0.39,0.33,0.0195
2953,31.41,78.33,8.98,3024.0,271.7,1.3525,14.27,0.651,39.07,38.93,67.86,87.26,0.05,38.93,193.9,0.2449,0.4465,yellow,1,0.18,0.33,0.36,0.37,0.0187
2954,31.41,78.35,30.07,3822.0,230.3,0.2459,12.98,0.156,40.61,39.64,63.1,81.14,0.05,39.64,180.3,0.4449,0.4694,orange,2,0.4,0.17,0.26,0.37,0.0178
2955,31.41,78.37,20.0,4228.6,180.0,0.0,8.0,0.211,42.18,40.43,60.37,77.62,0.05,40.42,172.5,0.338,0.3034,yellow,1,0.24,0.05,0.24,0.37,0.0169
2956,31.41,78.39,39.57,4961.0,108.1,-1.3525,12.62,0.115,43.77,41.29,56.07,72.09,0.05,41.26,160.2,0.5239,0.6901,red,3,0.66,0.13,0.19,0.37,0.016
2957,31.41,78.41,15.89,5015.0,315.8,0.2459,13.69,0.114,45.29,42.22,55.58,71.46,0.05,42.17,158.8,0.2859,0.3757,yellow,1,0.32,0.21,0.08,0.37,0.015
2958,31.41,78.43,20.0,4392.2,180.0,0.0,8.0,0.212,45.55,43.21,58.94,75.78,0.05,43.15,168.4,0.3347,0.2926,yellow,1,0.24,0.05,0.19,0.37,0.0141
2959,31.41,78.45,39.23,5457.0,153.5,0.0,12.63,0.065,45.51,44.26,53.69,69.03,0.05,44.18,153.4,0.515,0.6082,orange,2,0.56,0.13,0.27,0.37,0.0131
2960,31.41,78.47,38.1,5473.0,41.4,-1.5,12.67,0.074,45.55,45.37,54.18,69.66,0.05,45.27,154.8,0.5048,0.6691,red,3,0.64,0.13,0.16,0.37,0.0122
2961,31.41,78.49,11.68,4814.0,31.9,0.2459,14.01,0.131,45.67,46.53,58.24,74.88,0.05,46.41,166.4,0.2499,0.3359,yellow,1,0.27,0.24,0.08,0.37,0.0113
2962,31.41,78.51,29.15,4568.0,124.2,-0.4918,13.01,0.181,45.87,46.82,60.06,77.22,0.05,46.82,171.6,0.4288,0.5247,orange,2,0.46,0.21,0.24,0.37,0.011
2963,31.41,78.53,37.32,5181.0,43.3,-1.5,12.7,0.128,46.14,45.98,57.12,73.44,0.05,45.98,163.2,0.5038,0.6691,red,3,0.64,0.13,0.16,0.37,0.0117
2964,31.41,78.55,19.92,4240.0,158.4,0.9836,13.44,0.215,45.88,45.19,62.05,79.79,0.05,45.19,177.3,0.341,0.4015,yellow,1,0.32,0.21,0.24,0.37,0.0123
2965,31.41,78.57,42.79,4483.0,66.1,1.5,12.51,0.121,45.17,44.48,60.48,77.76,0.05,44.48,172.8,0.5661,0.5832,orange,2,0.54,0.13,0.21,0.37,0.0129
2966,31.41,78.59,20.0,4460.3,180.0,0.0,8.0,0.173,44.52,43.83,60.09,77.27,0.05,43.83,171.7,0.3374,0.3034,yellow,1,0.24,0.05,0.24,0.37,0.0135
2967,31.41,78.61,36.78,4633.0,53.8,-1.4755,12.72,0.165,43.95,43.26,58.59,75.33,0.05,43.26,167.4,0.5017,0.6323,orange,2,0.6,0.13,0.16,0.37,0.014
2968,31.41,78.63,16.49,4103.0,246.4,-1.5,13.65,0.181,43.46,42.76,60.79,78.16,0.05,42.76,173.7,0.3039,0.4785,orange,2,0.42,0.21,0.16,0.37,0.0144
2969,31.41,78.65,35.71,4130.0,247.5,-0.2459,12.76,0.135,43.04,42.35,60.3,77.54,0.05,42.35,172.3,0.4949,0.5868,orange,2,0.54,0.13,0.24,0.37,0.0149
2970,31.41,78.67,20.0,4852.3,180.0,0.0,8.0,0.186,42.7,42.01,56.42,72.54,0.05,42.01,161.2,0.329,0.2926,yellow,1,0.24,0.05,0.19,0.37,0.0152
2971,31.41,78.69,47.2,4907.0,42.4,0.3689,12.35,0.105,42.38,41.76,56.35,72.45,0.05,41.76,161.0,0.5788,0.6231,orange,2,0.59,0.13,0.16,0.37,0.0154
2972,31.41,78.71,36.46,4943.0,206.0,1.3525,12.73,0.175,41.95,41.6,56.63,72.81,0.05,41.6,161.8,0.494,0.5904,orange,2,0.54,0.13,0.27,0.37,0.0156
2973,31.41,78.73,19.1,4650.0,180.7,-0.6148,13.49,0.118,41.6,41.52,58.77,75.56,0.05,41.52,167.9,0.3253,0.4827,orange,2,0.42,0.21,0.19,0.37,0.0157
2974,31.41,78.75,13.33,5113.0,40.5,-0.2459,13.87,0.087,41.34,41.53,56.91,73.17,0.05,41.53,162.6,0.2634,0.3359,yellow,1,0.27,0.24,0.08,0.37,0.0157
2975,31.41,78.77,7.4,5389.0,94.2,-1.5,14.47,0.082,41.17,41.63,55.89,71.86,0.05,41.63,159.7,0.2018,0.4574,orange,2,0.39,0.29,0.11,0.37,0.0156
2976,31.41,78.79,20.0,4769.8,180.0,0.0,8.0,0.115,41.08,41.81,59.32,76.28,0.05,41.81,169.5,0.3356,0.3298,yellow,1,0.28,0.05,0.19,0.37,0.0154
2977,31.41,78.81,20.0,5349.0,180.0,0.0,8.0,0.134,41.08,42.07,56.14,72.18,0.05,42.07,160.4,0.3283,0.3298,yellow,1,0.28,0.05,0.19,0.37,0.0151
2978,31.41,78.83,36.03,4408.0,237.2,-1.5,12.75,0.188,41.17,42.42,60.69,78.03,0.05,42.42,173.4,0.499,0.6626,red,3,0.62,0.13,0.28,0.37,0.0148
2979,31.41,78.85,32.91,4410.0,231.5,0.0,12.86,0.189,41.07,42.86,60.09,77.27,0.05,42.86,171.7,0.4665,0.4672,orange,2,0.4,0.13,0.28,0.37,0.0144
2980,31.41,78.87,20.0,4824.4,180.0,0.0,8.0,0.12,40.68,43.37,57.33,73.71,0.05,43.37,163.8,0.331,0.3298,yellow,1,0.28,0.05,0.19,0.37,0.0139
2981,31.41,78.89,28.18,4609.0,145.5,-0.2459,13.05,0.133,40.36,43.95,57.96,74.52,0.05,43.95,165.6,0.4143,0.5183,orange,2,0.46,0.21,0.19,0.37,0.0133
2982,31.41,78.91,50.31,4251.0,338.9,-1.5,12.24,0.149,40.14,44.59,59.57,76.59,0.05,44.59,170.2,0.5862,0.7372,red,3,0.71,0.13,0.21,0.37,0.0128
2983,31.41,78.93,34.78,4952.0,223.0,0.123,12.79,0.091,40.01,45.14,55.96,71.95,0.05,45.14,159.9,0.4757,0.5135,orange,2,0.46,0.13,0.23,0.37,0.0123
2984,31.41,78.95,32.66,5587.0,51.6,-0.6148,12.87,0.108,39.96,45.76,52.95,68.09,0.05,45.6,151.3,0.4476,0.522,orange,2,0.48,0.13,0.16,0.37,0.012
2985,31.41,78.97,34.82,5659.0,145.6,0.4918,12.79,0.131,40.01,46.15,53.13,68.31,0.05,45.76,151.8,0.4696,0.5135,orange,2,0.46,0.13,0.23,0.37,0.0118
2986,31.41,78.99,21.21,5220.0,129.5,0.0,13.38,0.086,40.14,46.31,56.03,72.05,0.05,45.99,160.1,0.3402,0.4113,yellow,1,0.34,0.21,0.19,0.37,0.0116
2987,31.41,79.01,20.0,5006.6,180.0,0.0,8.0,0.119,40.36,46.54,57.68,74.16,0.05,46.31,164.8,0.3318,0.3298,yellow,1,0.28,0.05,0.19,0.37,0.0114
2988,31.41,79.03,20.0,5246.7,180.0,0.0,8.0,0.112,40.68,46.85,56.77,72.99,0.05,46.69,162.2,0.3298,0.3298,yellow,1,0.28,0.05,0.19,0.37,0.0111
2989,31.41,79.05,20.0,5223.0,180.0,0.0,8.0,0.1,41.07,47.24,56.91,73.17,0.05,47.16,162.6,0.3301,0.3298,yellow,1,0.28,0.05,0.19,0.37,0.0108
2990,31.43,77.85,20.0,3438.4,180.0,0.0,8.0,0.442,29.24,43.66,65.17,83.79,0.05,50.05,186.2,0.349,0.4231,yellow,1,0.21,0.09,0.37,0.37,0.0089
2991,31.43,77.87,20.0,3620.7,180.0,0.0,8.0,0.322,28.36,42.65,65.59,84.33,0.05,48.86,187.4,0.3499,0.418,yellow,1,0.18,0.09,0.37,0.37,0.0096
2992,31.43,77.89,20.0,4079.2,180.0,0.0,8.0,0.154,27.59,41.71,64.19,82.53,0.05,47.72,183.4,0.3467,0.3103,yellow,1,0.24,0.09,0.24,0.37,0.0104
2993,31.43,77.91,20.0,4078.1,180.0,0.0,8.0,0.137,26.92,40.84,64.58,83.03,0.05,46.63,184.5,0.3476,0.3466,yellow,1,0.28,0.09,0.24,0.37,0.0112
2994,31.43,77.93,20.0,3846.4,180.0,0.0,8.0,0.165,26.38,40.03,65.48,84.19,0.05,45.6,187.1,0.3497,0.3062,yellow,1,0.24,0.09,0.22,0.37,0.012
2995,31.43,77.95,20.0,3892.5,180.0,0.0,8.0,0.174,25.97,39.3,64.33,82.71,0.05,44.62,183.8,0.347,0.3062,yellow,1,0.24,0.09,0.22,0.37,0.0128
2996,31.43,77.97,20.0,3849.5,180.0,0.0,8.0,0.155,25.69,38.66,63.21,81.27,0.05,43.7,180.6,0.3445,0.3062,yellow,1,0.24,0.09,0.22,0.37,0.0136
2997,31.43,77.99,20.0,3615.5,180.0,0.0,8.0,0.35,25.55,38.09,63.03,81.05,0.05,42.84,180.1,0.3441,0.418,yellow,1,0.18,0.09,0.37,0.37,0.0144
2998,31.43,78.01,20.0,5035.0,180.0,0.0,8.0,0.112,25.55,37.61,54.46,70.02,0.05,42.05,155.6,0.3245,0.3298,yellow,1,0.28,0.05,0.19,0.37,0.0151
2999,31.43,78.03,50.59,3880.0,3.4,-0.8609,12.23,0.185,25.69,37.23,59.92,77.04,0.05,41.34,171.2,0.587,0.6446,orange,2,0.61,0.13,0.19,0.37,0.0159
3000,31.43,78.05,20.0,4252.6,180.0,0.0,8.0,0.174,25.97,36.94,58.06,74.66,0.05,40.7,165.9,0.3327,0.2926,yellow,1,0.24,0.05,0.19,0.37,0.0166
3001,31.43,78.07,37.75,4635.0,63.4,1.5,12.69,0.17,26.38,36.74,56.84,73.08,0.05,40.14,162.4,0.5074,0.5404,orange,2,0.5,0.13,0.16,0.37,0.0172
3002,31.43,78.09,42.94,4472.0,50.8,-0.6149,12.5,0.122,26.92,36.64,58.94,75.78,0.05,39.67,168.4,0.5641,0.6139,orange,2,0.58,0.13,0.16,0.37,0.0178
3003,31.43,78.11,22.58,4533.0,341.3,1.1068,13.31,0.164,27.59,36.64,60.02,77.17,0.05,39.28,171.5,0.363,0.3723,yellow,1,0.3,0.21,0.17,0.37,0.0182
3004,31.43,78.13,20.0,3792.8,180.0,0.0,8.0,0.173,28.36,36.74,65.17,83.79,0.05,38.98,186.2,0.349,0.4283,yellow,1,0.24,0.09,0.37,0.37,0.0186
3005,31.43,78.15,32.62,3676.0,6.5,0.123,12.88,0.316,29.24,36.94,66.53,85.55,0.05,38.77,190.1,0.4783,0.4262,yellow,1,0.32,0.17,0.34,0.37,0.0189
3006,31.43,78.17,39.43,3936.0,167.2,-0.6149,12.62,0.179,30.21,37.23,65.27,83.92,0.05,38.65,186.5,0.5435,0.6328,orange,2,0.58,0.17,0.3,0.37,0.019
3007,31.43,78.19,32.35,3074.0,4.8,-1.3528,12.89,0.648,31.27,37.61,69.23,89.01,0.05,38.63,197.8,0.4817,0.5551,orange,2,0.47,0.17,0.44,0.37,0.019
3008,31.43,78.21,37.21,3166.0,34.4,1.5,12.7,0.573,32.4,38.09,67.58,86.89,0.05,38.7,193.1,0.5266,0.5551,orange,2,0.47,0.17,0.44,0.37,0.0189
3009,31.43,78.23,8.52,2756.0,139.5,0.3689,14.33,0.678,33.6,38.66,68.36,87.89,0.05,38.86,195.3,0.2414,0.5194,orange,2,0.23,0.38,0.43,0.33,0.0187
3010,31.43,78.25,1.93,2562.0,286.3,-0.4919,15.82,0.668,34.87,39.12,68.04,87.48,0.05,39.12,194.4,0.1748,0.5337,orange,2,0.23,0.45,0.36,0.33,0.0184
3011,31.43,78.27,9.51,2771.0,246.6,-0.4919,14.22,0.656,36.19,39.46,66.01,84.87,0.05,39.46,188.6,0.246,0.4902,orange,2,0.27,0.38,0.39,0.33,0.018
3012,31.43,78.29,20.0,4184.1,180.0,0.0,8.0,0.135,37.56,39.9,58.27,74.92,0.05,39.9,166.5,0.3332,0.3298,yellow,1,0.28,0.05,0.19,0.37,0.0175
3013,31.43,78.31,20.0,4632.7,180.0,0.0,8.0,0.179,38.98,40.41,56.35,72.45,0.05,40.41,161.0,0.3288,0.2926,yellow,1,0.24,0.05,0.19,0.37,0.0169
3014,31.43,78.33,20.0,4601.5,180.0,0.0,8.0,0.172,40.43,41.01,57.51,73.94,0.05,41.01,164.3,0.3314,0.2926,yellow,1,0.24,0.05,0.19,0.37,0.0162
3015,31.43,78.35,36.53,4042.0,214.3,-0.6149,12.73,0.145,41.92,41.69,61.81,79.47,0.05,41.69,176.6,0.5066,0.6626,red,3,0.62,0.13,0.28,0.37,0.0155
3016,31.43,78.37,27.57,4771.0,161.0,0.0,13.08,0.13,43.44,42.44,59.36,76.32,0.05,42.44,169.6,0.4114,0.5235,orange,2,0.46,0.21,0.23,0.37,0.0148
3017,31.43,78.39,53.87,4931.0,331.2,-1.5,12.11,0.141,44.99,43.26,59.6,76.64,0.05,43.25,170.3,0.5862,0.7372,red,3,0.71,0.13,0.21,0.37,0.014
3018,31.43,78.41,20.0,5178.0,180.0,0.0,8.0,0.171,46.57,44.15,58.8,75.6,0.05,44.11,168.0,0.3344,0.2926,yellow,1,0.24,0.05,0.19,0.37,0.0132
3019,31.43,78.43,6.96,5067.0,74.2,-0.7379,14.53,0.139,47.77,45.1,59.18,76.09,0.05,45.05,169.1,0.2049,0.3818,yellow,1,0.31,0.29,0.08,0.37,0.0124
3020,31.43,78.45,19.35,5091.0,129.4,-0.7379,13.48,0.134,47.73,46.11,58.2,74.84,0.05,46.04,166.3,0.3265,0.4591,orange,2,0.4,0.21,0.15,0.37,0.0116
3021,31.43,78.47,20.0,4775.8,180.0,0.0,8.0,0.18,47.77,47.17,58.55,75.29,0.05,47.08,167.3,0.3338,0.2926,yellow,1,0.24,0.05,0.19,0.37,0.0108
3022,31.43,78.49,20.0,4556.6,180.0,0.0,8.0,0.19,47.88,48.29,58.27,74.92,0.05,48.18,166.5,0.3332,0.2926,yellow,1,0.24,0.05,0.19,0.37,0.0101
3023,31.43,78.51,3.29,4771.0,8.1,-1.3528,15.28,0.138,48.07,48.8,55.96,71.95,0.05,48.8,159.9,0.1608,0.4477,yellow,1,0.37,0.36,0.08,0.37,0.0097
3024,31.43,78.53,47.66,4402.0,128.2,0.7379,12.34,0.17,48.33,47.99,57.22,73.58,0.05,47.99,163.5,0.5808,0.6126,orange,2,0.57,0.13,0.23,0.37,0.0102
3025,31.43,78.55,21.56,4508.0,314.2,-0.246,13.36,0.197,47.93,47.24,56.66,72.86,0.05,47.24,161.9,0.3451,0.3458,yellow,1,0.28,0.21,0.12,0.37,0.0107
3026,31.43,78.57,39.36,3854.0,133.1,0.3689,12.63,0.194,47.25,46.56,60.79,78.16,0.05,46.56,173.7,0.5326,0.5534,orange,2,0.5,0.13,0.26,0.37,0.0112
3027,31.43,78.59,44.43,4039.0,220.1,-1.5,12.45,0.225,46.63,45.94,61.04,78.48,0.05,45.94,174.4,0.5838,0.6803,red,3,0.64,0.13,0.28,0.37,0.0117
3028,31.43,78.61,47.73,4095.0,282.7,-1.3528,12.33,0.181,46.09,45.39,62.16,79.92,0.05,45.39,177.6,0.5921,0.701,red,3,0.67,0.13,0.21,0.37,0.0121
3029,31.43,78.63,20.0,4050.0,180.0,0.0,8.0,0.144,45.61,44.92,63.66,81.86,0.05,44.92,181.9,0.3455,0.3466,yellow,1,0.28,0.09,0.24,0.37,0.0125
3030,31.43,78.65,30.07,4568.0,106.7,-1.5,12.98,0.198,45.22,44.53,61.81,79.47,0.05,44.53,176.6,0.442,0.5688,orange,2,0.52,0.13,0.24,0.37,0.0128
3031,31.43,78.67,46.22,4477.0,134.4,-1.5,12.39,0.184,44.9,44.21,62.47,80.33,0.05,44.21,178.5,0.5928,0.7247,red,3,0.69,0.13,0.28,0.37,0.0131
3032,31.43,78.69,32.41,4428.0,353.8,0.246,12.88,0.165,44.53,43.97,62.23,80.01,0.05,43.97,177.8,0.4663,0.4382,yellow,1,0.38,0.13,0.21,0.37,0.0133
3033,31.43,78.71,28.41,4593.0,61.1,1.5,13.04,0.196,44.13,43.81,60.27,77.49,0.05,43.81,172.2,0.4219,0.462,orange,2,0.4,0.21,0.17,0.37,0.0135
3034,31.43,78.73,28.44,4235.0,166.6,0.123,13.04,0.206,43.8,43.74,60.76,78.12,0.05,43.74,173.6,0.4233,0.495,orange,2,0.42,0.21,0.28,0.37,0.0135
3035,31.43,78.75,36.43,4452.0,120.5,0.246,12.73,0.182,43.55,43.75,58.27,74.92,0.05,43.75,166.5,0.4975,0.5495,orange,2,0.5,0.13,0.23,0.37,0.0135
3036,31.43,78.77,38.15,5022.0,155.0,-1.5,12.67,0.144,43.38,43.84,54.28,69.8,0.05,43.84,155.1,0.5056,0.715,red,3,0.68,0.13,0.27,0.37,0.0134
3037,31.43,78.79,29.13,5243.0,320.8,0.4919,13.01,0.082,43.3,44.01,52.74,67.81,0.05,44.01,150.7,0.4119,0.473,orange,2,0.42,0.21,0.12,0.37,0.0133
3038,31.43,78.81,18.51,4953.0,15.4,-0.4919,13.52,0.162,43.3,44.27,54.56,70.16,0.05,44.27,155.9,0.3098,0.3941,yellow,1,0.34,0.21,0.08,0.37,0.0131
3039,31.43,78.83,20.52,5163.0,246.9,1.2298,13.41,0.092,43.38,44.6,54.39,69.93,0.05,44.6,155.4,0.3295,0.4231,yellow,1,0.36,0.21,0.15,0.37,0.0128
3040,31.43,78.85,28.49,5415.0,319.5,-0.246,13.04,0.159,43.24,45.01,54.42,69.98,0.05,45.01,155.5,0.4093,0.4367,yellow,1,0.38,0.21,0.12,0.37,0.0124
3041,31.43,78.87,37.19,4851.0,307.3,1.5,12.71,0.189,42.86,45.5,58.77,75.56,0.05,45.5,167.9,0.5062,0.5404,orange,2,0.5,0.13,0.16,0.37,0.012
3042,31.43,78.89,33.18,4424.0,9.3,-1.5,12.85,0.196,42.56,46.06,62.16,79.92,0.05,46.06,177.6,0.4739,0.5469,orange,2,0.5,0.13,0.21,0.37,0.0116
3043,31.43,78.91,48.93,4475.0,250.4,-0.246,12.29,0.125,42.35,46.69,62.47,80.33,0.05,46.69,178.5,0.5928,0.6496,orange,2,0.61,0.13,0.24,0.37,0.0111
3044,31.43,78.93,32.68,5175.0,226.5,-1.5,12.87,0.116,42.22,47.26,58.66,75.42,0.05,47.26,167.6,0.4609,0.6036,orange,2,0.56,0.13,0.23,0.37,0.0107
3045,31.43,78.95,40.68,4934.0,69.6,1.5,12.58,0.186,42.18,47.85,59.15,76.05,0.05,47.82,169.0,0.542,0.5404,orange,2,0.5,0.13,0.16,0.37,0.0103
3046,31.43,78.97,16.99,4987.0,96.2,-0.4919,13.62,0.128,42.22,48.37,57.64,74.11,0.05,47.97,164.7,0.3017,0.4534,orange,2,0.4,0.21,0.11,0.37,0.0102
3047,31.43,78.99,24.6,4655.0,17.5,0.4919,13.21,0.202,42.35,48.52,57.96,74.52,0.05,48.19,165.6,0.3785,0.3458,yellow,1,0.28,0.21,0.12,0.37,0.0101
3048,31.43,79.01,20.0,5550.8,180.0,0.0,8.0,0.115,42.56,48.74,52.01,66.87,0.05,48.49,148.6,0.3189,0.3298,yellow,1,0.28,0.05,0.19,0.37,0.0099
3049,31.43,79.03,20.0,5472.5,180.0,0.0,8.0,0.14,42.86,49.04,51.66,66.42,0.05,48.86,147.6,0.3181,0.3298,yellow,1,0.28,0.05,0.19,0.37,0.0096
3050,31.43,79.05,20.0,5269.0,180.0,0.0,8.0,0.094,43.24,49.4,52.64,67.68,0.05,49.3,150.4,0.3203,0.3298,yellow,1,0.28,0.05,0.19,0.37,0.0093
3051,31.45,77.85,20.0,3491.5,180.0,0.0,8.0,0.434,31.19,45.53,64.99,83.56,0.05,51.78,185.7,0.3486,0.4231,yellow,1,0.21,0.09,0.37,0.37,0.0079
3052,31.45,77.87,20.0,3906.4,180.0,0.0,8.0,0.236,30.37,44.57,65.66,84.42,0.05,50.64,187.6,0.3501,0.3062,yellow,1,0.24,0.09,0.22,0.37,0.0085
3053,31.45,77.89,20.0,3996.2,180.0,0.0,8.0,0.146,29.65,43.67,67.27,86.49,0.05,49.54,192.2,0.3538,0.3427,yellow,1,0.28,0.09,0.22,0.37,0.0092
3054,31.45,77.91,20.0,4049.2,180.0,0.0,8.0,0.175,29.04,42.84,67.83,87.21,0.05,48.49,193.8,0.355,0.3103,yellow,1,0.24,0.09,0.24,0.37,0.0099
3055,31.45,77.93,20.0,4221.4,180.0,0.0,8.0,0.166,28.54,42.07,66.33,85.28,0.05,47.49,189.5,0.3516,0.3103,yellow,1,0.24,0.09,0.24,0.37,0.0105
3056,31.45,77.95,20.0,3984.8,180.0,0.0,8.0,0.172,28.15,41.38,65.62,84.38,0.05,46.55,187.5,0.35,0.3062,yellow,1,0.24,0.09,0.22,0.37,0.0112
3057,31.45,77.97,20.0,3550.7,180.0,0.0,8.0,0.333,27.9,40.77,65.13,83.75,0.05,45.67,186.1,0.3489,0.418,yellow,1,0.18,0.09,0.37,0.37,0.0119
3058,31.45,77.99,20.0,3678.3,180.0,0.0,8.0,0.272,27.77,40.23,61.53,79.11,0.05,44.85,175.8,0.3406,0.4225,yellow,1,0.24,0.05,0.37,0.37,0.0126
3059,31.45,78.01,20.0,4090.8,180.0,0.0,8.0,0.221,27.77,39.78,57.02,73.31,0.05,44.1,162.9,0.3303,0.2926,yellow,1,0.24,0.05,0.19,0.37,0.0132
3060,31.45,78.03,19.11,3804.0,65.7,-1.5,13.49,0.228,27.9,39.42,57.26,73.62,0.05,43.42,163.6,0.322,0.4463,yellow,1,0.4,0.21,0.06,0.37,0.0138
3061,31.45,78.05,20.0,4231.7,180.0,0.0,8.0,0.188,28.15,39.14,55.23,71.01,0.05,42.81,157.8,0.3262,0.2926,yellow,1,0.24,0.05,0.19,0.37,0.0144
3062,31.45,78.07,8.07,4482.0,25.4,0.369,14.38,0.164,28.54,38.95,55.51,71.37,0.05,42.28,158.6,0.2076,0.3521,yellow,1,0.23,0.29,0.08,0.37,0.0149
3063,31.45,78.09,26.93,3761.0,151.4,-0.369,13.11,0.216,29.04,38.86,61.91,79.61,0.05,41.83,176.9,0.4108,0.5633,orange,2,0.48,0.21,0.41,0.37,0.0154
3064,31.45,78.11,32.98,4751.0,319.5,0.123,12.86,0.139,29.65,38.86,59.67,76.73,0.05,41.46,170.5,0.4662,0.4744,orange,2,0.42,0.13,0.21,0.37,0.0158
3065,31.45,78.13,21.87,3995.0,335.6,1.5,13.34,0.154,30.37,38.95,66.22,85.14,0.05,41.18,189.2,0.3701,0.3761,yellow,1,0.3,0.25,0.15,0.37,0.0161
3066,31.45,78.15,29.12,3439.0,294.7,-1.1071,13.01,0.434,31.19,39.14,70.73,90.94,0.05,40.98,202.1,0.4529,0.5455,orange,2,0.47,0.25,0.3,0.37,0.0163
3067,31.45,78.17,63.93,3198.0,139.0,-1.5,11.71,0.602,32.11,39.42,72.2,92.84,0.05,40.87,206.3,0.615,0.7041,red,3,0.64,0.17,0.51,0.37,0.0164
3068,31.45,78.19,40.71,2910.0,34.7,0.0,12.58,0.653,33.1,39.78,72.48,93.19,0.05,40.85,207.1,0.5728,0.5307,orange,2,0.41,0.22,0.44,0.33,0.0164
3069,31.45,78.21,55.16,2508.0,221.7,-0.492,12.07,0.62,34.18,40.23,72.24,92.88,0.05,40.92,206.4,0.6151,0.7149,red,3,0.65,0.22,0.51,0.33,0.0163
3070,31.45,78.23,30.69,3360.0,178.8,-0.246,12.95,0.481,35.32,40.77,64.86,83.39,0.05,41.07,185.3,0.4551,0.5315,orange,2,0.39,0.17,0.45,0.37,0.0162
3071,31.45,78.25,17.47,3672.0,313.9,0.0,13.59,0.24,36.53,41.31,60.44,77.72,0.05,41.31,172.7,0.3129,0.3697,yellow,1,0.28,0.21,0.26,0.37,0.0159
3072,31.45,78.27,22.44,3536.0,231.6,0.738,13.31,0.344,37.79,41.64,59.22,76.14,0.05,41.64,169.2,0.3598,0.4015,yellow,1,0.24,0.21,0.32,0.37,0.0156
3073,31.45,78.29,20.0,4459.2,180.0,0.0,8.0,0.167,39.1,42.05,53.76,69.12,0.05,42.05,153.6,0.3229,0.2926,yellow,1,0.24,0.05,0.19,0.37,0.0152
3074,31.45,78.31,20.0,4532.2,180.0,0.0,8.0,0.144,40.46,42.54,54.21,69.7,0.05,42.54,154.9,0.3239,0.3298,yellow,1,0.28,0.05,0.19,0.37,0.0147
3075,31.45,78.33,20.0,4596.9,180.0,0.0,8.0,0.147,41.87,43.11,55.96,71.95,0.05,43.11,159.9,0.3279,0.3298,yellow,1,0.28,0.05,0.19,0.37,0.0141
3076,31.45,78.35,20.0,5049.0,180.0,0.0,8.0,0.119,43.31,43.75,56.42,72.54,0.05,43.75,161.2,0.329,0.3298,yellow,1,0.28,0.05,0.19,0.37,0.0135
3077,31.45,78.37,13.45,4730.0,162.3,-0.246,13.86,0.147,44.78,44.47,60.97,78.39,0.05,44.47,174.2,0.2739,0.3974,yellow,1,0.31,0.24,0.24,0.37,0.0129
3078,31.45,78.39,3.91,4938.0,193.7,0.123,15.11,0.148,46.29,45.25,62.12,79.88,0.05,45.25,177.5,0.1811,0.4484,yellow,1,0.29,0.36,0.24,0.37,0.0122
3079,31.45,78.41,19.2,5312.0,327.7,0.0,13.48,0.07,47.82,46.1,61.18,78.66,0.05,46.08,174.8,0.3318,0.3838,yellow,1,0.32,0.21,0.13,0.37,0.0116
3080,31.45,78.43,13.1,5274.0,67.2,0.369,13.89,0.096,49.38,47.01,60.93,78.34,0.05,46.97,174.1,0.2703,0.3442,yellow,1,0.27,0.24,0.13,0.37,0.0109
3081,31.45,78.45,10.55,4889.0,137.6,0.0,14.11,0.104,49.95,47.98,61.18,78.66,0.05,47.93,174.8,0.2453,0.3911,yellow,1,0.31,0.24,0.2,0.37,0.0102
3082,31.45,78.47,40.21,5365.0,250.7,0.9841,12.6,0.124,49.99,49.01,56.0,72.0,0.05,48.93,160.0,0.5301,0.5808,orange,2,0.54,0.13,0.19,0.37,0.0096
3083,31.45,78.49,41.52,5900.0,297.5,-1.5,12.55,0.103,50.09,50.08,50.22,64.58,0.05,49.99,143.5,0.53,0.6691,red,3,0.64,0.13,0.16,0.37,0.0089
3084,31.45,78.51,37.68,5131.0,306.2,-0.492,12.69,0.08,50.27,50.8,51.8,66.6,0.05,50.8,148.0,0.4952,0.6139,orange,2,0.58,0.13,0.16,0.37,0.0085
3085,31.45,78.53,33.15,4384.0,310.9,-1.5,12.86,0.207,50.52,50.02,54.32,69.84,0.05,50.02,155.2,0.4557,0.5404,orange,2,0.5,0.13,0.16,0.37,0.0089
3086,31.45,78.55,20.0,4426.8,180.0,0.0,8.0,0.148,49.99,49.3,54.11,69.57,0.05,49.3,154.6,0.3237,0.3298,yellow,1,0.28,0.05,0.19,0.37,0.0093
3087,31.45,78.57,38.81,3526.0,14.6,-0.861,12.65,0.345,49.34,48.65,60.27,77.49,0.05,48.65,172.2,0.5259,0.5464,orange,2,0.48,0.13,0.34,0.37,0.0098
3088,31.45,78.59,39.55,4623.0,129.2,-0.738,12.62,0.179,48.75,48.06,56.98,73.26,0.05,48.06,162.8,0.5257,0.6036,orange,2,0.56,0.13,0.23,0.37,0.0102
3089,31.45,78.61,45.1,5068.0,183.5,1.3531,12.43,0.172,48.23,47.54,57.61,74.07,0.05,47.54,164.6,0.5817,0.6527,red,3,0.61,0.13,0.27,0.37,0.0105
3090,31.45,78.63,20.0,5119.0,180.0,0.0,8.0,0.166,47.78,47.09,60.02,77.17,0.05,47.09,171.5,0.3372,0.3034,yellow,1,0.24,0.05,0.24,0.37,0.0108
3091,31.45,78.65,36.73,4681.0,231.9,1.5,12.72,0.103,47.4,46.71,64.08,82.39,0.05,46.71,183.1,0.5138,0.6131,orange,2,0.56,0.17,0.28,0.37,0.0111
3092,31.45,78.67,40.31,4706.0,299.1,1.5,12.59,0.181,47.09,46.41,64.36,82.76,0.05,46.41,183.9,0.5502,0.5516,orange,2,0.5,0.17,0.21,0.37,0.0113
3093,31.45,78.69,39.28,4843.0,270.7,1.2301,12.63,0.122,46.69,46.18,62.58,80.46,0.05,46.18,178.8,0.5358,0.5832,orange,2,0.54,0.13,0.21,0.37,0.0115
3094,31.45,78.71,21.2,4606.0,243.9,1.5,13.38,0.133,46.31,46.03,61.6,79.2,0.05,46.03,176.0,0.3528,0.4307,yellow,1,0.36,0.21,0.2,0.37,0.0116
3095,31.45,78.73,34.8,4427.0,123.6,0.123,12.79,0.164,45.99,45.96,59.64,76.68,0.05,45.96,170.4,0.4843,0.4672,orange,2,0.4,0.13,0.28,0.37,0.0117
3096,31.45,78.75,15.99,4866.0,167.8,-0.615,13.68,0.16,45.76,45.97,54.49,70.06,0.05,45.97,155.7,0.2845,0.447,yellow,1,0.38,0.21,0.19,0.37,0.0117
3097,31.45,78.77,31.77,5386.0,199.5,-0.861,12.91,0.072,45.6,46.05,49.7,63.9,0.05,46.05,142.0,0.4313,0.5725,orange,2,0.52,0.13,0.27,0.37,0.0116
3098,31.45,78.79,25.16,5290.0,88.8,0.0,13.18,0.154,45.52,46.22,49.38,63.49,0.05,46.22,141.1,0.3645,0.4367,yellow,1,0.38,0.21,0.12,0.37,0.0115
3099,31.45,78.81,31.96,5360.0,233.6,0.861,12.9,0.077,45.52,46.46,49.66,63.86,0.05,46.46,141.9,0.4331,0.4955,orange,2,0.44,0.13,0.23,0.37,0.0113
3100,31.45,78.83,24.86,5596.0,173.5,0.0,13.2,0.148,45.6,46.78,50.37,64.76,0.05,46.78,143.9,0.3637,0.4352,yellow,1,0.36,0.21,0.23,0.37,0.0111
3101,31.45,78.85,30.19,4775.0,334.9,-1.5,12.97,0.14,45.4,47.17,57.47,73.89,0.05,47.17,164.2,0.4333,0.5771,orange,2,0.54,0.13,0.16,0.37,0.0108
3102,31.45,78.87,39.05,4542.0,98.8,0.492,12.64,0.191,45.05,47.63,61.6,79.2,0.05,47.63,176.0,0.5313,0.5508,orange,2,0.5,0.13,0.24,0.37,0.0104
3103,31.45,78.89,28.23,4214.0,110.7,1.5,13.05,0.154,44.76,48.17,65.69,84.47,0.05,48.17,187.7,0.4325,0.4896,orange,2,0.42,0.25,0.2,0.37,0.0101
3104,31.45,78.91,28.48,4076.0,132.4,-0.615,13.04,0.176,44.56,48.77,67.62,86.94,0.05,48.77,193.2,0.4394,0.5297,orange,2,0.46,0.25,0.24,0.37,0.0097
3105,31.45,78.93,39.02,4762.0,75.8,1.5,12.64,0.161,44.44,49.38,63.77,81.99,0.05,49.38,182.2,0.536,0.5516,orange,2,0.5,0.17,0.21,0.37,0.0093
3106,31.45,78.95,30.22,4679.0,348.0,-1.2301,12.97,0.12,44.4,49.95,62.58,80.46,0.05,49.95,178.8,0.4452,0.5832,orange,2,0.54,0.13,0.21,0.37,0.0089
3107,31.45,78.97,31.75,4569.0,212.5,0.615,12.91,0.128,44.44,50.58,60.55,77.85,0.05,50.18,173.0,0.4559,0.5205,orange,2,0.46,0.13,0.28,0.37,0.0088
3108,31.45,78.99,18.25,4739.0,331.4,0.492,13.54,0.18,44.56,50.73,56.7,72.9,0.05,50.39,162.0,0.3121,0.339,yellow,1,0.28,0.21,0.08,0.37,0.0087
3109,31.45,79.01,20.0,5425.8,180.0,0.0,8.0,0.134,44.76,50.94,50.54,64.98,0.05,50.68,144.4,0.3155,0.3298,yellow,1,0.28,0.05,0.19,0.37,0.0085
3110,31.45,79.03,20.0,5511.0,180.0,0.0,8.0,0.131,45.05,51.22,48.51,62.37,0.05,51.03,138.6,0.3109,0.3298,yellow,1,0.28,0.05,0.19,0.37,0.0083
3111,31.45,79.05,20.0,5655.3,180.0,0.0,8.0,0.134,45.4,51.57,47.56,61.16,0.05,51.45,135.9,0.3087,0.3298,yellow,1,0.28,0.05,0.19,0.37,0.0081
