cell_id,latitude,longitude,slope,elevation,aspect,curvature,twi,ndvi,dist_river_km,dist_road_km,rainfall_intensity,antecedent_saturation,seismic_kh,dist_disaster_km,rainfall_mm_annual_proxy,target_hazard_score,thrive_hazard_score,zone,zone_code,dim_landslide,dim_flood,dim_cloudburst,dim_vulnerability,dim_recurrence
1,30.45,78.19,43.7,2489.0,27.8,-1.339,12.47,0.584,7.96,9.11,73.32,94.28,0.05,24.65,209.5,0.6046,0.6676,red,3,0.6,0.22,0.44,0.22,0.0483
2,30.45,78.21,32.87,1965.0,118.7,1.5,12.87,0.604,6.73,8.28,62.76,80.69,0.05,23.38,179.3,0.4721,0.5041,orange,2,0.42,0.18,0.37,0.22,0.0526
3,30.47,78.17,43.39,1778.0,208.4,-1.5,12.49,0.641,8.3,8.66,58.59,75.33,0.05,24.55,167.4,0.5678,0.6659,red,3,0.61,0.22,0.33,0.22,0.0487
4,30.47,78.19,20.47,1926.0,144.9,1.2175,13.41,0.688,6.6,7.31,60.93,78.34,0.05,23.11,174.1,0.344,0.4611,orange,2,0.3,0.26,0.37,0.14,0.0536
5,30.47,78.21,26.81,1793.0,338.4,0.6088,13.11,0.621,5.05,6.24,58.41,75.11,0.05,21.74,166.9,0.4016,0.4331,yellow,1,0.35,0.3,0.18,0.14,0.0587
6,30.47,78.23,27.69,1410.0,222.8,-1.5,13.07,0.638,3.83,5.63,51.62,66.38,0.05,20.45,147.5,0.3949,0.582,orange,2,0.51,0.32,0.25,0.14,0.0639
7,30.47,78.27,7.69,2454.0,228.6,-1.2175,14.43,0.728,3.83,6.24,68.56,88.16,0.05,18.21,195.9,0.2336,0.5302,orange,2,0.31,0.4,0.43,0.14,0.0742
8,30.47,78.29,36.89,1876.0,322.1,-1.5,12.72,0.577,5.05,7.31,58.8,75.6,0.05,17.3,168.0,0.5033,0.6501,red,3,0.6,0.18,0.29,0.14,0.0789
9,30.49,78.17,34.96,1321.0,79.9,-0.8524,12.79,0.659,7.68,7.44,46.9,60.3,0.05,23.2,134.0,0.4568,0.444,yellow,1,0.37,0.22,0.22,0.14,0.0532
10,30.49,78.19,16.51,1213.0,242.6,1.5,13.65,0.635,5.81,5.8,45.78,58.86,0.05,21.68,130.8,0.2697,0.3862,yellow,1,0.29,0.3,0.17,0.14,0.0589
11,30.49,78.21,36.94,1567.0,180.0,-0.9742,12.71,0.596,3.96,4.38,53.06,68.22,0.05,20.21,151.6,0.4907,0.6163,orange,2,0.55,0.24,0.33,0.14,0.065
12,30.49,78.23,35.44,1457.0,205.3,0.6089,12.77,0.666,2.2,3.46,52.85,67.95,0.05,18.82,151.0,0.4752,0.5439,orange,2,0.46,0.28,0.33,0.09,0.0713
13,30.49,78.25,25.06,1618.0,126.4,1.5,13.19,0.687,1.11,3.46,57.08,73.39,0.05,17.53,163.1,0.3811,0.5395,orange,2,0.39,0.45,0.25,0.17,0.0777
14,30.49,78.27,4.42,2039.0,148.4,-0.1218,14.99,0.684,2.2,4.38,65.24,83.88,0.05,16.36,186.4,0.1933,0.5802,orange,2,0.22,0.51,0.33,0.09,0.084
15,30.49,78.29,15.8,2318.0,4.9,-1.5,13.69,0.701,3.96,5.8,70.28,90.36,0.05,15.34,200.8,0.3186,0.4684,orange,2,0.36,0.32,0.36,0.09,0.0899
16,30.49,78.31,36.66,1761.0,84.6,1.4613,12.72,0.624,5.81,6.66,60.44,77.72,0.05,14.49,172.7,0.5048,0.5385,orange,2,0.47,0.22,0.27,0.14,0.0952
17,30.51,78.17,28.67,1393.0,127.6,-0.9744,13.03,0.66,7.68,6.74,45.29,58.23,0.05,22.0,129.4,0.3902,0.4647,orange,2,0.39,0.26,0.2,0.14,0.0577
18,30.51,78.19,36.66,1867.0,176.3,-1.5,12.72,0.644,5.81,4.88,54.53,70.11,0.05,20.39,155.8,0.4912,0.6949,red,3,0.64,0.18,0.4,0.14,0.0642
19,30.51,78.21,30.43,1994.0,321.6,-1.5,12.96,0.59,3.96,3.06,59.11,76.01,0.05,18.82,168.9,0.4394,0.5648,orange,2,0.5,0.2,0.29,0.09,0.0713
20,30.51,78.23,25.61,2158.0,199.7,-1.5,13.16,0.639,2.2,1.46,64.92,83.48,0.05,17.32,185.5,0.4045,0.634,orange,2,0.55,0.36,0.41,0.05,0.0788
21,30.51,78.25,31.31,1865.0,279.8,0.3654,12.93,0.68,1.11,1.46,62.89,80.86,0.05,15.91,179.7,0.4569,0.4838,orange,2,0.38,0.33,0.34,0.13,0.0865
22,30.51,78.27,31.39,1859.0,305.3,1.5,12.92,0.68,2.2,3.06,64.82,83.34,0.05,14.61,185.2,0.4621,0.4692,orange,2,0.37,0.28,0.34,0.05,0.0944
23,30.51,78.29,37.56,2063.0,32.5,0.8526,12.69,0.574,3.96,4.83,68.88,88.56,0.05,13.45,196.8,0.533,0.5578,orange,2,0.48,0.24,0.34,0.05,0.102
24,30.51,78.31,29.14,1659.0,322.4,0.1218,13.01,0.607,4.54,4.44,61.21,78.7,0.05,12.48,174.9,0.4313,0.4429,yellow,1,0.35,0.32,0.23,0.09,0.1088
25,30.51,78.33,40.69,1248.0,336.7,-0.2436,12.58,0.626,5.28,4.83,52.12,67.01,0.05,11.73,148.9,0.5338,0.5146,orange,2,0.45,0.22,0.22,0.14,0.1144
26,30.51,78.39,44.94,826.0,209.4,-1.5,12.43,0.603,9.63,8.8,36.75,47.25,0.05,11.26,105.0,0.5549,0.6303,orange,2,0.58,0.22,0.23,0.22,0.118
27,30.51,78.41,36.24,1281.0,315.9,-1.5,12.74,0.643,10.39,10.39,43.33,55.71,0.05,11.73,123.8,0.4692,0.6112,orange,2,0.57,0.18,0.17,0.22,0.1144
28,30.53,78.19,39.1,1811.0,126.2,1.5,12.64,0.588,6.6,4.88,53.02,68.17,0.05,19.27,151.5,0.5122,0.5884,orange,2,0.52,0.18,0.36,0.14,0.0692
29,30.53,78.21,27.84,2446.0,298.1,-1.5,13.07,0.598,5.05,3.06,66.43,85.41,0.05,17.6,189.8,0.4302,0.587,orange,2,0.5,0.3,0.4,0.09,0.0773
30,30.53,78.23,32.38,2423.0,186.6,0.6091,12.88,0.656,3.83,1.46,69.47,89.33,0.05,15.99,198.5,0.4826,0.6214,orange,2,0.38,0.24,0.55,0.05,0.0861
31,30.53,78.25,33.21,2227.0,210.5,1.2183,12.85,0.665,3.33,1.46,69.37,89.19,0.05,14.45,198.2,0.4907,0.59,orange,2,0.4,0.24,0.51,0.05,0.0954
32,30.53,78.27,33.8,2063.0,119.4,0.8528,12.83,0.616,3.61,3.06,68.88,88.56,0.05,13.0,196.8,0.4954,0.4938,orange,2,0.4,0.24,0.37,0.05,0.1051
33,30.53,78.29,24.68,1776.0,329.3,-0.6091,13.21,0.657,2.41,2.92,64.78,83.3,0.05,11.69,185.1,0.404,0.4802,orange,2,0.28,0.4,0.23,0.05,0.1147
34,30.53,78.31,23.04,1887.0,90.6,-1.5,13.28,0.614,2.41,2.22,65.66,84.42,0.05,10.55,187.6,0.4227,0.5277,orange,2,0.43,0.36,0.33,0.09,0.1237
35,30.53,78.33,42.23,1388.0,17.7,-1.5,12.53,0.721,3.61,2.92,54.84,70.52,0.05,9.66,156.7,0.6159,0.5896,orange,2,0.53,0.24,0.24,0.09,0.1313
36,30.53,78.35,9.57,838.0,12.5,-0.3655,14.21,0.604,5.24,4.4,42.31,54.41,0.05,9.08,120.9,0.2776,0.4314,yellow,1,0.23,0.38,0.06,0.14,0.1365
37,30.53,78.37,21.07,979.0,249.3,0.1218,13.38,0.643,7.01,6.12,41.33,53.14,0.05,8.88,118.1,0.3962,0.3711,yellow,1,0.24,0.3,0.13,0.14,0.1383
38,30.53,78.39,34.89,1584.0,245.7,1.4619,12.79,0.654,7.83,7.83,48.89,62.86,0.05,9.08,139.7,0.5458,0.434,yellow,1,0.35,0.22,0.27,0.14,0.1365
39,30.53,78.41,34.09,1824.0,67.1,-0.731,12.82,0.662,8.28,8.28,51.73,66.51,0.05,9.66,147.8,0.5274,0.4782,orange,2,0.4,0.18,0.31,0.14,0.1313
40,30.53,78.43,34.48,2124.0,262.1,0.731,12.81,0.576,9.11,9.11,57.26,73.62,0.05,10.55,163.6,0.5179,0.4796,orange,2,0.4,0.18,0.32,0.14,0.1237
41,30.55,78.21,26.49,1997.0,247.8,0.1219,13.13,0.628,6.73,4.38,59.53,76.55,0.05,16.6,170.1,0.401,0.4908,orange,2,0.4,0.26,0.33,0.14,0.0827
42,30.55,78.23,28.15,2176.0,338.7,-0.7311,13.05,0.594,5.87,3.46,65.13,83.75,0.05,14.87,186.1,0.4304,0.5257,orange,2,0.44,0.3,0.3,0.09,0.0927
43,30.55,78.25,23.63,2453.0,290.8,-0.2437,13.26,0.664,4.75,3.46,72.2,92.84,0.05,13.2,206.3,0.4013,0.487,orange,2,0.24,0.32,0.4,0.09,0.1037
44,30.55,78.27,30.82,1542.0,333.0,-0.9748,12.95,0.615,2.85,3.8,58.59,75.33,0.05,11.6,167.4,0.4537,0.4963,orange,2,0.42,0.28,0.22,0.09,0.1154
45,30.55,78.29,36.47,1255.0,121.9,1.2185,12.73,0.632,0.95,1.9,54.32,69.84,0.05,10.11,155.2,0.5441,0.6079,orange,2,0.53,0.37,0.29,0.13,0.1275
46,30.55,78.31,19.59,1005.0,59.9,1.5,13.46,0.636,0.95,0.0,49.38,63.49,0.05,8.77,141.1,0.4031,0.545,orange,2,0.28,0.49,0.11,0.13,0.1394
47,30.55,78.33,25.27,1153.0,297.9,-0.4874,13.18,0.653,2.85,1.9,50.02,64.31,0.05,7.67,142.9,0.4934,0.4805,orange,2,0.35,0.4,0.15,0.05,0.008
48,30.55,78.35,32.57,902.0,205.1,1.4622,12.88,0.56,4.75,3.8,43.33,55.71,0.05,6.93,123.8,0.5727,0.46,orange,2,0.38,0.24,0.25,0.09,0.0097
49,30.55,78.37,29.8,1044.0,315.6,1.3404,12.99,0.59,5.63,5.63,43.19,55.53,0.05,6.66,123.4,0.5525,0.399,yellow,1,0.34,0.22,0.1,0.14,0.0104
50,30.55,78.39,49.82,1477.0,344.7,-1.5,12.26,0.686,5.63,5.63,48.51,62.37,0.05,6.93,138.6,0.7089,0.6489,orange,2,0.6,0.22,0.24,0.14,0.0097
51,30.55,78.41,23.84,1775.0,311.3,-0.6093,13.25,0.637,6.24,6.24,52.61,67.64,0.05,7.67,150.3,0.485,0.4011,yellow,1,0.31,0.3,0.2,0.14,0.008
52,30.55,78.43,34.95,1926.0,256.8,-0.7311,12.79,0.602,7.31,7.31,55.51,71.37,0.05,8.77,158.6,0.5707,0.5343,orange,2,0.46,0.18,0.34,0.14,0.1394
53,30.55,78.49,9.03,1305.0,214.1,0.6093,14.27,0.705,11.83,11.83,51.59,66.33,0.05,13.2,147.4,0.2082,0.4484,yellow,1,0.2,0.38,0.21,0.22,0.1037
54,30.55,78.51,25.9,1743.0,165.5,-0.4874,13.15,0.66,13.54,11.73,61.14,78.61,0.05,14.87,174.7,0.3988,0.5052,orange,2,0.41,0.3,0.34,0.22,0.0927
55,30.55,78.53,23.21,2019.0,297.4,0.6093,13.28,0.689,15.29,11.26,66.99,86.13,0.05,15.89,191.4,0.3852,0.3983,yellow,1,0.24,0.3,0.3,0.22,0.0867
56,30.57,78.29,25.92,1050.0,77.1,0.1219,13.15,0.64,2.41,2.92,47.32,60.84,0.05,8.8,135.2,0.4606,0.4775,orange,2,0.33,0.4,0.15,0.09,0.139
57,30.57,78.31,23.64,1403.0,60.4,-1.2188,13.26,0.697,2.41,2.22,53.02,68.17,0.05,7.23,151.5,0.4969,0.4506,orange,2,0.34,0.36,0.2,0.09,0.009
58,30.57,78.33,7.14,799.0,119.2,-0.7313,14.51,0.609,3.61,2.92,42.28,54.36,0.05,5.84,120.8,0.3476,0.4594,orange,2,0.23,0.4,0.13,0.09,0.0132
59,30.57,78.35,27.89,1204.0,105.5,1.5,13.07,0.65,4.38,4.38,48.3,62.1,0.05,4.83,138.0,0.5984,0.4822,orange,2,0.39,0.32,0.27,0.14,0.0185
60,30.57,78.37,28.82,2082.0,303.7,-1.0969,13.03,0.681,3.46,3.46,62.23,80.01,0.05,4.44,177.8,0.6509,0.5474,orange,2,0.46,0.28,0.36,0.09,0.0213
61,30.57,78.39,45.83,1903.0,202.7,-1.5,12.4,0.637,3.46,3.46,58.55,75.29,0.05,4.83,167.3,0.793,0.7594,red,3,0.71,0.2,0.46,0.09,0.0185
62,30.57,78.41,32.11,2055.0,241.3,-1.5,12.9,0.64,4.38,4.38,60.83,78.21,0.05,5.84,173.8,0.6397,0.5983,orange,2,0.52,0.2,0.43,0.09,0.0132
63,30.57,78.43,35.73,2534.0,144.2,0.8531,12.76,0.643,5.8,5.8,68.25,87.75,0.05,7.23,195.0,0.6526,0.6182,orange,2,0.52,0.22,0.53,0.13,0.009
64,30.57,78.49,21.78,1745.0,314.0,-0.2438,13.35,0.656,10.97,10.55,57.85,74.39,0.05,12.23,165.3,0.35,0.374,yellow,1,0.21,0.3,0.18,0.14,0.1106
65,30.57,78.51,24.4,1727.0,208.2,-0.7313,13.22,0.685,12.79,9.66,58.27,74.92,0.05,13.1,166.5,0.3772,0.4141,yellow,1,0.31,0.3,0.29,0.14,0.1044
66,30.57,78.53,34.4,1988.0,80.9,0.3656,12.81,0.648,14.63,9.08,63.03,81.05,0.05,13.9,180.1,0.4881,0.4702,orange,2,0.38,0.22,0.34,0.22,0.0989
67,30.59,78.19,27.59,2439.0,177.8,-0.1219,13.08,0.657,11.35,9.11,70.88,91.12,0.05,17.24,202.5,0.4379,0.5932,orange,2,0.38,0.3,0.51,0.22,0.0792
68,30.59,78.21,30.99,1984.0,77.8,-0.3657,12.94,0.622,9.63,8.28,62.27,80.06,0.05,15.36,177.9,0.4522,0.5171,orange,2,0.44,0.18,0.34,0.22,0.0898
69,30.59,78.29,33.96,1564.0,80.4,-1.5,12.82,0.637,4.54,4.83,51.83,66.64,0.05,7.92,148.1,0.5771,0.5372,orange,2,0.47,0.24,0.24,0.14,0.0076
70,30.59,78.31,12.7,1058.0,23.3,-0.4876,13.92,0.564,4.54,4.44,43.68,56.16,0.05,6.12,124.8,0.3984,0.4039,yellow,1,0.23,0.35,0.06,0.14,0.0122
71,30.59,78.33,40.17,929.0,209.0,-1.5,12.6,0.575,4.88,3.57,42.38,54.49,0.05,4.4,121.1,0.7202,0.638,orange,2,0.58,0.24,0.29,0.09,0.0216
72,30.59,78.35,23.94,1574.0,174.8,0.8533,13.24,0.653,3.06,2.71,54.36,69.89,0.05,2.92,155.3,0.6284,0.4967,orange,2,0.25,0.32,0.41,0.09,0.0403
73,30.59,78.37,26.77,2029.0,208.8,1.5,13.11,0.593,1.46,1.46,63.17,81.23,0.05,2.22,180.5,0.6974,0.6307,orange,2,0.48,0.45,0.53,0.13,0.0566
74,30.59,78.39,34.77,2147.0,152.6,-0.3657,12.79,0.637,1.46,1.46,66.08,84.96,0.05,2.92,188.8,0.7635,0.66,red,3,0.52,0.37,0.57,0.13,0.0403
75,30.59,78.41,25.31,2691.0,132.6,-1.219,13.18,0.607,3.06,3.06,71.4,91.8,0.05,4.4,204.0,0.6379,0.625,orange,2,0.52,0.32,0.53,0.09,0.0216
76,30.59,78.51,41.32,1471.0,127.6,1.5,12.56,0.677,12.4,7.67,50.92,65.48,0.05,11.06,145.5,0.557,0.5236,orange,2,0.45,0.22,0.29,0.14,0.1196
77,30.59,78.53,27.88,1974.0,189.2,-0.4876,13.07,0.664,14.29,6.93,58.8,75.6,0.05,12.0,168.0,0.4132,0.5284,orange,2,0.44,0.26,0.36,0.14,0.1123
78,30.61,78.03,15.05,1425.0,175.7,-0.8535,13.74,0.707,24.21,22.31,46.3,59.54,0.05,27.46,132.3,0.2563,0.4083,yellow,1,0.31,0.3,0.25,0.29,0.0401
79,30.61,78.05,29.13,1480.0,119.3,-1.5,13.01,0.654,22.59,20.63,47.42,60.98,0.05,27.06,135.5,0.3997,0.5238,orange,2,0.45,0.3,0.21,0.29,0.0412
80,30.61,78.17,32.99,2343.0,56.1,0.4877,12.86,0.637,14.03,12.0,72.97,93.83,0.05,19.0,208.5,0.4967,0.5268,orange,2,0.38,0.22,0.44,0.22,0.0704
81,30.61,78.19,24.21,1892.0,59.8,1.5,13.23,0.608,12.39,11.06,64.22,82.58,0.05,17.1,183.5,0.3889,0.4071,yellow,1,0.3,0.3,0.3,0.22,0.08
82,30.61,78.21,37.47,1840.0,339.9,0.3658,12.7,0.665,10.84,10.39,61.07,78.53,0.05,15.2,174.5,0.5143,0.5171,orange,2,0.44,0.18,0.34,0.22,0.0908
83,30.61,78.23,21.32,1482.0,221.6,-0.4877,13.37,0.725,9.41,10.04,52.29,67.23,0.05,13.3,149.4,0.3327,0.4083,yellow,1,0.31,0.3,0.25,0.22,0.103
84,30.61,78.29,28.2,1449.0,172.6,-0.3658,13.05,0.677,6.73,6.19,46.62,59.94,0.05,7.6,133.2,0.5169,0.5015,orange,2,0.41,0.3,0.31,0.14,0.0082
85,30.61,78.31,41.26,1107.0,304.3,0.2439,12.56,0.622,6.73,4.3,41.68,53.59,0.05,5.7,119.1,0.6916,0.4827,orange,2,0.42,0.22,0.18,0.14,0.0138
86,30.61,78.33,35.95,1387.0,218.3,0.1219,12.75,0.662,4.88,2.42,48.41,62.24,0.05,3.8,138.3,0.7093,0.5335,orange,2,0.45,0.24,0.35,0.09,0.0274
87,30.61,78.35,12.33,1911.0,90.0,-1.0973,13.95,0.708,3.06,0.65,59.92,77.04,0.05,1.9,171.2,0.5548,0.4774,orange,2,0.31,0.31,0.38,0.05,0.0664
88,30.61,78.37,20.24,1425.0,190.8,1.5,13.43,0.717,1.46,1.46,54.49,70.06,0.05,0.0,155.7,0.677,0.5478,orange,2,0.31,0.45,0.41,0.13,0.1263
89,30.61,78.39,11.54,2238.0,236.4,-0.2439,14.02,0.635,1.46,1.46,70.31,90.41,0.05,1.9,200.9,0.5707,0.6352,orange,2,0.29,0.48,0.55,0.13,0.0664
90,30.61,78.41,16.94,2309.0,85.6,1.2193,13.62,0.708,3.06,3.06,72.48,93.19,0.05,3.8,207.1,0.5742,0.5064,orange,2,0.26,0.32,0.42,0.09,0.0274
91,30.61,78.43,34.29,2160.0,13.4,0.1219,12.81,0.637,4.88,4.88,69.54,89.41,0.05,5.7,198.7,0.6856,0.4952,orange,2,0.38,0.24,0.4,0.09,0.0138
92,30.61,78.51,32.06,1626.0,18.9,0.0,12.9,0.652,11.55,5.84,51.13,65.75,0.05,9.11,146.1,0.5219,0.3943,yellow,1,0.31,0.22,0.24,0.09,0.1362
93,30.61,78.53,32.87,1650.0,153.6,0.4877,12.87,0.674,13.02,4.83,50.19,64.53,0.05,10.23,143.4,0.4951,0.4431,yellow,1,0.35,0.22,0.33,0.14,0.1264
94,30.61,78.55,40.6,2227.0,80.8,-0.6096,12.58,0.587,14.59,4.44,59.88,77.0,0.05,11.55,171.1,0.5559,0.6146,orange,2,0.54,0.18,0.44,0.14,0.1157
95,30.63,78.01,45.1,1068.0,339.7,1.5,12.43,0.573,25.31,25.03,40.49,52.07,0.05,25.87,115.7,0.5426,0.5561,orange,2,0.51,0.22,0.12,0.29,0.0445
96,30.63,78.03,26.53,1627.0,70.2,-0.8537,13.12,0.613,24.88,23.39,48.44,62.28,0.05,25.31,138.4,0.376,0.4854,orange,2,0.41,0.3,0.18,0.29,0.0463
97,30.63,78.05,33.09,1958.0,46.1,-1.3415,12.86,0.646,23.86,21.79,54.25,69.75,0.05,24.88,155.0,0.4549,0.5627,orange,2,0.5,0.18,0.29,0.29,0.0476
98,30.63,78.15,43.04,2277.0,231.3,1.5,12.5,0.597,16.79,14.91,72.91,93.74,0.05,21.02,208.3,0.597,0.609,orange,2,0.52,0.22,0.51,0.22,0.0616
99,30.63,78.17,29.44,2019.0,85.7,-1.3415,13.0,0.659,15.21,13.9,68.81,88.47,0.05,19.13,196.6,0.4517,0.5335,orange,2,0.46,0.22,0.3,0.22,0.0698
100,30.63,78.19,29.64,1677.0,60.2,1.4634,12.99,0.617,13.71,13.1,61.63,79.25,0.05,17.24,176.1,0.4373,0.4455,yellow,1,0.37,0.22,0.23,0.22,0.0792
101,30.63,78.21,39.18,1667.0,273.0,-0.2439,12.63,0.633,12.33,12.54,58.66,75.42,0.05,15.36,167.6,0.5259,0.5146,orange,2,0.45,0.22,0.22,0.22,0.0898
102,30.63,78.23,29.76,1548.0,82.4,1.5,12.99,0.611,11.09,11.69,53.23,68.44,0.05,13.48,152.1,0.4193,0.4381,yellow,1,0.37,0.22,0.18,0.22,0.1018
103,30.63,78.25,23.42,1470.0,22.5,1.5,13.27,0.669,10.07,10.13,48.68,62.59,0.05,11.61,139.1,0.3567,0.3774,yellow,1,0.23,0.3,0.18,0.22,0.1153
104,30.63,78.27,22.47,1334.0,78.2,0.8537,13.31,0.629,9.33,8.27,44.13,56.74,0.05,9.76,126.1,0.391,0.3405,yellow,1,0.25,0.26,0.15,0.22,0.1305
105,30.63,78.29,20.97,1649.0,111.6,0.8537,13.39,0.623,8.93,6.43,48.72,62.64,0.05,7.92,139.2,0.4401,0.392,yellow,1,0.27,0.3,0.23,0.14,0.0076
106,30.63,78.31,15.29,952.0,348.9,-1.5,13.73,0.552,7.44,4.63,37.97,48.83,0.05,6.12,108.5,0.4113,0.4077,yellow,1,0.34,0.3,0.06,0.14,0.0122
107,30.63,78.33,31.41,958.0,11.9,1.5,12.92,0.595,5.8,2.97,40.53,52.11,0.05,4.4,115.8,0.6284,0.4114,yellow,1,0.34,0.22,0.18,0.09,0.0216
108,30.63,78.35,30.87,1478.0,192.5,-0.9756,12.94,0.722,4.38,1.84,52.61,67.64,0.05,2.92,150.3,0.6937,0.541,orange,2,0.41,0.24,0.45,0.05,0.0403
109,30.63,78.37,25.47,1924.0,236.4,-1.0976,13.17,0.612,3.46,2.28,63.49,81.63,0.05,2.22,181.4,0.6851,0.6141,orange,2,0.52,0.32,0.49,0.05,0.0566
110,30.63,78.39,30.34,2006.0,54.1,1.5,12.97,0.604,3.46,3.46,67.44,86.72,0.05,2.92,192.7,0.7223,0.5481,orange,2,0.4,0.24,0.46,0.05,0.0403
111,30.63,78.41,24.55,1613.0,104.9,0.4878,13.21,0.644,4.38,3.46,62.05,79.79,0.05,4.4,177.3,0.609,0.4227,yellow,1,0.27,0.32,0.32,0.05,0.0332
112,30.63,78.43,38.14,2296.0,68.2,-1.4634,12.67,0.638,5.63,3.46,73.04,93.91,0.05,6.12,208.7,0.7199,0.6695,red,3,0.6,0.22,0.46,0.09,0.0447
113,30.63,78.45,32.25,1825.0,60.0,-1.5,12.89,0.676,6.24,4.38,63.03,81.05,0.05,5.63,180.1,0.6524,0.5462,orange,2,0.46,0.22,0.4,0.09,0.0468
114,30.63,78.49,19.03,1995.0,54.1,1.5,13.49,0.636,8.66,5.28,59.29,76.23,0.05,6.24,169.4,0.4938,0.3903,yellow,1,0.3,0.26,0.23,0.05,0.0361
115,30.63,78.51,27.25,2308.0,157.3,-1.2195,13.09,0.599,10.19,4.4,61.63,79.25,0.05,7.31,176.1,0.5503,0.63,orange,2,0.54,0.26,0.53,0.09,0.0286
116,30.63,78.53,11.24,1873.0,319.3,0.9756,14.05,0.644,11.83,2.92,52.67,67.73,0.05,8.66,150.5,0.3302,0.3767,yellow,1,0.23,0.29,0.23,0.09,0.1403
117,30.63,78.55,27.78,1831.0,286.1,0.122,13.07,0.611,13.54,2.22,51.97,66.83,0.05,10.11,148.5,0.4519,0.4628,orange,2,0.38,0.26,0.25,0.09,0.1275
118,30.63,78.57,31.38,1944.0,234.1,1.3415,12.92,0.598,15.29,2.92,55.54,71.41,0.05,11.6,158.7,0.4524,0.5027,orange,2,0.42,0.18,0.36,0.09,0.1154
119,30.65,78.01,0.84,829.0,344.0,0.4879,16.48,0.561,23.17,23.79,37.38,48.06,0.05,23.79,106.8,0.0938,0.4804,orange,2,0.15,0.45,0.04,0.29,0.0512
120,30.65,78.03,28.92,1092.0,175.4,0.6099,13.02,0.613,22.7,23.17,40.6,52.2,0.05,23.17,116.0,0.382,0.4431,yellow,1,0.36,0.3,0.19,0.29,0.0533
121,30.65,78.05,19.37,1232.0,54.9,0.9758,13.47,0.682,22.38,22.7,43.15,55.48,0.05,22.7,123.3,0.2923,0.3224,yellow,1,0.21,0.26,0.09,0.29,0.055
122,30.65,78.07,27.09,1677.0,173.6,1.5,13.1,0.689,22.22,21.66,52.18,67.09,0.05,22.38,149.1,0.3902,0.4651,orange,2,0.37,0.3,0.29,0.29,0.0562
123,30.65,78.09,20.18,1618.0,9.5,0.3659,13.43,0.636,22.22,20.28,53.72,69.08,0.05,22.22,153.5,0.3246,0.3809,yellow,1,0.25,0.3,0.18,0.29,0.0568
124,30.65,78.11,28.67,1687.0,47.2,1.2198,13.03,0.648,21.19,18.99,57.78,74.3,0.05,22.22,165.1,0.4188,0.4505,orange,2,0.37,0.3,0.18,0.29,0.0568
125,30.65,78.13,19.46,1711.0,66.4,1.5,13.47,0.668,19.6,17.82,60.72,78.08,0.05,22.38,173.5,0.3334,0.379,yellow,1,0.23,0.3,0.19,0.22,0.0562
126,30.65,78.15,37.01,2029.0,205.1,-1.5,12.71,0.642,18.06,16.77,67.62,86.94,0.05,21.37,193.2,0.5247,0.7017,red,3,0.64,0.22,0.45,0.22,0.0602
127,30.65,78.17,27.01,2164.0,36.6,-1.5,13.1,0.685,16.61,15.89,70.11,90.14,0.05,19.51,200.3,0.4303,0.5426,orange,2,0.46,0.3,0.3,0.22,0.0681
128,30.65,78.19,8.27,2011.0,243.0,-0.9758,14.36,0.652,15.25,15.19,66.33,85.28,0.05,17.67,189.5,0.2343,0.4696,orange,2,0.27,0.38,0.29,0.22,0.077
129,30.65,78.21,24.84,1626.0,81.2,-0.3659,13.2,0.616,14.01,14.34,57.54,73.98,0.05,15.84,164.4,0.3799,0.3982,yellow,1,0.31,0.3,0.18,0.22,0.087
130,30.65,78.23,16.29,1257.0,64.2,1.5,13.66,0.667,12.94,12.53,48.47,62.33,0.05,14.02,138.5,0.2737,0.3709,yellow,1,0.23,0.3,0.14,0.22,0.0982
131,30.65,78.25,25.59,1408.0,143.7,-1.2198,13.17,0.647,12.07,10.75,48.3,62.1,0.05,12.23,138.0,0.3663,0.5798,orange,2,0.51,0.3,0.25,0.22,0.1106
132,30.65,78.27,30.56,1470.0,217.1,1.3417,12.96,0.661,11.46,9.01,47.46,61.02,0.05,10.49,135.6,0.4582,0.4543,orange,2,0.37,0.22,0.29,0.22,0.1243
133,30.65,78.29,31.95,1324.0,304.5,-1.2198,12.9,0.622,10.19,7.36,44.41,57.11,0.05,8.8,126.9,0.5143,0.5234,orange,2,0.47,0.18,0.19,0.14,0.139
134,30.65,78.31,29.52,1380.0,256.5,0.122,13.0,0.626,8.66,5.85,46.16,59.36,0.05,7.23,131.9,0.54,0.4455,yellow,1,0.37,0.22,0.23,0.14,0.009
135,30.65,78.33,28.86,1048.0,236.9,1.5,13.02,0.605,7.31,4.65,42.63,54.81,0.05,5.84,121.8,0.5656,0.4458,yellow,1,0.36,0.3,0.21,0.14,0.0132
136,30.65,78.35,31.49,1687.0,197.7,1.5,12.92,0.639,6.24,4.02,56.14,72.18,0.05,4.83,160.4,0.6524,0.5028,orange,2,0.41,0.22,0.39,0.14,0.0185
137,30.65,78.37,40.01,1687.0,77.0,1.5,12.6,0.59,5.63,4.24,58.97,75.83,0.05,4.44,168.5,0.7554,0.5397,orange,2,0.47,0.22,0.28,0.09,0.0213
138,30.65,78.39,27.05,1292.0,58.9,-1.3417,13.1,0.632,4.38,3.06,54.49,70.06,0.05,4.83,155.7,0.6042,0.5468,orange,2,0.47,0.32,0.24,0.09,0.0297
139,30.65,78.41,32.2,1328.0,94.7,0.244,12.89,0.686,3.46,1.46,56.1,72.14,0.05,5.8,160.3,0.631,0.4256,yellow,1,0.33,0.24,0.31,0.05,0.05
140,30.65,78.43,22.83,1406.0,236.8,-0.122,13.29,0.701,3.46,1.46,57.02,73.31,0.05,4.38,162.9,0.5808,0.4156,yellow,1,0.23,0.32,0.31,0.05,0.0657
141,30.65,78.45,31.38,2003.0,72.9,-1.4637,12.92,0.626,4.38,3.06,65.31,83.97,0.05,3.46,186.6,0.7121,0.5816,orange,2,0.5,0.24,0.4,0.09,0.0961
142,30.65,78.47,35.14,2234.0,76.5,-1.2198,12.78,0.641,5.8,4.88,66.53,85.55,0.05,3.46,190.1,0.7525,0.6732,red,3,0.6,0.22,0.5,0.09,0.1198
143,30.65,78.49,35.49,2279.0,83.6,1.0978,12.77,0.664,7.44,3.61,64.43,82.84,0.05,4.38,184.1,0.7243,0.5868,orange,2,0.46,0.22,0.5,0.05,0.1009
144,30.65,78.51,33.97,2633.0,236.0,1.4637,12.82,0.653,9.18,2.41,64.99,83.56,0.05,5.8,185.7,0.6691,0.6366,orange,2,0.38,0.22,0.57,0.13,0.0611
145,30.65,78.53,40.14,2526.0,281.6,0.0,12.6,0.623,10.97,1.9,64.19,82.53,0.05,7.23,183.4,0.6874,0.5703,orange,2,0.48,0.22,0.46,0.09,0.0302
146,30.65,78.55,26.15,2127.0,58.2,0.4879,13.14,0.658,12.79,0.0,58.1,74.7,0.05,8.8,166.0,0.4876,0.431,yellow,1,0.34,0.26,0.27,0.05,0.139
147,30.65,78.57,7.84,2030.0,256.1,-0.8538,14.41,0.726,13.62,1.9,57.85,74.39,0.05,10.49,165.3,0.2548,0.4251,yellow,1,0.25,0.34,0.24,0.05,0.1243
148,30.67,78.07,37.17,1214.0,181.5,-0.854,12.71,0.611,20.0,20.18,46.58,59.89,0.05,20.18,133.1,0.4782,0.6144,orange,2,0.55,0.22,0.33,0.29,0.0651
149,30.67,78.09,25.0,1228.0,81.9,-0.366,13.19,0.654,20.0,20.0,47.98,61.7,0.05,20.0,137.1,0.3597,0.3843,yellow,1,0.27,0.3,0.18,0.29,0.0659
150,30.67,78.11,37.66,1288.0,238.8,-1.342,12.69,0.671,20.18,20.0,50.29,64.66,0.05,20.0,143.7,0.4916,0.6102,orange,2,0.55,0.22,0.29,0.22,0.0659
151,30.67,78.13,23.0,1637.0,225.7,1.342,13.29,0.648,20.07,19.66,57.29,73.66,0.05,20.18,163.7,0.361,0.3982,yellow,1,0.29,0.3,0.25,0.22,0.0651
152,30.67,78.15,30.93,1851.0,317.0,0.0,12.94,0.59,19.51,18.72,61.6,79.2,0.05,20.54,176.0,0.4501,0.4653,orange,2,0.38,0.18,0.34,0.22,0.0636
153,30.67,78.17,26.09,2319.0,325.8,-0.366,13.14,0.627,18.16,17.93,69.54,89.41,0.05,20.13,198.7,0.4199,0.5374,orange,2,0.44,0.3,0.4,0.22,0.0653
154,30.67,78.19,13.02,1615.0,266.5,1.5,13.89,0.654,16.93,16.86,57.19,73.53,0.05,18.35,163.4,0.2609,0.3975,yellow,1,0.2,0.33,0.17,0.22,0.0736
155,30.67,78.21,12.59,1373.0,294.9,0.488,13.93,0.692,15.83,15.11,52.08,66.96,0.05,16.6,148.8,0.2449,0.3858,yellow,1,0.16,0.33,0.14,0.22,0.0827
156,30.67,78.23,18.6,1482.0,200.4,-1.098,13.52,0.732,14.89,13.4,52.61,67.64,0.05,14.87,150.3,0.3062,0.4598,orange,2,0.37,0.3,0.25,0.22,0.0927
157,30.67,78.25,26.15,1760.0,266.2,-0.244,13.14,0.625,14.14,11.75,56.07,72.09,0.05,13.2,160.2,0.3897,0.4545,orange,2,0.37,0.3,0.21,0.22,0.1037
158,30.67,78.27,17.53,2028.0,221.8,-0.244,13.58,0.68,13.02,10.19,59.71,76.77,0.05,11.6,170.6,0.3234,0.4239,yellow,1,0.28,0.26,0.33,0.22,0.1154
159,30.67,78.29,20.84,1451.0,328.6,-1.5,13.4,0.669,11.55,8.76,49.73,63.95,0.05,10.11,142.1,0.3773,0.4156,yellow,1,0.33,0.3,0.18,0.22,0.1275
160,30.67,78.31,29.79,1505.0,191.8,1.098,12.99,0.678,10.23,7.54,51.03,65.61,0.05,8.77,145.8,0.5089,0.4573,orange,2,0.37,0.22,0.31,0.14,0.1394
161,30.67,78.33,33.04,1670.0,341.5,1.5,12.86,0.658,8.62,6.65,54.7,70.34,0.05,7.67,156.3,0.5818,0.4118,yellow,1,0.33,0.22,0.24,0.14,0.008
162,30.67,78.35,8.82,1063.0,160.2,0.244,14.29,0.618,6.74,6.23,45.78,58.86,0.05,6.93,130.8,0.3408,0.4868,orange,2,0.21,0.42,0.22,0.14,0.0097
163,30.67,78.37,33.59,1152.0,215.4,-0.976,12.84,0.626,4.88,4.88,48.54,62.41,0.05,6.66,138.7,0.6026,0.5013,orange,2,0.42,0.28,0.26,0.14,0.0104
164,30.67,78.39,38.22,1582.0,314.4,-1.5,12.67,0.597,3.06,3.06,56.73,72.94,0.05,6.74,162.1,0.6652,0.6245,orange,2,0.57,0.24,0.24,0.09,0.0392
165,30.67,78.41,31.66,1995.0,216.7,1.5,12.91,0.612,1.46,1.46,64.16,82.49,0.05,4.88,183.3,0.671,0.5839,orange,2,0.48,0.37,0.47,0.13,0.0906
166,30.67,78.43,13.31,1921.0,276.9,-1.342,13.87,0.717,1.46,1.46,62.72,80.64,0.05,3.06,179.2,0.5373,0.5337,orange,2,0.35,0.44,0.32,0.13,0.1554
167,30.67,78.45,26.32,1652.0,246.4,-1.5,13.13,0.632,3.06,3.06,57.4,73.8,0.05,1.46,164.0,0.7018,0.5733,orange,2,0.49,0.32,0.33,0.05,0.2687
168,30.67,78.47,30.22,1962.0,201.6,1.5,12.97,0.634,4.88,4.38,61.42,78.98,0.05,1.46,175.5,0.75,0.6412,orange,2,0.44,0.2,0.57,0.05,0.313
169,30.67,78.49,20.16,2414.0,116.7,0.244,13.43,0.704,6.74,2.85,67.72,87.08,0.05,2.92,193.5,0.6212,0.6151,orange,2,0.26,0.3,0.55,0.09,0.2087
170,30.67,78.51,19.94,2194.0,358.1,-0.61,13.44,0.671,8.62,0.95,62.93,80.91,0.05,4.4,179.8,0.5649,0.4183,yellow,1,0.3,0.26,0.32,0.05,0.1205
171,30.67,78.53,10.88,2358.0,108.6,0.244,14.08,0.68,10.11,0.95,65.06,83.66,0.05,6.12,185.9,0.4291,0.4933,orange,2,0.21,0.33,0.41,0.05,0.0756
172,30.67,78.55,22.64,2481.0,343.6,0.122,13.3,0.641,11.14,2.22,67.13,86.31,0.05,7.92,191.8,0.4989,0.5063,orange,2,0.28,0.3,0.42,0.09,0.0288
173,30.67,78.57,23.17,2508.0,302.6,1.5,13.28,0.617,11.46,2.92,68.04,87.48,0.05,9.63,194.4,0.4562,0.5087,orange,2,0.3,0.3,0.42,0.13,0.1315
174,30.69,78.07,34.54,945.0,182.7,-1.5,12.8,0.567,17.79,17.99,44.87,57.69,0.05,17.99,128.2,0.448,0.5423,orange,2,0.48,0.22,0.23,0.29,0.0754
175,30.69,78.09,24.03,1727.0,272.4,0.3661,13.24,0.676,17.79,17.79,57.36,73.76,0.05,17.79,163.9,0.3714,0.374,yellow,1,0.21,0.3,0.18,0.22,0.0764
176,30.69,78.11,25.66,2152.0,99.6,-1.5,13.16,0.634,17.99,17.79,63.77,81.99,0.05,17.79,182.2,0.4024,0.5965,orange,2,0.52,0.3,0.33,0.22,0.0764
177,30.69,78.13,24.31,1690.0,155.1,0.6101,13.22,0.689,17.86,17.99,55.37,71.19,0.05,17.99,158.2,0.3697,0.3982,yellow,1,0.25,0.3,0.29,0.22,0.0754
178,30.69,78.15,23.63,1751.0,69.2,-0.6101,13.26,0.648,17.76,18.38,56.0,72.0,0.05,18.38,160.0,0.3643,0.3982,yellow,1,0.31,0.3,0.18,0.22,0.0734
179,30.69,78.17,17.32,2122.0,283.1,-0.8542,13.59,0.694,17.86,18.96,62.19,79.97,0.05,18.96,177.7,0.3154,0.395,yellow,1,0.3,0.26,0.26,0.22,0.0706
180,30.69,78.19,29.9,1761.0,281.8,0.8542,12.98,0.612,18.16,17.8,56.42,72.54,0.05,19.27,161.2,0.428,0.4203,yellow,1,0.35,0.22,0.18,0.14,0.0692
181,30.69,78.21,22.14,1687.0,339.6,-0.6101,13.33,0.631,17.74,16.15,55.79,71.73,0.05,17.6,159.4,0.3489,0.3982,yellow,1,0.31,0.3,0.18,0.14,0.0773
182,30.69,78.23,19.71,1887.0,170.2,0.122,13.46,0.665,16.9,14.57,59.85,76.95,0.05,15.99,171.0,0.3339,0.4583,orange,2,0.28,0.26,0.37,0.14,0.0861
183,30.69,78.25,15.71,2279.0,263.3,0.2441,13.7,0.715,15.88,13.06,67.13,86.31,0.05,14.45,191.8,0.3105,0.4782,orange,2,0.26,0.3,0.39,0.14,0.0954
184,30.69,78.27,30.07,1769.0,64.5,1.3423,12.98,0.632,14.29,11.68,59.04,75.91,0.05,13.0,168.7,0.4357,0.444,yellow,1,0.37,0.22,0.22,0.22,0.1051
185,30.69,78.29,25.68,1533.0,44.4,0.122,13.16,0.608,12.4,10.45,55.23,71.01,0.05,11.69,157.8,0.3921,0.4331,yellow,1,0.35,0.3,0.18,0.22,0.1147
186,30.69,78.31,37.59,1498.0,109.7,-0.3661,12.69,0.703,10.51,9.46,54.42,69.98,0.05,10.55,155.5,0.5425,0.5535,orange,2,0.49,0.22,0.25,0.22,0.1237
187,30.69,78.33,12.8,1412.0,216.0,-1.3423,13.91,0.667,8.62,8.76,52.46,67.45,0.05,9.66,149.9,0.3162,0.4258,yellow,1,0.32,0.33,0.23,0.22,0.1313
188,30.69,78.35,17.45,1045.0,334.0,-0.2441,13.59,0.614,6.74,7.44,45.61,58.64,0.05,9.08,130.3,0.3639,0.4005,yellow,1,0.22,0.34,0.11,0.14,0.1365
189,30.69,78.37,39.65,1232.0,280.8,0.4881,12.62,0.651,4.88,5.8,48.02,61.74,0.05,8.0,137.2,0.623,0.4848,orange,2,0.41,0.24,0.24,0.14,0.0071
190,30.69,78.39,33.72,1454.0,222.8,0.7322,12.83,0.686,3.06,4.38,51.2,65.84,0.05,6.5,146.3,0.6146,0.4427,yellow,1,0.35,0.24,0.31,0.14,0.0543
191,30.69,78.41,42.98,1966.0,203.8,0.7322,12.5,0.587,1.46,3.46,59.57,76.59,0.05,4.88,170.2,0.7737,0.6487,orange,2,0.56,0.33,0.51,0.17,0.1215
192,30.69,78.43,34.88,2395.0,263.4,-1.0982,12.79,0.591,1.46,3.46,66.88,86.0,0.05,3.06,191.1,0.7625,0.6529,red,3,0.56,0.37,0.53,0.17,0.2093
193,30.69,78.45,33.52,1733.0,351.2,1.0982,12.84,0.645,3.06,4.13,56.17,72.23,0.05,1.46,160.5,0.771,0.4642,orange,2,0.37,0.24,0.34,0.05,0.3929
194,30.69,78.47,22.66,2106.0,49.2,-0.4881,13.3,0.657,4.83,3.06,63.14,81.18,0.05,0.0,180.4,0.7209,0.5112,orange,2,0.3,0.32,0.42,0.05,0.566
195,30.69,78.49,18.51,1842.0,104.7,-0.4881,13.52,0.632,5.84,1.46,59.43,76.41,0.05,1.9,169.8,0.6155,0.4611,orange,2,0.36,0.26,0.36,0.05,0.3682
196,30.69,78.51,24.92,2192.0,80.1,-1.5,13.2,0.672,7.23,1.46,65.91,84.74,0.05,3.61,188.3,0.6445,0.466,orange,2,0.36,0.3,0.36,0.05,0.1941
197,30.69,78.53,7.01,2662.0,307.8,-1.5,14.53,0.639,8.8,2.41,70.59,90.77,0.05,5.24,201.7,0.4285,0.5217,orange,2,0.33,0.38,0.42,0.13,0.0971
198,30.69,78.55,35.09,2402.0,85.8,0.2441,12.78,0.646,8.93,3.61,69.79,89.73,0.05,7.01,199.4,0.6559,0.5703,orange,2,0.48,0.22,0.46,0.09,0.0506
199,30.69,78.57,24.31,2396.0,56.5,0.2441,13.22,0.667,9.33,4.83,69.33,89.14,0.05,8.83,198.1,0.4939,0.5014,orange,2,0.24,0.3,0.42,0.14,0.1387
200,30.71,78.07,16.77,1125.0,331.1,0.0,13.63,0.675,15.57,15.8,50.37,64.76,0.05,15.8,143.9,0.2828,0.3903,yellow,1,0.18,0.34,0.09,0.22,0.0872
201,30.71,78.09,26.59,1693.0,188.8,-1.4646,13.12,0.666,15.57,15.57,57.71,74.2,0.05,15.57,164.9,0.3978,0.55,orange,2,0.47,0.3,0.29,0.22,0.0885
202,30.71,78.11,39.23,1384.0,167.1,0.3662,12.63,0.67,15.8,15.57,49.98,64.26,0.05,15.57,142.8,0.5065,0.5288,orange,2,0.45,0.22,0.33,0.22,0.0885
203,30.71,78.13,9.93,1467.0,210.6,1.5,14.17,0.653,15.66,15.8,49.17,63.23,0.05,15.8,140.5,0.2117,0.4514,orange,2,0.22,0.38,0.21,0.22,0.0872
204,30.71,78.15,39.54,2089.0,104.9,-0.4882,12.62,0.626,15.54,16.25,58.27,74.92,0.05,16.25,166.5,0.5286,0.6184,orange,2,0.56,0.18,0.32,0.14,0.0846
205,30.71,78.17,31.97,2063.0,99.6,1.0985,12.9,0.666,15.66,16.9,57.64,74.11,0.05,16.9,164.7,0.4515,0.4623,orange,2,0.38,0.18,0.32,0.14,0.081
206,30.71,78.19,37.6,1960.0,212.4,-1.5,12.69,0.611,16.0,17.74,56.98,73.26,0.05,17.74,162.8,0.5062,0.6913,red,3,0.64,0.18,0.36,0.14,0.0766
207,30.71,78.21,29.55,2296.0,224.4,-0.1221,13.0,0.654,16.55,17.42,64.64,83.11,0.05,18.73,184.7,0.4433,0.5521,orange,2,0.38,0.22,0.47,0.14,0.0717
208,30.71,78.23,11.59,2426.0,255.4,0.2441,14.01,0.715,17.3,15.96,69.3,89.1,0.05,17.32,198.0,0.2743,0.4761,orange,2,0.21,0.33,0.39,0.14,0.0788
209,30.71,78.25,26.85,2099.0,287.9,0.1221,13.11,0.595,16.49,14.6,66.18,85.09,0.05,15.91,189.1,0.4198,0.4749,orange,2,0.38,0.3,0.3,0.14,0.0865
210,30.71,78.27,28.6,1586.0,345.4,1.5,13.04,0.666,14.63,13.37,59.18,76.09,0.05,14.61,169.1,0.4213,0.4156,yellow,1,0.33,0.3,0.18,0.14,0.0944
211,30.71,78.29,16.63,1301.0,201.5,0.1221,13.64,0.64,12.79,12.32,54.95,70.65,0.05,13.45,157.0,0.2919,0.3982,yellow,1,0.29,0.3,0.25,0.14,0.102
212,30.71,78.31,42.21,1812.0,191.1,-1.5,12.53,0.594,10.97,11.48,62.82,80.78,0.05,12.48,179.5,0.5657,0.6993,red,3,0.64,0.18,0.45,0.22,0.1088
213,30.71,78.33,29.66,1562.0,38.2,0.0,12.99,0.599,9.18,10.19,56.84,73.08,0.05,10.68,162.4,0.4649,0.4203,yellow,1,0.35,0.22,0.18,0.22,0.1226
214,30.71,78.35,21.69,979.0,185.8,-0.2441,13.35,0.599,7.44,8.66,44.62,57.38,0.05,8.83,127.5,0.4113,0.3872,yellow,1,0.26,0.3,0.21,0.22,0.1387
215,30.71,78.37,37.91,1704.0,93.5,-1.5,12.68,0.622,5.8,7.31,54.32,69.84,0.05,7.01,155.2,0.6488,0.643,orange,2,0.59,0.22,0.27,0.14,0.0199
216,30.71,78.39,21.06,2242.0,319.3,-1.5,13.38,0.682,4.38,5.56,61.49,79.06,0.05,5.24,175.7,0.5482,0.5474,orange,2,0.36,0.28,0.46,0.14,0.0606
217,30.71,78.41,43.83,2324.0,318.2,-1.5,12.47,0.57,3.46,3.82,61.98,79.69,0.05,3.61,177.1,0.8246,0.672,red,3,0.6,0.2,0.5,0.09,0.144
218,30.71,78.43,23.83,1570.0,121.5,0.0,13.25,0.605,2.92,2.36,49.7,63.9,0.05,2.36,142.0,0.6329,0.4719,orange,2,0.28,0.36,0.37,0.09,0.2581
219,30.71,78.45,15.19,1293.0,346.2,1.0985,13.73,0.696,2.22,1.95,46.55,59.85,0.05,1.95,133.0,0.5515,0.444,yellow,1,0.24,0.36,0.26,0.05,0.404
220,30.71,78.47,17.08,1632.0,231.1,0.1221,13.61,0.674,2.92,2.93,54.53,70.11,0.05,0.95,155.8,0.6177,0.4542,orange,2,0.24,0.36,0.33,0.05,0.5789
221,30.71,78.49,40.85,2373.0,142.2,1.5,12.57,0.583,4.4,1.46,69.47,89.33,0.05,0.95,198.5,0.8896,0.7022,red,3,0.54,0.24,0.63,0.05,0.4952
222,30.71,78.51,42.99,2143.0,114.8,0.3662,12.5,0.646,6.12,1.46,67.72,87.08,0.05,2.85,193.5,0.8516,0.5903,orange,2,0.5,0.22,0.49,0.05,0.2335
223,30.71,78.53,33.1,2129.0,71.9,-0.4882,12.86,0.591,6.73,3.06,68.7,88.34,0.05,4.75,196.3,0.6995,0.5294,orange,2,0.44,0.22,0.4,0.09,0.1139
224,30.71,78.55,15.08,2025.0,199.3,1.5,13.74,0.663,6.73,4.88,66.95,86.09,0.05,6.65,191.3,0.4599,0.4833,orange,2,0.3,0.3,0.39,0.14,0.0624
225,30.71,78.57,39.73,3011.0,350.5,1.5,12.61,0.669,7.24,6.5,71.02,91.31,0.05,7.87,202.9,0.6802,0.5454,orange,2,0.43,0.17,0.46,0.22,0.0073
226,30.71,78.59,33.3,2940.0,104.5,-0.6103,12.85,0.602,8.18,7.67,69.27,89.06,0.05,8.67,197.9,0.5883,0.575,orange,2,0.43,0.22,0.49,0.18,0.1402
227,30.71,78.61,25.38,2419.0,87.2,-1.5,13.18,0.595,9.41,8.77,67.72,87.08,0.05,9.79,193.5,0.4731,0.5891,orange,2,0.5,0.3,0.42,0.22,0.1302
228,30.71,78.63,32.82,3120.0,129.4,-0.7323,12.87,0.655,10.84,10.11,63.52,81.67,0.05,10.87,181.5,0.5065,0.5826,orange,2,0.39,0.17,0.51,0.3,0.1212
229,30.71,78.65,30.89,3430.0,358.8,-1.5,12.94,0.471,12.0,11.26,60.41,77.67,0.05,11.74,172.6,0.4544,0.5377,orange,2,0.47,0.13,0.34,0.3,0.1143
230,30.73,78.09,27.65,1325.0,242.7,-0.2442,13.08,0.677,13.35,13.35,51.97,66.83,0.05,13.35,148.5,0.3953,0.4198,yellow,1,0.33,0.3,0.21,0.22,0.1026
231,30.73,78.11,31.45,1326.0,186.5,1.4649,12.92,0.683,13.62,13.35,48.58,62.46,0.05,13.35,138.8,0.4255,0.4602,orange,2,0.37,0.22,0.33,0.22,0.1026
232,30.73,78.13,19.06,1503.0,61.5,0.7325,13.49,0.68,13.45,13.62,48.54,62.41,0.05,13.62,138.7,0.3016,0.3673,yellow,1,0.21,0.3,0.14,0.22,0.1008
233,30.73,78.15,25.7,1406.0,234.7,-0.7325,13.16,0.697,13.32,14.14,45.04,57.91,0.05,14.14,128.7,0.36,0.4647,orange,2,0.39,0.26,0.2,0.14,0.0974
234,30.73,78.17,40.55,1500.0,267.2,0.3662,12.59,0.644,13.45,14.89,46.41,59.67,0.05,14.89,132.6,0.5116,0.536,orange,2,0.47,0.22,0.25,0.14,0.0927
235,30.73,78.19,10.95,2019.0,198.3,0.6104,14.07,0.688,13.85,15.83,56.52,72.67,0.05,15.83,161.5,0.2387,0.4125,yellow,1,0.23,0.29,0.32,0.09,0.087
236,30.73,78.21,31.99,2134.0,123.9,-1.0987,12.9,0.669,14.49,16.93,61.21,78.7,0.05,16.93,174.9,0.4598,0.5605,orange,2,0.48,0.18,0.41,0.09,0.0809
237,30.73,78.23,15.1,2557.0,253.8,-0.2442,13.74,0.681,15.34,17.52,70.45,90.59,0.05,18.16,201.3,0.312,0.4782,orange,2,0.26,0.3,0.39,0.13,0.0745
238,30.73,78.25,24.18,1881.0,4.7,1.5,13.23,0.627,16.36,16.29,63.56,81.72,0.05,17.53,181.6,0.3871,0.4071,yellow,1,0.3,0.3,0.3,0.09,0.0777
239,30.73,78.27,7.04,1485.0,7.5,1.5,14.52,0.691,15.29,15.2,59.15,76.05,0.05,16.15,169.0,0.2056,0.4316,yellow,1,0.16,0.38,0.14,0.14,0.0852
240,30.73,78.29,36.94,1946.0,279.7,-0.1221,12.71,0.626,13.54,14.28,67.58,86.89,0.05,14.25,193.1,0.5239,0.5557,orange,2,0.48,0.22,0.34,0.14,0.0967
241,30.73,78.31,12.87,2047.0,171.8,0.0,13.91,0.695,11.83,12.83,68.32,87.84,0.05,12.35,195.2,0.2849,0.4615,orange,2,0.23,0.33,0.37,0.22,0.1097
242,30.73,78.33,30.77,1775.0,99.6,1.5,12.95,0.591,10.19,10.93,61.32,78.84,0.05,10.45,175.2,0.4931,0.4731,orange,2,0.39,0.22,0.3,0.22,0.1246
243,30.73,78.35,41.52,1249.0,59.3,-1.5,12.55,0.629,8.66,9.03,49.21,63.27,0.05,8.55,140.6,0.6283,0.6225,orange,2,0.57,0.22,0.24,0.22,0.1414
244,30.73,78.37,40.54,1555.0,77.3,-0.8545,12.59,0.635,7.31,7.13,50.99,65.56,0.05,6.65,145.7,0.678,0.5699,orange,2,0.51,0.22,0.24,0.14,0.0215
245,30.73,78.39,37.04,1304.0,93.6,0.3662,12.71,0.628,5.7,5.24,44.2,56.84,0.05,4.75,126.3,0.6829,0.5325,orange,2,0.47,0.18,0.26,0.14,0.0382
246,30.73,78.41,21.1,1117.0,116.9,-0.9766,13.38,0.587,3.8,3.34,39.9,51.3,0.05,2.85,114.0,0.5691,0.414,yellow,1,0.3,0.32,0.23,0.09,0.1487
247,30.73,78.43,1.81,1121.0,116.5,-0.2442,15.88,0.628,1.9,1.46,40.46,52.02,0.05,0.95,115.6,0.4329,0.5594,orange,2,0.18,0.51,0.19,0.05,0.3083
248,30.73,78.45,21.46,1170.0,131.2,-0.9766,13.36,0.681,0.0,0.58,43.33,55.71,0.05,0.58,123.8,0.6467,0.7044,red,3,0.34,0.65,0.27,0.2,0.4279
249,30.73,78.47,41.43,1687.0,183.4,1.4649,12.55,0.611,1.9,1.1,55.12,70.88,0.05,1.46,157.5,0.8477,0.607,orange,2,0.52,0.28,0.45,0.05,0.421
250,30.73,78.49,30.3,1811.0,37.1,-0.7325,12.97,0.674,3.8,1.1,60.62,77.94,0.05,1.46,173.2,0.7489,0.5442,orange,2,0.4,0.2,0.46,0.05,0.3623
251,30.73,78.51,39.72,1569.0,29.2,1.0987,12.61,0.645,5.28,2.9,59.43,76.41,0.05,3.06,169.8,0.7938,0.5397,orange,2,0.47,0.22,0.28,0.05,0.2027
252,30.73,78.53,29.56,1397.0,213.8,-0.7325,13.0,0.655,4.54,4.38,58.17,74.79,0.05,4.88,166.2,0.6363,0.4942,orange,2,0.41,0.24,0.31,0.09,0.0975
253,30.73,78.55,33.46,2104.0,80.6,-0.8545,12.84,0.658,4.54,5.26,70.03,90.05,0.05,5.26,200.1,0.6913,0.4979,orange,2,0.4,0.24,0.4,0.09,0.0519
254,30.73,78.57,29.93,2405.0,25.8,0.0,12.98,0.632,5.28,5.81,73.43,94.41,0.05,5.81,209.8,0.6476,0.5437,orange,2,0.38,0.22,0.46,0.14,0.0356
255,30.73,78.59,30.48,2466.0,148.9,0.0,12.96,0.663,6.5,6.87,71.57,92.03,0.05,6.87,204.5,0.6181,0.6028,orange,2,0.38,0.22,0.53,0.14,0.0327
256,30.73,78.61,31.58,2255.0,128.4,-0.2442,12.92,0.654,8.0,8.12,64.61,83.07,0.05,8.12,184.6,0.5765,0.6006,orange,2,0.36,0.22,0.53,0.14,0.1454
257,30.73,78.63,23.09,2664.0,153.5,0.1221,13.28,0.633,9.11,8.87,64.78,83.3,0.05,8.87,185.1,0.4703,0.6039,orange,2,0.32,0.3,0.53,0.26,0.1384
258,30.73,78.65,30.8,3312.0,47.2,-1.5,12.95,0.467,10.23,9.08,59.32,76.28,0.05,9.92,169.5,0.5041,0.5336,orange,2,0.47,0.13,0.31,0.3,0.129
259,30.73,78.67,23.21,2867.0,25.7,0.0,13.28,0.695,11.55,9.66,61.21,78.7,0.05,11.21,174.9,0.3952,0.4748,orange,2,0.21,0.26,0.4,0.26,0.1184
260,30.73,78.69,17.04,2784.0,38.4,0.7325,13.61,0.626,13.02,10.55,62.86,80.82,0.05,12.64,179.6,0.3141,0.4497,yellow,1,0.28,0.26,0.36,0.26,0.1076
261,30.73,78.73,15.78,3889.0,129.3,0.1221,13.69,0.231,15.34,13.0,63.0,81.0,0.05,14.28,180.0,0.3018,0.374,yellow,1,0.3,0.21,0.18,0.3,0.0965
262,30.73,78.75,22.8,3922.0,97.1,1.5,13.3,0.216,16.36,14.45,66.11,85.01,0.05,14.95,188.9,0.3791,0.3985,yellow,1,0.32,0.25,0.18,0.3,0.0923
263,30.73,78.77,30.99,4376.0,175.0,0.2442,12.94,0.216,17.53,15.99,66.11,85.01,0.05,15.81,188.9,0.461,0.4958,orange,2,0.42,0.17,0.32,0.37,0.0871
264,30.73,78.79,42.68,4117.0,222.2,-1.5,12.51,0.229,18.82,17.6,68.42,87.98,0.05,16.85,195.5,0.5832,0.6835,red,3,0.64,0.17,0.28,0.37,0.0813
265,30.75,78.07,37.32,1106.0,195.4,1.5,12.7,0.666,11.14,11.46,50.89,65.43,0.05,11.46,145.4,0.5053,0.5185,orange,2,0.44,0.26,0.28,0.22,0.1164
266,30.75,78.09,32.57,1331.0,129.9,1.3431,12.88,0.647,11.14,11.14,51.94,66.78,0.05,11.14,148.4,0.4695,0.4717,orange,2,0.39,0.22,0.29,0.22,0.119
267,30.75,78.11,31.4,1981.0,118.1,-1.5,12.92,0.629,11.46,11.14,59.71,76.77,0.05,11.14,170.6,0.4755,0.5896,orange,2,0.52,0.18,0.37,0.22,0.119
268,30.75,78.13,17.83,2196.0,95.9,-0.7326,13.56,0.62,11.26,11.46,60.58,77.89,0.05,11.46,173.1,0.3325,0.4511,orange,2,0.36,0.26,0.29,0.22,0.1164
269,30.75,78.15,39.93,1991.0,166.9,0.0,12.61,0.65,11.1,12.07,55.44,71.28,0.05,12.07,158.4,0.526,0.5932,orange,2,0.52,0.18,0.4,0.14,0.1118
270,30.75,78.17,21.42,2221.0,320.2,-0.6105,13.36,0.616,11.26,12.94,59.08,75.96,0.05,12.94,168.8,0.3492,0.4498,yellow,1,0.34,0.26,0.35,0.14,0.1055
271,30.75,78.19,39.26,2097.0,175.7,0.2442,12.63,0.608,11.73,14.01,58.31,74.97,0.05,14.01,166.6,0.5259,0.5932,orange,2,0.52,0.18,0.4,0.09,0.0982
272,30.75,78.21,17.85,2570.0,174.2,-0.3663,13.56,0.677,12.48,15.25,67.23,86.44,0.05,15.25,192.1,0.3322,0.5555,orange,2,0.34,0.3,0.47,0.09,0.0905
273,30.75,78.23,22.4,2743.0,277.2,-0.1221,13.32,0.675,13.45,16.61,69.41,89.24,0.05,16.61,198.3,0.3826,0.4842,orange,2,0.24,0.3,0.4,0.09,0.0826
274,30.75,78.25,27.32,2054.0,350.1,-0.4884,13.09,0.684,14.61,18.06,66.11,85.01,0.05,18.06,188.9,0.4243,0.4918,orange,2,0.4,0.3,0.3,0.09,0.075
275,30.75,78.27,25.88,1836.0,238.4,-0.3663,13.15,0.634,15.91,16.82,64.5,82.94,0.05,16.3,184.3,0.4062,0.5506,orange,2,0.46,0.3,0.37,0.14,0.0843
276,30.75,78.29,25.19,2227.0,150.6,0.8547,13.18,0.668,14.59,14.94,71.75,92.25,0.05,14.42,205.0,0.4159,0.5932,orange,2,0.38,0.3,0.51,0.14,0.0956
277,30.75,78.31,25.94,1802.0,109.8,-1.5,13.15,0.608,13.02,13.08,63.7,81.9,0.05,12.55,182.0,0.405,0.5965,orange,2,0.52,0.3,0.33,0.22,0.1083
278,30.75,78.33,29.49,1462.0,246.4,0.1221,13.0,0.684,11.55,11.22,55.79,71.73,0.05,10.68,159.4,0.4608,0.4071,yellow,1,0.33,0.22,0.21,0.22,0.1226
279,30.75,78.35,51.39,1532.0,6.7,-1.5,12.2,0.546,9.76,9.38,53.93,69.34,0.05,8.83,154.1,0.6656,0.684,red,3,0.64,0.22,0.24,0.22,0.1387
280,30.75,78.37,35.82,1504.0,168.3,-1.5,12.76,0.619,7.92,7.57,50.43,64.84,0.05,7.01,144.1,0.619,0.6677,red,3,0.61,0.22,0.35,0.14,0.0193
281,30.75,78.39,26.29,1674.0,271.1,-0.2442,13.13,0.632,6.12,5.82,50.92,65.48,0.05,5.24,145.5,0.5764,0.4413,yellow,1,0.35,0.3,0.24,0.14,0.032
282,30.75,78.41,30.53,1700.0,229.1,-1.0989,12.96,0.677,4.4,4.19,50.26,64.62,0.05,3.61,143.6,0.6648,0.5335,orange,2,0.45,0.24,0.35,0.14,0.0873
283,30.75,78.43,24.18,1998.0,46.2,-1.3431,13.23,0.6,2.92,2.92,55.72,71.64,0.05,2.41,159.2,0.6487,0.5112,orange,2,0.41,0.32,0.37,0.09,0.1618
284,30.75,78.45,23.21,1275.0,0.5,-0.1221,13.28,0.642,2.22,2.6,45.46,58.46,0.05,2.41,129.9,0.6156,0.4108,yellow,1,0.26,0.32,0.25,0.05,0.2092
285,30.75,78.47,50.45,1371.0,90.2,-1.5,12.24,0.669,2.92,1.92,49.94,64.22,0.05,3.46,142.7,0.8132,0.6859,red,3,0.63,0.28,0.31,0.05,0.2058
286,30.75,78.49,50.69,1373.0,216.6,1.3431,12.23,0.72,4.4,1.92,53.09,68.27,0.05,3.46,151.7,0.8204,0.6098,orange,2,0.54,0.24,0.35,0.05,0.1686
287,30.75,78.51,28.73,1881.0,225.2,-1.0989,13.03,0.672,3.61,3.3,64.26,82.62,0.05,4.34,183.6,0.6577,0.5755,orange,2,0.48,0.32,0.43,0.05,0.1308
288,30.75,78.53,33.86,1789.0,40.7,-1.5,12.83,0.585,2.41,3.24,64.19,82.53,0.05,3.24,183.4,0.7408,0.5649,orange,2,0.48,0.32,0.33,0.05,0.1035
289,30.75,78.55,22.21,1466.0,343.3,1.5,13.32,0.712,2.41,3.07,58.77,75.56,0.05,3.07,167.9,0.6169,0.4411,yellow,1,0.24,0.36,0.24,0.09,0.099
290,30.75,78.57,16.63,1685.0,21.5,-0.6105,13.64,0.667,3.61,3.94,60.9,78.3,0.05,3.94,174.0,0.5404,0.4123,yellow,1,0.27,0.32,0.25,0.09,0.0659
291,30.75,78.59,30.82,1924.0,30.6,0.3663,12.95,0.679,5.24,5.38,62.3,80.1,0.05,5.38,178.0,0.6438,0.4826,orange,2,0.34,0.18,0.4,0.14,0.0576
292,30.75,78.61,39.6,2195.0,162.0,1.5,12.62,0.598,6.24,6.04,63.73,81.94,0.05,6.04,182.1,0.7156,0.621,orange,2,0.54,0.22,0.47,0.14,0.0458
293,30.75,78.63,19.38,2551.0,43.7,-0.4884,13.47,0.647,7.31,6.66,65.73,84.51,0.05,7.01,187.8,0.4897,0.4801,orange,2,0.34,0.3,0.38,0.18,0.028
294,30.75,78.65,20.22,2165.0,3.8,-0.3663,13.43,0.624,8.66,6.93,58.52,75.24,0.05,8.3,167.2,0.4438,0.431,yellow,1,0.34,0.26,0.27,0.14,0.1437
295,30.75,78.67,26.29,2194.0,91.1,-1.5,13.13,0.604,10.19,7.67,58.59,75.33,0.05,9.8,167.4,0.461,0.5894,orange,2,0.52,0.26,0.3,0.14,0.1301
296,30.75,78.69,40.88,2900.0,197.7,0.1221,12.57,0.644,11.73,8.77,62.72,80.64,0.05,11.42,179.2,0.5692,0.6285,orange,2,0.49,0.18,0.55,0.26,0.1168
297,30.75,78.71,46.76,3689.0,119.8,1.5,12.37,0.265,12.48,10.11,60.97,78.39,0.05,11.66,174.2,0.5993,0.6456,orange,2,0.59,0.13,0.37,0.3,0.1149
298,30.75,78.73,28.36,3741.0,142.6,-0.6105,13.05,0.253,13.45,11.6,63.73,81.94,0.05,12.17,182.1,0.4293,0.5623,orange,2,0.48,0.25,0.37,0.3,0.111
299,30.75,78.75,8.4,3436.0,127.3,-0.6105,14.34,0.442,14.61,13.2,68.36,87.89,0.05,12.95,195.3,0.2402,0.434,yellow,1,0.28,0.33,0.33,0.3,0.1054
300,30.75,78.77,18.55,4324.0,109.7,-1.4652,13.52,0.181,15.91,14.87,65.87,84.69,0.05,13.94,188.2,0.3361,0.4844,orange,2,0.42,0.25,0.16,0.3,0.0987
301,30.75,78.79,12.48,4314.0,128.1,1.221,13.94,0.124,17.32,16.6,66.81,85.91,0.05,15.11,190.9,0.2775,0.3978,yellow,1,0.31,0.28,0.2,0.37,0.0913
302,30.75,78.81,41.54,4564.0,162.2,-1.5,12.55,0.186,18.82,18.35,64.78,83.3,0.05,16.42,185.1,0.5635,0.687,red,3,0.64,0.17,0.32,0.37,0.0837
303,30.75,78.83,20.23,4640.0,131.7,-0.3663,13.43,0.128,20.39,20.13,62.33,80.14,0.05,17.83,178.1,0.3448,0.4719,orange,2,0.4,0.21,0.24,0.37,0.0762
304,30.77,78.05,36.65,1292.0,66.1,1.5,12.72,0.641,9.33,10.07,53.06,68.22,0.05,10.07,151.6,0.5441,0.5323,orange,2,0.47,0.22,0.22,0.22,0.1278
305,30.77,78.07,36.99,1864.0,256.6,0.2443,12.71,0.585,8.93,9.33,61.7,79.34,0.05,9.33,176.3,0.5889,0.575,orange,2,0.5,0.18,0.39,0.22,0.1343
306,30.77,78.09,38.13,1457.0,298.7,0.1221,12.67,0.647,8.93,8.93,53.34,68.58,0.05,8.93,152.4,0.5927,0.5172,orange,2,0.45,0.22,0.24,0.22,0.1378
307,30.77,78.11,27.25,1182.0,175.9,-1.0992,13.09,0.661,9.33,8.93,46.97,60.39,0.05,8.93,134.2,0.4694,0.5259,orange,2,0.44,0.34,0.26,0.22,0.1378
308,30.77,78.13,20.31,1649.0,61.1,0.1221,13.42,0.657,9.08,9.33,53.3,68.54,0.05,9.33,152.3,0.4029,0.3773,yellow,1,0.21,0.3,0.2,0.22,0.1343
309,30.77,78.15,25.4,1872.0,147.5,1.0992,13.17,0.668,8.88,10.07,56.1,72.14,0.05,10.07,160.3,0.4385,0.4894,orange,2,0.4,0.26,0.32,0.14,0.1278
310,30.77,78.17,29.02,1774.0,54.1,0.3664,13.02,0.633,9.08,11.09,54.32,69.84,0.05,11.09,155.2,0.4408,0.4331,yellow,1,0.35,0.3,0.18,0.14,0.1193
311,30.77,78.19,21.17,2293.0,38.9,0.8549,13.38,0.681,9.66,12.33,63.77,81.99,0.05,12.33,182.2,0.3575,0.4842,orange,2,0.24,0.3,0.4,0.09,0.1099
312,30.77,78.21,13.99,1962.0,199.0,0.4885,13.82,0.67,10.55,13.71,59.6,76.64,0.05,13.71,170.3,0.2761,0.4557,orange,2,0.23,0.29,0.37,0.09,0.1002
313,30.77,78.23,19.41,2436.0,150.4,-1.5,13.47,0.618,11.69,15.21,69.3,89.1,0.05,15.21,198.0,0.3525,0.5667,orange,2,0.44,0.3,0.47,0.09,0.0907
314,30.77,78.25,31.84,2163.0,93.9,0.4885,12.91,0.63,13.0,16.79,66.36,85.32,0.05,16.79,189.6,0.4701,0.4915,orange,2,0.4,0.22,0.37,0.09,0.0816
315,30.77,78.27,20.9,2243.0,214.2,-0.8549,13.39,0.698,14.45,17.3,68.84,88.52,0.05,16.75,196.7,0.3664,0.5555,orange,2,0.34,0.3,0.47,0.14,0.0818
316,30.77,78.29,27.03,2358.0,213.8,0.6106,13.1,0.594,15.84,15.48,71.16,91.49,0.05,14.93,203.3,0.4329,0.5644,orange,2,0.42,0.3,0.47,0.14,0.0924
317,30.77,78.31,27.28,1811.0,340.3,-0.7328,13.09,0.668,14.02,13.68,61.46,79.02,0.05,13.12,175.6,0.4133,0.4868,orange,2,0.4,0.26,0.3,0.22,0.1042
318,30.77,78.33,17.9,2197.0,215.2,-0.3664,13.56,0.697,12.23,11.92,66.71,85.77,0.05,11.35,190.6,0.3503,0.4451,yellow,1,0.34,0.3,0.33,0.22,0.1173
319,30.77,78.35,42.09,1580.0,24.1,0.6106,12.53,0.609,10.49,10.21,54.67,70.29,0.05,9.63,156.2,0.6149,0.5172,orange,2,0.45,0.22,0.24,0.22,0.1315
320,30.77,78.37,23.78,1493.0,146.5,-1.4655,13.25,0.694,8.8,8.58,51.48,66.19,0.05,8.0,147.1,0.4723,0.4624,orange,2,0.37,0.3,0.27,0.22,0.0071
321,30.77,78.39,45.32,1683.0,18.9,0.1221,12.42,0.646,7.23,7.08,53.38,68.62,0.05,6.5,152.5,0.7324,0.5786,orange,2,0.52,0.22,0.24,0.14,0.0221
322,30.77,78.41,24.3,1730.0,286.4,0.977,13.22,0.602,5.84,5.82,53.55,68.85,0.05,5.28,153.0,0.5615,0.3903,yellow,1,0.25,0.3,0.24,0.14,0.0318
323,30.77,78.43,42.63,2180.0,333.6,-1.5,12.51,0.603,4.83,4.98,61.35,78.89,0.05,4.54,175.3,0.7841,0.6624,red,3,0.6,0.2,0.4,0.14,0.0591
324,30.77,78.45,31.94,1317.0,3.7,-0.8549,12.9,0.654,4.44,4.8,47.91,61.61,0.05,4.54,136.9,0.6465,0.4556,orange,2,0.37,0.24,0.28,0.14,0.0818
325,30.77,78.47,12.99,1935.0,245.9,-0.7328,13.9,0.69,4.83,3.96,59.88,77.0,0.05,5.28,171.1,0.4629,0.4468,yellow,1,0.27,0.31,0.35,0.09,0.0896
326,30.77,78.49,22.28,1459.0,143.6,1.5,13.32,0.691,4.75,2.2,53.66,68.99,0.05,5.09,153.3,0.5468,0.4212,yellow,1,0.27,0.32,0.31,0.09,0.0863
327,30.77,78.51,37.03,2445.0,178.2,-1.0992,12.71,0.659,2.85,1.11,71.68,92.16,0.05,3.23,204.8,0.7899,0.6941,red,3,0.61,0.28,0.61,0.05,0.1125
328,30.77,78.53,30.85,2494.0,6.2,-1.4655,12.94,0.589,0.95,1.46,73.32,94.28,0.05,1.46,209.5,0.7835,0.6537,red,3,0.54,0.37,0.56,0.13,0.1326
329,30.77,78.55,27.25,2290.0,184.1,-0.7328,13.09,0.598,0.95,1.02,69.89,89.86,0.05,1.02,199.7,0.7524,0.7117,red,3,0.52,0.45,0.63,0.13,0.1546
330,30.77,78.57,29.62,2277.0,350.6,0.6106,12.99,0.645,2.85,2.68,68.81,88.47,0.05,2.68,196.6,0.7253,0.6008,orange,2,0.39,0.28,0.52,0.05,0.1328
331,30.77,78.59,44.69,1601.0,231.0,-0.4885,12.44,0.557,3.46,3.36,56.0,72.0,0.05,3.36,160.0,0.8268,0.6013,orange,2,0.53,0.24,0.35,0.09,0.1173
332,30.77,78.61,31.35,1849.0,118.7,0.2443,12.92,0.608,4.38,4.09,58.41,75.11,0.05,4.09,166.9,0.6777,0.4907,orange,2,0.4,0.2,0.38,0.14,0.0817
333,30.77,78.63,26.49,2163.0,82.4,-1.5,13.13,0.654,5.8,4.44,62.12,79.88,0.05,5.42,177.5,0.5988,0.5453,orange,2,0.46,0.26,0.36,0.14,0.0441
334,30.77,78.65,37.98,2551.0,216.6,1.5,12.68,0.62,7.44,4.83,66.47,85.45,0.05,7.02,189.9,0.6771,0.6274,orange,2,0.54,0.22,0.53,0.18,0.0277
335,30.77,78.67,20.55,2076.0,300.2,0.7328,13.41,0.637,9.08,5.84,59.36,76.32,0.05,8.73,169.6,0.4364,0.3793,yellow,1,0.28,0.26,0.27,0.14,0.1397
336,30.77,78.69,16.31,2402.0,3.2,-0.6106,13.66,0.713,9.66,7.23,65.48,84.19,0.05,9.22,187.1,0.3938,0.4749,orange,2,0.3,0.3,0.38,0.14,0.1352
337,30.77,78.71,26.09,2748.0,23.9,0.1221,13.14,0.645,10.55,8.8,67.13,86.31,0.05,9.49,191.8,0.4875,0.5185,orange,2,0.38,0.3,0.42,0.26,0.1328
338,30.77,78.73,38.86,3185.0,19.7,1.5,12.65,0.58,11.69,10.49,66.57,85.59,0.05,10.12,190.2,0.5957,0.5551,orange,2,0.47,0.17,0.44,0.3,0.1274
339,30.77,78.75,37.76,3384.0,227.0,-0.8549,12.68,0.471,13.0,12.23,67.16,86.36,0.05,11.04,191.9,0.5592,0.602,orange,2,0.53,0.17,0.41,0.3,0.1198
340,30.77,78.77,40.29,3860.0,123.8,-1.5,12.59,0.157,14.45,14.02,65.91,84.74,0.05,12.19,188.3,0.5535,0.664,red,3,0.62,0.17,0.26,0.3,0.1109
341,30.77,78.79,29.13,3760.0,56.7,0.3664,13.01,0.245,15.99,15.84,66.92,86.04,0.05,13.51,191.2,0.4443,0.4683,orange,2,0.38,0.25,0.3,0.3,0.1016
342,30.77,78.81,26.18,3597.0,98.8,0.3664,13.14,0.362,17.6,17.6,67.38,86.62,0.05,14.95,192.5,0.4158,0.4385,yellow,1,0.34,0.25,0.33,0.3,0.0922
343,30.77,78.83,53.06,4027.0,211.4,-1.5,12.14,0.202,19.27,19.27,63.98,82.26,0.05,16.49,182.8,0.5962,0.745,red,3,0.71,0.17,0.28,0.37,0.0833
344,30.79,78.03,46.57,1552.0,255.0,-1.2215,12.37,0.602,8.18,9.41,53.58,68.89,0.05,9.41,153.1,0.648,0.7039,red,3,0.66,0.22,0.27,0.22,0.1335
345,30.79,78.05,24.04,1679.0,342.0,1.2215,13.24,0.655,7.24,8.18,55.72,71.64,0.05,8.18,159.2,0.4792,0.3806,yellow,1,0.23,0.3,0.2,0.22,0.1449
346,30.79,78.07,25.0,2153.0,281.1,-0.1222,13.19,0.651,6.73,7.24,63.84,82.08,0.05,7.24,182.4,0.5346,0.4155,yellow,1,0.24,0.3,0.32,0.14,0.0156
347,30.79,78.09,31.47,1929.0,38.9,-1.5,12.92,0.613,6.73,6.73,60.27,77.49,0.05,6.73,172.2,0.6062,0.5713,orange,2,0.5,0.18,0.36,0.14,0.0179
348,30.79,78.11,34.87,1513.0,331.5,-0.1222,12.79,0.585,7.24,6.73,53.55,68.85,0.05,6.73,153.0,0.6249,0.4294,yellow,1,0.35,0.22,0.24,0.14,0.0179
349,30.79,78.13,13.14,1050.0,311.8,0.7329,13.88,0.595,6.93,7.24,45.99,59.13,0.05,7.24,131.4,0.3752,0.4194,yellow,1,0.17,0.37,0.11,0.14,0.0156
350,30.79,78.15,20.13,1225.0,113.5,-0.9772,13.43,0.662,6.66,8.18,49.07,63.09,0.05,8.18,140.2,0.4249,0.3952,yellow,1,0.29,0.3,0.23,0.14,0.1449
351,30.79,78.17,33.4,1586.0,191.7,1.5,12.85,0.651,6.93,9.41,55.12,70.88,0.05,9.41,157.5,0.5355,0.4632,orange,2,0.37,0.22,0.35,0.14,0.1335
352,30.79,78.19,30.01,1399.0,48.6,-1.5,12.98,0.717,7.67,10.84,51.91,66.74,0.05,10.84,148.3,0.4526,0.497,orange,2,0.43,0.22,0.22,0.14,0.1214
353,30.79,78.21,16.52,1966.0,137.0,-1.3437,13.64,0.685,8.77,12.39,61.21,78.7,0.05,12.39,174.9,0.3051,0.4908,orange,2,0.4,0.26,0.33,0.14,0.1094
354,30.79,78.23,36.84,1771.0,347.2,1.5,12.72,0.665,10.11,14.03,57.71,74.2,0.05,14.03,164.9,0.5003,0.497,orange,2,0.43,0.22,0.22,0.14,0.0981
355,30.79,78.25,31.0,1790.0,191.3,-1.0994,12.94,0.641,11.6,15.73,57.78,74.3,0.05,15.73,165.1,0.4421,0.5802,orange,2,0.51,0.22,0.33,0.14,0.0876
356,30.79,78.27,25.38,1873.0,39.2,0.6108,13.18,0.629,13.2,17.47,59.01,75.87,0.05,17.47,168.6,0.3887,0.4628,orange,2,0.38,0.26,0.25,0.14,0.078
357,30.79,78.29,32.24,2187.0,214.0,-0.3665,12.89,0.636,14.87,16.3,64.22,82.58,0.05,15.73,183.5,0.4692,0.5642,orange,2,0.48,0.22,0.41,0.14,0.0876
358,30.79,78.31,34.55,2629.0,268.4,-0.7329,12.8,0.594,14.87,14.61,68.88,88.56,0.05,14.03,196.8,0.5029,0.562,orange,2,0.46,0.22,0.47,0.26,0.0981
359,30.79,78.33,30.49,1914.0,20.5,-0.9772,12.96,0.648,13.2,12.97,59.88,77.0,0.05,12.39,171.1,0.4418,0.5171,orange,2,0.44,0.18,0.34,0.22,0.1094
360,30.79,78.35,31.18,2220.0,328.1,-1.5,12.93,0.603,11.6,11.42,65.27,83.92,0.05,10.84,186.5,0.4949,0.5845,orange,2,0.5,0.22,0.44,0.22,0.1214
361,30.79,78.37,42.01,1996.0,178.2,-1.5,12.53,0.567,10.11,9.98,61.77,79.42,0.05,9.41,176.5,0.6368,0.7011,red,3,0.64,0.18,0.47,0.22,0.1335
362,30.79,78.39,22.77,1706.0,28.8,-0.2443,13.3,0.684,8.77,8.73,57.08,73.39,0.05,8.18,163.1,0.4696,0.3773,yellow,1,0.21,0.3,0.2,0.22,0.1449
363,30.79,78.41,17.58,2087.0,243.5,0.4886,13.58,0.648,7.67,7.74,63.56,81.72,0.05,7.24,181.6,0.4598,0.4156,yellow,1,0.3,0.3,0.31,0.14,0.0184
364,30.79,78.43,40.67,1823.0,333.4,-1.5,12.58,0.636,6.93,7.14,59.08,75.96,0.05,6.73,168.8,0.6955,0.6521,red,3,0.6,0.18,0.31,0.14,0.0213
365,30.79,78.45,20.08,1406.0,165.2,-1.5,13.44,0.689,6.66,5.81,51.94,66.78,0.05,6.73,148.4,0.4733,0.4677,orange,2,0.37,0.3,0.31,0.14,0.0216
366,30.79,78.47,20.25,2331.0,151.8,-0.8551,13.43,0.686,6.93,3.96,67.23,86.44,0.05,7.08,192.1,0.4996,0.6059,orange,2,0.34,0.3,0.53,0.09,0.0436
367,30.79,78.49,27.28,2371.0,319.3,-0.6108,13.09,0.674,5.24,2.2,67.66,86.99,0.05,5.24,193.3,0.6247,0.554,orange,2,0.4,0.3,0.46,0.09,0.0307
368,30.79,78.51,22.6,1948.0,203.5,-0.1222,13.31,0.697,3.61,1.11,60.37,77.62,0.05,3.45,172.5,0.6133,0.5466,orange,2,0.28,0.28,0.47,0.05,0.058
369,30.79,78.53,36.0,2386.0,182.6,-0.2443,12.75,0.652,2.41,1.9,67.58,86.89,0.05,1.9,193.1,0.8091,0.7326,red,3,0.49,0.28,0.67,0.05,0.1115
370,30.79,78.55,23.71,2575.0,303.9,0.0,13.25,0.659,2.41,1.59,69.12,88.88,0.05,1.59,197.5,0.6988,0.5949,orange,2,0.25,0.36,0.52,0.09,0.1715
371,30.79,78.57,25.9,2472.0,0.5,0.7329,13.15,0.657,1.46,1.81,69.16,88.92,0.05,1.46,197.6,0.7245,0.6149,orange,2,0.38,0.45,0.52,0.13,0.256
372,30.79,78.59,20.01,2242.0,282.0,0.0,13.44,0.608,1.46,1.21,65.52,84.24,0.05,1.21,187.2,0.6646,0.6101,orange,2,0.32,0.45,0.52,0.13,0.2881
373,30.79,78.61,19.5,1790.0,296.9,1.0994,13.47,0.7,3.06,2.62,58.17,74.79,0.05,2.62,166.2,0.6015,0.4078,yellow,1,0.23,0.32,0.26,0.09,0.143
374,30.79,78.63,40.78,2309.0,116.3,1.3437,12.58,0.642,4.88,2.22,67.09,86.27,0.05,4.42,191.7,0.7823,0.6196,orange,2,0.52,0.24,0.53,0.09,0.0619
375,30.79,78.65,20.61,3228.0,37.9,-0.2443,13.41,0.534,6.66,2.92,66.64,85.68,0.05,6.27,190.4,0.5254,0.4093,yellow,1,0.25,0.25,0.32,0.17,0.0495
376,30.79,78.67,44.8,3122.0,315.8,1.5,12.44,0.592,6.93,4.4,67.23,86.44,0.05,7.16,192.1,0.743,0.5577,orange,2,0.47,0.17,0.46,0.22,0.0183
377,30.79,78.69,15.71,2783.0,337.1,0.9772,13.7,0.685,7.67,6.12,68.91,88.61,0.05,7.0,196.9,0.4604,0.467,orange,2,0.24,0.3,0.38,0.18,0.019
378,30.79,78.71,39.02,2614.0,186.0,0.4886,12.64,0.594,8.77,7.92,69.61,89.51,0.05,7.36,198.9,0.6848,0.6507,red,3,0.52,0.22,0.57,0.18,0.0174
379,30.79,78.73,13.13,3549.0,14.1,-1.5,13.88,0.341,10.11,9.76,64.47,82.89,0.05,8.15,184.2,0.391,0.3926,yellow,1,0.29,0.28,0.28,0.3,0.1452
380,30.79,78.75,44.89,3246.0,330.0,-0.7329,12.43,0.497,11.6,11.6,65.83,84.64,0.05,9.27,188.1,0.6791,0.5789,orange,2,0.51,0.17,0.36,0.3,0.1348
381,30.79,78.77,36.34,3273.0,239.2,0.1222,12.74,0.566,13.2,13.2,65.52,84.24,0.05,10.61,187.2,0.5537,0.5511,orange,2,0.47,0.17,0.41,0.3,0.1232
382,30.79,78.79,29.19,3773.0,322.5,1.5,13.01,0.224,14.87,14.87,62.82,80.78,0.05,12.1,179.5,0.4355,0.4805,orange,2,0.4,0.21,0.3,0.3,0.1116
383,30.79,78.81,13.43,4222.0,104.9,-0.2443,13.86,0.167,16.6,16.6,60.52,77.81,0.05,13.7,172.9,0.2726,0.3314,yellow,1,0.25,0.24,0.16,0.3,0.1003
384,30.79,78.83,38.05,4236.0,289.7,0.6108,12.67,0.14,18.35,18.35,60.62,77.94,0.05,15.36,173.2,0.5191,0.565,orange,2,0.52,0.13,0.21,0.37,0.0898
385,30.81,78.03,40.59,1812.0,221.1,1.5,12.58,0.635,6.5,8.0,54.14,69.61,0.05,8.0,154.7,0.6464,0.6078,orange,2,0.54,0.18,0.38,0.14,0.0129
386,30.81,78.05,21.73,2417.0,339.2,-0.1222,13.35,0.613,5.28,6.5,64.47,82.89,0.05,6.5,184.2,0.525,0.5063,orange,2,0.28,0.3,0.42,0.14,0.019
387,30.81,78.07,31.68,2316.0,347.9,0.2444,12.91,0.623,4.54,5.28,63.94,82.22,0.05,5.28,182.7,0.6591,0.5793,orange,2,0.38,0.24,0.5,0.14,0.0276
388,30.81,78.09,47.12,1841.0,335.6,-0.2444,12.35,0.574,4.54,4.54,57.85,74.39,0.05,4.54,165.3,0.7998,0.6148,orange,2,0.55,0.2,0.35,0.14,0.0357
389,30.81,78.11,41.46,1298.0,139.7,-1.5,12.55,0.677,5.28,4.54,50.89,65.43,0.05,4.54,145.4,0.7485,0.6336,orange,2,0.57,0.22,0.35,0.14,0.0357
390,30.81,78.13,40.47,1871.0,196.0,1.4662,12.59,0.609,4.83,5.28,62.41,80.24,0.05,5.28,178.3,0.7435,0.6239,orange,2,0.54,0.2,0.51,0.14,0.0276
391,30.81,78.15,34.59,1345.0,215.5,-0.2444,12.8,0.686,4.44,6.5,54.74,70.38,0.05,6.5,156.4,0.6314,0.4427,yellow,1,0.35,0.24,0.31,0.14,0.019
392,30.81,78.17,28.95,1423.0,227.7,-0.7331,13.02,0.639,4.83,8.0,56.21,72.27,0.05,8.0,160.6,0.5348,0.5161,orange,2,0.43,0.32,0.27,0.14,0.0129
393,30.81,78.19,16.33,1211.0,338.9,0.7331,13.66,0.632,5.84,9.63,51.73,66.51,0.05,9.63,147.8,0.3505,0.3777,yellow,1,0.25,0.3,0.16,0.14,0.1315
394,30.81,78.21,4.23,1293.0,45.4,0.0,15.03,0.669,7.23,11.35,51.38,66.06,0.05,11.35,146.8,0.1786,0.493,orange,2,0.14,0.45,0.14,0.14,0.1173
395,30.81,78.23,30.84,1608.0,166.3,-0.7331,12.95,0.582,8.8,13.12,54.53,70.11,0.05,13.12,155.8,0.433,0.5288,orange,2,0.45,0.22,0.33,0.14,0.1042
396,30.81,78.25,15.14,1436.0,47.2,0.1222,13.74,0.667,10.49,14.93,49.63,63.81,0.05,14.93,141.8,0.2648,0.3673,yellow,1,0.21,0.3,0.14,0.14,0.0924
397,30.81,78.27,34.1,1885.0,67.1,1.344,12.82,0.595,12.0,16.75,55.76,71.69,0.05,16.75,159.3,0.4684,0.4752,orange,2,0.4,0.18,0.29,0.22,0.0818
398,30.81,78.29,39.47,2478.0,208.2,0.7331,12.62,0.576,13.15,17.37,65.27,83.92,0.05,16.79,186.5,0.5439,0.6345,orange,2,0.52,0.22,0.55,0.22,0.0816
399,30.81,78.31,29.86,2797.0,316.3,-1.5,12.98,0.609,14.46,15.79,64.72,83.2,0.05,15.21,184.9,0.4465,0.5798,orange,2,0.5,0.22,0.4,0.26,0.0907
400,30.81,78.33,23.64,2524.0,243.8,0.3665,13.26,0.63,14.45,14.29,67.66,86.99,0.05,13.71,193.3,0.391,0.5172,orange,2,0.3,0.3,0.43,0.26,0.1002
401,30.81,78.35,15.87,2142.0,43.1,0.6109,13.69,0.616,13.0,12.9,63.84,82.08,0.05,12.33,182.4,0.3046,0.3981,yellow,1,0.28,0.3,0.26,0.22,0.1099
402,30.81,78.37,19.2,1981.0,351.3,0.0,13.48,0.682,11.69,11.65,63.24,81.31,0.05,11.09,180.7,0.363,0.3919,yellow,1,0.24,0.3,0.26,0.22,0.1193
403,30.81,78.39,34.39,2219.0,271.2,-0.2444,12.81,0.591,10.55,10.59,68.88,88.56,0.05,10.07,196.8,0.5576,0.5268,orange,2,0.38,0.22,0.44,0.14,0.1278
404,30.81,78.41,46.44,2774.0,226.7,0.3665,12.38,0.585,9.66,9.79,72.91,93.74,0.05,9.33,208.3,0.6946,0.6517,red,3,0.57,0.22,0.53,0.18,0.1343
405,30.81,78.43,31.05,2252.0,98.6,-1.5,12.94,0.651,9.08,8.3,69.86,89.82,0.05,8.93,199.6,0.5597,0.5809,orange,2,0.48,0.22,0.49,0.14,0.1378
406,30.81,78.45,34.49,1436.0,185.8,1.5,12.8,0.687,8.88,6.6,54.84,70.52,0.05,8.93,156.7,0.5598,0.4632,orange,2,0.37,0.22,0.35,0.14,0.1378
407,30.81,78.47,23.43,2040.0,171.9,1.344,13.27,0.681,8.0,5.05,63.03,81.05,0.05,7.84,180.1,0.4996,0.5172,orange,2,0.3,0.3,0.43,0.14,0.0073
408,30.81,78.49,44.69,2688.0,228.5,0.8553,12.44,0.631,6.5,3.83,67.62,86.94,0.05,6.23,193.2,0.7699,0.616,orange,2,0.5,0.22,0.53,0.13,0.0112
409,30.81,78.51,15.99,3052.0,166.1,-0.1222,13.68,0.625,5.28,3.33,63.91,82.17,0.05,4.82,182.6,0.5154,0.5959,orange,2,0.29,0.25,0.53,0.17,0.0455
410,30.81,78.53,39.22,3091.0,335.1,1.5,12.63,0.679,4.54,3.83,62.68,80.59,0.05,3.87,179.1,0.7727,0.5773,orange,2,0.43,0.15,0.5,0.17,0.0738
411,30.81,78.55,27.61,3232.0,17.1,-1.5,13.08,0.509,3.06,3.51,61.95,79.65,0.05,3.06,177.0,0.6785,0.5506,orange,2,0.47,0.23,0.36,0.17,0.1249
412,30.81,78.57,38.36,2785.0,249.4,1.5,12.66,0.567,1.46,1.81,65.34,84.02,0.05,1.46,186.7,0.8403,0.6789,red,3,0.56,0.37,0.59,0.17,0.2381
413,30.81,78.59,28.69,2622.0,13.3,0.7331,13.03,0.678,1.46,1.21,68.0,87.44,0.05,1.21,194.3,0.7571,0.6149,orange,2,0.38,0.45,0.52,0.17,0.2825
414,30.81,78.61,22.98,1929.0,327.7,-0.4887,13.29,0.685,3.06,1.9,61.21,78.7,0.05,2.62,174.9,0.6433,0.5063,orange,2,0.3,0.28,0.42,0.05,0.141
415,30.81,78.63,41.43,1882.0,161.0,1.5,12.55,0.616,4.83,0.0,62.37,80.19,0.05,4.42,178.2,0.778,0.6239,orange,2,0.54,0.2,0.51,0.05,0.0802
416,30.81,78.65,20.73,2804.0,193.6,-1.5,13.4,0.661,4.44,1.9,72.45,93.15,0.05,5.87,207.0,0.5516,0.6437,orange,2,0.37,0.32,0.57,0.09,0.0601
417,30.81,78.67,35.06,3175.0,240.6,0.0,12.78,0.612,4.83,3.8,70.77,90.99,0.05,5.01,202.2,0.7163,0.6105,orange,2,0.47,0.19,0.53,0.17,0.0347
418,30.81,78.69,19.74,3644.0,32.8,0.2444,13.45,0.289,5.84,5.7,67.55,86.85,0.05,4.79,193.0,0.5621,0.4138,yellow,1,0.28,0.25,0.32,0.22,0.0375
419,30.81,78.71,47.62,3627.0,307.0,-1.5,12.34,0.27,7.23,7.23,66.01,84.87,0.05,5.29,188.6,0.7966,0.7197,red,3,0.67,0.17,0.4,0.22,0.0316
420,30.81,78.73,33.31,2980.0,303.1,1.5,12.85,0.578,8.8,8.8,67.3,86.54,0.05,6.34,192.3,0.6519,0.5424,orange,2,0.37,0.22,0.46,0.18,0.0228
421,30.81,78.75,26.47,3559.0,121.4,-0.7331,13.13,0.333,10.49,10.49,62.19,79.97,0.05,7.73,177.7,0.5314,0.4933,orange,2,0.4,0.21,0.39,0.22,0.0159
422,30.81,78.77,32.28,4052.0,276.4,-0.3665,12.89,0.216,12.23,12.23,58.1,74.7,0.05,9.3,166.0,0.5344,0.4881,orange,2,0.44,0.13,0.18,0.3,0.1345
423,30.81,78.79,28.46,4278.0,96.5,1.0996,13.04,0.185,14.02,14.02,56.31,72.41,0.05,10.97,160.9,0.4433,0.4772,orange,2,0.42,0.21,0.15,0.3,0.1203
424,30.81,78.81,34.84,4537.0,314.8,-0.2444,12.79,0.192,15.84,15.84,55.44,71.28,0.05,12.71,158.4,0.4751,0.4301,yellow,1,0.38,0.13,0.16,0.3,0.1071
425,30.81,78.83,34.02,4566.0,152.5,-0.1222,12.82,0.199,17.67,17.67,56.7,72.9,0.05,14.49,162.0,0.4698,0.4835,orange,2,0.42,0.13,0.27,0.3,0.0952
426,30.81,79.05,20.0,3280.9,180.0,0.0,8.0,0.525,28.28,23.04,61.63,79.25,0.05,23.04,176.1,0.3409,0.4172,yellow,1,0.21,0.05,0.37,0.37,0.0538
427,30.83,77.99,20.0,1957.2,180.0,0.0,8.0,0.629,8.83,10.68,58.31,74.97,0.05,10.68,166.6,0.3717,0.3845,yellow,1,0.24,0.1,0.32,0.22,0.1226
428,30.83,78.01,34.38,2411.0,135.2,-1.3443,12.81,0.588,7.01,8.83,63.31,81.41,0.05,8.83,180.9,0.5809,0.6274,orange,2,0.54,0.22,0.53,0.22,0.1387
429,30.83,78.03,31.62,2031.0,88.2,0.2444,12.91,0.599,5.24,7.01,55.54,71.41,0.05,7.01,158.7,0.5887,0.4608,orange,2,0.38,0.18,0.31,0.14,0.0166
430,30.83,78.05,40.81,2019.0,92.8,-1.2221,12.58,0.62,3.61,5.24,55.58,71.46,0.05,5.24,158.8,0.7322,0.6775,red,3,0.62,0.2,0.38,0.14,0.0279
431,30.83,78.07,38.02,2125.0,354.4,-0.7332,12.68,0.642,2.41,3.61,59.15,76.05,0.05,3.61,169.0,0.76,0.6183,orange,2,0.55,0.24,0.35,0.09,0.0516
432,30.83,78.09,44.75,1482.0,59.1,-0.4888,12.44,0.712,2.41,2.41,51.24,65.88,0.05,2.41,146.4,0.8442,0.5619,orange,2,0.48,0.28,0.34,0.09,0.0895
433,30.83,78.11,14.92,1406.0,138.0,0.7332,13.75,0.649,3.61,2.41,53.27,68.49,0.05,2.41,152.2,0.5505,0.4457,yellow,1,0.24,0.35,0.33,0.09,0.0895
434,30.83,78.13,30.72,1638.0,123.8,-1.5,12.95,0.659,2.92,3.61,60.09,77.27,0.05,3.61,171.7,0.6892,0.552,orange,2,0.46,0.28,0.4,0.09,0.0516
435,30.83,78.15,17.84,1958.0,123.8,-0.1222,13.56,0.66,2.22,5.24,67.23,86.44,0.05,5.24,192.1,0.5292,0.4875,orange,2,0.27,0.36,0.39,0.14,0.0279
436,30.83,78.17,45.32,1843.0,315.5,0.2444,12.42,0.625,2.92,7.01,65.56,84.29,0.05,7.01,187.3,0.7454,0.6312,orange,2,0.56,0.28,0.36,0.14,0.0166
437,30.83,78.19,30.38,1675.0,19.8,0.611,12.96,0.658,4.4,8.83,61.35,78.89,0.05,8.83,175.3,0.5364,0.4053,yellow,1,0.31,0.24,0.29,0.14,0.1387
438,30.83,78.21,21.17,1615.0,18.3,-0.3666,13.38,0.648,6.12,10.68,57.68,74.16,0.05,10.68,164.8,0.3819,0.3982,yellow,1,0.31,0.3,0.18,0.22,0.1226
439,30.83,78.23,16.88,1525.0,164.5,-0.3666,13.62,0.705,7.92,12.55,52.88,68.0,0.05,12.55,151.1,0.2897,0.4083,yellow,1,0.31,0.3,0.25,0.22,0.1083
440,30.83,78.25,5.33,1239.0,220.7,0.8554,14.8,0.654,9.11,14.42,44.97,57.83,0.05,14.42,128.5,0.1561,0.4016,yellow,1,0.18,0.34,0.16,0.22,0.0956
441,30.83,78.27,12.64,1777.0,165.4,0.1222,13.92,0.685,10.23,16.3,51.87,66.69,0.05,16.3,148.2,0.245,0.4104,yellow,1,0.2,0.33,0.25,0.22,0.0843
442,30.83,78.29,20.45,1996.0,117.1,-1.4665,13.42,0.667,11.55,18.19,54.84,70.52,0.05,18.06,156.7,0.3299,0.4669,orange,2,0.38,0.26,0.28,0.22,0.075
443,30.83,78.31,7.28,1884.0,100.6,0.611,14.49,0.72,13.02,17.18,53.9,69.3,0.05,16.61,154.0,0.196,0.4161,yellow,1,0.19,0.34,0.24,0.22,0.0826
444,30.83,78.33,26.87,2447.0,272.7,1.2221,13.11,0.653,13.62,15.81,65.69,84.47,0.05,15.25,187.7,0.4189,0.4994,orange,2,0.36,0.3,0.4,0.22,0.0905
445,30.83,78.35,33.6,2910.0,232.4,-0.9776,12.84,0.59,14.14,14.57,67.62,86.94,0.05,14.01,193.2,0.4906,0.5916,orange,2,0.43,0.22,0.51,0.26,0.0982
446,30.83,78.37,31.14,2575.0,305.8,1.4665,12.93,0.588,13.45,13.47,72.62,93.38,0.05,12.94,207.5,0.4774,0.5294,orange,2,0.4,0.22,0.44,0.26,0.1055
447,30.83,78.39,21.28,2501.0,207.9,1.0998,13.37,0.647,12.48,12.57,75.49,97.06,0.05,12.07,215.7,0.3854,0.5891,orange,2,0.34,0.3,0.51,0.18,0.1118
448,30.83,78.41,43.41,2743.0,4.4,1.5,12.48,0.584,11.73,11.0,75.39,96.93,0.05,11.46,215.4,0.6222,0.5845,orange,2,0.5,0.22,0.44,0.18,0.1164
449,30.83,78.43,26.12,2656.0,122.6,-0.8554,13.14,0.619,11.26,9.41,75.36,96.89,0.05,11.14,215.3,0.4585,0.5689,orange,2,0.46,0.3,0.47,0.13,0.119
450,30.83,78.45,19.0,1547.0,180.7,-1.2221,13.5,0.613,10.84,7.96,58.17,74.79,0.05,10.61,166.2,0.3634,0.4941,orange,2,0.41,0.3,0.25,0.09,0.1232
451,30.83,78.47,50.33,2377.0,78.7,-0.611,12.24,0.589,9.41,6.73,69.09,88.83,0.05,9.09,197.4,0.6927,0.6777,red,3,0.61,0.22,0.46,0.09,0.1363
452,30.83,78.49,26.82,2675.0,126.0,-0.8554,13.11,0.621,8.18,5.87,66.95,86.09,0.05,7.74,191.3,0.5454,0.5852,orange,2,0.46,0.3,0.49,0.13,0.0075
453,30.83,78.51,28.81,2770.0,124.5,0.3666,13.03,0.631,7.24,5.55,63.66,81.86,0.05,6.67,181.9,0.5892,0.5787,orange,2,0.4,0.3,0.49,0.18,0.0335
454,30.83,78.53,36.6,3240.0,147.0,-0.7332,12.73,0.506,5.8,5.87,59.64,76.68,0.05,5.8,170.4,0.6831,0.6228,orange,2,0.55,0.13,0.47,0.22,0.0488
455,30.83,78.55,17.76,3478.0,350.5,1.3443,13.57,0.434,4.38,4.71,58.38,75.06,0.05,4.38,166.8,0.5332,0.3659,yellow,1,0.27,0.23,0.27,0.22,0.072
456,30.83,78.57,22.41,3110.0,38.9,-1.3443,13.32,0.589,3.46,3.62,61.91,79.61,0.05,3.46,176.9,0.6146,0.5434,orange,2,0.37,0.23,0.46,0.17,0.1006
457,30.83,78.59,52.72,2382.0,272.9,0.0,12.16,0.619,3.46,3.36,65.94,84.78,0.05,3.36,188.4,0.8526,0.6337,orange,2,0.55,0.24,0.5,0.09,0.106
458,30.83,78.61,26.59,1944.0,293.9,0.9776,13.12,0.676,4.38,2.92,61.88,79.56,0.05,4.09,176.8,0.638,0.4608,orange,2,0.34,0.28,0.36,0.05,0.0872
459,30.83,78.63,42.65,2073.0,161.3,-1.4665,12.51,0.617,2.92,2.22,67.06,86.22,0.05,5.42,191.6,0.7717,0.718,red,3,0.65,0.28,0.51,0.05,0.0701
460,30.83,78.65,27.32,2651.0,133.2,0.7332,13.09,0.64,2.22,2.22,75.39,96.93,0.05,4.27,215.4,0.671,0.6178,orange,2,0.41,0.36,0.53,0.09,0.0732
461,30.83,78.67,24.28,3462.0,186.7,0.9776,13.23,0.408,2.92,2.92,71.61,92.07,0.05,2.97,204.6,0.6698,0.6029,orange,2,0.3,0.31,0.53,0.17,0.0788
462,30.83,78.69,22.14,2901.0,355.4,1.5,13.33,0.656,4.4,4.4,73.36,94.32,0.05,2.58,209.6,0.6638,0.5886,orange,2,0.23,0.32,0.52,0.13,0.0948
463,30.83,78.71,18.75,2941.0,136.2,-0.2444,13.51,0.688,6.12,6.12,70.63,90.81,0.05,3.42,201.8,0.5991,0.5627,orange,2,0.25,0.3,0.49,0.13,0.0643
464,30.83,78.73,35.54,3222.0,126.9,1.5,12.77,0.601,7.92,7.92,65.94,84.78,0.05,4.9,188.4,0.7133,0.5757,orange,2,0.49,0.17,0.47,0.22,0.0361
465,30.83,78.75,41.11,3854.0,163.0,-1.2221,12.57,0.192,9.76,9.76,59.43,76.41,0.05,6.59,169.8,0.7046,0.6794,red,3,0.64,0.13,0.27,0.22,0.0213
466,30.83,78.77,8.81,3808.0,263.0,0.2444,14.29,0.231,11.61,11.61,57.36,73.76,0.05,8.38,163.9,0.3248,0.3608,yellow,1,0.25,0.29,0.11,0.3,0.143
467,30.83,78.79,40.22,4520.0,264.9,-1.5,12.6,0.175,13.48,13.48,52.71,67.77,0.05,10.2,150.6,0.575,0.6537,red,3,0.62,0.13,0.19,0.3,0.1266
468,30.83,78.81,38.0,5514.0,237.1,-0.8554,12.68,0.087,15.36,15.36,48.23,62.01,0.05,12.05,137.8,0.4902,0.6396,orange,2,0.6,0.13,0.23,0.3,0.1119
469,30.83,78.83,16.87,5182.0,11.6,0.2444,13.62,0.121,17.24,17.24,52.15,67.05,0.05,13.92,149.0,0.2879,0.3757,yellow,1,0.32,0.21,0.08,0.3,0.0989
470,30.83,79.01,20.0,3180.3,180.0,0.0,8.0,0.562,25.08,19.48,61.81,79.47,0.05,19.48,176.6,0.3413,0.5097,orange,2,0.21,0.05,0.47,0.37,0.0682
471,30.83,79.03,20.0,3283.2,180.0,0.0,8.0,0.517,25.58,20.21,59.53,76.55,0.05,20.21,170.1,0.3361,0.4172,yellow,1,0.21,0.05,0.37,0.37,0.065
472,30.83,79.05,20.0,3515.0,180.0,0.0,8.0,0.372,26.2,21.09,58.1,74.7,0.05,21.09,166.0,0.3328,0.3651,yellow,1,0.18,0.05,0.32,0.37,0.0613
473,30.85,77.99,20.0,1815.9,180.0,0.0,8.0,0.684,8.55,10.45,55.96,71.95,0.05,10.45,159.9,0.3731,0.3771,yellow,1,0.2,0.1,0.32,0.22,0.1246
474,30.85,78.01,15.96,2511.0,262.4,1.1001,13.68,0.679,6.65,8.55,64.75,83.25,0.05,8.55,185.0,0.4082,0.4978,orange,2,0.28,0.3,0.41,0.18,0.1414
475,30.85,78.03,4.58,2406.0,233.9,-0.4889,14.95,0.646,4.75,6.65,61.84,79.52,0.05,6.65,176.7,0.3432,0.5482,orange,2,0.29,0.43,0.45,0.14,0.0182
476,30.85,78.05,11.57,1805.0,8.0,-0.7334,14.02,0.634,2.85,4.75,51.97,66.83,0.05,4.75,148.5,0.446,0.4454,yellow,1,0.3,0.35,0.27,0.09,0.0331
477,30.85,78.07,14.88,1654.0,304.6,-0.6112,13.75,0.685,0.95,2.85,51.24,65.88,0.05,2.85,146.4,0.5328,0.5506,orange,2,0.26,0.48,0.26,0.17,0.0726
478,30.85,78.09,12.74,1389.0,191.4,-1.5,13.92,0.656,0.95,0.95,49.66,63.86,0.05,0.95,141.9,0.5632,0.5731,orange,2,0.36,0.48,0.37,0.13,0.1794
479,30.85,78.11,35.32,1701.0,189.9,-1.5,12.77,0.644,2.85,0.95,58.24,74.88,0.05,0.95,166.4,0.8086,0.6889,red,3,0.62,0.28,0.45,0.05,0.1794
480,30.85,78.13,14.63,2170.0,337.2,-0.2445,13.77,0.683,1.9,2.85,69.02,88.74,0.05,2.85,197.2,0.5709,0.4822,orange,2,0.2,0.39,0.38,0.09,0.0726
481,30.85,78.15,12.76,2358.0,2.0,0.7334,13.91,0.712,0.0,4.75,73.95,95.09,0.05,4.75,211.3,0.5081,0.7354,red,3,0.27,0.68,0.42,0.24,0.0331
482,30.85,78.17,18.19,2136.0,18.7,-0.8556,13.54,0.697,1.9,6.65,70.45,90.59,0.05,6.65,201.3,0.499,0.4566,orange,2,0.31,0.36,0.28,0.14,0.0182
483,30.85,78.19,30.41,1731.0,72.2,-1.1001,12.96,0.616,3.8,8.55,62.27,80.06,0.05,8.55,177.9,0.547,0.5432,orange,2,0.47,0.24,0.29,0.14,0.1414
484,30.85,78.21,29.5,1368.0,226.9,-0.7334,13.0,0.682,5.63,10.45,53.55,68.85,0.05,10.45,153.0,0.4626,0.4659,orange,2,0.39,0.22,0.25,0.22,0.1246
485,30.85,78.23,15.46,1744.0,229.6,0.9778,13.71,0.63,6.24,12.35,56.56,72.72,0.05,12.35,161.6,0.2839,0.3889,yellow,1,0.27,0.3,0.21,0.22,0.1097
486,30.85,78.25,33.35,1317.0,209.9,1.5,12.85,0.648,7.31,14.25,46.3,59.54,0.05,14.25,132.3,0.4393,0.4945,orange,2,0.41,0.22,0.33,0.22,0.0967
487,30.85,78.27,18.69,1670.0,313.1,-1.4668,13.51,0.705,8.66,16.15,50.08,64.39,0.05,16.15,143.1,0.3014,0.41,yellow,1,0.33,0.3,0.14,0.22,0.0852
488,30.85,78.29,31.2,1769.0,175.4,0.6112,12.93,0.651,10.19,18.05,51.03,65.61,0.05,18.05,145.8,0.4286,0.4431,yellow,1,0.35,0.22,0.33,0.22,0.075
489,30.85,78.31,23.74,2326.0,157.3,-0.1222,13.25,0.636,11.14,18.73,61.32,78.84,0.05,18.16,175.2,0.3776,0.583,orange,2,0.32,0.26,0.51,0.22,0.0745
490,30.85,78.33,36.27,2280.0,96.6,-1.5,12.74,0.629,11.46,17.49,62.89,80.86,0.05,16.93,179.7,0.5065,0.6845,red,3,0.62,0.18,0.47,0.22,0.0809
491,30.85,78.35,34.26,2248.0,117.6,-1.4668,12.81,0.668,12.07,16.37,65.56,84.29,0.05,15.83,187.3,0.4924,0.5715,orange,2,0.48,0.22,0.47,0.22,0.087
492,30.85,78.37,26.49,2860.0,255.2,0.7334,13.13,0.622,12.94,15.4,71.12,91.44,0.05,14.89,203.2,0.4275,0.5256,orange,2,0.37,0.3,0.43,0.26,0.0927
493,30.85,78.39,27.88,3082.0,36.7,0.2445,13.07,0.636,14.01,13.8,72.45,93.15,0.05,14.14,207.0,0.4444,0.4922,orange,2,0.35,0.25,0.4,0.22,0.0974
494,30.85,78.41,36.11,2534.0,345.9,0.4889,12.74,0.649,13.85,12.27,76.47,98.33,0.05,13.62,218.5,0.5359,0.5679,orange,2,0.48,0.22,0.44,0.18,0.1008
495,30.85,78.43,30.21,1951.0,276.0,1.5,12.97,0.664,13.45,10.87,66.95,86.09,0.05,13.35,191.3,0.4551,0.4532,orange,2,0.36,0.22,0.34,0.09,0.1026
496,30.85,78.45,33.57,2183.0,204.5,0.7334,12.84,0.642,12.33,9.64,68.84,88.52,0.05,11.99,196.7,0.4934,0.5404,orange,2,0.42,0.22,0.45,0.05,0.1124
497,30.85,78.47,30.11,2384.0,333.5,-0.4889,12.97,0.666,11.09,8.65,69.23,89.01,0.05,10.67,197.8,0.4983,0.5294,orange,2,0.4,0.22,0.44,0.05,0.1228
498,30.85,78.49,16.83,2188.0,342.1,1.5,13.63,0.686,10.07,8.0,62.61,80.51,0.05,9.54,178.9,0.3832,0.3777,yellow,1,0.26,0.26,0.28,0.09,0.1324
499,30.85,78.51,15.58,2226.0,138.1,1.5,13.71,0.684,8.66,7.77,60.48,77.76,0.05,8.66,172.8,0.3914,0.5295,orange,2,0.3,0.26,0.45,0.14,0.1403
500,30.85,78.53,27.21,2979.0,142.1,-0.4889,13.09,0.642,7.31,7.62,61.01,78.44,0.05,7.31,174.3,0.5485,0.5807,orange,2,0.45,0.26,0.49,0.18,0.0249
501,30.85,78.55,19.11,3594.0,162.3,-0.3667,13.49,0.343,6.24,6.47,57.78,74.3,0.05,6.24,165.1,0.4912,0.4316,yellow,1,0.32,0.21,0.34,0.22,0.0336
502,30.85,78.57,26.19,3113.0,290.2,1.1001,13.14,0.622,5.63,5.73,61.91,79.61,0.05,5.63,176.9,0.5892,0.5414,orange,2,0.37,0.21,0.46,0.17,0.0414
503,30.85,78.59,25.11,2738.0,315.6,-1.5,13.19,0.63,5.63,5.57,66.67,85.73,0.05,5.57,190.5,0.591,0.5933,orange,2,0.5,0.3,0.46,0.09,0.043
504,30.85,78.61,49.46,2395.0,258.6,-1.5,12.27,0.576,3.8,3.8,69.47,89.33,0.05,6.04,198.5,0.7827,0.747,red,3,0.69,0.24,0.49,0.05,0.0549
505,30.85,78.63,39.21,2071.0,327.6,-1.3445,12.63,0.581,1.9,1.9,67.02,86.17,0.05,5.33,191.5,0.7398,0.6765,red,3,0.61,0.28,0.4,0.05,0.0592
506,30.85,78.65,36.05,2324.0,156.0,1.4668,12.75,0.591,0.0,0.0,73.22,94.14,0.05,3.44,209.2,0.7776,0.7149,red,3,0.62,0.57,0.61,0.2,0.0639
507,30.85,78.67,29.42,2852.0,162.4,-1.5,13.0,0.679,1.9,1.9,74.79,96.16,0.05,1.56,213.7,0.7698,0.6994,red,3,0.48,0.28,0.63,0.09,0.1574
508,30.85,78.69,34.48,2533.0,219.1,1.3445,12.8,0.622,3.8,3.8,75.28,96.8,0.05,0.51,215.1,0.8521,0.6938,red,3,0.44,0.24,0.63,0.09,0.2375
509,30.85,78.71,24.19,3305.0,350.7,0.0,13.23,0.482,5.7,5.7,68.74,88.38,0.05,2.3,196.4,0.6818,0.4961,orange,2,0.25,0.25,0.42,0.17,0.1085
510,30.85,78.73,44.26,3388.0,349.2,1.4668,12.45,0.421,7.6,7.6,65.06,83.66,0.05,4.19,185.9,0.819,0.5498,orange,2,0.47,0.17,0.4,0.22,0.0468
511,30.85,78.75,10.88,3465.0,108.6,1.5,14.08,0.367,9.5,9.5,61.49,79.06,0.05,6.09,175.7,0.4218,0.3974,yellow,1,0.24,0.24,0.31,0.22,0.0246
512,30.85,78.77,5.47,3607.0,189.7,-0.3667,14.78,0.355,11.4,11.4,58.41,75.11,0.05,7.99,166.9,0.3053,0.4326,yellow,1,0.25,0.29,0.34,0.22,0.0149
513,30.85,78.79,28.88,4141.0,116.4,1.5,13.02,0.141,13.3,13.3,54.7,70.34,0.05,9.89,156.3,0.4755,0.5158,orange,2,0.46,0.21,0.17,0.3,0.1293
514,30.85,78.81,34.1,4938.0,159.0,1.5,12.82,0.164,15.2,15.2,51.24,65.88,0.05,11.78,146.4,0.4644,0.5013,orange,2,0.44,0.13,0.27,0.3,0.114
515,30.85,78.83,44.43,5175.0,164.2,-1.2223,12.45,0.157,17.1,17.1,52.18,67.09,0.05,13.68,149.1,0.5636,0.6794,red,3,0.64,0.13,0.27,0.3,0.1004
516,30.85,79.01,20.0,3522.3,180.0,0.0,8.0,0.401,22.92,17.41,60.02,77.17,0.05,17.41,171.5,0.3372,0.4118,yellow,1,0.18,0.05,0.37,0.37,0.0783
517,30.85,79.03,20.0,3617.4,180.0,0.0,8.0,0.345,23.46,18.23,57.78,74.3,0.05,18.23,165.1,0.3321,0.3651,yellow,1,0.18,0.05,0.32,0.37,0.0742
518,30.85,79.05,20.0,3443.6,180.0,0.0,8.0,0.389,24.15,19.19,58.48,75.19,0.05,19.19,167.1,0.3337,0.3709,yellow,1,0.21,0.05,0.32,0.37,0.0696
519,30.87,77.99,20.0,1682.0,180.0,0.0,8.0,0.65,8.83,10.68,54.6,70.2,0.05,10.68,156.0,0.3632,0.3221,yellow,1,0.21,0.14,0.25,0.22,0.1226
520,30.87,78.01,17.57,2019.0,57.6,0.8558,13.58,0.664,7.01,8.83,58.52,75.24,0.05,8.83,167.2,0.4018,0.3521,yellow,1,0.24,0.26,0.23,0.14,0.1387
521,30.87,78.03,24.55,2269.0,75.0,-0.1223,13.21,0.626,5.24,7.01,61.84,79.52,0.05,7.01,176.7,0.5324,0.5013,orange,2,0.28,0.26,0.42,0.14,0.0166
522,30.87,78.05,36.39,2119.0,245.8,0.978,12.73,0.65,3.61,5.24,59.46,76.45,0.05,5.24,169.9,0.6969,0.5756,orange,2,0.5,0.2,0.38,0.09,0.0279
523,30.87,78.07,23.52,1579.0,319.4,-1.2226,13.26,0.645,2.41,3.61,51.55,66.29,0.05,3.61,147.3,0.5977,0.4755,orange,2,0.38,0.36,0.24,0.09,0.0516
524,30.87,78.09,15.66,1642.0,107.6,0.978,13.7,0.699,2.41,2.41,54.49,70.06,0.05,2.41,155.7,0.5607,0.4484,yellow,1,0.24,0.36,0.29,0.05,0.0895
525,30.87,78.11,10.55,1660.0,90.0,-0.2445,14.11,0.663,3.46,2.41,56.98,73.26,0.05,2.41,162.8,0.5153,0.4238,yellow,1,0.16,0.35,0.26,0.05,0.0895
526,30.87,78.13,22.0,1873.0,139.4,0.489,13.34,0.696,2.92,3.61,62.44,80.28,0.05,3.61,178.4,0.6074,0.5184,orange,2,0.29,0.32,0.43,0.05,0.0516
527,30.87,78.15,27.3,2041.0,355.0,1.2226,13.09,0.688,2.22,5.24,66.43,85.41,0.05,5.24,189.8,0.6219,0.4816,orange,2,0.37,0.36,0.36,0.09,0.0279
528,30.87,78.17,37.11,1935.0,280.1,-0.8558,12.71,0.614,2.92,7.01,64.78,83.3,0.05,7.01,185.1,0.6647,0.6228,orange,2,0.55,0.28,0.36,0.09,0.0166
529,30.87,78.19,27.36,1579.0,196.8,-0.1223,13.09,0.617,3.46,8.83,57.92,74.48,0.05,8.83,165.5,0.4984,0.4871,orange,2,0.39,0.32,0.31,0.14,0.1387
530,30.87,78.21,29.95,1822.0,321.8,-1.5,12.98,0.622,3.46,10.68,60.27,77.49,0.05,10.68,172.2,0.4757,0.566,orange,2,0.5,0.2,0.3,0.14,0.1226
531,30.87,78.23,29.27,1856.0,347.5,-0.489,13.01,0.638,4.38,12.55,58.69,75.47,0.05,12.55,167.7,0.4269,0.5173,orange,2,0.44,0.28,0.25,0.22,0.1083
532,30.87,78.25,17.07,1737.0,245.5,0.1223,13.61,0.709,5.8,14.42,54.7,70.34,0.05,14.42,156.3,0.2957,0.3758,yellow,1,0.23,0.3,0.17,0.22,0.0956
533,30.87,78.27,38.91,2095.0,329.9,0.0,12.64,0.645,7.44,16.3,59.29,76.23,0.05,16.3,169.4,0.5246,0.5452,orange,2,0.48,0.18,0.29,0.22,0.0843
534,30.87,78.29,18.79,1896.0,252.2,-1.5,13.51,0.688,8.93,18.19,55.51,71.37,0.05,18.19,158.6,0.3148,0.4614,orange,2,0.38,0.26,0.24,0.22,0.0744
535,30.87,78.31,25.86,1661.0,197.5,-0.489,13.15,0.606,8.93,17.89,52.18,67.09,0.05,19.85,149.1,0.3779,0.533,orange,2,0.45,0.3,0.29,0.22,0.0666
536,30.87,78.33,20.22,2524.0,247.4,-1.3448,13.43,0.63,9.33,16.62,67.66,86.99,0.05,18.73,193.3,0.3568,0.5316,orange,2,0.42,0.3,0.43,0.26,0.0717
537,30.87,78.35,25.3,3077.0,108.0,-0.2445,13.18,0.666,10.07,15.47,66.81,85.91,0.05,17.74,190.9,0.4057,0.5151,orange,2,0.33,0.25,0.43,0.3,0.0766
538,30.87,78.37,21.17,3313.0,177.6,1.3448,13.38,0.542,11.09,14.48,67.69,87.03,0.05,16.9,193.4,0.3664,0.4954,orange,2,0.31,0.25,0.41,0.3,0.081
539,30.87,78.39,32.17,3456.0,305.8,-1.3448,12.89,0.42,12.33,13.69,68.56,88.16,0.05,16.25,195.9,0.4784,0.5419,orange,2,0.47,0.17,0.34,0.22,0.0846
540,30.87,78.41,40.13,2711.0,313.5,-0.978,12.6,0.571,13.71,13.12,73.22,94.14,0.05,15.8,209.2,0.5687,0.6177,orange,2,0.54,0.22,0.44,0.18,0.0872
541,30.87,78.43,30.03,3287.0,302.0,-0.8558,12.98,0.555,14.55,12.55,69.89,89.86,0.05,14.89,199.7,0.4601,0.49,orange,2,0.41,0.17,0.34,0.17,0.0926
542,30.87,78.45,16.51,2774.0,250.5,-0.8558,13.65,0.698,14.01,11.5,71.26,91.62,0.05,13.59,203.6,0.328,0.4859,orange,2,0.32,0.3,0.39,0.13,0.1011
543,30.87,78.47,32.57,3204.0,95.5,-0.1223,12.88,0.551,12.94,10.69,67.06,86.22,0.05,12.44,191.6,0.479,0.4602,orange,2,0.37,0.17,0.37,0.17,0.1091
544,30.87,78.49,30.23,2880.0,166.3,-0.7335,12.97,0.659,11.55,10.17,66.61,85.64,0.05,11.49,190.3,0.4695,0.6229,orange,2,0.41,0.22,0.55,0.13,0.1163
545,30.87,78.51,16.87,3217.0,36.0,-0.7335,13.62,0.542,10.23,9.99,63.03,81.05,0.05,10.23,180.1,0.3645,0.4021,yellow,1,0.31,0.25,0.26,0.22,0.1264
546,30.87,78.53,51.48,2711.0,222.6,-0.2445,12.2,0.626,9.11,9.36,64.68,83.16,0.05,9.11,184.8,0.6822,0.6679,red,3,0.59,0.22,0.53,0.18,0.1362
547,30.87,78.55,31.06,3477.0,240.9,-1.1003,12.94,0.367,8.28,8.45,60.66,77.99,0.05,8.28,173.3,0.5579,0.5618,orange,2,0.49,0.13,0.39,0.22,0.144
548,30.87,78.57,28.47,3269.0,328.5,-0.7335,13.04,0.526,7.83,7.9,62.79,80.73,0.05,7.83,179.4,0.5499,0.4919,orange,2,0.41,0.21,0.32,0.17,0.0229
549,30.87,78.59,23.28,2835.0,229.7,0.489,13.27,0.693,6.12,6.12,66.88,86.0,0.05,7.78,191.1,0.5086,0.5605,orange,2,0.23,0.3,0.49,0.09,0.0234
550,30.87,78.61,39.01,2902.0,252.7,0.1223,12.64,0.586,4.4,4.4,68.67,88.29,0.05,7.46,196.2,0.6794,0.5814,orange,2,0.47,0.24,0.49,0.09,0.0169
551,30.87,78.63,25.9,2875.0,49.4,-1.2226,13.15,0.638,2.92,2.92,70.77,90.99,0.05,5.64,202.2,0.6061,0.5821,orange,2,0.48,0.36,0.46,0.09,0.0282
552,30.87,78.65,44.52,2194.0,311.5,1.2226,12.45,0.586,2.22,2.22,68.88,88.56,0.05,3.91,196.8,0.8387,0.5935,orange,2,0.51,0.28,0.4,0.05,0.0525
553,30.87,78.67,35.23,2119.0,72.1,-0.6113,12.78,0.574,2.92,2.92,67.9,87.3,0.05,2.42,194.0,0.7868,0.6325,orange,2,0.55,0.28,0.46,0.05,0.1024
554,30.87,78.69,28.57,2976.0,35.5,1.4671,13.04,0.592,4.4,4.4,71.05,91.35,0.05,1.92,203.0,0.742,0.6023,orange,2,0.37,0.32,0.52,0.09,0.1311
555,30.87,78.71,37.21,2757.0,200.3,0.978,12.7,0.618,6.12,6.12,70.56,90.72,0.05,2.96,201.6,0.7971,0.7319,red,3,0.52,0.22,0.67,0.13,0.0792
556,30.87,78.73,24.44,3593.0,210.5,-1.4671,13.22,0.303,7.92,7.92,64.08,82.39,0.05,4.59,183.1,0.6071,0.5215,orange,2,0.38,0.25,0.43,0.22,0.0404
557,30.87,78.75,33.34,4073.0,167.2,-0.7335,12.85,0.234,9.76,9.76,59.5,76.5,0.05,6.37,170.0,0.6337,0.5396,orange,2,0.48,0.13,0.29,0.22,0.0227
558,30.87,78.77,6.88,4229.0,334.1,0.978,14.54,0.164,11.61,11.61,57.16,73.49,0.05,8.2,163.3,0.3103,0.3516,yellow,1,0.21,0.29,0.1,0.22,0.1447
559,30.87,78.79,17.79,4354.0,280.2,1.5,13.57,0.122,13.48,13.48,55.93,71.91,0.05,10.06,159.8,0.3624,0.3941,yellow,1,0.34,0.21,0.08,0.3,0.1279
560,30.87,78.81,44.12,4688.0,245.0,-1.1003,12.46,0.194,15.36,15.36,54.63,70.25,0.05,11.93,156.1,0.5681,0.6537,red,3,0.62,0.13,0.19,0.3,0.1129
561,30.87,78.83,29.5,5253.0,139.4,-1.2226,13.0,0.153,17.24,17.24,53.09,68.27,0.05,13.81,151.7,0.4164,0.5808,orange,2,0.54,0.13,0.19,0.3,0.0996
562,30.87,78.85,37.9,5348.0,180.9,1.4671,12.68,0.129,19.13,16.3,54.6,70.2,0.05,15.69,156.0,0.5038,0.626,orange,2,0.58,0.13,0.27,0.3,0.0878
563,30.87,78.93,45.89,5693.0,278.4,1.5,12.4,0.128,20.07,13.91,57.36,73.76,0.05,13.91,163.9,0.5811,0.6415,orange,2,0.61,0.13,0.16,0.3,0.0989
564,30.87,78.95,15.11,5285.0,73.8,0.2445,13.74,0.137,19.98,13.91,58.31,74.97,0.05,13.91,166.6,0.2844,0.3757,yellow,1,0.32,0.21,0.08,0.3,0.0989
565,30.87,78.97,0.71,4948.0,40.6,0.978,16.48,0.1,20.07,14.16,58.17,74.79,0.05,14.16,166.2,0.1401,0.4195,yellow,1,0.25,0.36,0.08,0.3,0.0972
566,30.87,78.99,25.13,5510.0,147.6,-1.5,13.19,0.126,20.34,14.67,53.09,68.27,0.05,14.67,151.7,0.3727,0.6254,orange,2,0.58,0.21,0.19,0.3,0.094
567,30.87,79.01,20.0,3594.9,180.0,0.0,8.0,0.323,20.78,15.39,61.25,78.75,0.05,15.39,175.0,0.34,0.4118,yellow,1,0.18,0.05,0.37,0.37,0.0896
568,30.87,79.03,20.0,3561.7,180.0,0.0,8.0,0.299,21.38,16.3,60.3,77.54,0.05,16.3,172.3,0.3378,0.4225,yellow,1,0.24,0.05,0.37,0.37,0.0843
569,30.87,79.05,20.0,3626.3,180.0,0.0,8.0,0.266,22.12,17.37,59.81,76.91,0.05,17.37,170.9,0.3367,0.4225,yellow,1,0.24,0.05,0.37,0.37,0.0785
570,30.89,77.97,20.0,1817.9,180.0,0.0,8.0,0.634,11.35,13.12,58.59,75.33,0.05,13.12,167.4,0.3339,0.3845,yellow,1,0.24,0.1,0.32,0.22,0.1042
571,30.89,77.99,20.0,1898.0,180.0,0.0,8.0,0.636,9.63,11.35,59.71,76.77,0.05,11.35,170.6,0.3553,0.4297,yellow,1,0.24,0.1,0.37,0.22,0.1173
572,30.89,78.01,30.94,1895.0,295.2,-1.1005,12.94,0.586,8.0,9.63,59.46,76.45,0.05,9.63,169.9,0.5143,0.5651,orange,2,0.5,0.18,0.31,0.22,0.1315
573,30.89,78.03,31.45,1838.0,235.2,0.1223,12.92,0.622,6.5,8.0,58.41,75.11,0.05,8.0,166.9,0.5648,0.4885,orange,2,0.4,0.18,0.38,0.14,0.0129
574,30.89,78.05,18.32,1552.0,10.6,-0.4891,13.53,0.689,4.88,6.5,53.62,68.94,0.05,6.5,153.2,0.4661,0.3989,yellow,1,0.27,0.32,0.16,0.14,0.019
575,30.89,78.07,9.64,1705.0,298.2,-1.4674,14.2,0.674,3.06,5.28,56.31,72.41,0.05,5.28,160.9,0.4212,0.4763,orange,2,0.28,0.4,0.2,0.09,0.0276
576,30.89,78.09,18.05,1471.0,312.9,0.7337,13.55,0.655,1.46,4.54,52.61,67.64,0.05,4.54,150.3,0.5183,0.516,orange,2,0.25,0.45,0.2,0.17,0.0357
577,30.89,78.11,19.03,1700.0,80.5,1.4674,13.49,0.698,1.46,4.54,56.66,72.86,0.05,4.54,161.9,0.5374,0.5186,orange,2,0.27,0.45,0.2,0.17,0.0357
578,30.89,78.13,23.56,1826.0,121.3,-1.5,13.26,0.657,3.06,5.28,59.01,75.87,0.05,5.28,168.6,0.5666,0.483,orange,2,0.38,0.28,0.38,0.05,0.0276
579,30.89,78.15,9.4,2345.0,325.8,0.1223,14.23,0.631,4.44,6.5,67.86,87.26,0.05,6.5,193.9,0.4095,0.4941,orange,2,0.23,0.4,0.38,0.05,0.019
580,30.89,78.17,8.14,1817.0,40.6,1.2228,14.37,0.683,3.06,8.0,59.01,75.87,0.05,8.0,168.6,0.3331,0.4352,yellow,1,0.21,0.36,0.23,0.09,0.0129
581,30.89,78.19,22.47,1972.0,224.0,-0.2446,13.31,0.624,1.46,9.63,61.49,79.06,0.05,9.63,175.7,0.4343,0.5179,orange,2,0.36,0.41,0.39,0.22,0.1315
582,30.89,78.21,12.82,2494.0,313.2,0.2446,13.91,0.636,1.46,11.35,70.07,90.09,0.05,11.35,200.2,0.3072,0.5631,orange,2,0.27,0.48,0.36,0.22,0.1173
583,30.89,78.23,33.06,1824.0,338.1,1.5,12.86,0.619,3.06,13.12,58.59,75.33,0.05,13.12,167.4,0.4645,0.4778,orange,2,0.4,0.2,0.29,0.22,0.1042
584,30.89,78.25,20.56,1721.0,231.0,0.4891,13.41,0.666,4.88,14.93,56.63,72.81,0.05,14.93,161.8,0.335,0.4062,yellow,1,0.23,0.32,0.25,0.22,0.0924
585,30.89,78.27,47.76,2310.0,226.7,-1.5,12.33,0.568,6.74,16.75,66.36,85.32,0.05,16.75,189.6,0.6017,0.7475,red,3,0.69,0.22,0.51,0.22,0.0818
586,30.89,78.29,28.81,2029.0,334.3,-1.5,13.03,0.628,6.73,17.88,61.6,79.2,0.05,18.59,176.0,0.4289,0.5723,orange,2,0.5,0.26,0.3,0.22,0.0724
587,30.89,78.31,25.69,1767.0,250.5,0.6114,13.16,0.659,6.73,16.38,57.26,73.62,0.05,20.44,163.6,0.3878,0.4198,yellow,1,0.33,0.3,0.21,0.22,0.064
588,30.89,78.33,32.69,2202.0,186.9,0.0,12.87,0.586,7.24,14.98,64.75,83.25,0.05,20.61,185.0,0.4749,0.6239,orange,2,0.42,0.22,0.55,0.22,0.0633
589,30.89,78.35,32.32,2284.0,60.5,0.2446,12.89,0.676,8.18,13.7,66.36,85.32,0.05,19.71,189.6,0.4749,0.5215,orange,2,0.34,0.22,0.44,0.22,0.0672
590,30.89,78.37,30.07,2694.0,111.5,0.3668,12.98,0.59,9.41,12.57,69.19,88.97,0.05,18.96,197.7,0.4589,0.5546,orange,2,0.4,0.22,0.47,0.26,0.0706
591,30.89,78.39,25.34,3177.0,146.8,-0.9783,13.18,0.592,10.84,11.64,66.85,85.95,0.05,18.38,191.0,0.4062,0.5634,orange,2,0.45,0.25,0.47,0.22,0.0734
592,30.89,78.41,20.77,3650.0,76.3,0.0,13.4,0.294,12.39,10.97,64.43,82.84,0.05,17.8,184.1,0.355,0.3966,yellow,1,0.28,0.25,0.3,0.22,0.0763
593,30.89,78.43,24.17,3365.0,59.0,0.3668,13.23,0.521,12.36,10.61,65.91,84.74,0.05,16.51,188.3,0.3923,0.3919,yellow,1,0.25,0.25,0.3,0.22,0.0832
594,30.89,78.45,7.22,3970.0,206.6,-1.5,14.5,0.196,12.21,10.57,62.58,80.46,0.05,15.34,178.8,0.2152,0.4543,orange,2,0.37,0.29,0.22,0.22,0.0899
595,30.89,78.47,59.27,3741.0,237.4,1.5,11.91,0.226,12.36,10.88,63.56,81.72,0.05,14.33,181.6,0.5953,0.6189,orange,2,0.55,0.17,0.41,0.22,0.0962
596,30.89,78.49,36.41,3455.0,228.3,-0.2446,12.73,0.413,12.79,11.49,64.82,83.34,0.05,13.15,185.2,0.5123,0.5511,orange,2,0.47,0.17,0.41,0.22,0.104
597,30.89,78.51,11.79,3543.0,296.9,-0.3668,14.0,0.374,12.0,12.21,64.16,82.49,0.05,12.0,183.3,0.2645,0.3729,yellow,1,0.23,0.28,0.26,0.22,0.1123
598,30.89,78.53,27.55,3047.0,217.3,-0.6114,13.08,0.719,11.06,11.27,66.64,85.68,0.05,11.06,190.4,0.4552,0.5586,orange,2,0.41,0.25,0.47,0.22,0.1196
599,30.89,78.55,12.14,3155.0,86.2,-0.4891,13.97,0.578,10.39,10.49,66.08,84.96,0.05,10.39,188.8,0.3194,0.4497,yellow,1,0.26,0.28,0.36,0.22,0.1251
600,30.89,78.57,14.13,3837.0,353.5,-0.2446,13.81,0.15,8.8,8.8,62.61,80.51,0.05,10.04,178.9,0.3417,0.3118,yellow,1,0.23,0.24,0.11,0.22,0.1281
601,30.89,78.59,35.6,3306.0,185.5,1.2228,12.76,0.538,7.23,7.23,65.62,84.38,0.05,10.0,187.5,0.5643,0.5899,orange,2,0.51,0.17,0.45,0.17,0.1283
602,30.89,78.61,34.99,3427.0,16.8,0.4891,12.79,0.418,5.84,5.84,65.24,83.88,0.05,8.31,186.4,0.6068,0.4484,yellow,1,0.35,0.17,0.36,0.13,0.1437
603,30.89,78.63,39.2,3028.0,249.0,-0.1223,12.63,0.706,4.83,4.83,67.55,86.85,0.05,6.72,193.0,0.7004,0.5724,orange,2,0.43,0.19,0.49,0.13,0.0206
604,30.89,78.65,42.9,2907.0,284.7,1.2228,12.5,0.617,4.44,4.44,68.32,87.84,0.05,5.34,195.2,0.7793,0.5896,orange,2,0.47,0.24,0.5,0.09,0.031
605,30.89,78.67,25.91,2049.0,294.7,-0.856,13.15,0.67,4.83,4.83,62.89,80.86,0.05,4.38,179.7,0.6251,0.4971,orange,2,0.4,0.28,0.36,0.05,0.0436
606,30.89,78.69,24.32,2770.0,156.8,-0.7337,13.22,0.669,5.84,5.84,68.98,88.69,0.05,4.12,197.1,0.6306,0.6394,orange,2,0.34,0.3,0.57,0.09,0.0481
607,30.89,78.71,20.17,2886.0,281.1,1.5,13.43,0.638,7.23,7.23,68.18,87.66,0.05,4.7,194.8,0.5705,0.5392,orange,2,0.27,0.3,0.46,0.13,0.0388
608,30.89,78.73,31.39,3377.0,104.3,0.6114,12.92,0.419,8.8,8.8,65.38,84.06,0.05,5.86,186.8,0.6424,0.5116,orange,2,0.37,0.17,0.43,0.22,0.0264
609,30.89,78.75,32.3,4127.0,173.0,0.0,12.89,0.186,10.49,10.49,61.21,78.7,0.05,7.34,174.9,0.5989,0.4941,orange,2,0.42,0.13,0.34,0.22,0.0175
610,30.89,78.77,13.55,4908.0,43.6,-0.3668,13.85,0.17,12.23,12.23,56.94,73.22,0.05,8.97,162.7,0.3539,0.3573,yellow,1,0.29,0.24,0.1,0.22,0.1374
611,30.89,78.79,34.22,5348.0,254.7,-1.5,12.81,0.082,14.02,14.02,54.56,70.16,0.05,10.7,155.9,0.5048,0.599,orange,2,0.56,0.13,0.19,0.22,0.1225
612,30.89,78.81,8.36,4800.0,33.4,1.2228,14.35,0.172,15.84,14.97,57.51,73.94,0.05,12.48,164.3,0.215,0.356,yellow,1,0.25,0.29,0.08,0.3,0.1088
613,30.89,78.83,10.23,4754.0,121.5,-1.3451,14.14,0.143,16.89,15.4,57.89,74.43,0.05,14.28,165.4,0.2346,0.4727,orange,2,0.41,0.24,0.15,0.3,0.0965
614,30.89,78.85,17.92,4978.0,187.2,1.5,13.56,0.154,17.31,14.45,56.94,73.22,0.05,13.9,162.7,0.3094,0.4113,yellow,1,0.34,0.21,0.19,0.3,0.0989
615,30.89,78.87,35.95,6038.0,49.4,-1.2228,12.75,0.089,17.93,13.42,51.62,66.38,0.05,13.1,147.5,0.4775,0.6691,red,3,0.64,0.13,0.16,0.3,0.1044
616,30.89,78.89,16.38,5233.0,33.4,0.4891,13.65,0.152,18.65,12.59,56.03,72.05,0.05,12.54,160.1,0.2919,0.339,yellow,1,0.28,0.21,0.08,0.3,0.1084
617,30.89,78.91,16.47,4906.0,142.9,-0.2446,13.65,0.095,18.16,12.0,57.85,74.39,0.05,12.0,165.3,0.297,0.4231,yellow,1,0.36,0.21,0.15,0.3,0.1123
618,30.89,78.93,18.4,6062.0,146.8,-1.5,13.53,0.102,17.86,11.69,51.77,66.56,0.05,11.69,147.9,0.3113,0.5312,orange,2,0.48,0.21,0.15,0.3,0.1147
619,30.89,78.95,10.78,5393.0,268.6,-0.1223,14.09,0.107,17.76,11.69,55.12,70.88,0.05,11.69,157.5,0.2427,0.3589,yellow,1,0.29,0.24,0.11,0.3,0.1147
620,30.89,78.97,24.86,4910.0,339.5,-0.3668,13.2,0.118,17.86,12.0,57.47,73.89,0.05,12.0,164.2,0.38,0.4367,yellow,1,0.38,0.21,0.12,0.3,0.1123
621,30.89,78.99,48.03,5465.0,188.6,-1.5,12.32,0.062,18.16,12.59,54.32,69.84,0.05,12.59,155.2,0.5742,0.7774,red,3,0.75,0.13,0.27,0.3,0.108
622,30.89,79.01,20.0,3392.5,180.0,0.0,8.0,0.425,18.65,13.42,64.99,83.56,0.05,13.42,185.7,0.3486,0.4231,yellow,1,0.21,0.09,0.37,0.3,0.1022
623,30.89,79.03,20.0,3596.0,180.0,0.0,8.0,0.282,19.32,14.45,63.77,81.99,0.05,14.45,182.2,0.3458,0.4283,yellow,1,0.24,0.09,0.37,0.3,0.0954
624,30.89,79.05,20.0,3645.0,180.0,0.0,8.0,0.34,20.14,15.65,63.52,81.67,0.05,15.65,181.5,0.3452,0.418,yellow,1,0.18,0.09,0.37,0.37,0.088
625,30.91,78.01,11.88,2236.0,213.9,0.4892,13.99,0.71,8.62,10.84,68.32,87.84,0.05,10.84,195.2,0.3089,0.5128,orange,2,0.23,0.33,0.43,0.22,0.1214
626,30.91,78.03,27.17,1864.0,263.7,0.8562,13.1,0.623,6.74,9.41,62.79,80.73,0.05,9.41,179.4,0.4907,0.4934,orange,2,0.4,0.26,0.35,0.14,0.1335
627,30.91,78.05,9.2,1752.0,270.0,1.5,14.25,0.642,4.88,8.18,60.79,78.16,0.05,8.18,173.7,0.3424,0.4691,orange,2,0.22,0.4,0.21,0.14,0.1449
628,30.91,78.07,27.53,1979.0,26.3,0.8562,13.08,0.626,3.06,7.24,63.66,81.86,0.05,7.24,181.9,0.5595,0.48,orange,2,0.38,0.32,0.32,0.14,0.0156
629,30.91,78.09,18.68,1561.0,310.0,0.0,13.51,0.697,1.46,6.73,55.09,70.83,0.05,6.73,157.4,0.4665,0.511,orange,2,0.25,0.45,0.16,0.22,0.0179
630,30.91,78.11,5.59,1529.0,209.8,-0.3669,14.75,0.712,1.46,6.73,52.81,67.91,0.05,6.73,150.9,0.3304,0.5969,orange,2,0.28,0.53,0.27,0.17,0.0179
631,30.91,78.13,11.64,2011.0,147.9,-0.8562,14.01,0.714,3.06,7.24,59.36,76.32,0.05,7.24,169.6,0.3908,0.4141,yellow,1,0.29,0.31,0.3,0.09,0.0156
632,30.91,78.15,30.55,2302.0,129.8,0.4892,12.96,0.621,4.88,8.18,63.31,81.41,0.05,8.18,180.9,0.5616,0.6067,orange,2,0.4,0.24,0.53,0.09,0.1449
633,30.91,78.17,15.42,1938.0,321.9,0.6115,13.72,0.713,3.06,9.41,57.08,73.39,0.05,9.41,163.1,0.3602,0.3696,yellow,1,0.24,0.28,0.23,0.14,0.1335
634,30.91,78.19,42.21,2352.0,173.6,1.5,12.53,0.606,1.46,10.84,64.75,83.25,0.05,10.84,185.0,0.604,0.6703,red,3,0.58,0.37,0.55,0.22,0.1214
635,30.91,78.21,20.07,2074.0,36.8,1.5,13.44,0.655,1.46,12.39,61.49,79.06,0.05,12.39,175.7,0.3413,0.5003,orange,2,0.3,0.41,0.3,0.22,0.1094
636,30.91,78.23,33.41,1802.0,217.4,-0.6115,12.85,0.668,3.06,14.03,58.66,75.42,0.05,14.03,167.6,0.4682,0.522,orange,2,0.44,0.2,0.36,0.22,0.0981
637,30.91,78.25,41.21,2247.0,224.7,1.5,12.56,0.61,4.88,15.73,67.76,87.12,0.05,15.73,193.6,0.567,0.6266,orange,2,0.54,0.24,0.51,0.22,0.0876
638,30.91,78.27,16.89,3004.0,344.5,0.3669,13.62,0.728,5.28,17.47,70.52,90.67,0.05,17.47,201.5,0.3301,0.4382,yellow,1,0.21,0.25,0.36,0.3,0.078
639,30.91,78.29,27.31,1833.0,160.3,1.1008,13.09,0.662,4.54,16.67,62.33,80.14,0.05,19.24,178.1,0.4156,0.5105,orange,2,0.4,0.28,0.41,0.22,0.0693
640,30.91,78.31,41.79,2762.0,251.2,-1.5,12.54,0.565,4.54,15.05,71.68,92.16,0.05,21.03,204.8,0.5817,0.6881,red,3,0.62,0.24,0.47,0.33,0.0615
641,30.91,78.33,31.25,1849.0,354.6,0.8562,12.93,0.641,5.28,13.51,60.86,78.26,0.05,22.55,173.9,0.4516,0.4653,orange,2,0.38,0.18,0.34,0.22,0.0556
642,30.91,78.35,49.37,2308.0,260.7,1.5,12.28,0.623,6.5,12.07,66.88,86.0,0.05,21.73,191.1,0.6029,0.6622,red,3,0.59,0.22,0.47,0.22,0.0587
643,30.91,78.37,29.16,2295.0,156.0,0.6115,13.01,0.64,8.0,10.77,64.96,83.52,0.05,21.06,185.6,0.4401,0.5973,orange,2,0.42,0.3,0.51,0.22,0.0614
644,30.91,78.39,24.16,2663.0,149.6,-0.2446,13.23,0.628,9.63,9.68,66.22,85.14,0.05,20.54,189.2,0.393,0.5533,orange,2,0.32,0.3,0.47,0.26,0.0636
645,30.91,78.41,12.82,2804.0,51.5,0.6115,13.91,0.63,10.69,8.86,64.89,83.43,0.05,19.43,185.4,0.2765,0.4491,yellow,1,0.2,0.33,0.36,0.26,0.0684
646,30.91,78.43,12.73,2936.0,71.7,-0.1223,13.92,0.688,10.17,8.4,64.43,82.84,0.05,18.25,184.1,0.2746,0.4439,yellow,1,0.16,0.33,0.36,0.18,0.074
647,30.91,78.45,18.16,3174.0,110.2,0.8562,13.54,0.572,9.99,8.36,64.26,82.62,0.05,17.2,183.6,0.3285,0.4728,orange,2,0.27,0.25,0.39,0.22,0.0794
648,30.91,78.47,16.14,3331.0,96.6,-1.5,13.67,0.503,10.17,8.74,65.03,83.61,0.05,16.07,185.8,0.31,0.4756,orange,2,0.39,0.25,0.29,0.22,0.0856
649,30.91,78.49,27.6,3745.0,10.3,0.0,13.08,0.227,10.69,9.49,64.61,83.07,0.05,14.91,184.6,0.4237,0.4683,orange,2,0.38,0.25,0.3,0.22,0.0925
650,30.91,78.51,31.19,3881.0,356.2,-0.3669,12.93,0.214,11.5,10.54,65.34,84.02,0.05,13.9,186.7,0.4613,0.4951,orange,2,0.44,0.17,0.19,0.3,0.0989
651,30.91,78.53,33.48,3739.0,187.4,-0.6115,12.84,0.223,12.55,11.69,66.92,86.04,0.05,13.1,191.2,0.4878,0.5648,orange,2,0.48,0.17,0.45,0.3,0.1044
652,30.91,78.55,23.68,3418.0,328.2,-1.3454,13.25,0.393,11.6,11.6,68.6,88.2,0.05,12.54,196.0,0.3936,0.4598,orange,2,0.37,0.25,0.3,0.22,0.1084
653,30.91,78.57,46.68,3848.0,209.3,0.4892,12.37,0.234,10.11,10.11,65.48,84.19,0.05,12.25,187.1,0.5997,0.6415,orange,2,0.59,0.17,0.3,0.22,0.1105
654,30.91,78.59,31.84,4035.0,93.9,0.0,12.91,0.172,8.77,8.77,63.03,81.05,0.05,11.1,180.1,0.4887,0.4665,orange,2,0.4,0.17,0.24,0.22,0.1193
655,30.91,78.61,31.14,3872.0,86.9,0.6115,12.93,0.246,7.67,7.67,62.16,79.92,0.05,9.6,177.6,0.5235,0.4382,yellow,1,0.38,0.13,0.21,0.17,0.1318
656,30.91,78.63,15.69,3824.0,352.5,-0.7338,13.7,0.176,6.93,6.93,60.83,78.21,0.05,8.27,173.8,0.4048,0.4019,yellow,1,0.34,0.21,0.13,0.17,0.1441
657,30.91,78.65,45.61,3249.0,330.8,0.2446,12.41,0.592,6.66,6.66,62.79,80.73,0.05,7.19,179.4,0.7337,0.5838,orange,2,0.52,0.13,0.36,0.17,0.0181
658,30.91,78.67,35.13,2506.0,319.9,-0.6115,12.78,0.667,6.93,6.93,66.47,85.45,0.05,6.51,189.9,0.6634,0.5868,orange,2,0.5,0.22,0.46,0.09,0.0218
659,30.91,78.69,31.0,2634.0,153.6,-0.4892,12.94,0.589,7.67,7.67,66.39,85.36,0.05,6.34,189.7,0.6269,0.6467,orange,2,0.48,0.22,0.57,0.09,0.0229
660,30.91,78.71,38.63,3437.0,149.6,-1.5,12.65,0.441,8.77,8.77,63.52,81.67,0.05,6.73,181.5,0.6853,0.6716,red,3,0.61,0.17,0.43,0.17,0.0205
661,30.91,78.73,35.25,4223.0,159.2,0.2446,12.78,0.163,10.11,10.11,61.11,78.57,0.05,7.58,174.6,0.621,0.5813,orange,2,0.52,0.13,0.34,0.13,0.0164
662,30.91,78.75,28.86,4409.0,97.4,-1.3454,13.02,0.196,11.6,11.6,61.81,79.47,0.05,8.77,176.6,0.5239,0.5753,orange,2,0.52,0.21,0.22,0.17,0.1393
663,30.91,78.77,17.54,4833.0,88.3,0.6115,13.58,0.161,13.2,12.61,60.79,78.16,0.05,10.18,173.7,0.3673,0.3475,yellow,1,0.28,0.21,0.13,0.17,0.1268
664,30.91,78.79,6.61,4761.0,347.9,0.1223,14.58,0.192,14.14,12.56,61.67,79.29,0.05,11.73,176.2,0.2149,0.3566,yellow,1,0.21,0.29,0.13,0.22,0.1144
665,30.91,78.81,2.56,4548.0,295.0,0.3669,15.54,0.123,14.46,12.78,62.41,80.24,0.05,12.78,178.3,0.1682,0.4267,yellow,1,0.25,0.36,0.13,0.22,0.1066
666,30.91,78.83,23.57,5260.0,190.2,0.0,13.26,0.13,14.71,13.28,57.51,73.94,0.05,13.15,164.3,0.3671,0.4352,yellow,1,0.36,0.21,0.23,0.3,0.104
667,30.91,78.85,48.13,6070.0,218.1,-0.4892,12.32,0.102,15.19,12.73,51.62,66.38,0.05,12.0,147.5,0.568,0.7207,red,3,0.69,0.13,0.23,0.3,0.1123
668,30.91,78.87,32.48,5734.0,43.4,0.3669,12.88,0.05,15.89,11.54,51.62,66.38,0.05,11.06,147.5,0.4702,0.4668,orange,2,0.42,0.13,0.16,0.3,0.1196
669,30.91,78.89,22.11,4885.0,321.1,-1.3454,13.33,0.096,16.55,10.56,54.7,70.34,0.05,10.39,156.3,0.3931,0.4912,orange,2,0.44,0.21,0.12,0.3,0.1251
670,30.91,78.91,7.28,4694.0,100.6,0.9785,14.49,0.178,16.0,9.86,54.98,70.69,0.05,9.86,157.1,0.261,0.3603,yellow,1,0.23,0.29,0.13,0.3,0.1296
671,30.91,78.93,45.67,5714.0,20.6,0.0,12.41,0.08,15.66,9.48,49.77,63.99,0.05,9.48,142.2,0.6372,0.6253,orange,2,0.59,0.13,0.18,0.3,0.1329
672,30.91,78.95,13.86,4802.0,75.6,0.4892,13.83,0.133,15.54,9.48,55.51,71.37,0.05,9.48,158.6,0.3389,0.3392,yellow,1,0.27,0.24,0.1,0.3,0.1329
673,30.91,78.97,5.09,4720.0,270.0,0.6115,14.85,0.156,15.66,9.86,57.51,73.94,0.05,9.86,164.3,0.2449,0.3516,yellow,1,0.21,0.29,0.1,0.3,0.1296
674,30.91,78.99,48.75,5685.0,208.2,0.0,12.3,0.106,16.0,10.56,54.18,69.66,0.05,10.56,154.8,0.6157,0.6705,red,3,0.63,0.13,0.27,0.3,0.1236
675,30.91,79.01,20.0,3396.5,180.0,0.0,8.0,0.47,16.55,11.54,67.72,87.08,0.05,11.54,193.5,0.3681,0.4231,yellow,1,0.21,0.09,0.37,0.3,0.1158
676,30.91,79.03,20.0,3403.5,180.0,0.0,8.0,0.493,17.3,12.73,68.63,88.25,0.05,12.73,196.1,0.3569,0.4231,yellow,1,0.21,0.09,0.37,0.3,0.107
677,30.91,79.05,20.0,3354.6,180.0,0.0,8.0,0.466,18.21,14.08,68.98,88.69,0.05,14.08,197.1,0.3577,0.4231,yellow,1,0.21,0.09,0.37,0.3,0.0978
678,30.93,78.01,34.29,2068.0,24.9,-1.5,12.81,0.624,9.18,12.33,67.66,86.99,0.05,12.33,193.3,0.4975,0.5728,orange,2,0.5,0.22,0.34,0.22,0.1099
679,30.93,78.03,26.69,1996.0,5.5,0.6117,13.12,0.629,7.44,11.09,67.76,87.12,0.05,11.09,193.6,0.4482,0.4749,orange,2,0.38,0.3,0.3,0.22,0.1193
680,30.93,78.05,18.32,1740.0,14.2,1.5,13.53,0.665,5.8,10.07,63.24,81.31,0.05,10.07,180.7,0.384,0.4145,yellow,1,0.23,0.34,0.19,0.22,0.1278
681,30.93,78.07,23.59,1996.0,132.9,0.8563,13.26,0.624,4.38,9.33,65.83,84.64,0.05,9.33,188.1,0.4644,0.4859,orange,2,0.3,0.32,0.39,0.14,0.1343
682,30.93,78.09,36.57,1957.0,322.7,0.9787,12.73,0.595,3.46,8.93,62.44,80.28,0.05,8.93,178.4,0.5979,0.5561,orange,2,0.48,0.2,0.36,0.14,0.1378
683,30.93,78.11,1.18,1485.0,203.2,0.367,16.31,0.692,3.46,8.93,51.38,66.06,0.05,8.93,146.8,0.2188,0.5338,orange,2,0.18,0.47,0.27,0.14,0.1378
684,30.93,78.13,30.77,1664.0,247.6,0.2447,12.95,0.681,4.38,9.33,51.62,66.38,0.05,9.33,147.5,0.5037,0.4195,yellow,1,0.33,0.24,0.27,0.14,0.1343
685,30.93,78.15,38.01,2250.0,46.5,-0.367,12.68,0.594,5.8,10.07,59.78,76.86,0.05,10.07,170.8,0.573,0.6146,orange,2,0.54,0.18,0.44,0.14,0.1278
686,30.93,78.17,9.05,2517.0,152.8,0.0,14.27,0.722,4.38,11.09,63.66,81.86,0.05,11.09,181.9,0.2624,0.5555,orange,2,0.23,0.4,0.47,0.18,0.1193
687,30.93,78.19,17.54,2062.0,271.7,-1.101,13.58,0.66,3.46,12.33,57.71,74.2,0.05,12.33,164.9,0.3073,0.4428,yellow,1,0.36,0.28,0.21,0.14,0.1099
688,30.93,78.21,23.48,2035.0,161.0,-0.4893,13.26,0.61,3.46,13.71,59.78,76.86,0.05,13.71,170.8,0.3714,0.508,orange,2,0.38,0.28,0.41,0.22,0.1002
689,30.93,78.23,21.96,2384.0,117.9,-0.4893,13.34,0.686,4.38,15.21,68.74,88.38,0.05,15.21,196.4,0.3767,0.5219,orange,2,0.32,0.32,0.43,0.22,0.0907
690,30.93,78.25,26.1,2982.0,157.7,-0.8563,13.14,0.637,5.24,16.36,71.08,91.39,0.05,16.79,203.1,0.4235,0.6004,orange,2,0.45,0.3,0.51,0.26,0.0816
691,30.93,78.27,26.75,2922.0,297.9,0.734,13.11,0.68,3.61,17.44,73.47,94.45,0.05,18.3,209.9,0.4354,0.4955,orange,2,0.31,0.32,0.4,0.26,0.0738
692,30.93,78.29,41.51,2336.0,331.0,-1.468,12.55,0.602,2.41,15.68,73.57,94.59,0.05,19.17,210.2,0.5833,0.6798,red,3,0.61,0.28,0.44,0.29,0.0697
693,30.93,78.31,39.53,2622.0,174.4,-0.8563,12.62,0.571,2.41,13.95,74.79,96.16,0.05,20.18,213.7,0.5663,0.6731,red,3,0.59,0.28,0.55,0.26,0.0651
694,30.93,78.33,47.26,2614.0,332.8,0.4893,12.35,0.613,3.61,12.27,72.62,93.38,0.05,21.31,207.5,0.616,0.6275,orange,2,0.55,0.24,0.44,0.26,0.0604
695,30.93,78.35,24.51,3272.0,225.3,0.0,13.21,0.565,5.24,10.66,66.15,85.05,0.05,22.54,189.0,0.3963,0.4555,orange,2,0.27,0.25,0.37,0.3,0.0556
696,30.93,78.37,42.65,2249.0,245.5,0.4893,12.51,0.587,7.01,9.17,62.93,80.91,0.05,23.17,179.8,0.5703,0.5848,orange,2,0.5,0.18,0.47,0.22,0.0533
697,30.93,78.39,59.92,2219.0,302.4,0.734,11.88,0.552,8.83,7.85,60.06,77.22,0.05,22.35,171.6,0.5873,0.5895,orange,2,0.51,0.18,0.44,0.14,0.0563
698,30.93,78.41,44.38,2230.0,253.8,1.5,12.45,0.558,8.65,6.82,59.15,76.05,0.05,21.17,169.0,0.579,0.5955,orange,2,0.52,0.18,0.42,0.14,0.061
699,30.93,78.43,27.31,3256.0,229.5,-0.8563,13.09,0.544,8.0,6.21,60.2,77.4,0.05,20.09,172.0,0.4107,0.5159,orange,2,0.43,0.21,0.37,0.22,0.0655
700,30.93,78.45,36.12,3435.0,223.0,-1.5,12.74,0.467,7.77,6.15,61.14,78.61,0.05,18.99,174.7,0.501,0.6669,red,3,0.61,0.13,0.41,0.22,0.0705
701,30.93,78.47,37.44,3580.0,268.2,-1.101,12.7,0.373,8.0,6.66,63.24,81.31,0.05,17.82,180.7,0.519,0.623,orange,2,0.56,0.17,0.37,0.22,0.0762
702,30.93,78.49,44.34,3692.0,311.1,-1.5,12.45,0.289,8.65,7.62,65.77,84.56,0.05,16.77,187.9,0.5937,0.6543,red,3,0.6,0.17,0.34,0.22,0.0817
703,30.93,78.51,23.35,3640.0,246.8,0.1223,13.27,0.343,9.64,8.77,68.67,88.29,0.05,15.89,196.2,0.3905,0.4164,yellow,1,0.24,0.25,0.33,0.3,0.0867
704,30.93,78.53,31.92,3698.0,135.4,-0.367,12.9,0.278,10.87,10.11,69.86,89.82,0.05,15.19,199.6,0.4789,0.5596,orange,2,0.48,0.17,0.41,0.3,0.0908
705,30.93,78.55,29.65,3832.0,288.9,1.101,12.99,0.228,12.27,11.6,69.12,88.88,0.05,14.71,197.5,0.4545,0.453,orange,2,0.4,0.17,0.15,0.3,0.0938
706,30.93,78.57,33.65,3703.0,274.1,0.8563,12.84,0.262,11.69,11.69,68.28,87.8,0.05,13.95,195.1,0.4926,0.4641,orange,2,0.38,0.17,0.34,0.22,0.0987
707,30.93,78.59,16.68,3976.0,7.0,-0.1223,13.63,0.152,10.55,10.55,64.22,82.58,0.05,12.5,183.5,0.3136,0.3518,yellow,1,0.28,0.25,0.11,0.22,0.1087
708,30.93,78.61,23.59,3986.0,308.8,1.5,13.26,0.16,9.66,9.66,61.04,78.48,0.05,11.19,174.4,0.3991,0.369,yellow,1,0.3,0.21,0.15,0.22,0.1186
709,30.93,78.63,31.19,3274.0,342.1,0.367,12.93,0.493,9.08,9.08,61.95,79.65,0.05,10.07,177.0,0.5099,0.433,yellow,1,0.35,0.13,0.34,0.22,0.1278
710,30.93,78.65,24.65,2880.0,31.4,-1.5,13.21,0.674,8.88,8.88,62.12,79.88,0.05,9.21,177.5,0.47,0.5077,orange,2,0.33,0.26,0.42,0.18,0.1353
711,30.93,78.67,34.52,2616.0,342.5,0.8563,12.8,0.576,9.08,9.08,63.1,81.14,0.05,8.68,180.3,0.5862,0.5437,orange,2,0.38,0.22,0.46,0.13,0.1402
712,30.93,78.69,33.78,2629.0,151.0,-0.9787,12.83,0.63,9.66,9.66,64.16,82.49,0.05,8.56,183.3,0.5849,0.6467,orange,2,0.48,0.22,0.57,0.09,0.1413
713,30.93,78.71,38.24,3219.0,295.9,1.5,12.67,0.55,10.55,10.55,63.42,81.54,0.05,8.85,181.2,0.6194,0.5445,orange,2,0.47,0.17,0.36,0.13,0.1386
714,30.93,78.73,31.75,3913.0,201.5,-0.8563,12.91,0.224,11.14,11.53,62.86,80.82,0.05,9.51,179.6,0.5337,0.5437,orange,2,0.48,0.13,0.32,0.13,0.1326
715,30.93,78.75,33.48,4398.0,86.3,-0.734,12.84,0.172,11.14,10.82,63.31,81.41,0.05,10.49,180.9,0.5236,0.4978,orange,2,0.44,0.17,0.21,0.13,0.1242
716,30.93,78.77,5.94,4390.0,30.4,0.4893,14.69,0.178,11.46,10.41,65.56,84.29,0.05,10.41,187.3,0.2557,0.3929,yellow,1,0.21,0.33,0.13,0.17,0.1249
717,30.93,78.79,8.14,4211.0,139.4,-0.4893,14.37,0.136,12.07,10.34,67.34,86.58,0.05,10.34,192.4,0.2838,0.4577,orange,2,0.37,0.33,0.2,0.22,0.1255
718,30.93,78.81,41.5,5106.0,176.1,1.468,12.55,0.108,12.25,10.61,61.95,79.65,0.05,10.61,177.0,0.597,0.6315,orange,2,0.58,0.13,0.32,0.22,0.1232
719,30.93,78.83,53.4,6003.0,223.8,-0.2447,12.13,0.128,12.54,11.21,55.19,70.97,0.05,11.21,157.7,0.5992,0.6666,red,3,0.63,0.13,0.23,0.22,0.1184
720,30.93,78.85,33.1,5722.0,90.4,1.5,12.86,0.115,13.1,11.19,53.72,69.08,0.05,10.23,153.5,0.5055,0.5078,orange,2,0.46,0.13,0.19,0.22,0.1264
721,30.93,78.87,38.95,5418.0,353.1,0.8563,12.64,0.113,13.9,9.81,52.22,67.14,0.05,9.11,149.2,0.5932,0.5613,orange,2,0.52,0.13,0.18,0.22,0.1362
722,30.93,78.89,38.6,4806.0,42.8,-0.367,12.65,0.171,14.49,8.64,52.92,68.04,0.05,8.28,151.2,0.6156,0.5796,orange,2,0.54,0.13,0.18,0.22,0.144
723,30.93,78.91,27.68,4464.0,140.7,1.101,13.07,0.195,13.85,7.76,53.44,68.72,0.05,7.76,152.7,0.5227,0.5032,orange,2,0.44,0.21,0.21,0.22,0.0185
724,30.93,78.93,36.98,5171.0,169.8,0.367,12.71,0.081,13.45,7.28,49.98,64.26,0.05,7.28,142.8,0.6218,0.6105,orange,2,0.56,0.13,0.29,0.22,0.0196
725,30.93,78.95,28.23,4520.0,27.4,0.0,13.05,0.207,13.32,7.28,55.12,70.88,0.05,7.28,157.5,0.546,0.4396,yellow,1,0.38,0.21,0.14,0.22,0.0095
726,30.93,78.97,42.3,5047.0,228.0,-0.4893,12.52,0.145,13.45,7.76,55.12,70.88,0.05,7.76,157.5,0.6727,0.6417,orange,2,0.6,0.13,0.25,0.22,0.0084
727,30.93,78.99,37.65,5918.0,217.9,-0.1223,12.69,0.077,13.85,8.64,53.69,69.03,0.05,8.64,153.4,0.5973,0.6059,orange,2,0.56,0.13,0.25,0.3,0.1406
728,30.93,79.01,20.0,3285.9,180.0,0.0,8.0,0.539,14.49,9.81,70.24,90.31,0.05,9.81,200.7,0.4244,0.4414,yellow,1,0.21,0.09,0.39,0.3,0.13
729,30.93,79.03,20.0,3199.7,180.0,0.0,8.0,0.56,15.34,11.19,72.34,93.02,0.05,11.19,206.7,0.3891,0.5147,orange,2,0.21,0.09,0.47,0.3,0.1186
730,30.93,79.05,20.0,3406.4,180.0,0.0,8.0,0.484,16.36,12.7,71.47,91.89,0.05,12.7,204.2,0.3634,0.4231,yellow,1,0.21,0.09,0.37,0.3,0.1072
731,30.95,78.01,21.31,1750.0,236.2,-0.6118,13.37,0.618,10.19,14.01,62.79,80.73,0.05,14.01,179.4,0.3566,0.4325,yellow,1,0.33,0.3,0.3,0.22,0.0982
732,30.95,78.03,20.89,1663.0,313.8,-1.1012,13.39,0.62,8.66,12.94,62.76,80.69,0.05,12.94,179.3,0.3523,0.4571,orange,2,0.37,0.3,0.23,0.22,0.1055
733,30.95,78.05,19.01,1474.0,240.4,0.4894,13.49,0.677,7.31,12.07,59.32,76.28,0.05,12.07,169.5,0.3257,0.3758,yellow,1,0.23,0.3,0.17,0.22,0.1118
734,30.95,78.07,36.12,1964.0,103.8,0.8565,12.74,0.641,6.24,11.46,65.69,84.47,0.05,11.46,187.7,0.5271,0.5763,orange,2,0.5,0.22,0.37,0.22,0.1164
735,30.95,78.09,23.11,1951.0,43.1,0.0,13.28,0.633,5.63,11.14,62.47,80.33,0.05,11.14,178.5,0.399,0.3981,yellow,1,0.28,0.26,0.3,0.22,0.119
736,30.95,78.11,33.95,2027.0,93.2,-0.3671,12.82,0.669,5.63,11.14,60.34,77.58,0.05,11.14,172.4,0.5025,0.5041,orange,2,0.42,0.18,0.37,0.14,0.119
737,30.95,78.13,32.24,2002.0,264.4,1.2236,12.89,0.668,5.87,11.26,56.91,73.17,0.05,11.46,162.6,0.4682,0.4623,orange,2,0.38,0.18,0.32,0.14,0.1164
738,30.95,78.15,35.98,1961.0,209.4,0.6118,12.75,0.655,5.55,11.1,54.39,69.93,0.05,12.07,155.4,0.4841,0.5592,orange,2,0.48,0.18,0.4,0.14,0.1118
739,30.95,78.17,22.58,2317.0,221.5,-0.2447,13.31,0.625,5.87,11.26,60.13,77.31,0.05,12.94,171.8,0.3632,0.549,orange,2,0.32,0.26,0.47,0.14,0.1055
740,30.95,78.19,25.91,2492.0,67.7,-0.1224,13.15,0.656,5.63,11.73,64.5,82.94,0.05,14.01,184.3,0.4065,0.4968,orange,2,0.34,0.3,0.4,0.22,0.0982
741,30.95,78.21,24.06,1961.0,6.2,-0.7342,13.24,0.652,5.63,12.48,58.31,74.97,0.05,14.55,166.6,0.3739,0.3934,yellow,1,0.3,0.26,0.25,0.22,0.0947
742,30.95,78.23,29.34,2196.0,343.3,1.5,13.01,0.597,6.24,13.45,65.62,84.38,0.05,14.92,187.5,0.4434,0.4918,orange,2,0.4,0.3,0.3,0.22,0.0924
743,30.95,78.25,43.26,2642.0,214.6,-0.7342,12.49,0.584,4.75,14.61,73.22,94.14,0.05,15.51,209.2,0.6,0.6591,red,3,0.58,0.24,0.51,0.26,0.0889
744,30.95,78.27,12.11,3296.0,62.5,0.9789,13.97,0.518,2.85,15.91,71.99,92.56,0.05,16.31,205.7,0.2857,0.4222,yellow,1,0.21,0.34,0.26,0.3,0.0843
745,30.95,78.29,26.99,2374.0,25.9,0.0,13.1,0.64,0.95,14.95,74.79,96.16,0.05,17.28,213.7,0.4409,0.5576,orange,2,0.42,0.45,0.4,0.3,0.079
746,30.95,78.31,39.44,2333.0,182.8,-1.5,12.62,0.579,0.95,13.13,73.11,94.01,0.05,18.39,208.9,0.5615,0.7488,red,3,0.68,0.37,0.55,0.3,0.0734
747,30.95,78.33,42.57,2892.0,239.8,-1.5,12.51,0.65,2.85,11.33,71.47,91.89,0.05,19.62,204.2,0.5891,0.6777,red,3,0.6,0.28,0.51,0.26,0.0676
748,30.95,78.35,36.05,3234.0,291.7,-1.2236,12.75,0.519,4.75,9.56,66.36,85.32,0.05,20.96,189.6,0.5122,0.63,orange,2,0.57,0.19,0.34,0.3,0.0618
749,30.95,78.37,24.51,3400.0,6.1,1.3459,13.21,0.466,6.65,7.87,62.16,79.92,0.05,22.37,177.6,0.3872,0.3889,yellow,1,0.27,0.21,0.3,0.22,0.0562
750,30.95,78.39,35.49,2673.0,359.7,0.7342,12.77,0.643,7.96,6.28,63.42,81.54,0.05,23.86,181.2,0.4999,0.5679,orange,2,0.48,0.22,0.44,0.18,0.051
751,30.95,78.41,35.53,2280.0,313.5,-1.5,12.77,0.632,6.73,4.93,59.43,76.41,0.05,22.99,169.8,0.4911,0.66,red,3,0.6,0.18,0.39,0.14,0.054
752,30.95,78.43,18.89,2671.0,168.4,-0.9789,13.5,0.692,5.87,4.05,62.72,80.64,0.05,21.92,179.2,0.3323,0.5513,orange,2,0.34,0.26,0.47,0.18,0.058
753,30.95,78.45,14.4,3436.0,113.9,-0.8565,13.79,0.434,5.55,3.96,60.76,78.12,0.05,20.73,173.6,0.2829,0.3864,yellow,1,0.28,0.24,0.29,0.17,0.0628
754,30.95,78.47,16.48,3391.0,73.3,-1.5,13.65,0.488,5.87,4.71,64.12,82.44,0.05,19.66,183.2,0.3114,0.4541,orange,2,0.37,0.25,0.26,0.22,0.0674
755,30.95,78.49,21.07,3970.0,197.1,-0.8565,13.38,0.143,6.73,5.84,64.5,82.94,0.05,18.72,184.3,0.3581,0.4974,orange,2,0.42,0.25,0.26,0.22,0.0718
756,30.95,78.51,34.01,4165.0,253.7,0.2447,12.82,0.134,7.96,7.23,66.33,85.28,0.05,17.93,189.5,0.4917,0.502,orange,2,0.44,0.17,0.24,0.22,0.0757
757,30.95,78.53,28.88,4071.0,337.6,1.1012,13.02,0.199,9.41,8.8,68.46,88.02,0.05,17.31,195.6,0.4453,0.4679,orange,2,0.4,0.25,0.17,0.3,0.0788
758,30.95,78.55,30.03,3947.0,129.6,-0.7342,12.98,0.2,11.0,10.49,69.09,88.83,0.05,16.82,197.4,0.4582,0.5225,orange,2,0.46,0.17,0.26,0.3,0.0815
759,30.95,78.57,24.8,4453.0,172.4,1.5,13.2,0.179,12.68,12.23,64.78,83.3,0.05,15.41,185.1,0.3961,0.4311,yellow,1,0.34,0.25,0.28,0.3,0.0895
760,30.95,78.59,37.36,4340.0,12.2,-0.6118,12.7,0.197,12.48,12.48,62.47,80.33,0.05,14.11,178.5,0.5164,0.5832,orange,2,0.54,0.13,0.21,0.3,0.0976
761,30.95,78.61,25.56,3934.0,256.9,0.9789,13.17,0.184,11.73,11.73,61.21,78.7,0.05,12.96,174.9,0.3955,0.4634,orange,2,0.4,0.21,0.18,0.22,0.1053
762,30.95,78.63,35.45,3700.0,345.5,1.5,12.77,0.276,11.26,11.26,59.32,76.28,0.05,12.01,169.5,0.4901,0.5573,orange,2,0.5,0.13,0.29,0.22,0.1123
763,30.95,78.65,30.29,3540.0,229.7,-0.3671,12.97,0.362,11.1,11.1,58.13,74.75,0.05,11.3,166.1,0.4563,0.4798,orange,2,0.4,0.13,0.36,0.22,0.1177
764,30.95,78.67,32.01,3360.0,297.4,-1.5,12.9,0.488,11.09,11.26,58.62,75.38,0.05,10.87,167.5,0.4869,0.5308,orange,2,0.47,0.13,0.29,0.17,0.1211
765,30.95,78.69,32.98,2097.0,175.3,1.5,12.86,0.606,10.07,10.58,57.57,74.03,0.05,10.58,164.5,0.5028,0.5253,orange,2,0.44,0.18,0.4,0.05,0.1235
766,30.95,78.71,45.67,2614.0,76.7,-0.6118,12.41,0.644,9.33,9.91,66.36,85.32,0.05,9.91,189.6,0.6626,0.6777,red,3,0.61,0.22,0.46,0.09,0.1291
767,30.95,78.73,25.15,3163.0,202.3,-1.4683,13.19,0.596,8.93,9.58,66.81,85.91,0.05,9.58,190.9,0.4749,0.6192,orange,2,0.51,0.25,0.53,0.17,0.132
768,30.95,78.75,44.57,3770.0,291.1,0.9789,12.44,0.249,8.93,8.72,66.88,86.0,0.05,8.72,191.1,0.6942,0.5531,orange,2,0.48,0.17,0.36,0.17,0.1398
769,30.95,78.77,34.67,4268.0,264.5,0.1224,12.8,0.192,9.33,8.21,66.67,85.73,0.05,8.21,190.5,0.6096,0.4694,orange,2,0.4,0.17,0.26,0.22,0.1446
770,30.95,78.79,25.62,5023.0,230.2,0.3671,13.16,0.112,10.04,8.12,63.66,81.86,0.05,8.12,181.9,0.5148,0.5148,orange,2,0.44,0.25,0.26,0.22,0.1455
771,30.95,78.81,33.19,5680.0,153.5,-1.5,12.85,0.053,10.04,8.47,59.46,76.45,0.05,8.47,169.9,0.5707,0.6282,orange,2,0.58,0.13,0.29,0.22,0.1421
772,30.95,78.83,26.84,4990.0,28.7,1.2236,13.11,0.09,10.39,9.21,60.83,78.21,0.05,9.21,173.8,0.4889,0.5005,orange,2,0.44,0.21,0.19,0.17,0.1353
773,30.95,78.85,49.94,5448.0,110.0,-0.7342,12.26,0.102,11.06,9.9,55.19,70.97,0.05,8.66,157.7,0.6735,0.701,red,3,0.67,0.13,0.21,0.17,0.1403
774,30.95,78.87,26.18,5089.0,148.7,-0.9789,13.14,0.127,12.0,8.32,53.72,69.08,0.05,7.31,153.5,0.5215,0.5741,orange,2,0.52,0.21,0.21,0.22,0.0115
775,30.95,78.89,35.87,5030.0,352.9,-1.5,12.75,0.102,12.48,6.89,51.31,65.97,0.05,6.24,146.6,0.644,0.671,red,3,0.64,0.13,0.18,0.22,0.0259
776,30.95,78.91,31.2,4038.0,356.2,-1.5,12.93,0.197,11.73,5.75,55.12,70.88,0.05,5.63,157.5,0.6238,0.5482,orange,2,0.5,0.13,0.22,0.22,0.0331
777,30.95,78.93,36.69,4817.0,194.2,-0.4894,12.72,0.125,11.26,5.08,51.31,65.97,0.05,5.08,146.6,0.6859,0.6675,red,3,0.62,0.13,0.33,0.22,0.0366
778,30.95,78.95,32.11,4148.0,173.3,1.1012,12.9,0.203,11.1,5.08,56.7,72.9,0.05,5.08,162.0,0.6524,0.5101,orange,2,0.44,0.13,0.33,0.22,0.0335
779,30.95,78.97,29.01,5106.0,200.5,0.1224,13.02,0.151,11.26,5.75,54.67,70.29,0.05,5.75,156.2,0.5973,0.4964,orange,2,0.42,0.21,0.29,0.22,0.0261
780,30.95,78.99,28.24,5523.0,216.0,1.5,13.05,0.14,11.73,6.89,55.89,71.86,0.05,6.89,159.7,0.5591,0.5386,orange,2,0.48,0.21,0.21,0.22,0.0105
781,30.95,79.01,20.0,3255.5,180.0,0.0,8.0,0.588,12.48,8.32,70.8,91.04,0.05,8.32,202.3,0.4693,0.4414,yellow,1,0.21,0.09,0.39,0.3,0.1436
782,30.95,79.03,20.0,3379.0,180.0,0.0,8.0,0.426,13.45,9.9,71.96,92.52,0.05,9.9,205.6,0.4257,0.4414,yellow,1,0.21,0.09,0.39,0.3,0.1292
783,30.95,79.05,20.0,3467.7,180.0,0.0,8.0,0.395,14.61,11.58,71.72,92.2,0.05,11.58,204.9,0.3761,0.4231,yellow,1,0.21,0.09,0.37,0.3,0.1155
784,30.97,77.85,20.0,2206.4,180.0,0.0,8.0,0.662,24.99,27.23,64.89,83.43,0.05,27.23,185.4,0.3483,0.5196,orange,2,0.2,0.14,0.47,0.29,0.0407
785,30.97,77.87,20.0,2279.3,180.0,0.0,8.0,0.637,23.19,25.59,63.7,81.9,0.05,25.59,182.0,0.3456,0.5251,orange,2,0.24,0.14,0.47,0.29,0.0454
786,30.97,77.89,20.0,2664.1,180.0,0.0,8.0,0.652,21.41,23.99,64.78,83.3,0.05,23.99,185.1,0.3481,0.5196,orange,2,0.2,0.14,0.47,0.33,0.0505
787,30.97,77.99,20.0,2105.2,180.0,0.0,8.0,0.644,13.02,16.93,65.31,83.97,0.05,16.93,186.6,0.3493,0.4355,yellow,1,0.24,0.14,0.37,0.22,0.0809
788,30.97,78.01,27.67,1907.0,62.7,1.5,13.07,0.65,11.55,15.83,63.98,82.26,0.05,15.83,182.8,0.4229,0.4918,orange,2,0.4,0.3,0.3,0.22,0.087
789,30.97,78.03,27.65,1439.0,120.9,-1.2238,13.08,0.663,10.23,14.45,57.16,73.49,0.05,14.89,163.3,0.4071,0.5284,orange,2,0.45,0.3,0.25,0.22,0.0927
790,30.97,78.05,41.32,1732.0,50.3,1.1015,12.56,0.645,9.11,13.0,61.91,79.61,0.05,14.14,176.9,0.5547,0.5385,orange,2,0.47,0.22,0.27,0.22,0.0974
791,30.97,78.07,33.54,1723.0,349.4,-0.9791,12.84,0.591,8.28,11.69,60.41,77.67,0.05,13.62,172.6,0.4735,0.4862,orange,2,0.41,0.22,0.27,0.22,0.1008
792,30.97,78.09,11.51,1524.0,234.6,0.0,14.02,0.657,6.6,10.55,54.84,70.52,0.05,13.35,156.7,0.2405,0.4008,yellow,1,0.18,0.33,0.21,0.22,0.1026
793,30.97,78.11,27.86,1805.0,258.7,0.3672,13.07,0.646,5.05,9.66,57.05,73.35,0.05,13.35,163.0,0.409,0.4841,orange,2,0.4,0.26,0.28,0.22,0.1026
794,30.97,78.13,28.62,1785.0,283.5,0.3672,13.04,0.618,3.83,9.08,54.53,70.11,0.05,13.47,155.8,0.4108,0.4363,yellow,1,0.35,0.32,0.18,0.22,0.1018
795,30.97,78.15,18.65,2255.0,202.6,-1.5,13.52,0.685,3.33,8.88,61.07,78.53,0.05,12.79,174.5,0.3261,0.5603,orange,2,0.4,0.28,0.47,0.22,0.1066
796,30.97,78.17,22.41,2683.0,128.2,-0.8567,13.32,0.65,3.83,9.08,64.05,82.35,0.05,12.36,183.0,0.3705,0.5598,orange,2,0.36,0.32,0.47,0.26,0.1097
797,30.97,78.19,30.08,2652.0,64.4,0.0,12.98,0.635,5.05,9.66,65.24,83.88,0.05,12.21,186.4,0.4499,0.5268,orange,2,0.38,0.22,0.44,0.26,0.1108
798,30.97,78.21,23.05,2141.0,126.0,0.7343,13.28,0.649,6.6,10.55,62.02,79.74,0.05,12.36,177.2,0.3723,0.4611,orange,2,0.3,0.26,0.37,0.22,0.1097
799,30.97,78.23,35.84,2543.0,331.2,-0.2448,12.75,0.601,7.01,11.69,70.31,90.41,0.05,12.79,200.9,0.5191,0.5679,orange,2,0.48,0.22,0.44,0.26,0.1066
800,30.97,78.25,30.76,2732.0,119.5,-0.4895,12.95,0.584,5.24,13.0,71.68,92.16,0.05,13.47,204.8,0.4714,0.562,orange,2,0.46,0.22,0.47,0.26,0.1018
801,30.97,78.27,27.54,3098.0,118.7,-0.3672,13.08,0.683,3.61,14.45,71.4,91.8,0.05,14.38,204.0,0.4386,0.5249,orange,2,0.39,0.27,0.43,0.3,0.0958
802,30.97,78.29,26.53,3434.0,266.2,-1.5,13.12,0.429,2.41,14.54,70.17,90.23,0.05,15.47,200.5,0.4257,0.5807,orange,2,0.5,0.31,0.33,0.3,0.0891
803,30.97,78.31,23.21,3128.0,14.2,0.3672,13.28,0.667,2.41,12.65,71.05,91.35,0.05,16.7,203.0,0.3945,0.4831,orange,2,0.22,0.31,0.4,0.3,0.0821
804,30.97,78.33,38.9,3398.0,185.8,0.8567,12.64,0.423,3.61,10.77,67.86,87.26,0.05,18.05,193.9,0.5441,0.5748,orange,2,0.49,0.19,0.45,0.3,0.075
805,30.97,78.35,13.88,3719.0,55.0,1.5,13.83,0.236,5.24,8.9,63.77,81.99,0.05,19.5,182.2,0.2846,0.3761,yellow,1,0.25,0.28,0.26,0.3,0.0681
806,30.97,78.37,20.7,3131.0,1.2,-0.9791,13.4,0.573,7.01,7.04,64.4,82.8,0.05,21.01,184.0,0.3542,0.4869,orange,2,0.31,0.25,0.4,0.22,0.0616
807,30.97,78.39,27.07,3052.0,226.1,-0.2448,13.1,0.667,6.6,5.21,62.93,80.91,0.05,22.59,179.8,0.4145,0.5448,orange,2,0.33,0.21,0.47,0.22,0.0555
808,30.97,78.41,34.9,2619.0,5.7,1.5,12.79,0.661,5.05,3.47,64.33,82.71,0.05,24.21,183.8,0.496,0.5241,orange,2,0.36,0.22,0.44,0.13,0.0498
809,30.97,78.43,44.1,2609.0,341.0,-0.1224,12.46,0.617,3.83,2.02,64.75,83.25,0.05,23.65,185.0,0.589,0.5696,orange,2,0.48,0.24,0.44,0.13,0.0517
810,30.97,78.45,37.18,2683.0,251.9,1.5,12.71,0.614,3.33,1.83,65.87,84.69,0.05,22.55,188.2,0.5224,0.606,orange,2,0.52,0.24,0.47,0.09,0.0556
811,30.97,78.47,41.43,3165.0,141.4,-0.7343,12.55,0.601,3.83,2.92,65.62,84.38,0.05,21.57,187.5,0.5643,0.6314,orange,2,0.55,0.19,0.51,0.17,0.0593
812,30.97,78.49,35.95,4036.0,160.8,1.5,12.75,0.222,5.05,4.4,63.56,81.72,0.05,20.72,181.6,0.5048,0.6001,orange,2,0.54,0.17,0.32,0.22,0.0628
813,30.97,78.51,37.88,4712.0,185.4,-0.6119,12.68,0.142,6.6,6.12,62.12,79.88,0.05,20.01,177.5,0.5208,0.6666,red,3,0.62,0.13,0.32,0.22,0.0659
814,30.97,78.53,39.5,4622.0,231.4,-1.5,12.62,0.193,8.3,7.92,63.77,81.99,0.05,19.46,182.2,0.5408,0.6659,red,3,0.62,0.17,0.28,0.22,0.0683
815,30.97,78.55,41.03,4314.0,192.4,1.5,12.57,0.194,10.07,9.76,65.38,84.06,0.05,18.32,186.8,0.5597,0.6001,orange,2,0.54,0.17,0.32,0.3,0.0737
816,30.97,78.57,39.58,4965.0,178.6,-0.8567,12.62,0.162,11.88,11.61,60.76,78.12,0.05,17.03,173.6,0.5347,0.6315,orange,2,0.58,0.13,0.32,0.3,0.0803
817,30.97,78.59,46.42,4936.0,328.1,-1.2238,12.38,0.123,13.71,13.48,58.8,75.6,0.05,15.85,168.0,0.5844,0.7334,red,3,0.71,0.13,0.16,0.3,0.0869
818,30.97,78.61,41.51,4586.0,335.1,-0.1224,12.55,0.146,13.85,13.85,58.13,74.75,0.05,14.2,166.1,0.548,0.5588,orange,2,0.52,0.13,0.16,0.3,0.097
819,30.97,78.63,33.7,4083.0,69.3,1.5,12.83,0.191,12.39,12.61,58.48,75.19,0.05,12.61,167.1,0.4707,0.4485,yellow,1,0.4,0.13,0.16,0.22,0.1079
820,30.97,78.65,37.34,3929.0,328.7,-1.5,12.7,0.162,10.84,11.12,57.78,74.3,0.05,11.12,165.1,0.5313,0.6302,orange,2,0.6,0.13,0.14,0.22,0.1192
821,30.97,78.67,43.21,3045.0,145.0,1.5,12.49,0.677,9.41,9.77,62.09,79.83,0.05,9.77,177.4,0.6391,0.606,orange,2,0.47,0.13,0.53,0.17,0.1304
822,30.97,78.69,44.46,2700.0,74.9,0.2448,12.45,0.559,8.18,8.63,64.78,83.3,0.05,8.63,185.1,0.691,0.5703,orange,2,0.48,0.22,0.46,0.09,0.1406
823,30.97,78.71,44.35,3073.0,180.7,1.5,12.45,0.655,7.24,7.79,64.75,83.25,0.05,7.79,185.0,0.7142,0.6423,orange,2,0.47,0.17,0.57,0.13,0.0118
824,30.97,78.73,18.4,4014.0,103.1,-0.4895,13.53,0.215,6.73,7.37,62.27,80.06,0.05,7.37,177.9,0.4615,0.4276,yellow,1,0.36,0.21,0.18,0.13,0.0182
825,30.97,78.75,49.09,4040.0,54.5,-1.5,12.29,0.165,6.73,6.71,64.54,82.98,0.05,6.71,184.4,0.7518,0.7057,red,3,0.67,0.17,0.23,0.17,0.0196
826,30.97,78.77,27.58,4871.0,109.0,0.0,13.08,0.189,7.24,6.03,61.95,79.65,0.05,6.03,177.0,0.5915,0.4691,orange,2,0.4,0.21,0.22,0.17,0.0195
827,30.97,78.79,27.61,4947.0,67.1,-0.1224,13.08,0.154,7.83,5.91,62.23,80.01,0.05,5.91,177.8,0.5959,0.4529,orange,2,0.38,0.21,0.23,0.22,0.0084
828,30.97,78.81,29.53,4844.0,103.5,-0.2448,13.0,0.104,7.83,6.38,62.23,80.01,0.05,6.38,177.8,0.6014,0.494,orange,2,0.44,0.13,0.22,0.17,0.0073
829,30.97,78.83,29.21,4597.0,8.7,-0.9791,13.01,0.203,8.28,7.33,61.84,79.52,0.05,7.33,176.7,0.5697,0.5005,orange,2,0.44,0.21,0.19,0.13,0.0056
830,30.97,78.85,57.21,4794.0,354.2,-1.1015,11.99,0.134,9.11,8.6,58.45,75.15,0.05,7.44,167.0,0.7167,0.6984,red,3,0.67,0.13,0.18,0.13,0.0111
831,30.97,78.87,51.68,3998.0,160.8,0.3672,12.19,0.218,10.23,7.21,60.16,77.36,0.05,5.8,171.9,0.7683,0.6445,orange,2,0.59,0.13,0.36,0.17,0.0272
832,30.97,78.89,33.27,4300.0,189.6,0.3672,12.85,0.156,10.55,5.5,56.56,72.72,0.05,4.38,161.6,0.6841,0.4926,orange,2,0.42,0.13,0.33,0.22,0.0442
833,30.97,78.91,36.05,4280.0,340.2,-1.5,12.75,0.217,9.66,3.98,55.65,71.55,0.05,3.46,159.0,0.7367,0.6386,orange,2,0.6,0.13,0.22,0.17,0.0686
834,30.97,78.93,28.03,4370.0,144.7,-0.9791,13.06,0.194,9.08,2.93,55.37,71.19,0.05,2.93,158.2,0.6713,0.551,orange,2,0.48,0.21,0.31,0.17,0.0842
835,30.97,78.95,47.91,4309.0,198.8,1.3462,12.33,0.142,8.88,2.93,57.08,73.39,0.05,2.93,163.1,0.8449,0.6993,red,3,0.65,0.13,0.39,0.17,0.0714
836,30.97,78.97,22.45,5070.0,214.6,-1.5,13.31,0.13,9.08,3.98,55.3,71.1,0.05,3.98,158.0,0.5849,0.5436,orange,2,0.48,0.21,0.25,0.17,0.0448
837,30.97,78.99,18.85,4482.0,85.2,1.5,13.5,0.162,9.66,5.5,60.9,78.3,0.05,5.5,174.0,0.5172,0.3756,yellow,1,0.3,0.21,0.19,0.22,0.0269
838,30.97,79.01,20.0,3394.3,180.0,0.0,8.0,0.408,10.55,7.21,68.81,88.47,0.05,7.21,196.6,0.4971,0.4414,yellow,1,0.21,0.09,0.39,0.22,0.0097
839,30.97,79.03,20.0,3465.8,180.0,0.0,8.0,0.373,11.69,8.99,69.75,89.69,0.05,8.99,199.3,0.4473,0.4414,yellow,1,0.21,0.09,0.39,0.3,0.1373
840,30.97,79.05,20.0,3438.5,180.0,0.0,8.0,0.409,13.0,10.81,70.07,90.09,0.05,10.81,200.2,0.3948,0.4231,yellow,1,0.21,0.09,0.37,0.3,0.1216
841,30.99,77.85,20.0,2115.6,180.0,0.0,8.0,0.653,25.77,26.7,63.49,81.63,0.05,28.38,181.4,0.3451,0.429,yellow,1,0.2,0.14,0.37,0.29,0.0377
842,30.99,77.87,20.0,2579.2,180.0,0.0,8.0,0.651,24.03,25.03,68.84,88.52,0.05,26.81,196.7,0.3574,0.5196,orange,2,0.2,0.14,0.47,0.33,0.0418
843,30.99,77.89,20.0,2637.9,180.0,0.0,8.0,0.666,22.31,23.39,68.0,87.44,0.05,25.29,194.3,0.3554,0.5196,orange,2,0.2,0.14,0.47,0.33,0.0463
844,30.99,77.91,20.0,2526.6,180.0,0.0,8.0,0.657,20.63,21.79,68.39,87.93,0.05,23.82,195.4,0.3563,0.5196,orange,2,0.2,0.14,0.47,0.33,0.0511
845,30.99,77.93,20.0,2541.1,180.0,0.0,8.0,0.638,18.99,20.25,68.46,88.02,0.05,22.41,195.6,0.3565,0.5251,orange,2,0.24,0.14,0.47,0.26,0.0561
846,30.99,77.95,20.0,2316.6,180.0,0.0,8.0,0.667,17.4,18.77,66.08,84.96,0.05,21.08,188.8,0.351,0.5196,orange,2,0.2,0.14,0.47,0.22,0.0613
847,30.99,77.97,20.0,1916.9,180.0,0.0,8.0,0.622,15.88,17.37,60.06,77.22,0.05,19.85,171.6,0.3373,0.4297,yellow,1,0.24,0.1,0.37,0.22,0.0666
848,30.99,77.99,20.0,1890.5,180.0,0.0,8.0,0.705,14.46,16.07,60.3,77.54,0.05,18.73,172.3,0.3378,0.4229,yellow,1,0.2,0.1,0.37,0.22,0.0717
849,30.99,78.01,3.42,1087.0,288.4,1.4689,15.25,0.641,13.15,14.87,47.39,60.93,0.05,17.74,135.4,0.1425,0.5274,orange,2,0.17,0.49,0.09,0.22,0.0766
850,30.99,78.03,29.16,1462.0,172.1,-1.5,13.01,0.672,11.45,13.2,54.01,69.44,0.05,16.9,154.3,0.415,0.55,orange,2,0.47,0.3,0.29,0.14,0.081
851,30.99,78.05,18.39,1999.0,52.3,1.3465,13.53,0.643,9.56,11.6,62.96,80.95,0.05,16.25,179.9,0.3278,0.395,yellow,1,0.3,0.26,0.26,0.14,0.0846
852,30.99,78.07,35.5,1401.0,267.7,1.3465,12.77,0.713,7.68,10.11,52.53,67.55,0.05,14.95,150.1,0.4751,0.5185,orange,2,0.45,0.22,0.25,0.14,0.0922
853,30.99,78.09,53.87,1965.0,116.4,1.5,12.11,0.584,5.81,8.77,61.39,78.93,0.05,13.63,175.4,0.5903,0.6495,orange,2,0.59,0.18,0.37,0.14,0.1008
854,30.99,78.11,5.64,2683.0,109.5,-1.1017,14.74,0.708,3.96,7.67,68.67,88.29,0.05,12.45,196.2,0.2134,0.5042,orange,2,0.31,0.4,0.39,0.18,0.109
855,30.99,78.13,19.67,2673.0,299.3,1.5,13.46,0.636,2.2,6.93,68.07,87.53,0.05,11.47,194.5,0.3677,0.4672,orange,2,0.31,0.36,0.36,0.18,0.1164
856,30.99,78.15,25.65,2323.0,313.5,0.1224,13.16,0.675,1.11,6.66,65.62,84.38,0.05,10.69,187.5,0.4448,0.5536,orange,2,0.38,0.45,0.4,0.22,0.1226
857,30.99,78.17,11.47,2756.0,155.2,-0.7345,14.02,0.661,2.2,6.93,67.2,86.4,0.05,10.17,192.0,0.3217,0.5611,orange,2,0.3,0.39,0.47,0.18,0.1269
858,30.99,78.19,39.1,2777.0,358.9,1.2241,12.64,0.63,3.96,7.67,67.41,86.67,0.05,9.99,192.6,0.6037,0.5884,orange,2,0.5,0.24,0.46,0.18,0.1284
859,30.99,78.21,30.55,2283.0,352.9,-0.1224,12.96,0.68,5.81,8.77,65.8,84.6,0.05,10.17,188.0,0.5093,0.5215,orange,2,0.34,0.22,0.44,0.22,0.1269
860,30.99,78.23,33.1,2593.0,129.1,-1.5,12.86,0.635,7.68,10.11,69.68,89.59,0.05,10.69,199.1,0.5285,0.609,orange,2,0.52,0.22,0.51,0.26,0.1226
861,30.99,78.25,21.62,2704.0,19.7,-1.2241,13.35,0.682,6.5,11.6,69.75,89.69,0.05,11.5,199.3,0.3902,0.4994,orange,2,0.36,0.3,0.4,0.26,0.1161
862,30.99,78.27,27.39,2782.0,135.3,0.3672,13.09,0.662,5.28,13.02,69.82,89.78,0.05,12.55,199.5,0.4335,0.56,orange,2,0.38,0.3,0.47,0.26,0.1083
863,30.99,78.29,35.92,3310.0,222.6,-1.2241,12.75,0.525,4.54,14.28,67.2,86.4,0.05,13.79,192.0,0.5128,0.6711,red,3,0.61,0.19,0.41,0.3,0.0997
864,30.99,78.31,29.92,4210.0,211.4,-1.5,12.98,0.13,4.54,12.55,62.3,80.1,0.05,15.16,178.0,0.4416,0.6246,orange,2,0.58,0.15,0.24,0.3,0.091
865,30.99,78.33,21.32,3682.0,33.4,0.2448,13.37,0.271,5.28,10.65,64.54,82.98,0.05,16.63,184.4,0.3607,0.3966,yellow,1,0.28,0.25,0.3,0.3,0.0825
866,30.99,78.35,55.74,3371.0,224.7,-1.5,12.05,0.515,6.5,8.76,65.48,84.19,0.05,18.19,187.1,0.5997,0.729,red,3,0.68,0.17,0.41,0.3,0.0744
867,30.99,78.37,27.04,3474.0,310.4,1.3465,13.1,0.432,7.68,6.86,64.22,82.58,0.05,19.8,183.5,0.4172,0.4598,orange,2,0.37,0.25,0.3,0.22,0.0668
868,30.99,78.39,36.28,3639.0,333.5,1.3465,12.74,0.328,5.81,4.97,62.82,80.78,0.05,21.47,179.5,0.5064,0.5115,orange,2,0.44,0.13,0.34,0.22,0.0598
869,30.99,78.41,33.37,2990.0,12.8,-0.4896,12.85,0.634,3.96,3.09,65.97,84.83,0.05,23.16,188.5,0.4845,0.5327,orange,2,0.41,0.24,0.44,0.13,0.0534
870,30.99,78.43,29.6,3588.0,273.8,-1.1017,12.99,0.355,2.2,1.27,62.93,80.91,0.05,24.89,179.8,0.4398,0.5214,orange,2,0.45,0.19,0.3,0.13,0.0476
871,30.99,78.45,37.6,3017.0,358.5,-0.9793,12.69,0.698,1.11,0.0,66.36,85.32,0.05,24.44,189.6,0.5277,0.601,orange,2,0.51,0.32,0.44,0.21,0.049
872,30.99,78.47,33.1,3642.0,146.4,-1.5,12.86,0.266,2.2,1.9,63.73,81.94,0.05,23.54,182.1,0.4767,0.6237,orange,2,0.55,0.23,0.41,0.13,0.0521
873,30.99,78.49,26.88,3835.0,282.9,-0.1224,13.11,0.211,3.96,3.8,63.45,81.59,0.05,22.76,181.3,0.4138,0.4506,orange,2,0.38,0.27,0.15,0.17,0.0548
874,30.99,78.51,42.87,4640.0,240.8,-1.5,12.5,0.165,5.81,5.7,59.85,76.95,0.05,22.11,171.0,0.5655,0.6586,red,3,0.62,0.13,0.24,0.22,0.0572
875,30.99,78.53,7.91,4798.0,332.2,-0.2448,14.4,0.179,7.68,7.6,59.36,76.32,0.05,20.41,169.6,0.2148,0.3482,yellow,1,0.21,0.29,0.08,0.22,0.0641
876,30.99,78.55,38.55,5028.0,253.8,1.1017,12.66,0.097,9.56,9.5,58.13,74.75,0.05,18.58,166.1,0.5184,0.599,orange,2,0.56,0.13,0.19,0.3,0.0725
877,30.99,78.57,13.54,5241.0,340.3,0.612,13.85,0.138,11.45,11.4,56.66,72.86,0.05,16.76,161.9,0.2649,0.3359,yellow,1,0.27,0.24,0.08,0.3,0.0818
878,30.99,78.59,14.18,4920.0,23.6,-0.4896,13.81,0.091,13.35,13.3,57.75,74.25,0.05,14.96,165.0,0.2738,0.3905,yellow,1,0.33,0.24,0.08,0.3,0.0922
879,30.99,78.61,34.1,3971.0,356.2,-0.1224,12.82,0.235,13.12,13.19,62.02,79.74,0.05,13.19,177.2,0.4828,0.4349,yellow,1,0.38,0.13,0.19,0.3,0.1038
880,30.99,78.63,37.93,3603.0,252.0,0.4896,12.68,0.284,11.35,11.46,63.28,81.36,0.05,11.46,180.8,0.5397,0.5716,orange,2,0.5,0.17,0.37,0.22,0.1164
881,30.99,78.65,23.44,3136.0,292.4,-0.4896,13.26,0.567,9.63,9.8,65.31,83.97,0.05,9.8,186.6,0.448,0.504,orange,2,0.31,0.25,0.42,0.22,0.1301
882,30.99,78.67,27.69,2763.0,215.9,0.0,13.07,0.62,8.0,8.23,67.16,86.36,0.05,8.23,191.9,0.5403,0.5809,orange,2,0.42,0.3,0.49,0.18,0.1444
883,30.99,78.69,51.64,3038.0,59.9,-0.612,12.2,0.641,6.5,6.85,65.97,84.83,0.05,6.85,188.5,0.7511,0.6495,orange,2,0.58,0.17,0.46,0.17,0.0151
884,30.99,78.71,42.25,2880.0,105.7,1.4689,12.53,0.625,5.28,5.76,67.34,86.58,0.05,5.76,192.4,0.7585,0.6149,orange,2,0.49,0.22,0.53,0.09,0.0255
885,30.99,78.73,35.81,3690.0,188.7,-1.5,12.76,0.26,4.54,5.16,63.8,82.04,0.05,5.16,182.3,0.7034,0.7051,red,3,0.64,0.19,0.51,0.13,0.0324
886,30.99,78.75,24.75,4561.0,210.6,-1.5,13.2,0.185,4.54,4.88,59.95,77.09,0.05,4.88,171.3,0.5921,0.5174,orange,2,0.44,0.23,0.3,0.13,0.0361
887,30.99,78.77,21.21,4538.0,101.2,-0.8569,13.38,0.201,5.28,3.9,60.58,77.89,0.05,3.9,173.1,0.5869,0.4398,yellow,1,0.36,0.21,0.26,0.17,0.0364
888,30.99,78.79,23.77,4391.0,22.7,-0.9793,13.25,0.204,5.63,3.71,61.53,79.11,0.05,3.71,175.8,0.6202,0.4176,yellow,1,0.34,0.21,0.23,0.17,0.0324
889,30.99,78.81,28.31,4151.0,30.7,0.1224,13.05,0.204,5.63,4.42,62.65,80.55,0.05,4.42,179.0,0.6474,0.4529,orange,2,0.38,0.21,0.23,0.17,0.0138
890,30.99,78.83,27.5,4320.0,8.5,1.5,13.08,0.127,6.24,5.7,61.28,78.8,0.05,5.7,175.1,0.5988,0.5058,orange,2,0.44,0.21,0.23,0.13,0.0089
891,30.99,78.85,30.55,4452.0,23.0,0.0,12.96,0.128,7.31,7.26,59.88,77.0,0.05,6.74,171.1,0.5957,0.4774,orange,2,0.42,0.13,0.23,0.13,0.0191
892,30.99,78.87,43.52,3940.0,306.3,-1.5,12.48,0.163,8.66,6.67,61.88,79.56,0.05,4.88,176.8,0.7844,0.6417,orange,2,0.6,0.13,0.25,0.17,0.0349
893,30.99,78.89,42.3,3558.0,130.1,-0.2448,12.52,0.334,8.77,4.78,63.28,81.36,0.05,3.06,180.8,0.8284,0.5551,orange,2,0.44,0.17,0.47,0.17,0.0696
894,30.99,78.91,36.96,3736.0,84.6,0.612,12.71,0.256,7.67,2.9,62.05,79.79,0.05,1.46,177.3,0.8188,0.5627,orange,2,0.48,0.13,0.46,0.13,0.1511
895,30.99,78.93,45.04,3631.0,97.9,-1.5,12.43,0.308,6.93,1.1,62.68,80.59,0.05,1.1,179.1,0.9112,0.6917,red,3,0.63,0.13,0.49,0.13,0.2115
896,30.99,78.95,40.35,3448.0,103.5,-1.5,12.59,0.401,6.66,1.1,64.02,82.31,0.05,1.1,182.9,0.8677,0.6609,red,3,0.59,0.17,0.49,0.13,0.1533
897,30.99,78.97,40.87,3639.0,100.7,0.0,12.57,0.268,6.93,2.9,63.66,81.86,0.05,2.9,181.9,0.8195,0.5865,orange,2,0.5,0.17,0.49,0.17,0.0673
898,30.99,78.99,30.1,3424.0,154.8,1.5,12.97,0.476,7.67,4.78,65.52,84.24,0.05,4.78,187.2,0.6613,0.585,orange,2,0.41,0.17,0.51,0.22,0.0335
899,30.99,79.01,20.0,3363.9,180.0,0.0,8.0,0.457,8.77,6.67,66.47,85.45,0.05,6.67,189.9,0.5073,0.4414,yellow,1,0.21,0.09,0.39,0.22,0.0112
900,30.99,79.03,20.0,3450.4,180.0,0.0,8.0,0.404,10.11,8.57,66.39,85.36,0.05,8.57,189.7,0.4519,0.4414,yellow,1,0.21,0.09,0.39,0.3,0.1412
901,30.99,79.05,20.0,3589.4,180.0,0.0,8.0,0.359,11.6,10.46,65.73,84.51,0.05,10.46,187.8,0.395,0.418,yellow,1,0.18,0.09,0.37,0.3,0.1244
902,31.01,77.85,20.0,2613.2,180.0,0.0,8.0,0.678,25.45,25.77,69.51,89.37,0.05,29.66,198.6,0.3589,0.5196,orange,2,0.2,0.14,0.47,0.33,0.0346
903,31.01,77.87,20.0,2445.5,180.0,0.0,8.0,0.67,24.03,24.03,70.42,90.54,0.05,28.16,201.2,0.361,0.5196,orange,2,0.2,0.14,0.47,0.29,0.0383
904,31.01,77.89,20.0,2377.3,180.0,0.0,8.0,0.675,22.31,22.31,70.21,90.27,0.05,26.71,200.6,0.3605,0.5196,orange,2,0.2,0.14,0.47,0.29,0.0421
905,31.01,77.91,20.0,2548.3,180.0,0.0,8.0,0.667,20.63,20.63,72.38,93.06,0.05,25.32,206.8,0.3654,0.5196,orange,2,0.2,0.14,0.47,0.26,0.0462
906,31.01,77.93,20.0,2412.5,180.0,0.0,8.0,0.625,18.99,18.99,70.91,91.17,0.05,24.01,202.6,0.3621,0.5251,orange,2,0.24,0.14,0.47,0.22,0.0505
907,31.01,77.95,20.0,2098.4,180.0,0.0,8.0,0.63,17.4,17.4,64.78,83.3,0.05,22.77,185.1,0.3481,0.4355,yellow,1,0.24,0.14,0.37,0.22,0.0548
908,31.01,77.97,20.0,2068.2,180.0,0.0,8.0,0.661,15.88,15.88,63.03,81.05,0.05,21.63,180.1,0.3441,0.429,yellow,1,0.2,0.14,0.37,0.22,0.0591
909,31.01,77.99,20.0,2100.1,180.0,0.0,8.0,0.628,14.46,14.46,62.27,80.06,0.05,20.18,177.9,0.3423,0.4297,yellow,1,0.24,0.1,0.37,0.14,0.0651
910,31.01,78.01,14.75,1277.0,28.5,1.5,13.76,0.703,13.15,13.15,47.39,60.93,0.05,18.45,135.4,0.2558,0.3893,yellow,1,0.18,0.33,0.14,0.14,0.0731
911,31.01,78.03,34.32,1167.0,297.2,-1.5,12.81,0.613,11.45,12.0,45.01,57.87,0.05,16.75,128.6,0.4461,0.4927,orange,2,0.44,0.22,0.12,0.14,0.0818
912,31.01,78.05,44.84,1507.0,64.7,-1.5,12.43,0.579,9.56,10.49,50.78,65.3,0.05,15.11,145.1,0.5645,0.6205,orange,2,0.57,0.22,0.22,0.14,0.0913
913,31.01,78.07,6.03,1466.0,237.5,0.7346,14.68,0.664,7.68,8.8,50.82,65.34,0.05,13.54,145.2,0.1765,0.4426,yellow,1,0.16,0.38,0.21,0.14,0.1014
914,31.01,78.09,32.84,2102.0,82.4,-0.9795,12.87,0.648,5.81,7.23,62.65,80.55,0.05,12.05,179.0,0.4716,0.5171,orange,2,0.44,0.18,0.34,0.14,0.1119
915,31.01,78.11,24.3,2494.0,152.8,0.857,13.22,0.628,3.96,5.84,70.56,90.72,0.05,10.71,201.6,0.442,0.589,orange,2,0.32,0.32,0.51,0.14,0.1224
916,31.01,78.13,15.61,2486.0,175.8,0.6122,13.7,0.65,2.2,4.83,71.57,92.03,0.05,9.55,204.5,0.3912,0.5774,orange,2,0.33,0.36,0.49,0.14,0.1323
917,31.01,78.15,30.14,3114.0,163.8,0.0,12.97,0.672,1.11,4.44,69.3,89.1,0.05,8.65,198.0,0.5575,0.6455,orange,2,0.39,0.32,0.57,0.3,0.1404
918,31.01,78.17,38.64,3138.0,300.6,0.7346,12.65,0.643,2.2,4.83,69.27,89.06,0.05,8.0,197.9,0.6614,0.5546,orange,2,0.46,0.23,0.46,0.22,0.0126
919,31.01,78.19,18.36,2984.0,340.0,-0.7346,13.53,0.637,3.96,5.84,69.51,89.37,0.05,7.77,198.6,0.4659,0.4787,orange,2,0.31,0.32,0.38,0.18,0.0133
920,31.01,78.21,31.11,3446.0,279.5,0.857,12.93,0.383,5.81,7.23,66.04,84.91,0.05,8.0,188.7,0.5788,0.4484,yellow,1,0.35,0.17,0.36,0.22,0.0126
921,31.01,78.23,29.65,2771.0,150.6,-1.5,12.99,0.652,7.68,8.8,68.28,87.8,0.05,8.65,195.1,0.5503,0.616,orange,2,0.5,0.22,0.53,0.26,0.1404
922,31.01,78.25,18.4,3362.0,273.3,1.5,13.53,0.462,8.18,10.1,63.94,82.22,0.05,9.64,182.7,0.3991,0.3777,yellow,1,0.27,0.25,0.28,0.3,0.1315
923,31.01,78.27,20.0,2496.3,180.0,0.0,8.0,0.704,7.24,11.36,67.55,86.85,0.05,10.87,193.0,0.3874,0.5196,orange,2,0.2,0.14,0.47,0.22,0.1211
924,31.01,78.29,32.38,3407.0,159.8,0.3673,12.88,0.477,6.73,12.78,62.58,80.46,0.05,12.27,178.8,0.4668,0.5274,orange,2,0.39,0.13,0.45,0.3,0.1103
925,31.01,78.31,20.0,3904.0,180.0,0.0,8.0,0.24,6.73,12.84,60.34,77.58,0.05,13.8,172.4,0.3379,0.2991,yellow,1,0.24,0.05,0.22,0.3,0.0997
926,31.01,78.33,15.24,4270.0,324.6,-1.5,13.73,0.204,7.24,11.0,59.36,76.32,0.05,15.4,169.6,0.2881,0.4492,yellow,1,0.4,0.21,0.08,0.3,0.0895
927,31.01,78.35,32.63,4285.0,133.3,0.857,12.88,0.152,8.18,9.17,60.55,77.85,0.05,17.07,173.0,0.4647,0.4672,orange,2,0.4,0.13,0.28,0.3,0.0801
928,31.01,78.37,20.0,2793.0,180.0,0.0,8.0,0.634,7.68,7.38,69.65,89.55,0.05,18.78,199.0,0.3592,0.5251,orange,2,0.24,0.14,0.47,0.18,0.0715
929,31.01,78.39,6.06,3211.0,27.2,-0.9795,14.67,0.59,5.81,5.67,68.46,88.02,0.05,20.53,195.6,0.2171,0.418,yellow,1,0.24,0.33,0.26,0.22,0.0636
930,31.01,78.41,20.0,3211.1,180.0,0.0,8.0,0.553,3.96,4.12,68.91,88.61,0.05,22.3,196.9,0.3575,0.4261,yellow,1,0.21,0.11,0.37,0.22,0.0565
931,31.01,78.43,36.81,3896.0,142.7,0.9795,12.72,0.189,2.2,2.92,65.13,83.75,0.05,24.09,186.1,0.517,0.5907,orange,2,0.53,0.23,0.26,0.17,0.0502
932,31.01,78.45,20.0,3650.0,180.0,0.0,8.0,0.269,1.11,2.22,65.62,84.38,0.05,25.89,187.5,0.35,0.4556,orange,2,0.28,0.24,0.37,0.25,0.0445
933,31.01,78.47,32.93,3896.0,225.0,0.4897,12.86,0.193,2.2,2.92,63.14,81.18,0.05,25.55,180.4,0.4736,0.4861,orange,2,0.41,0.23,0.26,0.17,0.0455
934,31.01,78.49,15.09,4822.0,119.4,0.6122,13.74,0.113,3.96,4.4,56.94,73.22,0.05,23.74,162.7,0.2811,0.4023,yellow,1,0.34,0.23,0.11,0.22,0.0514
935,31.01,78.51,21.94,5123.0,123.5,-0.7346,13.34,0.13,5.81,6.12,54.28,69.8,0.05,21.85,155.1,0.3435,0.4648,orange,2,0.4,0.21,0.19,0.22,0.0582
936,31.01,78.53,20.0,3189.0,180.0,0.0,8.0,0.625,7.68,7.92,63.8,82.04,0.05,19.97,182.3,0.3458,0.5147,orange,2,0.21,0.09,0.47,0.22,0.066
937,31.01,78.55,40.62,5512.0,141.5,0.6122,12.58,0.125,9.56,9.76,51.62,66.38,0.05,18.09,147.5,0.5242,0.6036,orange,2,0.56,0.13,0.23,0.3,0.0748
938,31.01,78.57,16.55,5493.0,335.0,-0.1224,13.64,0.07,11.45,11.61,52.36,67.32,0.05,16.22,149.6,0.2852,0.3757,yellow,1,0.32,0.21,0.08,0.3,0.0848
939,31.01,78.59,29.22,5124.0,282.2,0.4897,13.01,0.138,13.35,13.48,55.41,71.24,0.05,14.35,158.3,0.4188,0.473,orange,2,0.42,0.21,0.12,0.3,0.096
940,31.01,78.61,38.62,5057.0,273.1,0.9795,12.65,0.139,12.55,12.5,57.05,73.35,0.05,12.5,163.0,0.5166,0.5588,orange,2,0.52,0.13,0.16,0.3,0.1087
941,31.01,78.63,37.45,4642.0,2.4,-0.6122,12.7,0.127,10.68,10.66,60.44,77.72,0.05,10.66,172.7,0.5518,0.6194,orange,2,0.58,0.13,0.21,0.3,0.1228
942,31.01,78.65,20.0,2894.9,180.0,0.0,8.0,0.673,8.83,8.84,70.38,90.5,0.05,8.84,201.1,0.4529,0.5338,orange,2,0.17,0.14,0.49,0.18,0.1386
943,31.01,78.67,31.96,3758.0,224.0,-1.5,12.9,0.229,7.01,7.08,66.04,84.91,0.05,7.08,188.7,0.6142,0.6127,orange,2,0.54,0.17,0.43,0.22,0.0142
944,31.01,78.69,48.5,3475.0,320.6,-0.2449,12.31,0.417,5.24,5.4,67.06,86.22,0.05,5.4,191.6,0.7959,0.5923,orange,2,0.52,0.17,0.4,0.22,0.0231
945,31.01,78.71,25.56,2589.0,41.3,0.857,13.17,0.598,3.61,3.92,70.7,90.9,0.05,3.92,202.0,0.6527,0.5537,orange,2,0.38,0.32,0.46,0.13,0.0453
946,31.01,78.73,20.0,2741.5,180.0,0.0,8.0,0.647,2.41,2.98,68.63,88.25,0.05,2.98,196.1,0.6198,0.6392,orange,2,0.25,0.2,0.59,0.09,0.0694
947,31.01,78.75,31.32,3782.0,67.6,1.5,12.93,0.233,2.41,3.1,61.91,79.61,0.05,3.1,176.9,0.7142,0.501,orange,2,0.41,0.19,0.4,0.13,0.0759
948,31.01,78.77,39.9,3963.0,107.4,-0.857,12.61,0.151,3.61,1.96,60.02,77.17,0.05,1.96,171.5,0.829,0.6179,orange,2,0.56,0.15,0.34,0.13,0.0769
949,31.01,78.79,20.0,3116.0,180.0,0.0,8.0,0.655,3.46,1.55,64.12,82.44,0.05,1.55,183.2,0.6513,0.6221,orange,2,0.17,0.11,0.59,0.13,0.0716
950,31.01,78.81,39.63,3761.0,192.7,-1.5,12.62,0.175,3.46,2.86,61.01,78.44,0.05,2.86,174.3,0.8023,0.7085,red,3,0.64,0.15,0.57,0.17,0.0397
951,31.01,78.83,20.0,4361.0,180.0,0.0,8.0,0.174,4.38,4.6,58.73,75.51,0.05,4.6,167.8,0.55,0.316,yellow,1,0.24,0.07,0.25,0.17,0.0129
952,31.01,78.85,27.4,4307.0,44.7,0.3673,13.09,0.215,5.8,6.43,60.23,77.44,0.05,6.43,172.1,0.574,0.447,yellow,1,0.38,0.21,0.19,0.17,0.0205
953,31.01,78.87,44.8,3279.0,77.1,-1.5,12.44,0.516,7.44,6.86,66.95,86.09,0.05,4.88,191.3,0.8088,0.6348,orange,2,0.57,0.17,0.4,0.13,0.0344
954,31.01,78.89,58.58,3222.0,238.3,-1.3468,11.94,0.605,7.23,5.03,68.28,87.8,0.05,3.06,195.1,0.8669,0.6839,red,3,0.62,0.17,0.47,0.13,0.0679
955,31.01,78.91,20.0,3197.1,180.0,0.0,8.0,0.615,5.84,3.3,68.95,88.65,0.05,1.46,197.0,0.665,0.6246,orange,2,0.21,0.09,0.59,0.13,0.1439
956,31.01,78.93,20.0,3071.0,180.0,0.0,8.0,0.653,4.83,1.92,69.51,89.37,0.05,1.46,198.6,0.6663,0.6221,orange,2,0.17,0.11,0.59,0.13,0.1781
957,31.01,78.95,20.0,3071.0,180.0,0.0,8.0,0.626,4.44,1.92,68.77,88.42,0.05,1.92,196.5,0.6513,0.6265,orange,2,0.21,0.11,0.59,0.13,0.12
958,31.01,78.97,20.0,3199.9,180.0,0.0,8.0,0.621,4.83,3.3,66.95,86.09,0.05,3.3,191.3,0.6068,0.5719,orange,2,0.21,0.11,0.53,0.17,0.0601
959,31.01,78.99,20.0,3240.0,180.0,0.0,8.0,0.532,5.84,5.03,65.45,84.15,0.05,5.03,187.0,0.5528,0.4781,orange,2,0.21,0.09,0.43,0.22,0.0318
960,31.01,79.01,20.0,3325.8,180.0,0.0,8.0,0.511,7.23,6.86,63.84,82.08,0.05,6.86,182.4,0.496,0.4414,yellow,1,0.21,0.09,0.39,0.22,0.0106
961,31.01,79.03,20.0,3502.2,180.0,0.0,8.0,0.427,8.8,8.71,62.23,80.01,0.05,8.71,177.8,0.4382,0.4304,yellow,1,0.18,0.05,0.39,0.3,0.1399
962,31.01,79.05,20.0,3548.7,180.0,0.0,8.0,0.316,10.49,10.58,61.88,79.56,0.05,10.58,176.8,0.3828,0.4118,yellow,1,0.18,0.05,0.37,0.3,0.1235
963,31.03,77.85,20.0,2710.4,180.0,0.0,8.0,0.663,23.65,24.99,69.09,88.83,0.05,31.04,197.4,0.3579,0.5196,orange,2,0.2,0.14,0.47,0.33,0.0316
964,31.03,77.87,20.0,2499.2,180.0,0.0,8.0,0.659,22.55,23.19,72.97,93.83,0.05,29.61,208.5,0.3668,0.5196,orange,2,0.2,0.14,0.47,0.29,0.0347
965,31.03,77.89,20.0,2461.5,180.0,0.0,8.0,0.678,21.41,21.41,74.38,95.62,0.05,28.23,212.5,0.37,0.5196,orange,2,0.2,0.14,0.47,0.29,0.0381
966,31.03,77.91,20.0,2205.3,180.0,0.0,8.0,0.699,19.65,19.65,70.88,91.12,0.05,26.76,202.5,0.362,0.5196,orange,2,0.2,0.14,0.47,0.22,0.042
967,31.03,77.93,20.0,2047.9,180.0,0.0,8.0,0.697,17.92,17.92,67.62,86.94,0.05,24.9,193.2,0.3546,0.429,yellow,1,0.2,0.14,0.37,0.22,0.0475
968,31.03,77.95,20.0,2232.6,180.0,0.0,8.0,0.623,16.23,16.23,68.84,88.52,0.05,23.06,196.7,0.3574,0.5251,orange,2,0.24,0.14,0.47,0.22,0.0537
969,31.03,77.97,20.0,2285.6,180.0,0.0,8.0,0.694,14.59,14.59,67.02,86.17,0.05,21.22,191.5,0.3532,0.5196,orange,2,0.2,0.14,0.47,0.22,0.0607
970,31.03,77.99,20.0,2053.9,180.0,0.0,8.0,0.623,13.02,13.02,60.27,77.49,0.05,19.4,172.2,0.3378,0.4297,yellow,1,0.24,0.1,0.37,0.14,0.0686
971,31.03,78.01,32.89,1748.0,81.6,1.5,12.87,0.669,11.55,11.55,52.81,67.91,0.05,17.6,150.9,0.4496,0.4087,yellow,1,0.33,0.22,0.22,0.14,0.0773
972,31.03,78.03,36.16,1487.0,222.5,1.5,12.74,0.747,10.23,10.23,47.21,60.71,0.05,15.82,134.9,0.4695,0.5409,orange,2,0.47,0.22,0.29,0.09,0.0871
973,31.03,78.05,7.04,1166.0,125.0,0.3674,14.52,0.623,9.11,9.11,42.03,54.05,0.05,14.06,120.1,0.1665,0.4286,yellow,1,0.17,0.38,0.11,0.09,0.0979
974,31.03,78.07,22.0,1904.0,100.8,0.0,13.34,0.651,8.28,7.92,56.0,72.0,0.05,12.36,160.0,0.348,0.3777,yellow,1,0.26,0.26,0.28,0.09,0.1097
975,31.03,78.09,35.63,1748.0,199.5,-0.3674,12.76,0.664,6.6,6.12,55.93,71.91,0.05,10.71,159.8,0.5217,0.5802,orange,2,0.51,0.22,0.33,0.09,0.1224
976,31.03,78.11,14.71,2392.0,114.5,-0.6123,13.77,0.714,5.05,4.4,69.65,89.55,0.05,9.17,199.0,0.3889,0.5004,orange,2,0.27,0.33,0.41,0.14,0.1357
977,31.03,78.13,29.52,2500.0,61.6,0.9797,13.0,0.677,3.83,2.92,73.99,95.13,0.05,7.79,211.4,0.5872,0.5067,orange,2,0.34,0.24,0.42,0.09,0.0305
978,31.03,78.15,21.25,2965.0,175.2,-1.3471,13.37,0.69,3.33,2.22,73.11,94.01,0.05,6.66,208.9,0.5353,0.6106,orange,2,0.37,0.32,0.53,0.13,0.0411
979,31.03,78.17,23.87,3460.0,78.3,1.5,13.24,0.363,3.83,2.92,70.7,90.9,0.05,5.87,202.0,0.5792,0.4497,yellow,1,0.27,0.27,0.36,0.17,0.0514
980,31.03,78.19,2.56,3236.0,65.0,0.3674,15.54,0.559,5.05,4.4,70.7,90.9,0.05,5.55,202.0,0.3753,0.4796,orange,2,0.18,0.4,0.32,0.22,0.0551
981,31.03,78.21,23.56,3267.0,105.1,0.1225,13.26,0.494,6.6,6.12,68.22,87.7,0.05,5.87,194.9,0.5704,0.4728,orange,2,0.27,0.25,0.39,0.22,0.049
982,31.03,78.23,19.06,3297.0,76.6,0.9797,13.49,0.563,8.3,7.18,65.17,83.79,0.05,6.73,186.2,0.4934,0.3745,yellow,1,0.25,0.25,0.28,0.22,0.038
983,31.03,78.25,9.44,3315.0,103.1,0.2449,14.22,0.482,10.07,8.45,62.37,80.19,0.05,7.96,178.2,0.3549,0.4024,yellow,1,0.22,0.29,0.31,0.3,0.0127
984,31.03,78.27,19.41,3526.0,316.4,-0.1225,13.47,0.42,9.33,9.93,59.39,76.36,0.05,9.41,169.7,0.4054,0.3187,yellow,1,0.22,0.21,0.23,0.3,0.1335
985,31.03,78.29,33.92,3632.0,159.2,-0.4898,12.83,0.309,8.93,11.52,58.2,74.84,0.05,11.0,166.3,0.5013,0.5032,orange,2,0.42,0.13,0.4,0.3,0.1201
986,31.03,78.31,12.36,4130.0,119.7,-1.5,13.95,0.181,8.93,13.2,56.42,72.54,0.05,12.68,161.2,0.2526,0.4312,yellow,1,0.37,0.24,0.11,0.3,0.1074
987,31.03,78.33,28.7,3968.0,50.3,-0.4898,13.03,0.235,9.33,11.75,59.32,76.28,0.05,14.41,169.5,0.4226,0.4886,orange,2,0.44,0.21,0.1,0.3,0.0956
988,31.03,78.35,22.94,4397.0,75.1,1.5,13.29,0.202,10.07,10.07,59.85,76.95,0.05,16.18,171.0,0.3662,0.3723,yellow,1,0.3,0.21,0.17,0.3,0.085
989,31.03,78.37,20.17,4615.0,296.8,-1.5,13.43,0.152,8.3,8.47,61.53,79.11,0.05,17.98,175.8,0.3423,0.462,orange,2,0.4,0.21,0.17,0.3,0.0754
990,31.03,78.39,26.05,4056.0,354.8,1.4695,13.15,0.155,6.6,7.03,66.64,85.68,0.05,19.79,190.4,0.4128,0.4679,orange,2,0.4,0.25,0.17,0.22,0.0668
991,31.03,78.41,60.08,3923.0,164.3,-1.5,11.88,0.154,5.05,5.84,68.36,87.89,0.05,21.62,195.3,0.6062,0.7115,red,3,0.67,0.17,0.3,0.22,0.0591
992,31.03,78.43,39.55,4402.0,225.7,0.1225,12.62,0.133,3.83,4.83,65.41,84.11,0.05,23.47,186.9,0.545,0.5975,orange,2,0.54,0.19,0.28,0.22,0.0523
993,31.03,78.45,3.9,4706.0,13.8,0.1225,15.12,0.146,3.33,4.44,62.05,79.79,0.05,25.32,177.3,0.1808,0.4446,yellow,1,0.25,0.38,0.13,0.22,0.0462
994,31.03,78.47,47.43,4926.0,129.3,1.5,12.34,0.113,3.83,4.83,58.27,74.92,0.05,25.47,166.5,0.5832,0.6684,red,3,0.63,0.15,0.23,0.22,0.0458
995,31.03,78.49,13.66,4991.0,270.0,-1.2246,13.84,0.102,5.05,5.84,55.05,70.79,0.05,23.57,157.3,0.2624,0.445,yellow,1,0.39,0.24,0.08,0.22,0.0519
996,31.03,78.51,21.21,4737.0,156.0,0.0,13.38,0.172,6.6,7.23,53.97,69.39,0.05,21.67,154.2,0.3355,0.3999,yellow,1,0.32,0.21,0.23,0.22,0.059
997,31.03,78.53,15.95,5244.0,30.7,1.1021,13.68,0.149,8.3,8.8,49.91,64.17,0.05,19.77,142.6,0.2736,0.3941,yellow,1,0.34,0.21,0.08,0.3,0.0669
998,31.03,78.55,6.52,4955.0,106.8,-0.8572,14.6,0.143,10.07,10.49,51.45,66.15,0.05,17.87,147.0,0.1828,0.404,yellow,1,0.33,0.29,0.11,0.3,0.0759
999,31.03,78.57,20.0,3187.6,180.0,0.0,8.0,0.608,11.88,12.23,62.12,79.88,0.05,15.97,177.5,0.342,0.5097,orange,2,0.21,0.05,0.47,0.3,0.0862
1000,31.03,78.59,8.84,5249.0,40.6,-0.1225,14.29,0.087,13.71,14.02,53.76,69.12,0.05,14.08,153.6,0.2113,0.3599,yellow,1,0.27,0.29,0.08,0.3,0.0978
1001,31.03,78.61,18.67,4915.0,108.8,0.3674,13.51,0.174,12.35,12.18,58.38,75.06,0.05,12.18,166.8,0.3201,0.3623,yellow,1,0.3,0.21,0.11,0.3,0.111
1002,31.03,78.63,25.3,4693.0,71.9,1.1021,13.18,0.19,10.45,10.28,62.19,79.97,0.05,10.28,177.7,0.4453,0.462,orange,2,0.4,0.21,0.17,0.3,0.126
1003,31.03,78.65,20.0,3002.8,180.0,0.0,8.0,0.731,8.55,8.39,72.77,93.56,0.05,8.39,207.9,0.4717,0.5274,orange,2,0.17,0.09,0.49,0.3,0.1429
1004,31.03,78.67,35.31,4278.0,341.3,1.1021,12.77,0.175,6.65,6.49,66.47,85.45,0.05,6.49,189.9,0.6656,0.5541,orange,2,0.5,0.17,0.23,0.22,0.0166
1005,31.03,78.69,17.66,3526.0,39.5,0.1225,13.57,0.33,4.75,4.61,69.41,89.24,0.05,4.61,198.3,0.5508,0.4078,yellow,1,0.22,0.27,0.32,0.22,0.0303
1006,31.03,78.71,20.88,2618.0,292.6,-0.6123,13.39,0.671,2.85,2.74,71.96,92.52,0.05,2.74,205.6,0.6433,0.6004,orange,2,0.31,0.36,0.52,0.13,0.0725
1007,31.03,78.73,29.73,2929.0,88.6,1.3471,12.99,0.602,0.95,1.01,67.52,86.81,0.05,1.01,192.9,0.7721,0.6105,orange,2,0.41,0.37,0.52,0.17,0.163
1008,31.03,78.75,33.28,2744.0,78.8,0.3674,12.85,0.59,0.95,1.32,65.69,84.47,0.05,1.32,187.7,0.7945,0.6438,orange,2,0.42,0.37,0.56,0.17,0.155
1009,31.03,78.77,19.64,2934.0,87.0,0.6123,13.46,0.639,2.85,1.54,62.68,80.59,0.05,1.54,179.1,0.6448,0.5575,orange,2,0.26,0.32,0.48,0.09,0.107
1010,31.03,78.79,19.67,3049.0,94.5,0.2449,13.46,0.644,1.46,0.96,61.28,78.8,0.05,0.96,175.1,0.6587,0.5921,orange,2,0.31,0.36,0.51,0.21,0.0925
1011,31.03,78.81,41.36,3371.0,171.0,-0.9797,12.56,0.444,1.46,2.59,60.23,77.44,0.05,2.59,172.1,0.8258,0.6749,red,3,0.59,0.28,0.57,0.25,0.0453
1012,31.03,78.83,44.06,3631.0,114.2,1.5,12.46,0.279,3.06,4.44,60.76,78.12,0.05,4.44,173.6,0.8,0.5942,orange,2,0.52,0.15,0.43,0.22,0.0137
1013,31.03,78.85,34.3,3246.0,123.2,-1.5,12.81,0.572,4.88,6.32,65.52,84.24,0.05,6.32,187.2,0.6585,0.5724,orange,2,0.49,0.19,0.43,0.22,0.0185
1014,31.03,78.87,19.1,2715.0,349.2,1.5,13.49,0.703,6.74,7.7,71.16,91.49,0.05,5.8,203.3,0.5344,0.5039,orange,2,0.26,0.3,0.42,0.13,0.0261
1015,31.03,78.89,20.0,3228.5,180.0,0.0,8.0,0.537,6.12,6.14,70.77,90.99,0.05,4.38,202.2,0.5839,0.4781,orange,2,0.21,0.09,0.43,0.17,0.0414
1016,31.03,78.91,20.0,3189.7,180.0,0.0,8.0,0.604,4.4,4.82,72.13,92.75,0.05,3.46,206.1,0.6139,0.5719,orange,2,0.21,0.11,0.53,0.17,0.0612
1017,31.03,78.93,20.0,3241.3,180.0,0.0,8.0,0.5,2.92,4.0,71.64,92.11,0.05,3.46,204.7,0.6128,0.4876,orange,2,0.22,0.15,0.43,0.17,0.0683
1018,31.03,78.95,20.0,3274.4,180.0,0.0,8.0,0.544,2.22,4.0,69.89,89.86,0.05,4.0,199.7,0.5931,0.4876,orange,2,0.22,0.15,0.43,0.17,0.0555
1019,31.03,78.97,20.0,3270.7,180.0,0.0,8.0,0.55,2.92,4.82,67.34,86.58,0.05,4.82,192.4,0.5634,0.4876,orange,2,0.22,0.15,0.43,0.22,0.0374
1020,31.03,78.99,20.0,3311.4,180.0,0.0,8.0,0.462,4.4,6.14,64.26,82.62,0.05,6.14,183.6,0.5179,0.4443,yellow,1,0.21,0.11,0.39,0.22,0.0241
1021,31.03,79.01,20.0,3390.1,180.0,0.0,8.0,0.418,6.12,7.7,61.32,78.84,0.05,7.7,175.2,0.4655,0.4357,yellow,1,0.21,0.05,0.39,0.22,0.0086
1022,31.03,79.03,20.0,3377.5,180.0,0.0,8.0,0.445,7.92,9.39,59.81,76.91,0.05,9.39,170.9,0.4128,0.4357,yellow,1,0.21,0.05,0.39,0.3,0.1337
1023,31.03,79.05,20.0,3427.9,180.0,0.0,8.0,0.423,9.76,11.15,59.39,76.36,0.05,11.15,169.7,0.3606,0.3709,yellow,1,0.21,0.05,0.32,0.3,0.1189
1024,31.05,77.85,20.0,2870.9,180.0,0.0,8.0,0.656,21.92,24.39,68.28,87.8,0.05,32.02,195.1,0.3561,0.5155,orange,2,0.17,0.14,0.47,0.33,0.0296
1025,31.05,77.87,20.0,2765.2,180.0,0.0,8.0,0.695,20.73,22.54,72.17,92.79,0.05,30.14,206.2,0.365,0.5196,orange,2,0.2,0.14,0.47,0.33,0.0335
1026,31.05,77.89,20.0,2274.8,180.0,0.0,8.0,0.676,19.66,20.71,72.24,92.88,0.05,28.25,206.4,0.3651,0.5196,orange,2,0.2,0.14,0.47,0.29,0.038
1027,31.05,77.91,20.0,2013.9,180.0,0.0,8.0,0.637,18.72,18.88,68.84,88.52,0.05,26.37,196.7,0.3574,0.4355,yellow,1,0.24,0.14,0.37,0.22,0.0431
1028,31.05,77.93,20.0,2183.9,180.0,0.0,8.0,0.617,17.08,17.08,70.94,91.22,0.05,24.48,202.7,0.3622,0.4355,yellow,1,0.24,0.14,0.37,0.22,0.0489
1029,31.05,77.95,20.0,2245.9,180.0,0.0,8.0,0.697,15.29,15.29,69.72,89.64,0.05,22.61,199.2,0.3594,0.5196,orange,2,0.2,0.14,0.47,0.22,0.0554
1030,31.05,77.97,20.0,2120.5,180.0,0.0,8.0,0.635,13.54,13.54,64.36,82.76,0.05,20.73,183.9,0.3471,0.4355,yellow,1,0.24,0.14,0.37,0.22,0.0628
1031,31.05,77.99,20.0,2071.5,180.0,0.0,8.0,0.667,11.83,11.83,60.13,77.31,0.05,18.86,171.8,0.3374,0.4229,yellow,1,0.2,0.1,0.37,0.14,0.0711
1032,31.05,78.01,40.32,1691.0,239.2,-0.1225,12.59,0.582,10.19,10.19,50.96,65.52,0.05,17.0,145.6,0.5197,0.5409,orange,2,0.47,0.22,0.29,0.14,0.0805
1033,31.05,78.03,26.03,2129.0,124.8,-1.5,13.15,0.606,8.66,8.66,56.87,73.12,0.05,15.15,162.5,0.3903,0.5915,orange,2,0.52,0.26,0.32,0.09,0.0911
1034,31.05,78.05,13.17,1306.0,226.6,1.5,13.88,0.627,7.31,7.31,43.3,55.66,0.05,13.31,123.7,0.2307,0.367,yellow,1,0.24,0.29,0.16,0.05,0.103
1035,31.05,78.07,3.21,1195.0,139.4,0.1225,15.31,0.664,6.24,6.24,43.3,55.66,0.05,11.49,123.7,0.146,0.4902,orange,2,0.15,0.45,0.11,0.05,0.1162
1036,31.05,78.09,15.21,1566.0,125.0,-1.2249,13.73,0.677,5.63,5.63,52.57,67.59,0.05,9.7,150.2,0.3394,0.4399,yellow,1,0.35,0.3,0.23,0.09,0.131
1037,31.05,78.11,21.12,1772.0,99.9,0.245,13.38,0.645,5.63,3.8,59.5,76.5,0.05,7.96,170.0,0.465,0.392,yellow,1,0.27,0.3,0.23,0.09,0.017
1038,31.05,78.13,31.44,2249.0,99.3,-0.1225,12.92,0.635,5.87,1.9,70.56,90.72,0.05,6.32,201.6,0.6414,0.5714,orange,2,0.4,0.22,0.49,0.05,0.0441
1039,31.05,78.15,38.18,2857.0,56.0,-1.4698,12.67,0.612,5.55,0.0,74.76,96.12,0.05,4.87,213.6,0.7608,0.6487,orange,2,0.57,0.22,0.5,0.09,0.0704
1040,31.05,78.17,17.68,2799.0,195.5,0.4899,13.57,0.664,5.87,1.9,75.32,96.84,0.05,3.83,215.2,0.5873,0.5999,orange,2,0.28,0.3,0.53,0.09,0.1072
1041,31.05,78.19,20.38,2743.0,56.0,0.6124,13.42,0.671,6.73,3.58,74.16,95.36,0.05,3.33,211.9,0.6262,0.5358,orange,2,0.24,0.3,0.46,0.13,0.1248
1042,31.05,78.21,26.91,2666.0,119.6,1.3474,13.11,0.612,7.96,4.27,71.78,92.3,0.05,3.83,205.1,0.6714,0.5809,orange,2,0.42,0.3,0.49,0.18,0.0973
1043,31.05,78.23,20.65,2656.0,92.2,1.5,13.41,0.629,9.41,5.56,68.42,87.98,0.05,5.05,195.5,0.5655,0.5702,orange,2,0.32,0.3,0.49,0.18,0.0618
1044,31.05,78.25,50.36,3167.0,200.0,-1.5,12.24,0.621,11.0,7.12,62.51,80.37,0.05,6.6,178.6,0.7503,0.7401,red,3,0.68,0.13,0.57,0.22,0.0389
1045,31.05,78.27,24.19,2951.0,51.6,-1.2249,13.23,0.684,11.46,8.82,61.35,78.89,0.05,8.3,175.3,0.4901,0.5077,orange,2,0.33,0.26,0.42,0.26,0.1438
1046,31.05,78.29,20.0,2591.5,180.0,0.0,8.0,0.614,11.14,10.59,62.51,80.37,0.05,10.07,178.6,0.3993,0.5202,orange,2,0.24,0.1,0.47,0.26,0.1278
1047,31.05,78.31,31.06,3488.0,105.9,-1.3474,12.94,0.39,11.14,12.39,58.8,75.6,0.05,11.88,168.0,0.4486,0.5525,orange,2,0.49,0.13,0.32,0.3,0.1133
1048,31.05,78.33,14.86,3473.0,211.3,-1.5,13.76,0.425,11.46,12.86,61.32,78.84,0.05,13.71,175.2,0.2888,0.4542,orange,2,0.36,0.24,0.33,0.3,0.1002
1049,31.05,78.35,34.09,4238.0,279.2,0.8574,12.82,0.133,11.0,11.33,60.66,77.99,0.05,15.56,173.3,0.4795,0.4744,orange,2,0.42,0.13,0.21,0.3,0.0886
1050,31.05,78.37,31.77,4059.0,181.1,-0.1225,12.91,0.192,9.41,9.94,64.96,83.52,0.05,17.42,185.6,0.4662,0.4958,orange,2,0.42,0.17,0.32,0.3,0.0783
1051,31.05,78.39,16.05,4581.0,9.7,0.6124,13.67,0.113,7.96,8.74,64.82,83.34,0.05,19.29,185.2,0.3087,0.3909,yellow,1,0.32,0.25,0.13,0.3,0.0691
1052,31.05,78.41,20.0,3419.7,180.0,0.0,8.0,0.442,6.73,7.67,72.13,92.75,0.05,21.16,206.1,0.3649,0.4231,yellow,1,0.21,0.09,0.37,0.22,0.061
1053,31.05,78.43,17.32,4245.0,103.1,0.0,13.59,0.176,5.87,6.93,67.3,86.54,0.05,23.04,192.3,0.327,0.3777,yellow,1,0.3,0.25,0.16,0.22,0.0538
1054,31.05,78.45,15.49,4302.0,8.4,0.0,13.71,0.179,5.55,6.66,64.92,83.48,0.05,24.92,185.5,0.3033,0.3551,yellow,1,0.28,0.25,0.13,0.22,0.0475
1055,31.05,78.47,20.0,3022.3,180.0,0.0,8.0,0.651,5.87,6.93,68.46,88.02,0.05,25.51,195.6,0.3565,0.5089,orange,2,0.17,0.09,0.47,0.22,0.0456
1056,31.05,78.49,29.19,4645.0,161.4,-0.1225,13.01,0.136,6.73,7.67,56.49,72.63,0.05,23.61,161.4,0.421,0.5235,orange,2,0.46,0.21,0.23,0.22,0.0518
1057,31.05,78.51,20.0,3525.7,180.0,0.0,8.0,0.373,7.96,8.77,59.46,76.45,0.05,21.72,169.9,0.3359,0.3651,yellow,1,0.18,0.05,0.32,0.3,0.0588
1058,31.05,78.53,14.69,5121.0,25.6,-0.3675,13.77,0.088,9.41,10.11,49.45,63.59,0.05,19.82,141.3,0.2599,0.3905,yellow,1,0.33,0.24,0.08,0.3,0.0667
1059,31.05,78.55,9.91,4633.0,85.3,0.3675,14.17,0.124,11.0,11.6,52.04,66.91,0.05,17.93,148.7,0.2181,0.3599,yellow,1,0.27,0.29,0.08,0.3,0.0757
1060,31.05,78.57,14.44,5169.0,70.7,-0.7349,13.79,0.132,12.68,13.2,50.89,65.43,0.05,16.04,145.4,0.2607,0.3905,yellow,1,0.33,0.24,0.08,0.3,0.0858
1061,31.05,78.59,32.37,5205.0,128.2,-0.3675,12.88,0.081,14.41,14.15,53.62,68.94,0.05,14.15,153.2,0.4463,0.5495,orange,2,0.5,0.13,0.23,0.3,0.0974
1062,31.05,78.61,35.82,5387.0,259.1,-1.3474,12.76,0.113,12.55,12.26,56.1,72.14,0.05,12.26,160.3,0.4864,0.6901,red,3,0.66,0.13,0.19,0.3,0.1104
1063,31.05,78.63,30.38,5085.0,0.8,-0.1225,12.96,0.159,10.68,10.38,60.86,78.26,0.05,10.38,173.9,0.4903,0.4382,yellow,1,0.38,0.13,0.21,0.3,0.1252
1064,31.05,78.65,12.13,4459.0,334.3,-0.7349,13.97,0.159,8.83,8.5,66.18,85.09,0.05,8.5,189.1,0.3746,0.3726,yellow,1,0.29,0.28,0.15,0.3,0.1418
1065,31.05,78.67,32.63,3637.0,99.3,1.1024,12.88,0.303,7.01,6.64,70.98,91.26,0.05,6.64,202.8,0.6447,0.4758,orange,2,0.36,0.17,0.39,0.22,0.0159
1066,31.05,78.69,32.18,3145.0,32.7,-0.8574,12.89,0.605,5.24,4.82,72.34,93.02,0.05,4.82,206.7,0.6966,0.5765,orange,2,0.41,0.17,0.5,0.22,0.0281
1067,31.05,78.71,20.0,3215.0,180.0,0.0,8.0,0.521,3.61,3.08,69.33,89.14,0.05,3.08,198.1,0.6186,0.4808,orange,2,0.21,0.11,0.43,0.17,0.062
1068,31.05,78.73,38.1,3288.0,281.1,0.7349,12.67,0.516,2.41,1.73,65.56,84.29,0.05,1.73,187.3,0.8304,0.5546,orange,2,0.46,0.23,0.46,0.13,0.1178
1069,31.05,78.75,33.98,2615.0,162.5,0.8574,12.82,0.655,2.41,1.93,65.8,84.6,0.05,1.93,188.0,0.784,0.7255,red,3,0.39,0.28,0.67,0.09,0.1132
1070,31.05,78.77,40.67,3194.0,286.0,0.7349,12.58,0.601,3.06,3.28,60.3,77.54,0.05,3.28,172.3,0.7989,0.5799,orange,2,0.45,0.15,0.5,0.17,0.071
1071,31.05,78.79,45.45,3063.0,226.8,1.4698,12.41,0.65,1.46,3.05,60.06,77.22,0.05,3.05,171.6,0.8483,0.6828,red,3,0.6,0.28,0.57,0.25,0.0493
1072,31.05,78.81,36.5,2940.0,255.6,-0.245,12.73,0.651,1.46,3.88,61.46,79.02,0.05,3.88,175.6,0.7422,0.6209,orange,2,0.47,0.33,0.53,0.21,0.0314
1073,31.05,78.83,25.55,2701.0,71.6,1.2249,13.17,0.668,3.06,5.3,64.99,83.56,0.05,5.3,185.7,0.5995,0.5515,orange,2,0.36,0.32,0.46,0.18,0.0101
1074,31.05,78.85,38.99,3332.0,279.7,1.5,12.64,0.5,4.88,6.95,64.92,83.48,0.05,6.95,185.5,0.6856,0.5466,orange,2,0.47,0.19,0.36,0.22,0.0062
1075,31.05,78.87,20.0,3319.9,180.0,0.0,8.0,0.455,6.74,8.7,68.42,87.98,0.05,7.31,195.5,0.4933,0.4414,yellow,1,0.21,0.09,0.39,0.22,0.0115
1076,31.05,78.89,20.0,3225.8,180.0,0.0,8.0,0.543,5.7,7.74,71.68,92.16,0.05,6.24,204.8,0.5319,0.4414,yellow,1,0.21,0.09,0.39,0.22,0.0239
1077,31.05,78.91,20.0,3314.7,180.0,0.0,8.0,0.46,3.8,6.74,72.62,93.38,0.05,5.63,207.5,0.5518,0.4808,orange,2,0.21,0.11,0.43,0.22,0.0294
1078,31.05,78.93,20.0,3350.6,180.0,0.0,8.0,0.53,1.9,6.18,72.17,92.79,0.05,5.63,206.2,0.5507,0.4876,orange,2,0.22,0.15,0.43,0.22,0.0313
1079,31.05,78.95,20.0,3350.9,180.0,0.0,8.0,0.524,0.0,6.18,70.24,90.31,0.05,6.18,200.7,0.5304,0.5352,orange,2,0.29,0.44,0.39,0.37,0.0282
1080,31.05,78.97,20.0,3422.8,180.0,0.0,8.0,0.393,1.9,6.74,66.81,85.91,0.05,6.74,190.9,0.5062,0.4517,orange,2,0.22,0.15,0.39,0.22,0.0225
1081,31.05,78.99,20.0,3461.4,180.0,0.0,8.0,0.455,3.8,7.74,63.17,81.23,0.05,7.74,180.5,0.4688,0.4443,yellow,1,0.21,0.11,0.39,0.22,0.0085
1082,31.05,79.01,20.0,3360.5,180.0,0.0,8.0,0.428,5.7,9.03,60.66,77.99,0.05,9.03,173.3,0.4253,0.4357,yellow,1,0.21,0.05,0.39,0.3,0.137
1083,31.05,79.03,20.0,3358.4,180.0,0.0,8.0,0.467,7.6,10.51,58.83,75.64,0.05,10.51,168.1,0.3781,0.3709,yellow,1,0.21,0.05,0.32,0.3,0.1241
1084,31.05,79.05,20.0,3599.4,180.0,0.0,8.0,0.352,9.5,12.1,57.36,73.76,0.05,12.1,163.9,0.3311,0.3651,yellow,1,0.18,0.05,0.32,0.3,0.1116
1085,31.07,77.85,20.0,2850.9,180.0,0.0,8.0,0.682,20.28,23.98,68.36,87.89,0.05,31.85,195.3,0.3562,0.5155,orange,2,0.17,0.14,0.47,0.33,0.0299
1086,31.07,77.87,20.0,2495.3,180.0,0.0,8.0,0.703,18.99,22.1,72.83,93.64,0.05,29.95,208.1,0.3665,0.5196,orange,2,0.2,0.14,0.47,0.29,0.0339
1087,31.07,77.89,20.0,2353.5,180.0,0.0,8.0,0.67,17.82,20.23,72.45,93.15,0.05,28.06,207.0,0.3656,0.5196,orange,2,0.2,0.14,0.47,0.29,0.0385
1088,31.07,77.91,20.0,2424.2,180.0,0.0,8.0,0.648,16.77,18.35,74.44,95.72,0.05,26.16,212.7,0.3702,0.5251,orange,2,0.24,0.14,0.47,0.22,0.0437
1089,31.07,77.93,20.0,2257.4,180.0,0.0,8.0,0.705,15.89,16.49,71.02,91.31,0.05,24.26,202.9,0.3623,0.5196,orange,2,0.2,0.14,0.47,0.22,0.0496
1090,31.07,77.95,20.0,2057.7,180.0,0.0,8.0,0.644,14.63,14.63,65.83,84.64,0.05,22.36,188.1,0.3505,0.4355,yellow,1,0.24,0.14,0.37,0.22,0.0563
1091,31.07,77.97,20.0,2075.1,180.0,0.0,8.0,0.693,12.79,12.79,63.49,81.63,0.05,20.47,181.4,0.3451,0.429,yellow,1,0.2,0.14,0.37,0.22,0.0639
1092,31.07,77.99,20.0,2005.6,180.0,0.0,8.0,0.696,10.97,10.97,59.5,76.5,0.05,18.57,170.0,0.336,0.3771,yellow,1,0.2,0.1,0.32,0.14,0.0725
1093,31.07,78.01,48.65,2220.0,183.3,-1.5,12.3,0.579,9.18,9.18,60.86,78.26,0.05,16.68,173.9,0.5891,0.7649,red,3,0.71,0.18,0.55,0.14,0.0822
1094,31.07,78.03,20.0,1647.0,180.0,0.0,8.0,0.674,7.44,7.44,50.05,64.35,0.05,14.79,143.0,0.3144,0.3144,yellow,1,0.17,0.14,0.25,0.09,0.0933
1095,31.07,78.05,42.94,2171.0,292.7,1.5,12.5,0.621,5.8,5.8,59.04,75.91,0.05,12.89,168.7,0.5644,0.5627,orange,2,0.5,0.18,0.29,0.09,0.1058
1096,31.07,78.07,22.74,2025.0,207.0,0.3675,13.3,0.653,4.38,4.38,58.13,74.75,0.05,11.01,166.1,0.3893,0.4525,orange,2,0.28,0.28,0.36,0.09,0.12
1097,31.07,78.09,42.5,1667.0,62.7,-1.5,12.52,0.621,3.46,3.46,54.6,70.2,0.05,9.12,156.0,0.6337,0.6245,orange,2,0.57,0.24,0.24,0.09,0.1361
1098,31.07,78.11,25.94,1555.0,172.3,-0.7351,13.15,0.627,3.46,3.46,55.54,71.41,0.05,7.25,158.7,0.5249,0.5376,orange,2,0.45,0.32,0.31,0.09,0.0339
1099,31.07,78.13,15.17,2137.0,163.5,0.3675,13.73,0.634,4.38,2.92,67.79,87.16,0.05,5.39,193.7,0.4994,0.5219,orange,2,0.32,0.32,0.43,0.09,0.0573
1100,31.07,78.15,17.42,2009.0,131.5,-1.2251,13.59,0.665,5.8,2.22,67.16,86.36,0.05,3.58,191.9,0.5732,0.4936,orange,2,0.38,0.3,0.39,0.09,0.1116
1101,31.07,78.17,26.24,2153.0,171.0,-0.7351,13.14,0.645,7.44,1.95,69.79,89.73,0.05,1.95,199.4,0.715,0.6197,orange,2,0.48,0.3,0.53,0.05,0.2436
1102,31.07,78.19,26.27,2088.0,107.9,1.5,13.14,0.664,8.65,1.41,67.52,86.81,0.05,1.11,192.9,0.7346,0.5434,orange,2,0.38,0.3,0.45,0.05,0.3546
1103,31.07,78.21,19.8,2107.0,138.4,0.0,13.45,0.628,9.64,2.72,65.59,84.33,0.05,2.2,187.4,0.6337,0.5365,orange,2,0.32,0.3,0.45,0.09,0.1972
1104,31.07,78.23,27.07,2196.0,46.8,-0.49,13.1,0.59,10.87,4.48,64.26,82.62,0.05,3.96,183.6,0.6521,0.5327,orange,2,0.44,0.3,0.36,0.09,0.0912
1105,31.07,78.25,25.18,2501.0,141.7,-0.6126,13.18,0.596,12.27,6.32,66.74,85.81,0.05,5.81,190.7,0.585,0.6197,orange,2,0.48,0.3,0.53,0.18,0.0488
1106,31.07,78.27,45.14,2445.0,184.2,-1.5,12.42,0.58,13.62,8.18,63.98,82.26,0.05,7.68,182.8,0.7222,0.7678,red,3,0.71,0.22,0.57,0.14,0.0136
1107,31.07,78.29,26.99,3105.0,122.6,1.5,13.1,0.652,13.35,10.06,61.11,78.57,0.05,9.56,174.6,0.4806,0.5644,orange,2,0.35,0.21,0.49,0.3,0.1321
1108,31.07,78.31,20.0,2541.2,180.0,0.0,8.0,0.66,13.35,11.95,64.89,83.43,0.05,11.45,185.4,0.3642,0.5196,orange,2,0.2,0.14,0.47,0.26,0.1165
1109,31.07,78.33,29.63,3509.0,85.2,0.8576,12.99,0.385,13.62,13.84,61.81,79.47,0.05,13.35,176.6,0.4376,0.3998,yellow,1,0.32,0.13,0.3,0.3,0.1027
1110,31.07,78.35,15.16,3530.0,186.0,0.7351,13.74,0.401,12.27,12.86,64.4,82.8,0.05,15.24,184.0,0.2988,0.4541,orange,2,0.26,0.25,0.37,0.3,0.0905
1111,31.07,78.37,43.63,4477.0,209.8,1.5,12.48,0.137,10.87,11.65,62.19,79.97,0.05,17.14,177.7,0.5785,0.6315,orange,2,0.58,0.13,0.32,0.3,0.0798
1112,31.07,78.39,20.0,3171.2,180.0,0.0,8.0,0.578,9.64,10.55,71.19,91.53,0.05,19.03,203.4,0.3627,0.5147,orange,2,0.21,0.09,0.47,0.3,0.0703
1113,31.07,78.41,18.43,4437.0,85.1,0.3675,13.53,0.142,8.65,9.66,65.52,84.24,0.05,20.93,187.2,0.3341,0.3909,yellow,1,0.32,0.25,0.13,0.3,0.0619
1114,31.07,78.43,35.06,4013.0,346.0,-1.5,12.78,0.232,8.0,9.08,67.3,86.54,0.05,22.83,192.3,0.5044,0.6413,orange,2,0.6,0.17,0.21,0.3,0.0546
1115,31.07,78.45,20.0,3370.3,180.0,0.0,8.0,0.491,7.77,8.88,68.98,88.69,0.05,24.72,197.1,0.3577,0.4231,yellow,1,0.21,0.09,0.37,0.3,0.0481
1116,31.07,78.47,36.87,3660.0,67.4,1.5,12.72,0.249,8.0,9.08,64.89,83.43,0.05,25.74,185.4,0.517,0.5678,orange,2,0.5,0.17,0.34,0.3,0.045
1117,31.07,78.49,14.91,3847.0,248.1,-0.1225,13.75,0.228,8.65,9.66,61.11,78.57,0.05,23.86,174.6,0.2888,0.3279,yellow,1,0.25,0.24,0.14,0.3,0.0509
1118,31.07,78.51,12.67,4039.0,194.6,0.1225,13.92,0.179,9.64,10.55,57.71,74.2,0.05,21.99,164.9,0.2586,0.3542,yellow,1,0.27,0.24,0.19,0.3,0.0577
1119,31.07,78.53,13.7,4290.0,188.6,0.3675,13.84,0.199,10.87,11.69,55.05,70.79,0.05,20.12,157.3,0.2628,0.3542,yellow,1,0.27,0.24,0.19,0.3,0.0654
1120,31.07,78.55,32.75,4715.0,235.5,-0.245,12.87,0.188,12.27,13.0,52.85,67.95,0.05,18.25,151.0,0.4483,0.4594,orange,2,0.4,0.13,0.23,0.3,0.074
1121,31.07,78.57,25.43,5192.0,315.7,0.1225,13.17,0.074,13.8,14.45,51.69,66.47,0.05,16.4,147.7,0.3725,0.473,orange,2,0.42,0.21,0.12,0.3,0.0838
1122,31.07,78.59,27.6,4776.0,310.6,1.5,13.08,0.116,14.93,14.56,56.28,72.36,0.05,14.56,160.8,0.4046,0.4912,orange,2,0.44,0.21,0.12,0.3,0.0947
1123,31.07,78.61,31.4,5043.0,163.8,-1.4701,12.92,0.091,13.12,12.73,57.68,74.16,0.05,12.73,164.8,0.4458,0.626,orange,2,0.58,0.13,0.27,0.3,0.107
1124,31.07,78.63,21.88,4644.0,86.6,1.1026,13.34,0.106,11.35,10.93,62.33,80.14,0.05,10.93,178.1,0.3924,0.4082,yellow,1,0.34,0.21,0.17,0.3,0.1206
1125,31.07,78.65,23.49,4039.0,85.6,0.0,13.26,0.197,9.63,9.17,67.2,86.4,0.05,9.17,192.0,0.471,0.3648,yellow,1,0.28,0.25,0.19,0.3,0.1356
1126,31.07,78.67,29.16,3785.0,21.3,-0.49,13.01,0.23,8.0,7.48,68.91,88.61,0.05,7.48,196.9,0.5809,0.5223,orange,2,0.44,0.25,0.32,0.22,0.0128
1127,31.07,78.69,20.0,2943.6,180.0,0.0,8.0,0.61,6.5,5.92,72.34,93.02,0.05,5.92,206.7,0.5427,0.5752,orange,2,0.21,0.14,0.53,0.18,0.0196
1128,31.07,78.71,27.32,4375.0,229.5,-0.7351,13.09,0.192,5.28,4.62,62.68,80.59,0.05,4.62,179.1,0.6318,0.5324,orange,2,0.46,0.21,0.3,0.22,0.0302
1129,31.07,78.73,32.57,3759.0,17.3,0.3675,12.88,0.216,4.54,3.85,63.14,81.18,0.05,3.85,180.4,0.7077,0.4896,orange,2,0.38,0.19,0.4,0.17,0.0463
1130,31.07,78.75,35.57,3440.0,183.6,1.5,12.76,0.398,4.54,3.94,62.12,79.88,0.05,3.94,177.5,0.7327,0.5958,orange,2,0.51,0.15,0.51,0.17,0.047
1131,31.07,78.77,20.0,3537.0,180.0,0.0,8.0,0.336,4.38,4.85,59.64,76.68,0.05,4.85,170.4,0.545,0.4706,orange,2,0.18,0.07,0.43,0.22,0.0377
1132,31.07,78.79,33.88,3689.0,178.6,-1.4701,12.83,0.306,3.46,5.25,58.06,74.66,0.05,5.25,165.9,0.6685,0.5644,orange,2,0.48,0.15,0.46,0.22,0.0283
1133,31.07,78.81,44.83,4355.0,300.3,-1.5,12.44,0.125,3.46,5.77,55.16,70.92,0.05,5.77,157.6,0.756,0.6764,red,3,0.64,0.15,0.22,0.22,0.0205
1134,31.07,78.83,29.93,4170.0,201.9,0.6126,12.98,0.18,4.38,6.81,58.03,74.61,0.05,6.81,165.8,0.5834,0.4831,orange,2,0.42,0.15,0.25,0.22,0.0065
1135,31.07,78.85,36.3,4056.0,254.7,1.5,12.74,0.165,5.8,8.16,61.25,78.75,0.05,8.16,175.0,0.6151,0.5713,orange,2,0.52,0.13,0.26,0.22,0.1451
1136,31.07,78.87,43.08,4158.0,174.8,1.5,12.5,0.212,7.44,9.69,63.52,81.67,0.05,9.11,181.5,0.6604,0.6024,orange,2,0.54,0.17,0.34,0.22,0.1362
1137,31.07,78.89,20.0,3487.3,180.0,0.0,8.0,0.419,6.12,9.58,69.3,89.1,0.05,8.28,198.0,0.467,0.4414,yellow,1,0.21,0.09,0.39,0.22,0.144
1138,31.07,78.91,20.0,3417.2,180.0,0.0,8.0,0.421,4.4,8.8,70.8,91.04,0.05,7.83,202.3,0.4835,0.4443,yellow,1,0.21,0.11,0.39,0.22,0.0101
1139,31.07,78.93,20.0,3371.7,180.0,0.0,8.0,0.477,2.92,8.38,70.8,91.04,0.05,7.83,202.3,0.4835,0.4517,orange,2,0.22,0.15,0.39,0.22,0.0101
1140,31.07,78.95,20.0,3467.6,180.0,0.0,8.0,0.425,2.22,8.38,68.77,88.42,0.05,8.28,196.5,0.4658,0.4517,orange,2,0.22,0.15,0.39,0.3,0.144
1141,31.07,78.97,20.0,3516.1,180.0,0.0,8.0,0.36,2.92,8.8,66.01,84.87,0.05,8.8,188.6,0.4442,0.447,yellow,1,0.19,0.15,0.39,0.3,0.1391
1142,31.07,78.99,20.0,3454.2,180.0,0.0,8.0,0.396,4.4,9.58,63.52,81.67,0.05,9.58,181.5,0.4156,0.4443,yellow,1,0.21,0.11,0.39,0.3,0.132
1143,31.07,79.01,20.0,3511.6,180.0,0.0,8.0,0.345,6.12,10.65,60.76,78.12,0.05,10.65,173.6,0.3781,0.4118,yellow,1,0.18,0.05,0.37,0.3,0.1229
1144,31.07,79.03,20.0,3675.6,180.0,0.0,8.0,0.294,7.92,11.93,58.38,75.06,0.05,11.93,166.8,0.3354,0.3767,yellow,1,0.24,0.05,0.32,0.3,0.1128
1145,31.07,79.05,20.0,3690.2,180.0,0.0,8.0,0.241,9.76,13.36,58.13,74.75,0.05,13.36,166.1,0.3329,0.3767,yellow,1,0.24,0.05,0.32,0.3,0.1026
1146,31.09,77.85,20.0,2344.5,180.0,0.0,8.0,0.636,18.77,23.78,67.48,86.76,0.05,31.84,192.8,0.3542,0.5251,orange,2,0.24,0.14,0.47,0.29,0.0299
1147,31.09,77.87,20.0,2490.3,180.0,0.0,8.0,0.612,17.37,21.88,71.05,91.35,0.05,29.94,203.0,0.3624,0.5251,orange,2,0.24,0.14,0.47,0.29,0.034
1148,31.09,77.89,20.0,2737.3,180.0,0.0,8.0,0.7,16.07,19.98,70.84,91.08,0.05,28.04,202.4,0.3619,0.5196,orange,2,0.2,0.14,0.47,0.33,0.0386
1149,31.09,77.91,20.0,2553.0,180.0,0.0,8.0,0.694,14.91,18.08,72.13,92.75,0.05,26.14,206.1,0.3649,0.5196,orange,2,0.2,0.14,0.47,0.26,0.0438
1150,31.09,77.93,20.0,2286.9,180.0,0.0,8.0,0.697,13.9,16.19,68.6,88.2,0.05,24.24,196.0,0.3568,0.5196,orange,2,0.2,0.14,0.47,0.22,0.0497
1151,31.09,77.95,20.0,2183.7,180.0,0.0,8.0,0.668,13.1,14.29,66.08,84.96,0.05,22.34,188.8,0.351,0.429,yellow,1,0.2,0.14,0.37,0.22,0.0564
1152,31.09,77.97,20.0,1978.1,180.0,0.0,8.0,0.648,12.4,12.4,61.49,79.06,0.05,20.44,175.7,0.3406,0.4297,yellow,1,0.24,0.1,0.37,0.22,0.064
1153,31.09,77.99,20.0,1753.0,180.0,0.0,8.0,0.655,10.51,10.51,56.52,72.67,0.05,18.55,161.5,0.3292,0.3144,yellow,1,0.17,0.14,0.25,0.14,0.0726
1154,31.09,78.01,39.09,2296.0,167.9,1.5,12.64,0.66,8.62,8.62,64.68,83.16,0.05,16.65,184.8,0.5387,0.6323,orange,2,0.5,0.22,0.55,0.14,0.0824
1155,31.09,78.03,20.0,1735.1,180.0,0.0,8.0,0.7,6.74,6.74,54.77,70.42,0.05,14.75,156.5,0.3252,0.3144,yellow,1,0.17,0.14,0.25,0.14,0.0935
1156,31.09,78.05,20.0,1562.5,180.0,0.0,8.0,0.673,4.88,4.88,51.94,66.78,0.05,12.86,148.4,0.3187,0.3181,yellow,1,0.17,0.16,0.25,0.14,0.1061
1157,31.09,78.07,20.0,1386.6,180.0,0.0,8.0,0.706,3.06,3.06,49.63,63.81,0.05,10.96,141.8,0.3437,0.3181,yellow,1,0.17,0.16,0.25,0.09,0.1204
1158,31.09,78.09,32.34,2113.0,138.3,1.5,12.89,0.61,1.46,1.46,62.89,80.86,0.05,9.07,179.7,0.5527,0.5764,orange,2,0.48,0.33,0.43,0.13,0.1366
1159,31.09,78.11,28.75,1930.0,289.1,0.0,13.03,0.628,1.46,1.46,61.04,78.48,0.05,7.18,174.4,0.5676,0.5242,orange,2,0.42,0.41,0.32,0.13,0.0342
1160,31.09,78.13,20.0,1551.0,180.0,0.0,8.0,0.62,3.06,3.06,55.72,71.64,0.05,5.3,159.2,0.5228,0.3796,yellow,1,0.21,0.16,0.31,0.09,0.0584
1161,31.09,78.15,37.47,1736.0,273.2,1.5,12.7,0.604,4.88,3.44,59.46,76.45,0.05,3.44,169.9,0.7602,0.542,orange,2,0.47,0.24,0.28,0.09,0.1158
1162,31.09,78.17,20.0,1950.0,180.0,0.0,8.0,0.681,6.74,1.68,63.14,81.18,0.05,1.68,180.4,0.6453,0.5377,orange,2,0.2,0.14,0.49,0.05,0.2648
1163,31.09,78.19,33.01,1931.0,156.5,-1.5,12.86,0.624,8.62,1.01,62.33,80.14,0.05,1.01,178.1,0.7932,0.6503,red,3,0.54,0.18,0.57,0.05,0.3921
1164,31.09,78.21,26.68,2829.0,303.1,-1.5,13.12,0.676,10.51,2.54,69.19,88.97,0.05,2.2,197.7,0.7108,0.6065,orange,2,0.43,0.3,0.52,0.09,0.2067
1165,31.09,78.23,36.69,2797.0,284.7,-0.4902,12.72,0.599,12.4,4.37,68.18,87.66,0.05,3.96,194.8,0.7573,0.6242,orange,2,0.54,0.22,0.5,0.13,0.0932
1166,31.09,78.25,20.0,2253.6,180.0,0.0,8.0,0.676,13.79,6.24,64.47,82.89,0.05,5.81,184.2,0.528,0.574,orange,2,0.2,0.14,0.53,0.14,0.0494
1167,31.09,78.27,38.28,2281.0,306.8,-0.8578,12.67,0.646,15.16,8.12,64.16,82.49,0.05,7.68,183.3,0.6554,0.6199,orange,2,0.54,0.22,0.46,0.14,0.0136
1168,31.09,78.29,24.87,2512.0,179.0,1.1028,13.2,0.686,15.57,10.01,67.52,86.81,0.05,9.56,192.9,0.4741,0.6019,orange,2,0.3,0.3,0.53,0.26,0.1321
1169,31.09,78.31,33.75,3005.0,136.8,0.0,12.83,0.703,15.57,11.91,65.27,83.92,0.05,11.45,186.5,0.5026,0.5777,orange,2,0.35,0.17,0.51,0.3,0.1165
1170,31.09,78.33,20.98,2856.0,43.3,-1.1028,13.39,0.7,15.16,13.8,66.88,86.0,0.05,13.35,191.1,0.3627,0.4956,orange,2,0.33,0.3,0.4,0.26,0.1027
1171,31.09,78.35,36.27,3438.0,96.7,0.8578,12.74,0.432,13.79,14.57,64.99,83.56,0.05,15.24,185.7,0.5113,0.5459,orange,2,0.47,0.17,0.37,0.3,0.0905
1172,31.09,78.37,16.08,3997.0,72.8,0.9803,13.67,0.152,12.55,13.45,63.24,81.31,0.05,17.14,180.7,0.3054,0.3518,yellow,1,0.28,0.25,0.11,0.3,0.0798
1173,31.09,78.39,47.52,4079.0,166.9,0.7352,12.34,0.159,11.5,12.48,63.7,81.9,0.05,19.03,182.0,0.5956,0.6436,orange,2,0.59,0.17,0.32,0.3,0.0703
1174,31.09,78.41,18.88,3639.0,354.6,-0.8578,13.5,0.271,10.69,11.73,66.43,85.41,0.05,20.93,189.8,0.3406,0.4281,yellow,1,0.34,0.25,0.26,0.3,0.0619
1175,31.09,78.43,33.46,3718.0,44.3,0.4902,12.84,0.266,10.17,11.26,65.83,84.64,0.05,22.83,188.1,0.4851,0.4641,orange,2,0.38,0.17,0.34,0.3,0.0546
1176,31.09,78.45,42.46,3736.0,220.6,-1.5,12.52,0.282,9.99,11.1,65.03,83.61,0.05,24.72,185.8,0.5732,0.6951,red,3,0.64,0.17,0.41,0.3,0.0481
1177,31.09,78.47,29.43,4514.0,152.7,0.1225,13.0,0.195,10.17,11.26,59.85,76.95,0.05,26.16,171.0,0.4311,0.485,orange,2,0.42,0.13,0.28,0.3,0.0437
1178,31.09,78.49,24.77,5123.0,210.6,0.1225,13.2,0.086,10.69,11.73,55.44,71.28,0.05,24.31,158.4,0.3744,0.4291,yellow,1,0.36,0.21,0.19,0.3,0.0494
1179,31.09,78.51,31.3,4970.0,267.3,-0.6127,12.93,0.157,11.5,12.48,55.27,71.06,0.05,22.47,157.9,0.4393,0.5078,orange,2,0.46,0.13,0.19,0.3,0.0559
1180,31.09,78.53,32.37,5019.0,283.8,1.2254,12.89,0.101,12.55,13.45,54.42,69.98,0.05,20.65,155.5,0.4481,0.4852,orange,2,0.44,0.13,0.16,0.3,0.0631
1181,31.09,78.55,19.85,5335.0,215.7,1.5,13.45,0.092,13.79,14.61,52.78,67.86,0.05,18.84,150.8,0.3191,0.4411,yellow,1,0.38,0.21,0.15,0.3,0.0712
1182,31.09,78.57,13.83,5695.0,309.3,-1.5,13.83,0.112,15.16,15.91,51.45,66.15,0.05,17.05,147.0,0.2559,0.445,yellow,1,0.39,0.24,0.08,0.37,0.0802
1183,31.09,78.59,47.89,5110.0,278.8,1.5,12.33,0.138,15.73,15.28,55.54,71.41,0.05,15.28,158.7,0.577,0.6415,orange,2,0.61,0.13,0.16,0.37,0.0902
1184,31.09,78.61,20.0,3348.3,180.0,0.0,8.0,0.52,14.03,13.56,65.97,84.83,0.05,13.56,188.5,0.3508,0.4231,yellow,1,0.21,0.09,0.37,0.3,0.1013
1185,31.09,78.63,40.73,4294.0,310.4,-1.5,12.58,0.141,12.39,11.88,62.12,79.88,0.05,11.88,177.5,0.5527,0.6738,red,3,0.64,0.13,0.21,0.3,0.1132
1186,31.09,78.65,40.37,3894.0,41.8,0.9803,12.59,0.221,10.84,10.29,64.92,83.48,0.05,10.29,185.5,0.6021,0.5311,orange,2,0.48,0.17,0.19,0.3,0.1259
1187,31.09,78.67,20.0,2996.7,180.0,0.0,8.0,0.678,9.41,8.81,69.79,89.73,0.05,8.81,199.4,0.4525,0.5338,orange,2,0.17,0.14,0.49,0.26,0.1389
1188,31.09,78.69,36.53,4308.0,259.7,0.7352,12.73,0.178,8.18,7.53,62.47,80.33,0.05,7.53,178.5,0.6384,0.5534,orange,2,0.5,0.13,0.26,0.22,0.0126
1189,31.09,78.71,20.0,2934.5,180.0,0.0,8.0,0.653,7.24,6.56,68.77,88.42,0.05,6.56,196.5,0.5159,0.5338,orange,2,0.17,0.14,0.49,0.18,0.0163
1190,31.09,78.73,41.68,3666.0,349.3,1.1028,12.55,0.321,6.73,6.04,63.77,81.99,0.05,6.04,182.2,0.7363,0.5188,orange,2,0.44,0.17,0.36,0.22,0.0189
1191,31.09,78.75,21.51,3581.0,148.4,-1.5,13.36,0.32,6.73,6.1,63.07,81.09,0.05,6.1,180.2,0.5313,0.4879,orange,2,0.38,0.25,0.39,0.22,0.0186
1192,31.09,78.77,39.35,4729.0,187.4,1.3479,12.63,0.194,6.24,6.72,56.21,72.27,0.05,6.72,160.6,0.676,0.5928,orange,2,0.54,0.13,0.29,0.22,0.0209
1193,31.09,78.79,37.75,4072.0,303.8,1.5,12.68,0.136,5.63,7.46,59.32,76.28,0.05,7.46,169.5,0.6456,0.5796,orange,2,0.54,0.13,0.18,0.22,0.0174
1194,31.09,78.81,31.17,3900.0,74.6,1.5,12.93,0.238,5.63,7.84,60.48,77.76,0.05,7.84,172.8,0.5714,0.4563,orange,2,0.4,0.13,0.21,0.22,0.005
1195,31.09,78.83,32.57,4242.0,115.0,1.1028,12.88,0.222,6.24,8.63,59.5,76.5,0.05,8.63,170.0,0.5601,0.4744,orange,2,0.42,0.13,0.21,0.3,0.1407
1196,31.09,78.85,45.06,5008.0,105.9,1.5,12.43,0.095,7.31,9.73,56.59,72.77,0.05,9.73,161.7,0.6456,0.6647,red,3,0.63,0.13,0.21,0.3,0.1307
1197,31.09,78.87,58.27,5043.0,150.6,1.5,11.95,0.181,8.66,11.05,57.61,74.07,0.05,11.05,164.6,0.6094,0.6171,orange,2,0.57,0.13,0.27,0.3,0.1197
1198,31.09,78.89,20.0,3644.7,180.0,0.0,8.0,0.295,7.23,11.57,65.87,84.69,0.05,10.39,188.2,0.3976,0.4283,yellow,1,0.24,0.09,0.37,0.3,0.1251
1199,31.09,78.91,20.0,3545.8,180.0,0.0,8.0,0.333,5.84,10.92,66.88,86.0,0.05,10.04,191.1,0.4102,0.418,yellow,1,0.18,0.09,0.37,0.3,0.1281
1200,31.09,78.93,20.0,3555.3,180.0,0.0,8.0,0.363,4.83,10.59,66.74,85.81,0.05,10.04,190.7,0.4099,0.4211,yellow,1,0.18,0.11,0.37,0.3,0.1281
1201,31.09,78.95,20.0,3478.7,180.0,0.0,8.0,0.371,4.44,10.59,66.5,85.5,0.05,10.39,190.0,0.399,0.4261,yellow,1,0.21,0.11,0.37,0.3,0.1251
1202,31.09,78.97,20.0,3407.4,180.0,0.0,8.0,0.487,4.83,10.92,65.8,84.6,0.05,10.92,188.0,0.3818,0.4261,yellow,1,0.21,0.11,0.37,0.3,0.1207
1203,31.09,78.99,20.0,3590.8,180.0,0.0,8.0,0.336,5.84,11.57,63.66,81.86,0.05,11.57,181.9,0.3582,0.418,yellow,1,0.18,0.09,0.37,0.3,0.1156
1204,31.09,79.01,20.0,3832.6,180.0,0.0,8.0,0.226,7.23,12.47,61.35,78.89,0.05,12.47,175.3,0.3402,0.2991,yellow,1,0.24,0.05,0.22,0.3,0.1089
1205,31.09,79.03,20.0,3839.2,180.0,0.0,8.0,0.186,8.8,13.58,60.66,77.99,0.05,13.58,173.3,0.3386,0.2991,yellow,1,0.24,0.05,0.22,0.3,0.1011
1206,31.09,79.05,20.0,3822.8,180.0,0.0,8.0,0.202,10.49,14.85,60.69,78.03,0.05,14.85,173.4,0.3387,0.2991,yellow,1,0.24,0.05,0.22,0.3,0.0929
1207,31.11,77.87,20.0,2709.0,180.0,0.0,8.0,0.632,15.88,21.88,68.04,87.48,0.05,30.09,194.4,0.3555,0.5251,orange,2,0.24,0.14,0.47,0.33,0.0336
1208,31.11,77.89,20.0,2604.4,180.0,0.0,8.0,0.657,14.46,19.98,67.97,87.39,0.05,28.2,194.2,0.3554,0.5196,orange,2,0.2,0.14,0.47,0.33,0.0382
1209,31.11,77.91,20.0,2551.1,180.0,0.0,8.0,0.655,13.15,18.08,68.0,87.44,0.05,26.31,194.3,0.3554,0.5196,orange,2,0.2,0.14,0.47,0.33,0.0433
1210,31.11,77.93,20.0,2521.8,180.0,0.0,8.0,0.615,12.0,16.19,68.36,87.89,0.05,24.42,195.3,0.3562,0.5251,orange,2,0.24,0.14,0.47,0.26,0.0491
1211,31.11,77.95,20.0,2192.4,180.0,0.0,8.0,0.704,11.06,14.29,63.84,82.08,0.05,22.54,182.4,0.3459,0.429,yellow,1,0.2,0.14,0.37,0.22,0.0556
1212,31.11,77.97,20.0,1859.9,180.0,0.0,8.0,0.653,10.39,12.4,59.04,75.91,0.05,20.66,168.7,0.335,0.3771,yellow,1,0.2,0.1,0.32,0.22,0.0631
1213,31.11,77.99,20.0,1830.9,180.0,0.0,8.0,0.69,10.04,10.51,59.43,76.41,0.05,18.78,169.8,0.3358,0.3771,yellow,1,0.2,0.1,0.32,0.22,0.0715
1214,31.11,78.01,50.87,2725.0,323.2,-1.5,12.22,0.628,8.62,8.62,70.14,90.18,0.05,16.91,200.4,0.6103,0.7258,red,3,0.67,0.22,0.44,0.26,0.081
1215,31.11,78.03,34.26,3106.0,282.8,-1.5,12.81,0.621,6.74,6.74,68.49,88.06,0.05,15.05,195.7,0.4992,0.5551,orange,2,0.47,0.17,0.44,0.22,0.0917
1216,31.11,78.05,17.77,2776.0,133.9,-1.5,13.57,0.652,4.88,4.88,70.17,90.23,0.05,13.2,200.5,0.3381,0.5289,orange,2,0.38,0.32,0.43,0.18,0.1037
1217,31.11,78.07,20.0,1830.0,180.0,0.0,8.0,0.662,3.06,3.06,59.92,77.04,0.05,11.36,171.2,0.3557,0.4259,yellow,1,0.2,0.12,0.37,0.09,0.1172
1218,31.11,78.09,31.18,1853.0,256.0,0.6128,12.93,0.603,1.46,1.46,59.57,76.59,0.05,9.55,170.2,0.5196,0.5393,orange,2,0.44,0.33,0.39,0.13,0.1323
1219,31.11,78.11,26.73,2605.0,185.5,-0.8579,13.12,0.605,1.46,1.46,69.02,88.74,0.05,7.77,197.2,0.5483,0.6338,orange,2,0.52,0.45,0.53,0.17,0.0178
1220,31.11,78.13,36.32,2730.0,234.6,-1.4708,12.74,0.595,3.06,3.06,67.62,86.94,0.05,6.08,193.2,0.6904,0.6933,red,3,0.62,0.24,0.53,0.13,0.046
1221,31.11,78.15,24.35,3228.0,276.6,-0.6128,13.22,0.601,4.88,4.55,64.54,82.98,0.05,4.55,184.4,0.6083,0.4553,orange,2,0.31,0.27,0.36,0.22,0.0753
1222,31.11,78.17,25.44,2441.0,70.9,1.5,13.17,0.651,6.74,3.42,67.34,86.58,0.05,3.42,192.4,0.6586,0.5494,orange,2,0.36,0.3,0.46,0.09,0.1188
1223,31.11,78.19,46.75,2239.0,215.9,-1.5,12.37,0.588,8.62,3.14,64.29,82.66,0.05,3.14,183.7,0.8553,0.7678,red,3,0.71,0.22,0.57,0.09,0.1392
1224,31.11,78.21,31.64,1857.0,67.9,1.5,12.91,0.595,10.51,3.91,58.55,75.29,0.05,3.83,167.3,0.6884,0.4841,orange,2,0.4,0.18,0.35,0.09,0.1051
1225,31.11,78.23,28.03,2291.0,114.1,-0.1226,13.06,0.621,12.4,5.29,66.67,85.73,0.05,5.05,190.5,0.6353,0.5787,orange,2,0.4,0.3,0.49,0.09,0.0649
1226,31.11,78.25,20.0,2869.0,180.0,0.0,8.0,0.644,14.29,6.91,69.05,88.79,0.05,6.6,197.3,0.5153,0.5391,orange,2,0.21,0.14,0.49,0.18,0.0401
1227,31.11,78.27,20.0,2363.1,180.0,0.0,8.0,0.689,16.19,8.65,69.23,89.01,0.05,8.3,197.8,0.4662,0.5377,orange,2,0.2,0.14,0.49,0.14,0.1438
1228,31.11,78.29,36.25,2832.0,330.6,0.1226,12.74,0.619,17.79,10.45,69.97,89.95,0.05,10.07,199.9,0.5788,0.5429,orange,2,0.45,0.22,0.44,0.26,0.1278
1229,31.11,78.31,42.99,2473.0,224.7,-1.3482,12.5,0.62,17.79,12.27,71.02,91.31,0.05,11.88,202.9,0.5958,0.7067,red,3,0.64,0.22,0.51,0.22,0.1133
1230,31.11,78.33,31.49,2543.0,106.6,-1.3482,12.92,0.649,16.7,14.12,70.63,90.81,0.05,13.71,201.8,0.4763,0.6045,orange,2,0.52,0.22,0.47,0.26,0.1002
1231,31.11,78.35,34.93,3114.0,104.5,-1.5,12.79,0.604,15.47,15.98,66.85,85.95,0.05,15.56,191.0,0.5021,0.5757,orange,2,0.49,0.17,0.47,0.3,0.0886
1232,31.11,78.37,31.31,3327.0,109.1,-1.3482,12.93,0.528,14.38,15.34,64.89,83.43,0.05,17.42,185.4,0.4614,0.563,orange,2,0.49,0.17,0.37,0.37,0.0783
1233,31.11,78.39,33.73,3480.0,10.1,-0.1226,12.83,0.447,13.47,14.49,63.45,81.59,0.05,19.29,181.3,0.4823,0.4382,yellow,1,0.35,0.17,0.34,0.3,0.0691
1234,31.11,78.41,22.39,3081.0,39.7,1.5,13.32,0.664,12.79,13.85,65.24,83.88,0.05,21.16,186.4,0.373,0.476,orange,2,0.23,0.25,0.4,0.3,0.061
1235,31.11,78.43,24.63,3867.0,236.1,0.8579,13.21,0.195,12.36,13.45,61.25,78.75,0.05,23.04,175.0,0.3863,0.3806,yellow,1,0.3,0.21,0.22,0.3,0.0538
1236,31.11,78.45,13.53,4423.0,243.1,1.2256,13.85,0.132,12.21,13.32,58.83,75.64,0.05,24.92,168.1,0.2698,0.377,yellow,1,0.31,0.24,0.11,0.3,0.0475
1237,31.11,78.47,20.0,3822.2,180.0,0.0,8.0,0.228,12.36,13.45,62.76,80.69,0.05,26.75,179.3,0.3434,0.2991,yellow,1,0.24,0.05,0.22,0.3,0.042
1238,31.11,78.49,33.19,5594.0,224.9,0.2451,12.85,0.067,12.79,13.85,54.32,69.84,0.05,24.95,155.2,0.4561,0.5135,orange,2,0.46,0.13,0.23,0.3,0.0474
1239,31.11,78.51,44.2,4676.0,92.2,1.5,12.46,0.173,13.47,14.49,59.85,76.95,0.05,23.17,171.0,0.5788,0.5688,orange,2,0.52,0.13,0.24,0.3,0.0534
1240,31.11,78.53,28.64,4628.0,142.0,0.8579,13.03,0.153,14.38,15.34,60.48,77.76,0.05,21.4,172.8,0.4246,0.4895,orange,2,0.42,0.21,0.24,0.37,0.06
1241,31.11,78.55,20.0,3326.1,180.0,0.0,8.0,0.538,15.47,16.36,67.3,86.54,0.05,19.66,192.3,0.3538,0.4231,yellow,1,0.21,0.09,0.37,0.37,0.0674
1242,31.11,78.57,24.83,4580.0,348.9,-1.4708,13.2,0.161,16.7,17.53,60.34,77.58,0.05,17.95,172.4,0.3862,0.462,orange,2,0.4,0.21,0.17,0.37,0.0756
1243,31.11,78.59,16.14,4335.0,263.4,0.4903,13.67,0.184,16.79,16.28,60.9,78.3,0.05,16.28,174.0,0.3006,0.3706,yellow,1,0.3,0.21,0.16,0.37,0.0844
1244,31.11,78.61,34.71,4616.0,268.8,-0.8579,12.8,0.111,15.21,14.67,58.59,75.33,0.05,14.67,167.4,0.481,0.5443,orange,2,0.5,0.13,0.19,0.3,0.094
1245,31.11,78.63,36.61,4259.0,256.0,1.1031,12.73,0.128,13.71,13.14,59.67,76.73,0.05,13.14,170.5,0.5025,0.6047,orange,2,0.56,0.13,0.24,0.3,0.1041
1246,31.11,78.65,54.6,4513.0,7.4,-1.5,12.09,0.195,12.33,11.72,57.85,74.39,0.05,11.72,165.3,0.5904,0.6967,red,3,0.67,0.13,0.16,0.3,0.1144
1247,31.11,78.67,18.25,4699.0,284.1,-0.3677,13.54,0.195,11.09,10.45,56.77,72.99,0.05,10.45,162.2,0.3575,0.3941,yellow,1,0.34,0.21,0.08,0.3,0.1246
1248,31.11,78.69,37.65,5057.0,177.9,0.7354,12.69,0.147,10.07,9.39,55.16,70.92,0.05,9.39,157.6,0.5786,0.6105,orange,2,0.56,0.13,0.29,0.3,0.1336
1249,31.11,78.71,36.7,4265.0,307.5,1.5,12.72,0.201,9.33,8.63,59.99,77.13,0.05,8.63,171.4,0.6023,0.5495,orange,2,0.5,0.13,0.23,0.3,0.1406
1250,31.11,78.73,29.41,3630.0,193.3,-1.4708,13.0,0.297,8.93,8.25,64.16,82.49,0.05,8.25,183.3,0.5501,0.6127,orange,2,0.54,0.17,0.43,0.3,0.1442
1251,31.11,78.75,20.0,4427.0,180.0,0.0,8.0,0.199,8.93,8.29,60.76,78.12,0.05,8.29,173.6,0.447,0.3217,yellow,1,0.24,0.05,0.26,0.3,0.1438
1252,31.11,78.77,31.0,5052.0,181.2,0.0,12.94,0.104,8.28,8.76,58.06,74.66,0.05,8.76,165.9,0.5373,0.5219,orange,2,0.46,0.13,0.29,0.3,0.1394
1253,31.11,78.79,40.31,4460.0,334.6,-1.5,12.59,0.184,7.83,9.59,61.42,78.98,0.05,9.59,175.5,0.6139,0.6396,orange,2,0.6,0.13,0.23,0.3,0.132
1254,31.11,78.81,20.0,3327.4,180.0,0.0,8.0,0.446,7.83,9.97,67.16,86.36,0.05,9.97,191.9,0.4128,0.4414,yellow,1,0.21,0.09,0.39,0.3,0.1286
1255,31.11,78.83,23.86,4778.0,297.4,0.6128,13.24,0.146,8.28,10.6,59.01,75.87,0.05,10.6,168.6,0.4143,0.3822,yellow,1,0.32,0.21,0.12,0.3,0.1233
1256,31.11,78.85,22.11,4868.0,309.0,0.2451,13.33,0.128,9.11,11.51,57.75,74.25,0.05,11.51,165.0,0.3673,0.3822,yellow,1,0.32,0.21,0.12,0.3,0.116
1257,31.11,78.91,20.0,3827.2,180.0,0.0,8.0,0.21,7.67,13.08,61.35,78.89,0.05,12.25,175.3,0.3402,0.2991,yellow,1,0.24,0.05,0.22,0.3,0.1105
1258,31.11,78.97,20.0,3598.3,180.0,0.0,8.0,0.277,6.93,13.08,63.84,82.08,0.05,13.08,182.4,0.3459,0.4283,yellow,1,0.24,0.09,0.37,0.3,0.1045
1259,31.11,78.99,20.0,3358.0,180.0,0.0,8.0,0.481,7.67,13.62,65.94,84.78,0.05,13.62,188.4,0.3507,0.4231,yellow,1,0.21,0.09,0.37,0.3,0.1008
1260,31.11,79.01,20.0,3838.4,180.0,0.0,8.0,0.149,8.77,14.39,64.16,82.49,0.05,14.39,183.3,0.3466,0.3427,yellow,1,0.28,0.09,0.22,0.3,0.0958
1261,31.11,79.03,20.0,3984.9,180.0,0.0,8.0,0.193,10.11,15.36,63.84,82.08,0.05,15.36,182.4,0.3459,0.3062,yellow,1,0.24,0.09,0.22,0.37,0.0898
1262,31.11,79.05,20.0,4141.8,180.0,0.0,8.0,0.158,11.6,16.5,63.07,81.09,0.05,16.5,180.2,0.3442,0.3103,yellow,1,0.24,0.09,0.24,0.37,0.0832
1263,31.13,77.89,20.0,2555.4,180.0,0.0,8.0,0.687,13.02,20.23,65.2,83.84,0.05,28.53,186.3,0.349,0.5196,orange,2,0.2,0.14,0.47,0.33,0.0373
1264,31.13,77.91,20.0,2607.5,180.0,0.0,8.0,0.673,11.55,18.35,64.19,82.53,0.05,26.66,183.4,0.3467,0.5196,orange,2,0.2,0.14,0.47,0.33,0.0423
1265,31.13,77.93,20.0,2365.0,180.0,0.0,8.0,0.686,10.23,16.49,63.03,81.05,0.05,24.8,180.1,0.3441,0.5196,orange,2,0.2,0.14,0.47,0.29,0.0478
1266,31.13,77.95,20.0,2156.1,180.0,0.0,8.0,0.697,9.11,14.63,61.21,78.7,0.05,22.95,174.9,0.3399,0.4229,yellow,1,0.2,0.1,0.37,0.22,0.0541
1267,31.13,77.97,20.0,2159.4,180.0,0.0,8.0,0.616,8.28,12.79,63.7,81.9,0.05,21.11,182.0,0.3456,0.4355,yellow,1,0.24,0.14,0.37,0.22,0.0612
1268,31.13,77.99,20.0,2043.5,180.0,0.0,8.0,0.615,7.83,10.97,64.33,82.71,0.05,19.28,183.8,0.347,0.4355,yellow,1,0.24,0.14,0.37,0.22,0.0692
1269,31.13,78.01,18.23,3026.0,67.2,-0.6129,13.54,0.649,7.83,9.18,71.33,91.71,0.05,17.46,203.8,0.3453,0.4526,orange,2,0.31,0.25,0.36,0.3,0.0781
1270,31.13,78.03,46.71,2398.0,54.0,1.5,12.37,0.565,7.44,7.44,73.47,94.45,0.05,15.66,209.9,0.6179,0.6427,orange,2,0.57,0.22,0.44,0.14,0.088
1271,31.13,78.05,17.15,1924.0,322.9,1.3485,13.61,0.665,5.8,5.8,65.31,83.97,0.05,13.89,186.6,0.3208,0.395,yellow,1,0.26,0.3,0.26,0.14,0.099
1272,31.13,78.07,46.76,1751.0,68.9,-1.4711,12.37,0.628,4.38,4.38,61.01,78.44,0.05,12.15,174.3,0.5894,0.6881,red,3,0.64,0.24,0.27,0.14,0.1112
1273,31.13,78.09,29.09,2212.0,213.6,-0.4904,13.02,0.612,3.46,3.46,66.47,85.45,0.05,10.48,189.9,0.4871,0.5798,orange,2,0.48,0.32,0.47,0.09,0.1243
1274,31.13,78.11,23.03,2461.0,116.4,-0.2452,13.28,0.639,3.46,3.46,68.04,87.48,0.05,8.9,194.4,0.4763,0.5365,orange,2,0.3,0.32,0.45,0.09,0.1382
1275,31.13,78.13,20.88,3071.0,130.2,-0.7355,13.39,0.643,4.38,4.38,63.42,81.54,0.05,7.46,181.2,0.4861,0.5682,orange,2,0.33,0.27,0.49,0.22,0.0319
1276,31.13,78.15,12.02,3354.0,1.1,-1.5,13.98,0.469,5.8,5.8,60.55,77.85,0.05,6.28,173.0,0.4254,0.4124,yellow,1,0.32,0.24,0.28,0.22,0.0438
1277,31.13,78.17,33.05,2750.0,290.0,-0.9807,12.86,0.633,7.44,5.52,63.52,81.67,0.05,5.52,181.5,0.6648,0.5845,orange,2,0.44,0.22,0.5,0.18,0.0556
1278,31.13,78.19,32.24,3096.0,275.6,1.5,12.89,0.689,9.18,5.35,62.79,80.73,0.05,5.35,179.4,0.6599,0.5626,orange,2,0.33,0.13,0.5,0.22,0.0597
1279,31.13,78.21,20.0,2274.4,180.0,0.0,8.0,0.628,10.97,5.83,64.22,82.58,0.05,5.83,183.5,0.5267,0.5788,orange,2,0.24,0.14,0.53,0.14,0.0524
1280,31.13,78.23,23.23,2848.0,331.9,-1.3485,13.28,0.667,12.79,6.83,68.74,88.38,0.05,6.73,196.4,0.5432,0.5124,orange,2,0.33,0.3,0.42,0.18,0.04
1281,31.13,78.25,20.0,2452.8,180.0,0.0,8.0,0.69,14.63,8.16,72.2,92.84,0.05,7.96,206.3,0.483,0.5377,orange,2,0.2,0.14,0.49,0.14,0.0127
1282,31.13,78.27,16.82,3039.0,53.5,-1.5,13.63,0.691,16.49,9.67,71.86,92.39,0.05,9.41,205.3,0.408,0.4725,orange,2,0.33,0.25,0.38,0.3,0.1335
1283,31.13,78.29,38.87,3811.0,131.5,-0.9807,12.64,0.235,18.35,11.31,68.36,87.89,0.05,11.0,195.3,0.574,0.6109,orange,2,0.56,0.17,0.26,0.3,0.1201
1284,31.13,78.31,16.5,3216.0,256.1,1.5,13.65,0.591,19.62,13.02,70.73,90.94,0.05,12.68,202.1,0.3267,0.3896,yellow,1,0.29,0.25,0.29,0.3,0.1074
1285,31.13,78.33,34.54,3860.0,283.9,-1.1033,12.8,0.156,18.39,14.77,65.52,84.24,0.05,14.41,187.2,0.4952,0.5492,orange,2,0.5,0.17,0.19,0.3,0.0956
1286,31.13,78.35,20.0,2986.2,180.0,0.0,8.0,0.643,17.28,16.56,67.62,86.94,0.05,16.18,193.2,0.3546,0.521,orange,2,0.21,0.14,0.47,0.33,0.085
1287,31.13,78.37,37.44,3104.0,268.2,0.6129,12.7,0.64,16.31,17.3,64.47,82.89,0.05,17.98,184.2,0.5218,0.5591,orange,2,0.47,0.17,0.47,0.37,0.0754
1288,31.13,78.39,51.16,3206.0,302.7,1.5,12.21,0.527,15.51,16.55,61.98,79.69,0.05,19.79,177.1,0.5917,0.5988,orange,2,0.54,0.13,0.34,0.37,0.0668
1289,31.13,78.41,20.0,3504.6,180.0,0.0,8.0,0.336,14.92,16.0,59.5,76.5,0.05,21.62,170.0,0.336,0.3651,yellow,1,0.18,0.05,0.32,0.37,0.0591
1290,31.13,78.43,43.53,4203.0,153.7,-0.3678,12.48,0.145,14.55,15.66,56.21,72.27,0.05,23.47,160.6,0.5638,0.6616,red,3,0.62,0.13,0.27,0.37,0.0523
1291,31.13,78.45,35.75,4119.0,49.4,-1.5,12.76,0.182,14.43,15.54,58.24,74.88,0.05,25.32,166.4,0.4906,0.6323,orange,2,0.6,0.13,0.16,0.37,0.0462
1292,31.13,78.47,10.76,3862.0,110.4,-0.6129,14.09,0.19,14.55,15.66,61.95,79.65,0.05,27.17,177.0,0.2492,0.3817,yellow,1,0.31,0.24,0.14,0.37,0.0409
1293,31.13,78.49,10.5,3981.0,199.1,0.4904,14.12,0.218,14.92,16.0,63.91,82.17,0.05,25.77,182.6,0.2511,0.373,yellow,1,0.27,0.28,0.22,0.37,0.0449
1294,31.13,78.51,13.16,4116.0,130.4,0.4904,13.88,0.189,15.51,16.55,65.38,84.06,0.05,24.04,186.8,0.281,0.3664,yellow,1,0.25,0.28,0.2,0.37,0.0503
1295,31.13,78.53,20.0,3727.8,180.0,0.0,8.0,0.281,16.31,17.3,68.63,88.25,0.05,22.35,196.1,0.3569,0.4283,yellow,1,0.24,0.09,0.37,0.37,0.0564
1296,31.13,78.55,7.71,4557.0,231.0,1.5,14.43,0.117,17.28,18.21,64.26,82.62,0.05,20.68,183.6,0.224,0.4168,yellow,1,0.29,0.33,0.2,0.37,0.063
1297,31.13,78.57,20.0,3424.4,180.0,0.0,8.0,0.438,18.39,19.07,68.98,88.69,0.05,19.07,197.1,0.3577,0.4231,yellow,1,0.21,0.09,0.37,0.37,0.0701
1298,31.13,78.59,12.15,4712.0,311.2,0.4904,13.96,0.104,18.06,17.51,60.02,77.17,0.05,17.51,171.5,0.2587,0.3442,yellow,1,0.27,0.24,0.13,0.37,0.0778
1299,31.13,78.61,20.0,3527.8,180.0,0.0,8.0,0.341,16.61,16.02,63.63,81.81,0.05,16.02,181.8,0.3454,0.418,yellow,1,0.18,0.09,0.37,0.37,0.0859
1300,31.13,78.63,38.58,5116.0,270.3,-1.5,12.66,0.164,15.25,14.63,52.95,68.09,0.05,14.63,151.3,0.5068,0.6323,orange,2,0.6,0.13,0.16,0.3,0.0942
1301,31.13,78.65,36.06,4951.0,53.8,0.6129,12.75,0.175,14.01,13.37,52.29,67.23,0.05,13.37,149.4,0.4801,0.522,orange,2,0.48,0.13,0.16,0.3,0.1025
1302,31.13,78.67,49.77,4853.0,140.9,1.5,12.26,0.139,12.94,12.27,52.43,67.41,0.05,12.27,149.8,0.5698,0.6847,red,3,0.65,0.13,0.23,0.3,0.1103
1303,31.13,78.69,11.81,4156.0,49.0,-0.2452,13.99,0.135,12.07,11.39,57.02,73.31,0.05,11.39,162.9,0.2663,0.3359,yellow,1,0.27,0.24,0.08,0.3,0.117
1304,31.13,78.71,20.92,3718.0,109.5,-1.5,13.39,0.209,11.46,10.77,61.28,78.8,0.05,10.77,175.1,0.3852,0.5019,orange,2,0.42,0.21,0.33,0.3,0.122
1305,31.13,78.73,28.79,4193.0,200.3,-1.1033,13.03,0.221,11.14,10.46,61.32,78.84,0.05,10.46,175.2,0.4729,0.5995,orange,2,0.54,0.21,0.28,0.3,0.1245
1306,31.13,78.75,19.81,4893.0,206.7,-0.7355,13.45,0.179,11.06,10.5,60.13,77.31,0.05,10.5,171.8,0.3794,0.4543,orange,2,0.38,0.21,0.24,0.3,0.1242
1307,31.13,78.77,15.86,4807.0,208.1,-0.1226,13.69,0.15,10.39,10.87,62.41,80.24,0.05,10.87,178.3,0.3343,0.4015,yellow,1,0.32,0.21,0.24,0.3,0.1211
1308,31.13,78.79,20.0,3238.6,180.0,0.0,8.0,0.504,10.04,11.54,71.36,91.76,0.05,11.54,203.9,0.3764,0.4231,yellow,1,0.21,0.09,0.37,0.3,0.1158
1309,31.13,78.81,33.14,4448.0,128.0,-0.3678,12.86,0.207,10.04,12.13,64.43,82.84,0.05,12.13,184.1,0.4787,0.5252,orange,2,0.46,0.17,0.28,0.3,0.1114
1310,31.13,78.83,20.0,3685.4,180.0,0.0,8.0,0.253,10.39,12.66,66.74,85.81,0.05,12.66,190.7,0.3526,0.4283,yellow,1,0.24,0.09,0.37,0.3,0.1075
1311,31.13,78.99,40.37,4604.0,313.6,-0.6129,12.59,0.129,9.66,15.72,60.3,77.54,0.05,15.72,172.3,0.5415,0.6194,orange,2,0.58,0.13,0.21,0.37,0.0877
1312,31.13,79.01,20.0,3920.5,180.0,0.0,8.0,0.227,10.55,16.39,66.15,85.05,0.05,16.39,189.0,0.3512,0.3062,yellow,1,0.24,0.09,0.22,0.37,0.0838
1313,31.13,79.03,20.0,4108.3,180.0,0.0,8.0,0.172,11.69,17.25,66.53,85.55,0.05,17.25,190.1,0.3521,0.3103,yellow,1,0.24,0.09,0.24,0.37,0.0791
1314,31.13,79.05,20.0,4032.4,180.0,0.0,8.0,0.227,13.0,18.27,67.09,86.27,0.05,18.27,191.7,0.3534,0.3103,yellow,1,0.24,0.09,0.24,0.37,0.074
1315,31.15,77.89,20.0,2681.4,180.0,0.0,8.0,0.62,11.83,20.71,63.07,81.09,0.05,29.02,180.2,0.3442,0.5251,orange,2,0.24,0.14,0.47,0.33,0.0361
1316,31.15,77.91,20.0,2302.9,180.0,0.0,8.0,0.704,10.19,18.88,59.74,76.81,0.05,27.19,170.7,0.3366,0.5145,orange,2,0.2,0.1,0.47,0.29,0.0408
1317,31.15,77.93,20.0,2236.7,180.0,0.0,8.0,0.678,8.66,17.08,59.36,76.32,0.05,25.37,169.6,0.3357,0.4687,orange,2,0.2,0.1,0.42,0.29,0.0461
1318,31.15,77.95,20.0,2436.3,180.0,0.0,8.0,0.656,7.31,15.29,64.96,83.52,0.05,23.57,185.6,0.3485,0.5196,orange,2,0.2,0.14,0.47,0.29,0.052
1319,31.15,77.97,20.0,2378.7,180.0,0.0,8.0,0.703,6.24,13.54,67.2,86.4,0.05,21.78,192.0,0.3536,0.5196,orange,2,0.2,0.14,0.47,0.22,0.0585
1320,31.15,77.99,20.0,2137.3,180.0,0.0,8.0,0.611,5.63,11.83,66.57,85.59,0.05,20.0,190.2,0.3522,0.4355,yellow,1,0.24,0.14,0.37,0.22,0.0659
1321,31.15,78.01,20.0,2002.5,180.0,0.0,8.0,0.649,5.63,10.19,67.06,86.22,0.05,18.26,191.6,0.3533,0.4355,yellow,1,0.24,0.14,0.37,0.22,0.074
1322,31.15,78.03,27.97,3541.0,272.6,0.1226,13.06,0.396,6.24,8.66,71.36,91.76,0.05,16.55,203.9,0.4428,0.4169,yellow,1,0.32,0.25,0.3,0.3,0.083
1323,31.15,78.05,23.99,3223.0,16.9,-0.7357,13.24,0.545,7.31,7.31,72.8,93.6,0.05,14.88,208.0,0.4063,0.4083,yellow,1,0.31,0.25,0.3,0.22,0.0927
1324,31.15,78.07,35.11,2297.0,336.2,0.7357,12.78,0.649,6.24,6.24,71.33,91.71,0.05,13.28,203.8,0.5141,0.5679,orange,2,0.48,0.22,0.44,0.14,0.1032
1325,31.15,78.09,6.35,1662.0,136.3,-0.1226,14.62,0.731,5.63,5.63,57.64,74.11,0.05,11.77,164.7,0.2021,0.4455,yellow,1,0.18,0.38,0.21,0.14,0.1141
1326,31.15,78.11,30.32,2186.0,201.5,1.2262,12.97,0.622,5.63,5.63,63.0,81.0,0.05,10.38,180.0,0.4945,0.5392,orange,2,0.44,0.18,0.45,0.14,0.1251
1327,31.15,78.13,28.81,2411.0,54.8,0.8583,13.03,0.663,6.24,6.24,63.77,81.99,0.05,9.18,182.2,0.5161,0.5136,orange,2,0.34,0.3,0.42,0.14,0.1356
1328,31.15,78.15,27.5,3173.0,199.1,-0.7357,13.08,0.545,7.31,7.31,59.88,77.0,0.05,8.25,171.1,0.5213,0.6097,orange,2,0.45,0.21,0.53,0.22,0.1443
1329,31.15,78.17,21.27,3427.0,64.8,0.0,13.37,0.41,8.66,7.68,58.31,74.97,0.05,7.68,166.6,0.4719,0.3592,yellow,1,0.25,0.21,0.27,0.22,0.0308
1330,31.15,78.19,47.07,3659.0,244.2,1.5,12.36,0.337,10.19,7.56,58.52,75.24,0.05,7.56,167.2,0.7132,0.59,orange,2,0.53,0.13,0.34,0.22,0.032
1331,31.15,78.21,24.25,3151.0,39.0,1.3488,13.23,0.605,11.83,7.91,63.94,82.22,0.05,7.91,182.7,0.5079,0.4987,orange,2,0.27,0.25,0.42,0.22,0.0298
1332,31.15,78.23,7.69,2466.0,73.7,0.7357,14.43,0.668,13.54,8.67,70.17,90.23,0.05,8.65,200.5,0.335,0.4703,orange,2,0.17,0.38,0.38,0.14,0.1404
1333,31.15,78.25,32.5,2315.0,260.2,0.1226,12.88,0.672,15.29,9.75,70.88,91.12,0.05,9.64,202.5,0.5559,0.5666,orange,2,0.36,0.22,0.49,0.22,0.1315
1334,31.15,78.27,20.0,2675.0,180.0,0.0,8.0,0.649,17.08,11.05,75.28,96.8,0.05,10.87,215.1,0.4051,0.5251,orange,2,0.24,0.14,0.47,0.26,0.1211
1335,31.15,78.29,31.64,3270.0,127.3,-1.5,12.91,0.549,18.88,12.51,72.91,93.74,0.05,12.27,208.3,0.483,0.5681,orange,2,0.49,0.17,0.41,0.3,0.1103
1336,31.15,78.31,37.34,4085.0,143.1,0.6131,12.7,0.2,20.71,14.07,67.66,86.99,0.05,13.8,193.3,0.528,0.5779,orange,2,0.52,0.17,0.28,0.3,0.0997
1337,31.15,78.33,34.95,4528.0,151.6,0.1226,12.79,0.118,20.18,15.71,62.89,80.86,0.05,15.4,179.7,0.4933,0.5262,orange,2,0.46,0.13,0.32,0.3,0.0895
1338,31.15,78.35,27.11,4531.0,292.3,-0.4905,13.1,0.171,19.17,17.4,59.57,76.59,0.05,17.07,170.2,0.4073,0.4978,orange,2,0.44,0.21,0.17,0.37,0.0801
1339,31.15,78.37,20.0,4351.0,180.0,0.0,8.0,0.199,18.3,19.13,57.16,73.49,0.05,18.78,163.3,0.3306,0.2926,yellow,1,0.24,0.05,0.19,0.37,0.0715
1340,31.15,78.39,38.63,4236.0,320.3,1.4714,12.65,0.197,17.6,18.65,55.16,70.92,0.05,20.53,157.6,0.5124,0.5404,orange,2,0.5,0.13,0.16,0.37,0.0636
1341,31.15,78.41,20.0,3597.4,180.0,0.0,8.0,0.285,17.08,18.16,57.33,73.71,0.05,22.3,163.8,0.331,0.3767,yellow,1,0.24,0.05,0.32,0.37,0.0565
1342,31.15,78.43,22.64,3477.0,270.6,0.3678,13.3,0.367,16.76,17.86,58.45,75.15,0.05,24.09,167.0,0.36,0.3417,yellow,1,0.25,0.21,0.25,0.37,0.0502
1343,31.15,78.45,34.46,4120.0,209.7,-1.5,12.81,0.203,16.65,17.76,57.16,73.49,0.05,25.89,163.3,0.4752,0.5904,orange,2,0.54,0.13,0.27,0.37,0.0445
1344,31.15,78.47,20.0,4627.0,180.0,0.0,8.0,0.167,16.76,17.86,57.61,74.07,0.05,27.71,164.6,0.3317,0.2926,yellow,1,0.24,0.05,0.19,0.37,0.0394
1345,31.15,78.49,20.0,3488.8,180.0,0.0,8.0,0.418,17.08,18.16,67.02,86.17,0.05,26.74,191.5,0.3532,0.4231,yellow,1,0.21,0.09,0.37,0.37,0.042
1346,31.15,78.51,20.0,4002.0,180.0,0.0,8.0,0.17,17.6,18.65,67.23,86.44,0.05,25.09,192.1,0.3537,0.3103,yellow,1,0.24,0.09,0.24,0.37,0.047
1347,31.15,78.53,20.0,4439.0,180.0,0.0,8.0,0.125,18.3,19.32,66.57,85.59,0.05,23.46,190.2,0.3522,0.3466,yellow,1,0.28,0.09,0.24,0.37,0.0523
1348,31.15,78.55,20.0,3779.3,180.0,0.0,8.0,0.163,19.17,20.14,70.0,90.0,0.05,21.89,200.0,0.36,0.4283,yellow,1,0.24,0.09,0.37,0.37,0.0581
1349,31.15,78.57,20.0,3713.8,180.0,0.0,8.0,0.235,20.18,20.37,68.7,88.34,0.05,20.37,196.3,0.357,0.4283,yellow,1,0.24,0.09,0.37,0.37,0.0643
1350,31.15,78.59,6.76,4965.0,331.4,0.1226,14.56,0.121,19.51,18.92,59.22,76.14,0.05,18.92,169.2,0.203,0.356,yellow,1,0.25,0.29,0.08,0.37,0.0708
1351,31.15,78.61,20.0,3273.9,180.0,0.0,8.0,0.506,18.16,17.55,64.68,83.16,0.05,17.55,184.8,0.3478,0.4231,yellow,1,0.21,0.09,0.37,0.37,0.0776
1352,31.15,78.63,54.31,4841.0,76.2,0.7357,12.1,0.105,16.93,16.29,53.3,68.54,0.05,16.29,152.3,0.5718,0.6231,orange,2,0.59,0.13,0.16,0.37,0.0844
1353,31.15,78.65,15.18,4110.0,16.5,-0.1226,13.73,0.152,15.83,15.17,55.12,70.88,0.05,15.17,157.5,0.2778,0.339,yellow,1,0.28,0.21,0.08,0.37,0.091
1354,31.15,78.67,41.85,4164.0,279.7,0.1226,12.54,0.175,14.89,14.21,54.36,69.89,0.05,14.21,155.3,0.5427,0.522,orange,2,0.48,0.13,0.16,0.3,0.097
1355,31.15,78.69,5.88,3861.0,336.8,0.1226,14.7,0.202,14.14,13.45,57.19,73.53,0.05,13.45,163.4,0.1895,0.3448,yellow,1,0.21,0.29,0.06,0.3,0.102
1356,31.15,78.71,31.32,4264.0,201.1,1.5,12.93,0.165,13.62,12.93,57.68,74.16,0.05,12.93,164.8,0.445,0.5013,orange,2,0.44,0.13,0.27,0.3,0.1056
1357,31.15,78.73,26.9,4909.0,273.7,0.6131,13.11,0.091,13.35,12.68,57.64,74.11,0.05,12.68,164.7,0.4008,0.473,orange,2,0.42,0.21,0.12,0.3,0.1074
1358,31.15,78.75,30.49,4450.0,184.7,-0.2452,12.96,0.149,13.1,12.71,63.35,81.45,0.05,12.71,181.0,0.4497,0.5306,orange,2,0.46,0.17,0.32,0.3,0.1072
1359,31.15,78.77,32.74,5583.0,235.0,-0.7357,12.87,0.06,12.54,13.01,59.81,76.91,0.05,13.01,170.9,0.4641,0.556,orange,2,0.5,0.13,0.28,0.3,0.105
1360,31.15,78.79,30.65,4232.0,331.4,1.5,12.95,0.186,12.25,13.58,67.86,87.26,0.05,13.58,193.9,0.4616,0.462,orange,2,0.4,0.17,0.21,0.3,0.1011
1361,31.15,78.81,36.95,4655.0,237.7,-0.9809,12.71,0.135,12.25,14.31,64.89,83.43,0.05,14.31,185.4,0.5178,0.6483,orange,2,0.6,0.17,0.28,0.3,0.0963
1362,31.15,78.99,20.0,4093.5,180.0,0.0,8.0,0.151,11.73,17.85,63.42,81.54,0.05,17.85,181.2,0.345,0.3103,yellow,1,0.24,0.09,0.24,0.37,0.0761
1363,31.15,79.01,20.0,4045.0,180.0,0.0,8.0,0.174,12.48,18.45,66.67,85.73,0.05,18.45,190.5,0.3524,0.3103,yellow,1,0.24,0.09,0.24,0.37,0.0731
1364,31.15,79.03,20.0,3844.9,180.0,0.0,8.0,0.161,13.45,19.21,69.54,89.41,0.05,19.21,198.7,0.359,0.3062,yellow,1,0.24,0.09,0.22,0.37,0.0695
1365,31.15,79.05,20.0,4011.8,180.0,0.0,8.0,0.168,14.61,20.13,68.88,88.56,0.05,20.13,196.8,0.3574,0.3103,yellow,1,0.24,0.09,0.24,0.37,0.0653
1366,31.17,77.95,20.0,2470.3,180.0,0.0,8.0,0.613,5.8,16.23,65.94,84.78,0.05,24.37,188.4,0.3507,0.5251,orange,2,0.24,0.14,0.47,0.29,0.0492
1367,31.17,78.03,21.96,2964.0,83.9,0.0,13.34,0.661,4.38,10.23,73.67,94.73,0.05,17.67,210.5,0.388,0.4833,orange,2,0.21,0.32,0.4,0.26,0.077
1368,31.17,78.05,26.05,2545.0,43.4,0.3679,13.15,0.612,5.8,9.11,75.67,97.29,0.05,16.12,216.2,0.4335,0.5019,orange,2,0.38,0.3,0.4,0.26,0.0853
1369,31.17,78.07,39.73,2458.0,42.2,1.4717,12.61,0.572,7.44,8.28,73.53,94.55,0.05,14.66,210.1,0.5654,0.5845,orange,2,0.5,0.22,0.44,0.22,0.0941
1370,31.17,78.09,41.56,1794.0,47.7,-0.4906,12.55,0.588,7.83,7.83,59.67,76.73,0.05,13.3,170.5,0.552,0.5733,orange,2,0.51,0.22,0.27,0.14,0.103
1371,31.17,78.11,40.01,2293.0,276.5,1.5,12.6,0.656,7.83,7.83,64.99,83.56,0.05,12.09,185.7,0.5487,0.5512,orange,2,0.46,0.22,0.44,0.14,0.1117
1372,31.17,78.13,30.79,2169.0,114.4,-0.2453,12.95,0.615,8.28,8.28,60.2,77.4,0.05,11.08,172.0,0.4724,0.487,orange,2,0.4,0.18,0.37,0.22,0.1195
1373,31.17,78.15,45.92,2302.0,156.4,-0.3679,12.4,0.61,9.11,9.11,60.76,78.12,0.05,10.32,173.6,0.6379,0.7163,red,3,0.65,0.18,0.55,0.22,0.1257
1374,31.17,78.17,15.84,2664.0,143.2,1.5,13.69,0.695,10.23,9.87,63.03,81.05,0.05,9.87,180.1,0.3646,0.5342,orange,2,0.3,0.3,0.45,0.26,0.1295
1375,31.17,78.19,31.23,3513.0,156.0,-0.6132,12.93,0.362,11.55,9.78,59.85,76.95,0.05,9.78,171.0,0.5139,0.5488,orange,2,0.42,0.13,0.47,0.3,0.1303
1376,31.17,78.21,38.5,2971.0,358.2,-0.4906,12.66,0.598,13.02,10.05,65.17,83.79,0.05,10.05,186.2,0.5908,0.5928,orange,2,0.51,0.22,0.44,0.26,0.1279
1377,31.17,78.23,25.93,2703.0,162.6,0.3679,13.15,0.674,14.59,10.66,69.61,89.51,0.05,10.66,198.9,0.4574,0.5932,orange,2,0.38,0.3,0.51,0.26,0.1228
1378,31.17,78.25,35.18,3582.0,282.4,0.3679,12.78,0.372,16.23,11.56,67.86,87.26,0.05,11.5,193.9,0.5215,0.4987,orange,2,0.42,0.17,0.34,0.3,0.1161
1379,31.17,78.27,38.2,3703.0,287.9,1.5,12.67,0.308,17.92,12.67,69.27,89.06,0.05,12.55,197.9,0.5403,0.516,orange,2,0.44,0.17,0.34,0.3,0.1083
1380,31.17,78.29,20.0,2959.1,180.0,0.0,8.0,0.619,19.65,13.96,73.81,94.91,0.05,13.79,210.9,0.3687,0.521,orange,2,0.21,0.14,0.47,0.26,0.0997
1381,31.17,78.31,20.0,3378.0,180.0,0.0,8.0,0.446,21.41,15.38,70.73,90.94,0.05,15.16,202.1,0.3617,0.4231,yellow,1,0.21,0.09,0.37,0.3,0.091
1382,31.17,78.33,24.07,4161.0,170.1,-0.8585,13.23,0.225,22.05,16.89,64.43,82.84,0.05,16.63,184.1,0.388,0.4656,orange,2,0.38,0.25,0.28,0.37,0.0825
1383,31.17,78.35,19.65,4178.0,128.5,0.6132,13.46,0.149,21.13,18.47,61.39,78.93,0.05,18.19,175.4,0.3368,0.4129,yellow,1,0.34,0.21,0.2,0.37,0.0744
1384,31.17,78.37,59.37,5069.0,138.2,0.6132,11.91,0.111,20.34,20.11,53.72,69.08,0.05,19.8,153.5,0.5728,0.6306,orange,2,0.59,0.13,0.23,0.37,0.0668
1385,31.17,78.39,10.76,4590.0,4.9,1.1038,14.09,0.203,19.71,20.78,53.9,69.3,0.05,21.47,154.0,0.2308,0.3177,yellow,1,0.25,0.24,0.08,0.37,0.0598
1386,31.17,78.41,32.64,4578.0,231.6,0.9811,12.87,0.204,19.25,20.34,52.92,68.04,0.05,23.16,151.2,0.4474,0.4594,orange,2,0.4,0.13,0.23,0.37,0.0534
1387,31.17,78.43,31.32,3854.0,191.5,0.0,12.93,0.176,18.97,20.07,57.16,73.49,0.05,24.89,163.3,0.4438,0.4805,orange,2,0.42,0.13,0.25,0.37,0.0476
1388,31.17,78.45,5.49,3834.0,284.3,-0.4906,14.77,0.218,18.87,19.98,59.11,76.01,0.05,26.64,168.9,0.19,0.3568,yellow,1,0.27,0.29,0.06,0.37,0.0423
1389,31.17,78.47,18.07,4095.0,166.4,1.5,13.55,0.183,18.97,20.07,60.55,77.85,0.05,28.41,173.0,0.3191,0.4191,yellow,1,0.34,0.21,0.24,0.37,0.0376
1390,31.17,78.49,21.58,4348.0,135.9,-0.8585,13.36,0.177,19.25,20.34,62.3,80.1,0.05,27.86,178.0,0.3582,0.4543,orange,2,0.38,0.21,0.24,0.37,0.039
1391,31.17,78.51,20.0,4918.0,180.0,0.0,8.0,0.112,19.71,20.78,61.88,79.56,0.05,26.28,176.8,0.3414,0.34,yellow,1,0.28,0.05,0.24,0.37,0.0434
1392,31.17,78.53,20.0,3953.5,180.0,0.0,8.0,0.179,20.34,21.38,68.39,87.93,0.05,24.73,195.4,0.3563,0.3062,yellow,1,0.24,0.09,0.22,0.37,0.0481
1393,31.17,78.55,20.0,4649.0,180.0,0.0,8.0,0.184,21.13,22.12,64.75,83.25,0.05,23.24,185.0,0.348,0.3103,yellow,1,0.24,0.09,0.24,0.37,0.0531
1394,31.17,78.57,20.0,3911.9,180.0,0.0,8.0,0.183,22.05,21.82,67.13,86.31,0.05,21.82,191.8,0.3534,0.3062,yellow,1,0.24,0.09,0.22,0.37,0.0584
1395,31.17,78.59,29.0,5198.0,281.8,-1.3491,13.02,0.084,21.08,20.47,57.78,74.3,0.05,20.47,165.1,0.4221,0.5821,orange,2,0.54,0.21,0.12,0.37,0.0639
1396,31.17,78.61,18.55,5092.0,282.2,0.0,13.52,0.135,19.85,19.21,55.27,71.06,0.05,19.21,157.9,0.3118,0.3757,yellow,1,0.32,0.21,0.08,0.37,0.0695
1397,31.17,78.63,15.16,4428.0,241.9,0.6132,13.74,0.174,18.73,18.07,55.96,71.95,0.05,18.07,159.9,0.2795,0.3623,yellow,1,0.3,0.21,0.11,0.37,0.075
1398,31.17,78.65,10.55,4910.0,294.0,-0.6132,14.11,0.143,17.74,17.06,51.59,66.33,0.05,17.06,147.4,0.2234,0.3905,yellow,1,0.33,0.24,0.08,0.37,0.0802
1399,31.17,78.67,29.37,4923.0,269.5,0.8585,13.0,0.156,16.9,16.22,51.1,65.7,0.05,16.22,146.0,0.4105,0.4469,yellow,1,0.4,0.13,0.15,0.37,0.0848
1400,31.17,78.69,31.85,4416.0,31.4,-1.5,12.91,0.171,16.25,15.56,54.84,70.52,0.05,15.56,156.7,0.4439,0.5404,orange,2,0.5,0.13,0.16,0.37,0.0886
1401,31.17,78.71,21.62,4929.0,210.7,1.5,13.35,0.183,15.8,15.11,54.49,70.06,0.05,15.11,155.7,0.3408,0.4113,yellow,1,0.34,0.21,0.19,0.37,0.0913
1402,31.17,78.73,27.78,4800.0,272.1,0.2453,13.07,0.141,15.57,14.89,58.17,74.79,0.05,14.89,166.2,0.4108,0.473,orange,2,0.42,0.21,0.12,0.3,0.0926
1403,31.17,78.75,21.74,4814.0,170.1,0.0,13.35,0.165,15.19,14.92,61.07,78.53,0.05,14.92,174.5,0.357,0.408,yellow,1,0.32,0.21,0.28,0.3,0.0925
1404,31.17,78.77,20.0,5412.0,180.0,0.0,8.0,0.104,14.71,15.18,60.09,77.27,0.05,15.18,171.7,0.3374,0.34,yellow,1,0.28,0.05,0.24,0.37,0.0909
1405,31.17,78.79,42.73,4527.0,345.5,-0.9811,12.51,0.139,14.46,15.67,65.59,84.33,0.05,15.67,187.4,0.5772,0.6234,orange,2,0.58,0.17,0.21,0.37,0.0879
1406,31.17,78.81,20.0,3743.3,180.0,0.0,8.0,0.255,14.46,16.37,69.02,88.74,0.05,16.37,197.2,0.3578,0.4283,yellow,1,0.24,0.09,0.37,0.37,0.0839
1407,31.17,78.97,20.0,4408.9,180.0,0.0,8.0,0.188,13.45,19.63,58.48,75.19,0.05,19.46,167.1,0.3337,0.2926,yellow,1,0.24,0.05,0.19,0.37,0.0683
1408,31.17,78.99,20.0,4305.4,180.0,0.0,8.0,0.201,13.85,20.0,62.12,79.88,0.05,20.0,177.5,0.342,0.3034,yellow,1,0.24,0.05,0.24,0.37,0.0659
1409,31.17,79.01,20.0,3979.4,180.0,0.0,8.0,0.147,14.49,20.53,66.5,85.5,0.05,20.53,190.0,0.352,0.3427,yellow,1,0.28,0.09,0.22,0.37,0.0636
1410,31.17,79.03,20.0,4053.3,180.0,0.0,8.0,0.235,15.34,21.22,67.76,87.12,0.05,21.22,193.6,0.3549,0.3103,yellow,1,0.24,0.09,0.24,0.37,0.0607
1411,31.17,79.05,20.0,4385.1,180.0,0.0,8.0,0.165,16.36,22.06,66.22,85.14,0.05,22.06,189.2,0.3514,0.3103,yellow,1,0.24,0.09,0.24,0.37,0.0575
1412,31.19,78.05,23.57,2639.0,350.9,0.0,13.26,0.606,4.88,11.06,72.41,93.11,0.05,17.56,206.9,0.4012,0.4919,orange,2,0.28,0.32,0.4,0.26,0.0776
1413,31.19,78.07,33.76,2074.0,176.9,0.0,12.83,0.652,6.74,10.39,65.1,83.7,0.05,16.22,186.0,0.4864,0.5352,orange,2,0.38,0.22,0.45,0.22,0.0848
1414,31.19,78.09,20.33,2869.0,111.7,0.2453,13.42,0.671,8.62,10.04,68.88,88.56,0.05,15.01,196.8,0.3607,0.5088,orange,2,0.23,0.3,0.43,0.26,0.0919
1415,31.19,78.11,27.15,3417.0,329.1,-1.5,13.1,0.425,10.04,10.04,64.36,82.76,0.05,13.95,183.9,0.4186,0.5455,orange,2,0.47,0.25,0.3,0.3,0.0987
1416,31.19,78.13,33.29,3045.0,345.0,0.0,12.85,0.687,10.39,10.39,64.89,83.43,0.05,13.08,185.4,0.4812,0.5118,orange,2,0.31,0.17,0.44,0.3,0.1045
1417,31.19,78.15,20.0,2094.5,180.0,0.0,8.0,0.61,11.06,11.06,60.02,77.17,0.05,12.44,171.5,0.3372,0.4297,yellow,1,0.24,0.1,0.37,0.22,0.1091
1418,31.19,78.17,17.63,2887.0,101.2,0.0,13.58,0.709,12.0,12.0,64.72,83.2,0.05,12.07,184.9,0.3242,0.4744,orange,2,0.23,0.3,0.39,0.26,0.1118
1419,31.19,78.19,24.52,3469.0,5.1,0.4907,13.21,0.425,13.15,12.0,62.33,80.14,0.05,12.0,178.1,0.3878,0.3856,yellow,1,0.25,0.21,0.3,0.3,0.1124
1420,31.19,78.21,20.0,2702.3,180.0,0.0,8.0,0.646,14.46,12.22,67.66,86.99,0.05,12.22,193.3,0.3546,0.5251,orange,2,0.24,0.14,0.47,0.26,0.1107
1421,31.19,78.23,20.0,2698.4,180.0,0.0,8.0,0.681,15.88,12.73,69.33,89.14,0.05,12.73,198.1,0.3585,0.5196,orange,2,0.2,0.14,0.47,0.26,0.107
1422,31.19,78.25,26.82,3313.0,190.6,0.2453,13.11,0.551,17.4,13.48,67.62,86.94,0.05,13.47,193.2,0.4228,0.506,orange,2,0.39,0.25,0.41,0.3,0.1018
1423,31.19,78.27,16.61,4158.0,149.0,-1.2267,13.64,0.173,18.99,14.45,64.26,82.62,0.05,14.38,183.6,0.313,0.5072,orange,2,0.44,0.25,0.2,0.3,0.0958
1424,31.19,78.29,47.45,4281.0,275.0,-0.2453,12.34,0.124,20.63,15.6,63.98,82.26,0.05,15.47,182.8,0.5962,0.6323,orange,2,0.59,0.17,0.21,0.3,0.0891
1425,31.19,78.31,40.42,4249.0,252.9,-0.736,12.59,0.151,22.31,16.87,63.66,81.86,0.05,16.7,181.9,0.5497,0.6087,orange,2,0.56,0.17,0.24,0.37,0.0821
1426,31.19,78.33,20.0,3361.4,180.0,0.0,8.0,0.475,23.97,18.26,67.16,86.36,0.05,18.05,191.9,0.3535,0.4231,yellow,1,0.21,0.09,0.37,0.37,0.075
1427,31.19,78.35,46.2,3880.0,280.7,-0.368,12.39,0.197,23.13,19.73,62.86,80.82,0.05,19.5,179.6,0.5937,0.6446,orange,2,0.61,0.13,0.19,0.37,0.0681
1428,31.19,78.37,19.47,4030.0,143.4,0.1227,13.47,0.195,22.42,21.27,60.48,77.76,0.05,21.01,172.8,0.3329,0.3951,yellow,1,0.32,0.21,0.2,0.37,0.0616
1429,31.19,78.39,21.92,4819.0,115.1,0.0,13.34,0.151,21.85,22.87,55.09,70.83,0.05,22.59,157.4,0.3451,0.369,yellow,1,0.3,0.21,0.15,0.37,0.0555
1430,31.19,78.41,13.01,4787.0,331.8,1.104,13.89,0.14,21.43,22.52,54.7,70.34,0.05,24.21,156.3,0.2551,0.3541,yellow,1,0.29,0.24,0.08,0.37,0.0498
1431,31.19,78.43,24.87,4122.0,324.8,0.1227,13.2,0.171,21.18,22.28,58.41,75.11,0.05,25.86,166.9,0.3822,0.3458,yellow,1,0.28,0.21,0.12,0.37,0.0446
1432,31.19,78.45,3.57,4373.0,256.8,0.4907,15.2,0.195,21.09,22.2,58.1,74.7,0.05,27.55,166.0,0.1685,0.4204,yellow,1,0.23,0.36,0.11,0.37,0.0398
1433,31.19,78.47,20.0,4060.6,180.0,0.0,8.0,0.194,21.18,22.28,61.21,78.7,0.05,29.27,174.9,0.3399,0.3034,yellow,1,0.24,0.05,0.24,0.37,0.0355
1434,31.19,78.49,20.0,3837.5,180.0,0.0,8.0,0.198,21.43,22.52,64.05,82.35,0.05,29.11,183.0,0.3464,0.3062,yellow,1,0.24,0.09,0.22,0.37,0.0359
1435,31.19,78.51,20.0,3785.0,180.0,0.0,8.0,0.194,21.85,22.92,65.69,84.47,0.05,27.59,187.7,0.3502,0.4283,yellow,1,0.24,0.09,0.37,0.37,0.0397
1436,31.19,78.53,12.91,5036.0,244.3,-1.472,13.9,0.084,22.42,23.46,59.92,77.04,0.05,26.13,171.2,0.2661,0.474,orange,2,0.41,0.24,0.16,0.37,0.0438
1437,31.19,78.55,14.59,5170.0,281.5,1.2267,13.77,0.084,23.13,24.15,59.18,76.09,0.05,24.72,169.1,0.2812,0.3541,yellow,1,0.29,0.24,0.08,0.37,0.0481
1438,31.19,78.57,20.0,3745.1,180.0,0.0,8.0,0.226,23.97,23.39,65.87,84.69,0.05,23.39,188.2,0.3506,0.4283,yellow,1,0.24,0.09,0.37,0.37,0.0526
1439,31.19,78.59,20.0,3893.3,180.0,0.0,8.0,0.241,22.77,22.13,63.73,81.94,0.05,22.13,182.1,0.3457,0.3062,yellow,1,0.24,0.09,0.22,0.37,0.0572
1440,31.19,78.61,35.03,5218.0,344.9,-0.368,12.78,0.083,21.63,20.98,55.12,70.88,0.05,20.98,157.5,0.4763,0.6139,orange,2,0.58,0.13,0.16,0.37,0.0617
1441,31.19,78.63,23.13,4641.0,197.7,0.0,13.28,0.197,20.61,19.94,56.66,72.86,0.05,19.94,161.9,0.3608,0.3999,yellow,1,0.32,0.21,0.23,0.37,0.0662
1442,31.19,78.65,44.77,5275.0,145.2,-1.5,12.44,0.082,19.71,19.03,52.36,67.32,0.05,19.03,149.6,0.5674,0.7117,red,3,0.68,0.13,0.23,0.37,0.0703
1443,31.19,78.67,51.73,5111.0,15.6,1.5,12.19,0.108,18.96,18.27,52.99,68.13,0.05,18.27,151.4,0.5711,0.6415,orange,2,0.61,0.13,0.16,0.37,0.0739
1444,31.19,78.69,27.14,5436.0,250.0,-1.472,13.1,0.105,18.38,17.69,51.87,66.69,0.05,17.69,148.2,0.39,0.6034,orange,2,0.56,0.21,0.15,0.37,0.0769
1445,31.19,78.71,20.0,3576.9,180.0,0.0,8.0,0.31,17.99,17.3,62.89,80.86,0.05,17.3,179.7,0.3438,0.4118,yellow,1,0.18,0.05,0.37,0.37,0.0789
1446,31.19,78.73,20.0,3731.6,180.0,0.0,8.0,0.241,17.79,17.11,63.66,81.86,0.05,17.11,181.9,0.3455,0.4283,yellow,1,0.24,0.09,0.37,0.37,0.0799
1447,31.19,78.75,20.0,3851.5,180.0,0.0,8.0,0.195,17.31,17.13,64.61,83.07,0.05,17.13,184.6,0.3477,0.3062,yellow,1,0.24,0.09,0.22,0.37,0.0798
1448,31.19,78.77,53.21,5211.0,114.7,1.5,12.14,0.115,16.89,17.36,58.62,75.38,0.05,17.36,167.5,0.584,0.6628,red,3,0.63,0.13,0.19,0.37,0.0786
1449,31.19,78.79,23.34,4872.0,307.1,0.736,13.27,0.16,16.68,17.79,60.86,78.26,0.05,17.79,173.9,0.3725,0.3544,yellow,1,0.28,0.21,0.17,0.37,0.0763
1450,31.19,78.95,20.0,4376.1,180.0,0.0,8.0,0.134,15.54,21.67,57.92,74.48,0.05,21.28,165.5,0.3324,0.3298,yellow,1,0.28,0.05,0.19,0.37,0.0605
1451,31.19,78.97,12.08,5317.0,259.8,-0.2453,13.97,0.164,15.66,21.83,54.42,69.98,0.05,21.62,155.5,0.2452,0.3228,yellow,1,0.25,0.24,0.11,0.37,0.0592
1452,31.19,78.99,1.93,5130.0,286.3,0.0,15.82,0.101,16.0,22.16,57.05,73.35,0.05,22.11,163.0,0.1497,0.4195,yellow,1,0.25,0.36,0.08,0.37,0.0572
1453,31.19,79.01,20.0,4469.2,180.0,0.0,8.0,0.13,16.55,22.64,61.95,79.65,0.05,22.64,177.0,0.3416,0.34,yellow,1,0.28,0.05,0.24,0.37,0.0553
1454,31.19,79.03,20.0,4654.3,180.0,0.0,8.0,0.119,17.3,23.27,61.84,79.52,0.05,23.27,176.7,0.3414,0.34,yellow,1,0.28,0.05,0.24,0.37,0.053
1455,31.19,79.05,20.0,4479.2,180.0,0.0,8.0,0.168,18.21,24.04,62.86,80.82,0.05,24.04,179.6,0.3437,0.3034,yellow,1,0.24,0.05,0.24,0.37,0.0504
1456,31.21,78.13,20.0,2101.4,180.0,0.0,8.0,0.686,12.4,12.54,63.8,82.04,0.05,15.14,182.3,0.3458,0.429,yellow,1,0.2,0.14,0.37,0.22,0.0911
1457,31.21,78.15,20.0,2376.2,180.0,0.0,8.0,0.612,13.1,13.1,68.63,88.25,0.05,14.59,196.1,0.3569,0.5251,orange,2,0.24,0.14,0.47,0.22,0.0945
1458,31.21,78.17,20.0,2648.9,180.0,0.0,8.0,0.616,13.9,13.9,69.93,89.91,0.05,14.28,199.8,0.3598,0.5251,orange,2,0.24,0.14,0.47,0.26,0.0965
1459,31.21,78.19,39.57,3864.0,233.0,-0.2454,12.62,0.234,14.91,14.22,63.42,81.54,0.05,14.22,181.2,0.5407,0.5579,orange,2,0.5,0.17,0.26,0.3,0.0969
1460,31.21,78.21,20.0,2961.3,180.0,0.0,8.0,0.624,16.07,14.41,67.86,87.26,0.05,14.41,193.9,0.3551,0.521,orange,2,0.21,0.14,0.47,0.26,0.0957
1461,31.21,78.23,20.0,3843.0,180.0,0.0,8.0,0.18,17.37,14.84,62.86,80.82,0.05,14.84,179.6,0.3437,0.2991,yellow,1,0.24,0.05,0.22,0.3,0.093
1462,31.21,78.25,28.75,3049.0,289.1,0.7362,13.03,0.665,18.77,15.49,66.71,85.77,0.05,15.49,190.6,0.44,0.4869,orange,2,0.31,0.25,0.4,0.3,0.089
1463,31.21,78.27,18.96,3649.0,120.7,-0.4908,13.5,0.271,20.25,16.34,63.31,81.41,0.05,16.31,180.9,0.3343,0.4555,orange,2,0.36,0.25,0.33,0.37,0.0843
1464,31.21,78.29,26.81,4423.0,96.5,1.2269,13.11,0.202,21.79,17.36,59.18,76.09,0.05,17.28,169.1,0.4034,0.4772,orange,2,0.42,0.21,0.15,0.37,0.079
1465,31.21,78.31,24.05,4346.0,153.0,0.3681,13.24,0.172,23.39,18.52,59.67,76.73,0.05,18.39,170.5,0.3769,0.408,yellow,1,0.32,0.21,0.28,0.37,0.0734
1466,31.21,78.33,31.52,4615.0,59.9,-0.1227,12.92,0.169,25.03,19.79,58.52,75.24,0.05,19.62,167.2,0.449,0.4301,yellow,1,0.38,0.13,0.16,0.37,0.0676
1467,31.21,78.35,49.23,4896.0,126.6,1.5,12.28,0.149,25.17,21.16,57.4,73.8,0.05,20.96,164.0,0.5812,0.6666,red,3,0.63,0.13,0.23,0.37,0.0618
1468,31.21,78.37,20.0,3697.2,180.0,0.0,8.0,0.275,24.52,22.6,64.05,82.35,0.05,22.37,183.0,0.3464,0.4283,yellow,1,0.24,0.09,0.37,0.37,0.0562
1469,31.21,78.39,2.36,4073.0,203.2,0.1227,15.62,0.194,24.0,24.11,62.33,80.14,0.05,23.86,178.1,0.1661,0.4426,yellow,1,0.25,0.36,0.24,0.37,0.051
1470,31.21,78.41,12.83,4289.0,117.2,-0.2454,13.91,0.158,23.62,24.71,61.35,78.89,0.05,25.4,175.3,0.2685,0.3314,yellow,1,0.25,0.24,0.16,0.37,0.046
1471,31.21,78.43,18.84,4712.0,323.6,1.5,13.5,0.184,23.39,24.49,59.08,75.96,0.05,26.98,168.8,0.3234,0.3574,yellow,1,0.3,0.21,0.08,0.37,0.0414
1472,31.21,78.45,16.83,4402.0,166.1,-0.1227,13.63,0.178,23.31,24.42,60.48,77.76,0.05,28.61,172.8,0.3065,0.4015,yellow,1,0.32,0.21,0.24,0.37,0.0371
1473,31.21,78.55,10.14,5308.0,191.8,0.7362,14.15,0.075,25.17,26.2,54.53,70.11,0.05,26.31,155.8,0.226,0.3896,yellow,1,0.31,0.24,0.19,0.37,0.0433
1474,31.21,78.57,20.0,5763.0,180.0,0.0,8.0,0.054,25.69,25.05,52.32,67.28,0.05,25.05,149.5,0.3196,0.3298,yellow,1,0.28,0.05,0.19,0.37,0.047
1475,31.21,78.59,18.7,5360.0,310.0,-1.5,13.51,0.075,24.54,23.89,54.74,70.38,0.05,23.89,156.4,0.3121,0.4859,orange,2,0.44,0.21,0.08,0.37,0.0508
1476,31.21,78.61,26.18,5162.0,244.9,0.4908,13.14,0.105,23.49,22.82,56.17,72.23,0.05,22.82,160.5,0.3902,0.4952,orange,2,0.44,0.21,0.15,0.37,0.0546
1477,31.21,78.63,3.59,5313.0,191.2,0.4908,15.2,0.084,22.55,21.87,55.68,71.59,0.05,21.87,159.1,0.1632,0.4416,yellow,1,0.29,0.36,0.19,0.37,0.0582
1478,31.21,78.93,42.32,5301.0,245.7,-0.9815,12.52,0.112,17.86,23.88,56.0,72.0,0.05,23.33,160.0,0.5512,0.6354,orange,2,0.6,0.13,0.19,0.37,0.0528
1479,31.21,78.95,46.05,5823.0,323.9,0.1227,12.39,0.05,17.76,23.88,53.06,68.22,0.05,23.48,151.6,0.5713,0.6231,orange,2,0.59,0.13,0.16,0.37,0.0522
1480,31.21,78.97,32.27,5263.0,329.6,0.9815,12.89,0.105,17.86,24.03,55.68,71.59,0.05,23.79,159.1,0.45,0.4668,orange,2,0.42,0.13,0.16,0.37,0.0512
1481,31.21,78.99,20.0,4584.7,180.0,0.0,8.0,0.107,18.16,24.33,58.87,75.69,0.05,24.24,168.2,0.3346,0.3298,yellow,1,0.28,0.05,0.19,0.37,0.0497
1482,31.21,79.01,20.0,4908.9,180.0,0.0,8.0,0.102,18.65,24.77,56.84,73.08,0.05,24.77,162.4,0.3299,0.3298,yellow,1,0.28,0.05,0.19,0.37,0.0479
1483,31.21,79.03,20.0,4801.6,180.0,0.0,8.0,0.176,19.32,25.35,57.22,73.58,0.05,25.35,163.5,0.3308,0.2926,yellow,1,0.24,0.05,0.19,0.37,0.0461
1484,31.21,79.05,20.0,4788.6,180.0,0.0,8.0,0.191,20.14,26.05,57.26,73.62,0.05,26.05,163.6,0.3309,0.2926,yellow,1,0.24,0.05,0.19,0.37,0.044
1485,31.23,78.15,36.32,3807.0,107.6,1.5,12.74,0.226,14.63,15.19,67.44,86.72,0.05,16.76,192.7,0.5174,0.5708,orange,2,0.52,0.17,0.22,0.37,0.0818
1486,31.23,78.17,20.0,2692.3,180.0,0.0,8.0,0.661,15.89,15.89,73.47,94.45,0.05,16.49,209.9,0.3679,0.5196,orange,2,0.2,0.14,0.47,0.33,0.0833
1487,31.23,78.21,3.63,4269.0,296.6,-0.7363,15.19,0.135,17.82,16.6,62.44,80.28,0.05,16.6,178.4,0.179,0.4367,yellow,1,0.31,0.36,0.13,0.37,0.0827
1488,31.23,78.23,32.53,4338.0,274.7,0.4909,12.88,0.198,18.99,16.98,59.85,76.95,0.05,16.98,171.0,0.4621,0.4382,yellow,1,0.38,0.13,0.21,0.37,0.0806
1489,31.23,78.25,32.11,4354.0,330.2,0.7363,12.9,0.202,20.28,17.55,57.68,74.16,0.05,17.55,164.8,0.4529,0.4301,yellow,1,0.38,0.13,0.16,0.37,0.0776
1490,31.23,78.27,49.45,3576.0,284.1,0.2454,12.27,0.327,21.66,18.31,60.3,77.54,0.05,18.3,172.3,0.5878,0.5551,orange,2,0.49,0.13,0.34,0.37,0.0738
1491,31.23,78.29,35.34,3686.0,63.0,0.4909,12.77,0.304,23.11,19.22,59.26,76.19,0.05,19.17,169.3,0.4888,0.4865,orange,2,0.42,0.13,0.29,0.37,0.0697
1492,31.23,78.31,46.7,4579.0,219.9,-1.5,12.37,0.111,24.62,20.27,55.19,70.97,0.05,20.18,157.7,0.5762,0.7748,red,3,0.75,0.13,0.23,0.37,0.0651
1493,31.23,78.33,32.82,4633.0,60.0,1.5,12.87,0.176,26.18,21.44,56.49,72.63,0.05,21.31,161.4,0.4573,0.4485,yellow,1,0.4,0.13,0.16,0.37,0.0604
1494,31.23,78.35,35.2,4636.0,211.5,0.2454,12.78,0.158,27.24,22.71,58.62,75.38,0.05,22.54,167.5,0.486,0.5675,orange,2,0.52,0.13,0.23,0.37,0.0556
1495,31.23,78.37,10.46,4804.0,131.8,0.3682,14.12,0.193,26.64,24.06,59.95,77.09,0.05,23.87,171.3,0.2416,0.3382,yellow,1,0.25,0.24,0.2,0.37,0.0509
1496,31.23,78.39,8.36,4850.0,277.4,-0.2454,14.35,0.102,26.16,25.48,61.39,78.93,0.05,25.26,175.4,0.2239,0.3677,yellow,1,0.27,0.29,0.13,0.37,0.0464
1497,31.23,78.41,24.08,5152.0,292.4,0.859,13.23,0.158,25.81,26.91,60.58,77.89,0.05,26.72,173.1,0.3793,0.3544,yellow,1,0.28,0.21,0.17,0.37,0.0421
1498,31.23,78.43,5.2,4778.0,258.0,0.6136,14.83,0.171,25.6,26.71,62.23,80.01,0.05,28.23,177.8,0.1942,0.3652,yellow,1,0.23,0.29,0.16,0.37,0.0381
1499,31.23,78.45,32.45,4928.0,269.6,-1.2272,12.88,0.117,25.53,26.64,60.09,77.27,0.05,29.79,171.7,0.4619,0.6047,orange,2,0.56,0.13,0.24,0.37,0.0343
1500,31.23,78.57,12.73,5574.0,284.6,0.2454,13.92,0.151,27.45,26.8,50.54,64.98,0.05,26.8,144.4,0.2428,0.3065,yellow,1,0.23,0.24,0.08,0.37,0.0419
1501,31.23,78.59,10.24,5421.0,354.9,-0.9818,14.14,0.138,26.38,25.72,53.27,68.49,0.05,25.72,152.2,0.2242,0.3905,yellow,1,0.33,0.24,0.08,0.37,0.045
1502,31.23,78.61,20.0,4367.1,180.0,0.0,8.0,0.142,25.4,24.73,61.04,78.48,0.05,24.73,174.4,0.3395,0.34,yellow,1,0.28,0.05,0.24,0.37,0.0481
1503,31.23,78.93,5.39,5204.0,17.5,1.3499,14.79,0.101,20.07,26.1,60.09,77.27,0.05,25.55,171.7,0.1913,0.3677,yellow,1,0.27,0.29,0.13,0.37,0.0455
1504,31.23,78.95,20.0,4263.7,180.0,0.0,8.0,0.151,19.98,26.1,63.8,82.04,0.05,25.69,182.3,0.3458,0.3103,yellow,1,0.24,0.09,0.24,0.37,0.0451
1505,31.23,78.97,11.49,5244.0,312.5,1.5,14.02,0.156,20.07,26.24,56.66,72.86,0.05,25.97,161.9,0.2444,0.3177,yellow,1,0.25,0.24,0.08,0.37,0.0443
1506,31.23,78.99,25.63,4984.0,355.6,1.5,13.16,0.183,20.34,26.51,55.79,71.73,0.05,26.38,159.4,0.3838,0.4549,orange,2,0.4,0.21,0.12,0.37,0.0431
1507,31.23,79.01,20.0,4665.4,180.0,0.0,8.0,0.17,20.78,26.92,55.51,71.37,0.05,26.92,158.6,0.3269,0.2926,yellow,1,0.24,0.05,0.19,0.37,0.0415
1508,31.23,79.03,20.0,4940.8,180.0,0.0,8.0,0.096,21.38,27.45,52.85,67.95,0.05,27.45,151.0,0.3208,0.3298,yellow,1,0.28,0.05,0.19,0.37,0.0401
1509,31.23,79.05,20.0,5002.5,180.0,0.0,8.0,0.179,22.12,28.1,52.39,67.36,0.05,28.1,149.7,0.3198,0.2926,yellow,1,0.24,0.05,0.19,0.37,0.0384
1510,31.25,78.25,14.96,4481.0,173.0,1.4729,13.75,0.14,21.92,19.64,55.76,71.69,0.05,19.64,159.3,0.277,0.4073,yellow,1,0.33,0.24,0.19,0.37,0.0675
1511,31.25,78.27,50.0,4837.0,37.0,-1.5,12.25,0.186,23.2,20.32,51.69,66.47,0.05,20.32,147.7,0.5682,0.6967,red,3,0.67,0.13,0.16,0.37,0.0645
1512,31.25,78.29,38.1,4358.0,258.9,0.6137,12.67,0.156,24.56,21.15,53.48,68.76,0.05,21.13,152.8,0.5032,0.5443,orange,2,0.5,0.13,0.19,0.37,0.0611
1513,31.25,78.31,44.58,4130.0,312.3,-1.2275,12.44,0.227,25.99,22.11,55.65,71.55,0.05,22.05,159.0,0.573,0.6323,orange,2,0.6,0.13,0.16,0.37,0.0575
1514,31.25,78.33,28.75,4009.0,250.9,0.982,13.03,0.171,27.47,23.18,58.66,75.42,0.05,23.09,167.6,0.4216,0.4591,orange,2,0.4,0.21,0.15,0.37,0.0536
1515,31.25,78.35,22.95,4161.0,332.1,0.982,13.29,0.13,29.0,24.36,61.04,78.48,0.05,24.23,174.4,0.369,0.3902,yellow,1,0.32,0.21,0.17,0.37,0.0497
1516,31.25,78.37,37.53,4570.0,300.8,0.0,12.69,0.185,28.77,25.62,62.16,79.92,0.05,25.47,177.6,0.5174,0.5288,orange,2,0.48,0.13,0.21,0.37,0.0458
1517,31.25,78.39,29.51,4704.0,185.3,-0.8592,13.0,0.173,28.33,26.96,63.98,82.26,0.05,26.78,182.8,0.4413,0.5428,orange,2,0.48,0.17,0.28,0.37,0.0419
1518,31.25,78.41,25.37,5325.0,341.6,-0.3682,13.18,0.138,28.01,28.37,61.88,79.56,0.05,28.16,176.8,0.3951,0.5337,orange,2,0.48,0.21,0.17,0.37,0.0383
1519,31.25,78.43,20.0,3845.3,180.0,0.0,8.0,0.193,27.81,28.92,69.16,88.92,0.05,29.6,197.6,0.3581,0.3062,yellow,1,0.24,0.09,0.22,0.37,0.0348
1520,31.25,78.91,37.72,5005.0,223.7,-0.3682,12.69,0.179,22.52,27.9,63.49,81.63,0.05,27.77,181.4,0.5223,0.6307,orange,2,0.58,0.17,0.28,0.37,0.0393
1521,31.25,78.93,5.85,4989.0,114.6,-0.2455,14.71,0.104,22.28,28.32,63.31,81.41,0.05,27.77,180.9,0.2032,0.4077,yellow,1,0.27,0.33,0.16,0.37,0.0393
1522,31.25,78.95,20.0,4894.0,180.0,0.0,8.0,0.158,22.2,28.32,61.98,79.69,0.05,27.9,177.1,0.3417,0.3034,yellow,1,0.24,0.05,0.24,0.37,0.0389
1523,31.25,78.97,20.0,4750.5,180.0,0.0,8.0,0.11,22.28,28.45,59.78,76.86,0.05,28.15,170.8,0.3366,0.34,yellow,1,0.28,0.05,0.24,0.37,0.0383
1524,31.25,78.99,44.69,5519.0,44.1,-1.5,12.44,0.119,22.52,28.7,52.43,67.41,0.05,28.54,149.8,0.5667,0.6691,red,3,0.64,0.13,0.16,0.37,0.0373
1525,31.25,79.01,20.0,4740.4,180.0,0.0,8.0,0.114,22.92,29.08,53.58,68.89,0.05,29.04,153.1,0.3225,0.3298,yellow,1,0.28,0.05,0.19,0.37,0.0361
1526,31.25,79.03,20.0,4777.4,180.0,0.0,8.0,0.189,23.46,29.57,51.62,66.38,0.05,29.57,147.5,0.318,0.2926,yellow,1,0.24,0.05,0.19,0.37,0.0348
1527,31.25,79.05,20.0,4593.4,180.0,0.0,8.0,0.133,24.15,30.17,52.36,67.32,0.05,30.17,149.6,0.3197,0.3298,yellow,1,0.28,0.05,0.19,0.37,0.0334
1528,31.27,78.27,10.5,4710.0,126.0,-0.9822,14.12,0.113,24.84,22.38,52.46,67.45,0.05,22.38,149.9,0.2249,0.419,yellow,1,0.35,0.24,0.15,0.37,0.0562
1529,31.27,78.31,15.81,4842.0,162.5,-1.1049,13.69,0.13,27.46,24.01,52.01,66.87,0.05,23.97,148.6,0.277,0.5362,orange,2,0.48,0.21,0.19,0.37,0.0506
1530,31.27,78.33,27.1,4918.0,180.0,-0.3683,13.1,0.161,28.87,25.0,53.93,69.34,0.05,24.93,154.1,0.3943,0.5411,orange,2,0.48,0.21,0.23,0.37,0.0474
1531,31.27,78.35,25.43,4942.0,206.3,-1.5,13.17,0.097,30.33,26.1,56.94,73.22,0.05,26.0,162.7,0.3845,0.6294,orange,2,0.58,0.21,0.23,0.37,0.0442
1532,31.27,78.37,26.58,4958.0,165.0,-0.8594,13.12,0.117,30.92,27.28,60.06,77.22,0.05,27.15,171.6,0.4031,0.5821,orange,2,0.52,0.21,0.28,0.37,0.0409
1533,31.27,78.93,36.92,4993.0,308.6,0.8594,12.71,0.139,24.49,30.54,63.17,81.23,0.05,29.99,180.5,0.5136,0.5696,orange,2,0.52,0.17,0.21,0.37,0.0339
1534,31.27,78.95,28.91,4867.0,144.6,0.6139,13.02,0.151,24.42,30.54,62.02,79.74,0.05,30.11,177.2,0.4309,0.4895,orange,2,0.42,0.21,0.24,0.37,0.0336
1535,31.27,78.97,27.63,5066.0,48.0,0.3683,13.08,0.14,24.49,30.66,58.1,74.7,0.05,30.34,166.0,0.4091,0.473,orange,2,0.42,0.21,0.12,0.37,0.0331
1536,31.27,78.99,31.42,4681.0,53.3,1.2277,12.92,0.179,24.71,30.89,56.84,73.08,0.05,30.7,162.4,0.4441,0.4485,yellow,1,0.4,0.13,0.16,0.37,0.0323
1537,31.27,79.01,20.0,4639.8,180.0,0.0,8.0,0.172,25.08,31.24,54.21,69.7,0.05,31.17,154.9,0.3239,0.2926,yellow,1,0.24,0.05,0.19,0.37,0.0313
1538,31.27,79.03,20.0,4338.5,180.0,0.0,8.0,0.205,25.58,31.7,54.04,69.48,0.05,31.7,154.4,0.3235,0.2926,yellow,1,0.24,0.05,0.19,0.37,0.0302
1539,31.27,79.05,20.0,4659.3,180.0,0.0,8.0,0.168,26.2,32.26,52.18,67.09,0.05,32.26,149.1,0.3193,0.2926,yellow,1,0.24,0.05,0.19,0.37,0.0291
1540,31.29,78.93,4.2,4861.0,82.6,1.3508,15.04,0.135,26.71,32.72,61.53,79.11,0.05,32.2,175.8,0.1826,0.4301,yellow,1,0.27,0.36,0.13,0.37,0.0292
1541,31.29,78.95,20.0,4865.0,180.0,0.0,8.0,0.136,26.64,32.76,60.37,77.62,0.05,32.32,172.5,0.338,0.34,yellow,1,0.28,0.05,0.24,0.37,0.029
1542,31.29,78.97,24.94,4693.0,357.0,0.9824,13.19,0.161,26.71,32.87,59.46,76.45,0.05,32.54,169.9,0.3853,0.3458,yellow,1,0.28,0.21,0.12,0.37,0.0286
1543,31.29,78.99,20.0,4852.6,180.0,0.0,8.0,0.122,26.91,33.09,56.59,72.77,0.05,32.87,161.7,0.3294,0.3298,yellow,1,0.28,0.05,0.19,0.37,0.0279
1544,31.29,79.01,20.0,4554.9,180.0,0.0,8.0,0.182,27.24,33.41,56.35,72.45,0.05,33.31,161.0,0.3288,0.2926,yellow,1,0.24,0.05,0.19,0.37,0.0271
1545,31.29,79.03,20.0,4740.5,180.0,0.0,8.0,0.172,27.7,33.84,54.28,69.8,0.05,33.84,155.1,0.3241,0.2926,yellow,1,0.24,0.05,0.19,0.37,0.0262
1546,31.29,79.05,20.0,4911.0,180.0,0.0,8.0,0.1,28.28,34.37,53.27,68.49,0.05,34.37,152.2,0.3218,0.3298,yellow,1,0.28,0.05,0.19,0.37,0.0253
1547,31.31,78.93,54.36,5461.0,137.2,-1.5,12.1,0.153,28.92,34.75,54.7,70.34,0.05,34.42,156.3,0.575,0.7387,red,3,0.71,0.13,0.23,0.37,0.0252
1548,31.31,78.95,30.08,4981.0,3.2,-0.6141,12.98,0.091,28.86,34.98,57.16,73.49,0.05,34.53,163.3,0.4314,0.522,orange,2,0.48,0.13,0.16,0.37,0.025
1549,31.31,78.97,30.68,4841.0,187.8,-1.3511,12.95,0.139,28.92,35.08,57.78,74.3,0.05,34.74,165.1,0.4389,0.626,orange,2,0.58,0.13,0.27,0.37,0.0247
1550,31.31,78.99,30.96,4890.0,244.7,1.5,12.94,0.118,29.11,35.29,57.4,73.8,0.05,35.05,164.0,0.4408,0.5078,orange,2,0.46,0.13,0.19,0.37,0.0242
1551,31.31,79.01,20.0,5110.2,180.0,0.0,8.0,0.162,29.42,35.59,56.1,72.14,0.05,35.46,160.3,0.3282,0.2926,yellow,1,0.24,0.05,0.19,0.37,0.0235
1552,31.31,79.03,20.0,5144.7,180.0,0.0,8.0,0.108,29.84,36.0,55.86,71.82,0.05,35.96,159.6,0.3277,0.3298,yellow,1,0.28,0.05,0.19,0.37,0.0227
1553,31.31,79.05,20.0,4876.6,180.0,0.0,8.0,0.145,30.38,36.49,57.26,73.62,0.05,36.49,163.6,0.3309,0.3298,yellow,1,0.28,0.05,0.19,0.37,0.0219
1554,31.33,78.93,25.37,5486.0,310.5,-0.9828,13.18,0.064,31.14,36.79,50.78,65.3,0.05,36.64,145.1,0.3698,0.5275,orange,2,0.48,0.21,0.12,0.37,0.0217
1555,31.33,78.95,29.65,4908.0,335.2,-0.3685,12.99,0.109,31.08,37.2,54.84,70.52,0.05,36.74,156.7,0.4219,0.5166,orange,2,0.48,0.13,0.12,0.37,0.0216
1556,31.33,78.97,19.68,4993.0,232.4,0.6142,13.46,0.162,31.14,37.29,56.03,72.05,0.05,36.94,160.1,0.3249,0.369,yellow,1,0.3,0.21,0.15,0.37,0.0213
1557,31.33,78.99,23.35,5324.0,226.2,1.1056,13.27,0.124,31.31,37.49,56.14,72.18,0.05,37.23,160.4,0.3618,0.4291,yellow,1,0.36,0.21,0.19,0.37,0.0209
1558,31.33,79.01,20.0,5190.2,180.0,0.0,8.0,0.088,31.6,37.77,58.45,75.15,0.05,37.61,167.0,0.3336,0.3298,yellow,1,0.28,0.05,0.19,0.37,0.0204
1559,31.33,79.03,20.0,5141.3,180.0,0.0,8.0,0.092,32.0,38.16,59.71,76.77,0.05,38.09,170.6,0.3365,0.34,yellow,1,0.28,0.05,0.24,0.37,0.0197
1560,31.33,79.05,20.0,5241.2,180.0,0.0,8.0,0.117,32.5,38.63,59.29,76.23,0.05,38.63,169.4,0.3355,0.3298,yellow,1,0.28,0.05,0.19,0.37,0.019
1561,31.35,78.97,18.92,5230.0,154.1,-0.1229,13.5,0.088,33.35,39.51,54.14,69.61,0.05,39.14,154.7,0.313,0.4291,yellow,1,0.36,0.21,0.19,0.37,0.0184
1562,31.35,78.99,29.58,5812.0,313.9,0.2458,13.0,0.06,33.52,39.69,54.25,69.75,0.05,39.42,155.0,0.4198,0.4608,orange,2,0.42,0.13,0.12,0.37,0.0181
1563,31.35,79.01,20.0,4973.0,180.0,0.0,8.0,0.104,33.78,39.96,61.42,78.98,0.05,39.78,175.5,0.3404,0.34,yellow,1,0.28,0.05,0.24,0.37,0.0176
1564,31.35,79.03,20.0,5294.5,180.0,0.0,8.0,0.095,34.16,40.32,61.46,79.02,0.05,40.23,175.6,0.3405,0.34,yellow,1,0.28,0.05,0.24,0.37,0.0171
1565,31.35,79.05,20.0,5239.6,180.0,0.0,8.0,0.158,34.63,40.77,61.91,79.61,0.05,40.77,176.9,0.3415,0.3034,yellow,1,0.24,0.05,0.24,0.37,0.0165
1566,31.37,79.01,20.0,5090.7,180.0,0.0,8.0,0.177,35.97,42.15,61.11,78.57,0.05,41.95,174.6,0.3397,0.3034,yellow,1,0.24,0.05,0.24,0.37,0.0153
1567,31.37,79.03,20.0,4943.8,180.0,0.0,8.0,0.175,36.32,42.49,63.7,81.9,0.05,42.38,182.0,0.3456,0.3103,yellow,1,0.24,0.09,0.24,0.37,0.0148
1568,31.37,79.05,20.0,4856.3,180.0,0.0,8.0,0.141,36.77,42.92,64.36,82.76,0.05,42.89,183.9,0.3471,0.3466,yellow,1,0.28,0.09,0.24,0.37,0.0143
1569,31.39,79.01,20.0,4883.1,180.0,0.0,8.0,0.114,38.17,44.35,60.86,78.26,0.05,44.13,173.9,0.3391,0.34,yellow,1,0.28,0.05,0.24,0.37,0.0132
1570,31.39,79.03,20.0,4691.0,180.0,0.0,8.0,0.199,38.5,44.67,63.17,81.23,0.05,44.53,180.5,0.3444,0.3103,yellow,1,0.24,0.09,0.24,0.37,0.0128
1571,31.39,79.05,20.0,5095.9,180.0,0.0,8.0,0.095,38.92,45.07,61.18,78.66,0.05,45.02,174.8,0.3398,0.34,yellow,1,0.28,0.05,0.24,0.37,0.0124
1572,31.41,79.03,20.0,5246.7,180.0,0.0,8.0,0.112,40.68,46.85,56.77,72.99,0.05,46.69,162.2,0.3298,0.3298,yellow,1,0.28,0.05,0.19,0.37,0.0111
1573,31.41,79.05,20.0,5223.0,180.0,0.0,8.0,0.1,41.07,47.24,56.91,73.17,0.05,47.16,162.6,0.3301,0.3298,yellow,1,0.28,0.05,0.19,0.37,0.0108
1574,31.43,79.05,20.0,5269.0,180.0,0.0,8.0,0.094,43.24,49.4,52.64,67.68,0.05,49.3,150.4,0.3203,0.3298,yellow,1,0.28,0.05,0.19,0.37,0.0093
1575,31.45,79.05,20.0,5655.3,180.0,0.0,8.0,0.134,45.4,51.57,47.56,61.16,0.05,51.45,135.9,0.3087,0.3298,yellow,1,0.28,0.05,0.19,0.37,0.0081
